date,txn_type,category,ad_거래액,ad_주문고객수,ep_거래액,ep_주문고객수
2025-01-01,이월,골프,829354.5454545454,5.0,2155418.1818181816,10.0
2025-01-01,이월,남성,2842127.272727273,13.0,14700927.272727272,49.0
2025-01-01,이월,슈즈,402545.45454545453,4.0,447290.90909090906,5.0
2025-01-01,이월,스포츠,570909.0909090908,9.0,1056636.3636363635,19.0
2025-01-01,이월,여성,1237909.0909090908,6.0,13579863.636363633,34.0
2025-01-01,이월,잡화,2266527.272727272,19.0,11555345.454545455,58.0
2025-01-01,입점,골프,502727.2727272727,6.0,5436354.545454545,35.0
2025-01-01,입점,남성,107272.72727272726,1.0,2246254.5454545454,25.0
2025-01-01,입점,리빙,1638636.3636363633,10.0,4824145.454545455,38.0
2025-01-01,입점,명품,879545.4545454545,2.0,7107818.181818182,12.0
2025-01-01,입점,뷰티,843727.2727272727,15.0,2241781.818181818,48.0
2025-01-01,입점,슈즈,633636.3636363636,4.0,873090.9090909091,6.0
2025-01-01,입점,스포츠,265272.72727272724,5.0,4034209.090909091,34.0
2025-01-01,입점,아웃도어,22272.727272727272,1.0,1481272.7272727268,20.0
2025-01-01,입점,여성,200581.81818181818,7.0,7247400.000000001,44.0
2025-01-01,입점,잡화,293890.9090909091,8.0,3791936.363636363,21.0
2025-01-01,입점,키즈,512818.18181818177,6.0,2061572.727272727,20.0
2025-01-01,정상,골프,1085600.0,3.0,1738690.909090909,8.0
2025-01-01,정상,남성,2211872.727272727,9.0,13456618.181818176,50.0
2025-01-01,정상,뷰티,167909.09090909088,4.0,0.0,0.0
2025-01-01,정상,슈즈,232500.0,1.0,479545.4545454545,3.0
2025-01-01,정상,스포츠,198181.81818181818,2.0,230181.81818181818,2.0
2025-01-01,정상,여성,639636.3636363635,3.0,12358181.818181816,35.0
2025-01-01,정상,잡화,4949945.454545454,37.0,6432145.454545454,61.0
2025-01-02,이월,골프,93818.18181818177,1.0,-655581.8181818181,1.0
2025-01-02,이월,남성,5387154.545454545,20.0,11494927.272727272,42.0
2025-01-02,이월,슈즈,616727.2727272727,5.0,994336.3636363635,9.0
2025-01-02,이월,스포츠,59454.54545454545,1.0,1058000.0,16.0
2025-01-02,이월,여성,1585636.3636363635,6.0,13868454.54545454,33.0
2025-01-02,이월,잡화,3324490.909090909,20.0,16998254.545454543,56.0
2025-01-02,입점,골프,704636.3636363635,6.0,829272.7272727273,11.0
2025-01-02,입점,남성,94772.72727272726,1.0,3296818.1818181816,27.0
2025-01-02,입점,리빙,401909.0909090909,2.0,3639890.9090909087,27.0
2025-01-02,입점,명품,224999.99999999988,0.0,-442581.8181818181,6.0
2025-01-02,입점,뷰티,513454.5454545454,7.0,1553340.909090909,38.0
2025-01-02,입점,슈즈,-27272.727272727265,0.0,59000.00000000003,2.0
2025-01-02,입점,스포츠,227909.09090909088,3.0,5917000.000000001,64.0
2025-01-02,입점,아웃도어,48454.545454545456,3.0,223545.45454545453,8.0
2025-01-02,입점,여성,1944145.4545454544,13.0,-872781.8181818186,-1.0
2025-01-02,입점,잡화,226818.18181818182,5.0,2788481.818181818,8.0
2025-01-02,입점,키즈,587454.5454545454,6.0,1275518.1818181814,17.0
2025-01-02,정상,골프,20309.09090909091,0.0,1177890.909090909,2.0
2025-01-02,정상,남성,2873654.545454545,9.0,8126654.545454546,41.0
2025-01-02,정상,뷰티,315363.63636363635,5.0,312727.2727272727,4.0
2025-01-02,정상,슈즈,225681.81818181815,2.0,378590.909090909,4.0
2025-01-02,정상,스포츠,-299090.90909090906,-1.0,373000.0,3.0
2025-01-02,정상,여성,-17227.272727272764,0.0,-6714090.909090909,-3.0
2025-01-02,정상,잡화,3319918.181818181,31.0,6310181.818181817,36.0
2025-01-03,이월,골프,209963.63636363635,2.0,2330527.2727272725,12.0
2025-01-03,이월,남성,1004727.2727272727,5.0,18210372.727272715,66.0
2025-01-03,이월,슈즈,331763.63636363635,1.0,1275672.727272727,11.0
2025-01-03,이월,스포츠,276545.4545454545,4.0,873727.2727272727,10.0
2025-01-03,이월,여성,6494636.363636362,7.0,14046518.181818178,43.0
2025-01-03,이월,잡화,3010890.9090909082,24.0,13109163.636363631,82.0
2025-01-03,입점,골프,1039363.6363636364,5.0,3433681.818181817,19.0
2025-01-03,입점,남성,333727.2727272727,3.0,2131818.1818181816,20.0
2025-01-03,입점,리빙,173454.54545454544,4.0,3959927.2727272725,35.0
2025-01-03,입점,명품,837727.2727272726,2.0,2083818.1818181826,13.0
2025-01-03,입점,뷰티,580818.1818181818,7.0,437509.09090909094,19.0
2025-01-03,입점,슈즈,579999.9999999999,3.0,368181.8181818181,3.0
2025-01-03,입점,스포츠,2097272.727272727,6.0,4194118.181818182,33.0
2025-01-03,입점,아웃도어,-34272.72727272731,-1.0,1692454.545454545,14.0
2025-01-03,입점,여성,68272.72727272726,1.0,1691254.5454545463,9.0
2025-01-03,입점,잡화,443000.0,2.0,1855409.0909090904,15.0
2025-01-03,입점,키즈,172454.54545454544,2.0,1540181.8181818181,22.0
2025-01-03,정상,골프,848454.5454545454,1.0,179863.63636363635,6.0
2025-01-03,정상,남성,1268309.0909090908,1.0,16087609.09090909,33.0
2025-01-03,정상,뷰티,262909.0909090909,4.0,-454.5454545454577,1.0
2025-01-03,정상,슈즈,155454.54545454544,2.0,332318.1818181818,7.0
2025-01-03,정상,스포츠,0.0,0.0,81818.18181818182,0.0
2025-01-03,정상,여성,1988000.0,4.0,10255363.636363633,24.0
2025-01-03,정상,잡화,2454627.2727272725,19.0,4708436.363636363,38.0
2025-01-04,이월,골프,480200.0,2.0,4650363.636363637,20.0
2025-01-04,이월,남성,3522745.4545454537,19.0,16923381.818181813,66.0
2025-01-04,이월,슈즈,569909.0909090908,5.0,530454.5454545454,4.0
2025-01-04,이월,스포츠,43090.90909090909,1.0,1277454.5454545452,18.0
2025-01-04,이월,여성,1298727.2727272725,3.0,20673227.272727266,62.0
2025-01-04,이월,잡화,3258781.818181819,19.0,12754363.636363635,70.0
2025-01-04,입점,골프,1131954.5454545454,6.0,7055672.7272727275,49.0
2025-01-04,입점,남성,193272.72727272724,3.0,1696090.909090909,19.0
2025-01-04,입점,리빙,315818.18181818177,7.0,3758736.3636363638,30.0
2025-01-04,입점,명품,1882999.9999999998,3.0,15461636.363636363,17.0
2025-01-04,입점,뷰티,1185818.1818181816,13.0,1312354.5454545454,29.0
2025-01-04,입점,슈즈,195363.63636363635,2.0,829636.3636363636,7.0
2025-01-04,입점,스포츠,34454.54545454545,1.0,2459972.727272727,28.0
2025-01-04,입점,아웃도어,842727.2727272726,4.0,2501000.0,22.0
2025-01-04,입점,여성,298227.2727272727,4.0,6425345.454545454,38.0
2025-01-04,입점,잡화,409300.0,6.0,4418254.545454544,18.0
2025-01-04,입점,키즈,776981.8181818181,6.0,2492290.9090909087,28.0
2025-01-04,정상,골프,1316454.5454545454,3.0,1339827.2727272727,4.0
2025-01-04,정상,남성,1053363.6363636362,7.0,14681154.545454541,49.0
2025-01-04,정상,뷰티,156363.63636363635,2.0,26999.999999999996,1.0
2025-01-04,정상,슈즈,1172500.0,5.0,1497727.272727273,9.0
2025-01-04,정상,스포츠,405454.5454545454,4.0,126363.63636363635,1.0
2025-01-04,정상,여성,2151954.5454545454,4.0,5782227.272727272,18.0
2025-01-04,정상,잡화,2555645.4545454546,20.0,4573981.818181818,40.0
2025-01-05,이월,골프,1457272.7272727273,6.0,2441527.2727272725,16.0
2025-01-05,이월,남성,4201318.181818181,18.0,24667145.45454546,80.0
2025-01-05,이월,슈즈,875363.6363636364,8.0,1541545.4545454544,14.0
2025-01-05,이월,스포츠,76363.63636363635,2.0,846272.7272727273,12.0
2025-01-05,이월,여성,6462363.636363636,11.0,27117381.81818182,56.0
2025-01-05,이월,잡화,3067454.5454545445,21.0,18324672.72727272,79.0
2025-01-05,입점,골프,983036.3636363638,8.0,6699763.636363636,54.0
2025-01-05,입점,남성,85363.63636363635,2.0,2846399.9999999995,23.0
2025-01-05,입점,리빙,899545.4545454545,6.0,3308654.5454545454,35.0
2025-01-05,입점,명품,772909.0909090908,2.0,3697272.727272727,16.0
2025-01-05,입점,뷰티,1857090.909090909,17.0,1832072.7272727268,40.0
2025-01-05,입점,슈즈,135454.54545454544,1.0,43636.36363636365,1.0
2025-01-05,입점,스포츠,154727.2727272727,2.0,2613649.9999999986,29.0
2025-01-05,입점,아웃도어,383636.36363636365,3.0,5938999.999999998,45.0
2025-01-05,입점,여성,647927.2727272727,9.0,3853618.1818181826,40.0
2025-01-05,입점,잡화,70181.81818181818,2.0,2526545.4545454546,29.0
2025-01-05,입점,키즈,261909.09090909088,4.0,1854690.909090909,21.0
2025-01-05,정상,골프,2035090.909090909,5.0,1917690.909090909,10.0
2025-01-05,정상,남성,2208427.2727272725,11.0,13514454.545454549,47.0
2025-01-05,정상,뷰티,0.0,0.0,-26727.272727272724,-1.0
2025-01-05,정상,슈즈,324090.90909090906,4.0,685727.2727272726,6.0
2025-01-05,정상,여성,851454.5454545454,3.0,13170545.454545457,33.0
2025-01-05,정상,잡화,2114636.3636363638,20.0,5189054.545454545,38.0
2025-01-06,이월,골프,603299.9999999999,4.0,1580581.818181818,8.0
2025-01-06,이월,남성,1624181.8181818181,11.0,9958236.363636365,54.0
2025-01-06,이월,슈즈,412045.4545454545,2.0,637136.3636363635,7.0
2025-01-06,이월,스포츠,86272.72727272726,2.0,1107727.2727272725,15.0
2025-01-06,이월,여성,732636.3636363636,5.0,7627181.818181816,35.0
2025-01-06,이월,잡화,2588981.8181818174,22.0,13873827.272727279,82.0
2025-01-06,입점,골프,938190.909090909,8.0,2649363.6363636362,23.0
2025-01-06,입점,남성,-145154.54545454544,0.0,1479009.0909090906,16.0
2025-01-06,입점,리빙,927818.1818181816,7.0,4307863.636363638,40.0
2025-01-06,입점,명품,279090.90909090906,1.0,2412454.5454545445,12.0
2025-01-06,입점,뷰티,830818.1818181818,8.0,1203754.545454545,21.0
2025-01-06,입점,슈즈,-6363.636363636368,0.0,765545.4545454545,5.0
2025-01-06,입점,스포츠,752681.8181818181,4.0,2326749.9999999986,29.0
2025-01-06,입점,아웃도어,375727.2727272727,4.0,-1769363.6363636367,9.0
2025-01-06,입점,여성,501727.27272727276,7.0,3470654.5454545454,31.0
2025-01-06,입점,잡화,771818.1818181819,4.0,2248863.6363636362,9.0
2025-01-06,입점,키즈,640909.0909090908,3.0,3084245.454545454,17.0
2025-01-06,정상,골프,178545.45454545453,2.0,4558818.181818183,16.0
2025-01-06,정상,남성,-23000.0,0.0,4718536.363636363,22.0
2025-01-06,정상,뷰티,222727.2727272727,2.0,78181.81818181818,1.0
2025-01-06,정상,슈즈,945772.7272727271,10.0,649999.9999999999,6.0
2025-01-06,정상,스포츠,279090.90909090906,3.0,0.0,0.0
2025-01-06,정상,여성,-188363.63636363635,-1.0,5248636.363636364,6.0
2025-01-06,정상,잡화,3677645.4545454546,27.0,6420527.2727272725,50.0
2025-01-07,이월,골프,845454.5454545454,3.0,6772454.545454543,20.0
2025-01-07,이월,남성,4383436.363636362,20.0,19629409.090909082,62.0
2025-01-07,이월,슈즈,-150090.90909090912,-2.0,267299.99999999994,1.0
2025-01-07,이월,스포츠,348318.18181818177,7.0,999999.9999999995,16.0
2025-01-07,이월,여성,933363.6363636362,7.0,21147909.090909086,50.0
2025-01-07,이월,잡화,2723690.9090909087,22.0,12570636.363636363,61.0
2025-01-07,입점,골프,895300.0,6.0,4110863.636363636,18.0
2025-01-07,입점,남성,-765818.1818181816,-3.0,4283581.818181817,30.0
2025-01-07,입점,리빙,1098545.4545454544,11.0,1757666.3636363633,29.0
2025-01-07,입점,명품,3589999.9999999995,3.0,7357545.454545455,11.0
2025-01-07,입점,뷰티,714772.7272727272,10.0,2260254.545454546,37.0
2025-01-07,입점,슈즈,425818.18181818177,3.0,355636.36363636365,4.0
2025-01-07,입점,스포츠,325181.8181818181,4.0,2516536.3636363633,40.0
2025-01-07,입점,아웃도어,645636.3636363635,4.0,6120363.636363637,47.0
2025-01-07,입점,여성,1318227.2727272725,15.0,4850909.09090909,25.0
2025-01-07,입점,잡화,1163272.7272727273,5.0,856272.7272727272,10.0
2025-01-07,입점,키즈,900627.2727272727,7.0,2547090.9090909087,32.0
2025-01-07,정상,골프,-490909.0909090909,0.0,2223509.090909091,9.0
2025-01-07,정상,남성,1382227.2727272725,6.0,9018718.181818178,30.0
2025-01-07,정상,뷰티,28363.63636363636,1.0,90272.72727272726,3.0
2025-01-07,정상,슈즈,1203363.6363636365,6.0,1764090.909090909,11.0
2025-01-07,정상,스포츠,0.0,0.0,280909.0909090909,1.0
2025-01-07,정상,여성,2697227.272727272,6.0,7615545.454545455,29.0
2025-01-07,정상,잡화,2981999.9999999995,20.0,5344081.818181819,43.0
2025-01-08,이월,골프,-271181.8181818181,-1.0,2191218.181818182,13.0
2025-01-08,이월,남성,4536109.090909091,19.0,19115145.45454545,56.0
2025-01-08,이월,슈즈,597845.4545454545,5.0,845690.9090909091,5.0
2025-01-08,이월,스포츠,223999.99999999997,5.0,1437181.8181818177,20.0
2025-01-08,이월,여성,1109000.0,1.0,18073181.818181813,51.0
2025-01-08,이월,잡화,3419636.363636364,31.0,14643781.818181818,67.0
2025-01-08,입점,골프,859909.0909090908,3.0,5170763.636363636,35.0
2025-01-08,입점,남성,824818.1818181818,6.0,2684818.1818181807,24.0
2025-01-08,입점,리빙,1373818.1818181816,10.0,4806824.545454545,37.0
2025-01-08,입점,명품,2029363.636363636,3.0,10306236.363636363,15.0
2025-01-08,입점,뷰티,853909.0909090908,13.0,2276254.545454545,46.0
2025-01-08,입점,슈즈,441818.18181818177,3.0,884818.1818181818,7.0
2025-01-08,입점,스포츠,912090.909090909,13.0,2915409.0909090904,34.0
2025-01-08,입점,아웃도어,766090.909090909,4.0,15248245.454545457,47.0
2025-01-08,입점,여성,1213363.636363636,5.0,4135390.90909091,38.0
2025-01-08,입점,잡화,901818.1818181819,2.0,1286690.9090909087,9.0
2025-01-08,입점,키즈,3754999.9999999995,6.0,3943409.090909091,31.0
2025-01-08,정상,골프,183690.9090909091,1.0,120981.81818181812,6.0
2025-01-08,정상,남성,2815727.272727273,12.0,10659381.81818182,39.0
2025-01-08,정상,뷰티,0.0,0.0,254818.1818181818,6.0
2025-01-08,정상,슈즈,-27045.45454545456,0.0,930227.2727272725,10.0
2025-01-08,정상,스포츠,0.0,0.0,53636.36363636363,1.0
2025-01-08,정상,여성,2687363.6363636367,4.0,16244227.27272727,32.0
2025-01-08,정상,잡화,3821036.363636363,35.0,5557899.999999997,53.0
2025-01-09,이월,골프,114545.45454545453,1.0,559563.6363636365,3.0
2025-01-09,이월,남성,3932445.454545455,14.0,12162536.363636363,36.0
2025-01-09,이월,슈즈,321727.2727272727,3.0,359300.0,3.0
2025-01-09,이월,스포츠,192909.09090909088,3.0,1347500.0000000005,12.0
2025-01-09,이월,여성,-3696818.1818181826,-3.0,11957590.909090906,28.0
2025-01-09,이월,잡화,1686163.6363636362,17.0,9635763.636363637,48.0
2025-01-09,입점,골프,855818.1818181818,4.0,2030272.7272727268,24.0
2025-01-09,입점,남성,473636.36363636365,5.0,2476136.3636363633,30.0
2025-01-09,입점,리빙,1016590.909090909,11.0,3974545.454545454,27.0
2025-01-09,입점,명품,1404090.9090909092,4.0,6928209.090909091,15.0
2025-01-09,입점,뷰티,907909.090909091,13.0,1627554.5454545454,26.0
2025-01-09,입점,슈즈,360000.0,3.0,-578727.2727272727,-2.0
2025-01-09,입점,스포츠,82000.00000000001,1.0,1922818.1818181816,26.0
2025-01-09,입점,아웃도어,509090.90909090906,2.0,5001545.454545452,34.0
2025-01-09,입점,여성,404499.9999999999,1.0,81636.36363636353,2.0
2025-01-09,입점,잡화,378000.0,7.0,10910909.09090909,10.0
2025-01-09,입점,키즈,822090.9090909091,9.0,2706109.090909091,27.0
2025-01-09,정상,골프,101909.09090909088,3.0,774490.9090909093,9.0
2025-01-09,정상,남성,-211390.9090909091,4.0,14294772.727272727,33.0
2025-01-09,정상,뷰티,212727.2727272727,2.0,77909.0909090909,3.0
2025-01-09,정상,슈즈,942409.0909090908,6.0,240454.54545454544,1.0
2025-01-09,정상,스포츠,53636.36363636363,1.0,126363.63636363635,1.0
2025-01-09,정상,여성,-898954.5454545454,-2.0,6171181.8181818165,13.0
2025-01-09,정상,잡화,3860227.2727272725,33.0,5431527.2727272725,55.0
2025-01-10,이월,골프,641818.1818181818,5.0,917327.2727272727,8.0
2025-01-10,이월,남성,2705318.1818181816,10.0,17108118.181818176,40.0
2025-01-10,이월,슈즈,168818.18181818185,2.0,428918.18181818177,4.0
2025-01-10,이월,스포츠,322181.8181818182,3.0,569454.5454545455,10.0
2025-01-10,이월,여성,2648636.3636363633,6.0,16663845.454545446,35.0
2025-01-10,이월,잡화,2366818.1818181816,19.0,9708627.272727272,52.0
2025-01-10,입점,골프,-207954.5454545454,-1.0,1277627.2727272727,8.0
2025-01-10,입점,남성,0.0,0.0,2172790.909090909,12.0
2025-01-10,입점,리빙,985000.0,8.0,2683999.9999999995,29.0
2025-01-10,입점,명품,129090.90909090912,0.0,8202427.272727273,14.0
2025-01-10,입점,뷰티,454018.1818181818,9.0,1689799.9999999998,41.0
2025-01-10,입점,슈즈,0.0,0.0,281727.2727272727,2.0
2025-01-10,입점,스포츠,1179236.3636363638,8.0,3347836.3636363633,25.0
2025-01-10,입점,아웃도어,867272.7272727272,3.0,4818636.363636363,30.0
2025-01-10,입점,여성,-88227.27272727275,2.0,797445.4545454544,16.0
2025-01-10,입점,잡화,568590.9090909091,9.0,4272654.545454546,16.0
2025-01-10,입점,키즈,571818.1818181818,4.0,1610772.727272727,18.0
2025-01-10,정상,골프,-4189709.090909091,2.0,2440290.909090909,9.0
2025-01-10,정상,남성,369227.2727272729,2.0,11396736.363636363,36.0
2025-01-10,정상,뷰티,78181.81818181818,1.0,190000.0,4.0
2025-01-10,정상,슈즈,929636.3636363636,5.0,616363.6363636364,3.0
2025-01-10,정상,여성,974227.2727272726,2.0,17227181.818181813,40.0
2025-01-10,정상,잡화,3754400.0,35.0,6993154.545454545,55.0
2025-01-11,이월,골프,160636.36363636362,1.0,889636.363636364,13.0
2025-01-11,이월,남성,2512563.636363637,14.0,20795136.363636363,61.0
2025-01-11,이월,슈즈,426490.90909090906,3.0,1350954.5454545454,10.0
2025-01-11,이월,스포츠,160636.36363636362,2.0,992636.3636363635,14.0
2025-01-11,이월,여성,4986181.818181818,13.0,20413090.909090906,46.0
2025-01-11,이월,잡화,895527.2727272726,10.0,9942763.636363637,66.0
2025-01-11,입점,골프,1132163.6363636362,7.0,4390454.545454545,33.0
2025-01-11,입점,남성,275454.5454545454,4.0,4637154.545454546,28.0
2025-01-11,입점,리빙,1732427.2727272727,14.0,3271272.7272727266,32.0
2025-01-11,입점,명품,2089727.2727272725,5.0,5933090.909090909,9.0
2025-01-11,입점,뷰티,480090.90909090906,8.0,2744963.6363636362,41.0
2025-01-11,입점,슈즈,298181.8181818181,2.0,1696763.6363636362,10.0
2025-01-11,입점,스포츠,765272.7272727272,10.0,3497090.909090909,25.0
2025-01-11,입점,아웃도어,1732454.5454545454,4.0,9452181.818181816,44.0
2025-01-11,입점,여성,227454.54545454544,3.0,3783072.7272727266,46.0
2025-01-11,입점,잡화,536818.1818181818,4.0,1308018.1818181816,18.0
2025-01-11,입점,키즈,-103454.54545454546,2.0,1937745.4545454546,26.0
2025-01-11,정상,골프,761909.0909090908,4.0,531999.9999999999,6.0
2025-01-11,정상,남성,828290.909090909,6.0,6069372.727272725,23.0
2025-01-11,정상,뷰티,137090.90909090906,2.0,0.0,0.0
2025-01-11,정상,슈즈,642863.6363636362,2.0,1225409.0909090908,10.0
2025-01-11,정상,스포츠,53636.36363636363,1.0,0.0,0.0
2025-01-11,정상,여성,1235500.0,4.0,14852863.636363637,27.0
2025-01-11,정상,잡화,1916336.3636363635,16.0,8246336.363636362,57.0
2025-01-12,이월,골프,260727.2727272727,1.0,4878218.181818182,24.0
2025-01-12,이월,남성,5210618.181818182,13.0,30151572.72727272,85.0
2025-01-12,이월,슈즈,111727.27272727272,0.0,1507481.8181818181,14.0
2025-01-12,이월,스포츠,170818.1818181818,2.0,1421818.1818181816,19.0
2025-01-12,이월,여성,5184000.0,10.0,22293272.72727272,67.0
2025-01-12,이월,잡화,1604236.3636363635,15.0,14637199.999999996,73.0
2025-01-12,입점,골프,1316236.3636363635,9.0,3535818.181818181,39.0
2025-01-12,입점,남성,1139136.3636363635,10.0,3199863.6363636362,29.0
2025-01-12,입점,리빙,1871090.909090909,12.0,2330954.545454545,42.0
2025-01-12,입점,명품,106363.63636363635,1.0,12162500.000000004,23.0
2025-01-12,입점,뷰티,843000.0,16.0,1933927.2727272727,43.0
2025-01-12,입점,슈즈,360909.0909090909,4.0,1660545.4545454544,13.0
2025-01-12,입점,스포츠,696727.2727272727,6.0,3251845.454545454,32.0
2025-01-12,입점,아웃도어,465090.90909090906,3.0,10303363.636363635,48.0
2025-01-12,입점,여성,370727.2727272727,6.0,4363845.454545455,36.0
2025-01-12,입점,잡화,868136.3636363638,8.0,3241063.6363636362,11.0
2025-01-12,입점,키즈,834909.0909090909,9.0,2368109.090909091,40.0
2025-01-12,정상,골프,388236.3636363636,3.0,2491218.1818181816,12.0
2025-01-12,정상,남성,1285636.3636363633,4.0,11163109.090909092,41.0
2025-01-12,정상,뷰티,0.0,0.0,24090.90909090909,1.0
2025-01-12,정상,슈즈,863136.3636363636,5.0,1197954.5454545454,4.0
2025-01-12,정상,스포츠,0.0,0.0,0.0,0.0
2025-01-12,정상,여성,475772.7272727273,1.0,10565227.272727272,28.0
2025-01-12,정상,잡화,4324754.545454544,29.0,7798127.2727272725,56.0
2025-01-13,이월,골프,714000.0,3.0,1958963.6363636365,11.0
2025-01-13,이월,남성,2054181.8181818181,10.0,13531309.090909094,54.0
2025-01-13,이월,슈즈,44154.54545454544,1.0,573909.0909090908,5.0
2025-01-13,이월,스포츠,365000.0,6.0,1203000.0,16.0
2025-01-13,이월,여성,1938363.6363636367,2.0,12958454.545454545,39.0
2025-01-13,이월,잡화,2303381.8181818184,16.0,16874109.09090909,56.0
2025-01-13,입점,골프,-183318.18181818177,1.0,661400.0000000001,11.0
2025-01-13,입점,남성,72818.18181818181,1.0,4364209.090909091,36.0
2025-01-13,입점,리빙,805018.1818181818,9.0,2737154.545454545,45.0
2025-01-13,입점,명품,-1672272.727272727,-2.0,-2685400.0000000005,0.0
2025-01-13,입점,뷰티,1757090.909090909,20.0,3067172.727272727,48.0
2025-01-13,입점,슈즈,510363.6363636363,2.0,832545.4545454545,3.0
2025-01-13,입점,스포츠,663236.3636363635,7.0,959236.3636363638,21.0
2025-01-13,입점,아웃도어,186727.2727272727,3.0,3905636.3636363624,35.0
2025-01-13,입점,여성,-853281.818181818,-3.0,1328390.909090909,3.0
2025-01-13,입점,잡화,89909.09090909091,2.0,6706390.909090909,19.0
2025-01-13,입점,키즈,817545.4545454545,7.0,2536690.9090909087,24.0
2025-01-13,정상,골프,893809.0909090909,5.0,1608509.0909090906,7.0
2025-01-13,정상,남성,1214609.0909090908,6.0,5856590.90909091,30.0
2025-01-13,정상,뷰티,59999.99999999999,1.0,116272.72727272726,3.0
2025-01-13,정상,슈즈,1007454.5454545454,5.0,2731045.454545454,15.0
2025-01-13,정상,스포츠,36181.81818181818,1.0,235454.54545454544,1.0
2025-01-13,정상,여성,3147318.1818181816,1.0,1821954.5454545452,8.0
2025-01-13,정상,잡화,2812790.909090909,26.0,8190127.272727271,63.0
2025-01-14,이월,골프,1091000.0,5.0,1587090.909090909,7.0
2025-01-14,이월,남성,1274600.0,12.0,6611590.909090912,39.0
2025-01-14,이월,슈즈,1247545.4545454546,10.0,861509.0909090909,8.0
2025-01-14,이월,스포츠,480909.0909090909,7.0,1257363.636363636,16.0
2025-01-14,이월,여성,-1066818.1818181819,5.0,12092454.545454543,25.0
2025-01-14,이월,잡화,3069999.9999999995,25.0,14813199.999999994,81.0
2025-01-14,입점,골프,723199.9999999999,6.0,1948909.090909091,17.0
2025-01-14,입점,남성,-54454.54545454545,-1.0,3344090.909090908,20.0
2025-01-14,입점,리빙,1902636.3636363635,12.0,3987420.909090909,41.0
2025-01-14,입점,명품,-2397272.7272727266,0.0,6160636.363636363,17.0
2025-01-14,입점,뷰티,9090.909090909103,6.0,2859027.2727272734,48.0
2025-01-14,입점,슈즈,86363.63636363635,1.0,147181.81818181818,1.0
2025-01-14,입점,스포츠,1223818.1818181819,10.0,2497354.5454545445,27.0
2025-01-14,입점,아웃도어,-174545.45454545453,1.0,2961818.181818182,23.0
2025-01-14,입점,여성,775636.3636363636,9.0,1776218.1818181816,11.0
2025-01-14,입점,잡화,216454.54545454544,5.0,1632090.9090909087,9.0
2025-01-14,입점,키즈,420545.45454545453,4.0,1671890.9090909092,26.0
2025-01-14,정상,골프,434636.36363636365,3.0,2620927.2727272725,18.0
2025-01-14,정상,남성,2341681.818181818,12.0,9314154.545454547,35.0
2025-01-14,정상,뷰티,0.0,0.0,19000.0,1.0
2025-01-14,정상,슈즈,388681.8181818181,3.0,1422454.5454545454,8.0
2025-01-14,정상,스포츠,-144545.45454545453,-1.0,35454.54545454545,1.0
2025-01-14,정상,여성,1290181.8181818181,2.0,4827272.727272726,20.0
2025-01-14,정상,잡화,5193945.454545454,36.0,13154654.545454543,89.0
2025-01-15,이월,골프,365581.8181818181,3.0,2023400.0000000002,11.0
2025-01-15,이월,남성,1884681.8181818181,13.0,15829054.545454547,53.0
2025-01-15,이월,슈즈,478618.18181818177,5.0,1132845.4545454546,8.0
2025-01-15,이월,스포츠,519818.1818181818,5.0,738727.2727272727,11.0
2025-01-15,이월,여성,3912181.8181818184,10.0,15415063.636363633,48.0
2025-01-15,이월,잡화,2758418.1818181816,31.0,12120781.81818182,78.0
2025-01-15,입점,골프,392454.54545454535,6.0,4543352.727272727,27.0
2025-01-15,입점,남성,390399.99999999994,3.0,1226436.3636363633,10.0
2025-01-15,입점,리빙,562627.2727272727,7.0,2679409.090909091,31.0
2025-01-15,입점,명품,1540909.0909090908,3.0,12668927.272727273,24.0
2025-01-15,입점,뷰티,629272.7272727271,13.0,1941295.4545454546,36.0
2025-01-15,입점,슈즈,460000.0,3.0,543454.5454545454,3.0
2025-01-15,입점,스포츠,489999.99999999994,5.0,1132454.5454545454,15.0
2025-01-15,입점,아웃도어,334090.90909090906,4.0,1585636.3636363633,11.0
2025-01-15,입점,여성,598090.9090909091,4.0,2478100.0,27.0
2025-01-15,입점,잡화,-432181.8181818183,3.0,3046363.6363636367,11.0
2025-01-15,입점,키즈,315727.2727272727,2.0,1292572.7272727273,19.0
2025-01-15,정상,골프,1195199.9999999998,7.0,-2059727.2727272725,9.0
2025-01-15,정상,남성,2821409.09090909,8.0,10657945.454545453,42.0
2025-01-15,정상,뷰티,196999.99999999997,6.0,50818.18181818181,2.0
2025-01-15,정상,슈즈,389363.63636363635,3.0,2288181.818181818,8.0
2025-01-15,정상,스포츠,0.0,0.0,134545.45454545453,2.0
2025-01-15,정상,여성,909045.4545454545,3.0,7749772.727272726,27.0
2025-01-15,정상,잡화,3036045.4545454537,24.0,9408099.999999998,74.0
2025-01-16,이월,골프,786363.6363636364,4.0,3637499.9999999995,15.0
2025-01-16,이월,남성,2998990.909090909,19.0,16455881.818181818,43.0
2025-01-16,이월,슈즈,353272.72727272724,2.0,606745.4545454545,6.0
2025-01-16,이월,스포츠,154818.1818181818,3.0,1096545.4545454544,16.0
2025-01-16,이월,여성,121363.63636363606,5.0,5804190.909090908,29.0
2025-01-16,이월,잡화,2945363.6363636367,27.0,15367418.181818176,88.0
2025-01-16,입점,골프,775009.0909090908,5.0,1034054.5454545451,12.0
2025-01-16,입점,남성,75454.54545454546,1.0,3650354.545454546,20.0
2025-01-16,입점,리빙,251727.2727272727,3.0,4008090.90909091,40.0
2025-01-16,입점,명품,-798181.8181818181,-1.0,1154545.4545454553,16.0
2025-01-16,입점,뷰티,384181.8181818182,7.0,704809.0909090908,23.0
2025-01-16,입점,슈즈,461272.7272727272,2.0,496363.63636363635,3.0
2025-01-16,입점,스포츠,419690.909090909,5.0,-1083409.090909091,11.0
2025-01-16,입점,아웃도어,1289090.909090909,7.0,-1596181.8181818177,28.0
2025-01-16,입점,여성,12672.727272727287,4.0,4516045.454545454,18.0
2025-01-16,입점,잡화,-86818.1818181818,2.0,2706354.545454545,9.0
2025-01-16,입점,키즈,192272.72727272726,3.0,1520218.1818181816,26.0
2025-01-16,정상,골프,990727.2727272727,5.0,5380145.454545455,18.0
2025-01-16,정상,남성,1932181.818181818,11.0,8470418.18181818,44.0
2025-01-16,정상,뷰티,28363.63636363636,1.0,0.0,0.0
2025-01-16,정상,슈즈,275454.5454545454,3.0,887454.5454545454,10.0
2025-01-16,정상,스포츠,0.0,0.0,44545.454545454544,1.0
2025-01-16,정상,여성,1748227.272727273,3.0,9248909.090909088,19.0
2025-01-16,정상,잡화,3696990.909090909,30.0,4909309.090909092,39.0
2025-01-17,이월,골프,499127.2727272727,2.0,1593290.9090909087,9.0
2025-01-17,이월,남성,4026681.818181818,17.0,21759563.636363633,52.0
2025-01-17,이월,슈즈,447727.27272727265,3.0,1283272.7272727273,7.0
2025-01-17,이월,스포츠,321090.90909090906,3.0,1359818.1818181819,15.0
2025-01-17,이월,여성,1459881.818181818,3.0,23033127.272727273,52.0
2025-01-17,이월,잡화,1749090.909090909,19.0,9521581.818181816,69.0
2025-01-17,입점,골프,659690.9090909091,7.0,1876636.3636363633,20.0
2025-01-17,입점,남성,89181.81818181818,2.0,3290854.5454545454,17.0
2025-01-17,입점,리빙,417999.99999999994,8.0,2326554.545454546,25.0
2025-01-17,입점,명품,673727.2727272727,3.0,-3574381.8181818193,9.0
2025-01-17,입점,뷰티,837272.7272727273,13.0,2126736.3636363633,33.0
2025-01-17,입점,슈즈,460181.8181818181,2.0,947363.6363636365,4.0
2025-01-17,입점,스포츠,495636.36363636365,8.0,1163218.1818181819,24.0
2025-01-17,입점,아웃도어,-390909.0909090908,1.0,-1239454.545454545,17.0
2025-01-17,입점,여성,461045.4545454545,4.0,-1999909.0909090908,1.0
2025-01-17,입점,잡화,515727.2727272727,4.0,1098790.9090909092,12.0
2025-01-17,입점,키즈,84909.09090909088,1.0,673900.0,12.0
2025-01-17,정상,골프,214654.54545454547,3.0,2855218.181818182,19.0
2025-01-17,정상,남성,1244499.9999999998,8.0,5074118.181818181,30.0
2025-01-17,정상,슈즈,885363.6363636362,6.0,925409.0909090908,8.0
2025-01-17,정상,스포츠,352727.2727272727,2.0,-235454.54545454544,-1.0
2025-01-17,정상,여성,2683772.727272727,9.0,10238090.909090906,34.0
2025-01-17,정상,잡화,4463318.181818182,29.0,11039636.36363636,57.0
2025-01-18,이월,골프,728654.5454545454,3.0,2059927.2727272725,11.0
2025-01-18,이월,남성,2630045.4545454546,20.0,21766472.72727273,60.0
2025-01-18,이월,슈즈,255727.27272727268,3.0,773590.9090909091,5.0
2025-01-18,이월,스포츠,259636.36363636362,4.0,489181.8181818182,4.0
2025-01-18,이월,여성,464454.5454545452,5.0,7959336.363636365,25.0
2025-01-18,이월,잡화,1369818.1818181814,16.0,16250545.454545453,86.0
2025-01-18,입점,골프,2732500.0,14.0,5424272.7272727275,32.0
2025-01-18,입점,남성,689818.1818181818,3.0,2454945.4545454546,17.0
2025-01-18,입점,리빙,918181.8181818181,5.0,3133209.0909090913,30.0
2025-01-18,입점,명품,2121454.545454545,4.0,7232363.636363637,14.0
2025-01-18,입점,뷰티,1007272.7272727271,6.0,1646472.7272727273,38.0
2025-01-18,입점,슈즈,481272.72727272724,3.0,789181.8181818181,5.0
2025-01-18,입점,스포츠,452181.8181818182,6.0,2403127.2727272725,29.0
2025-01-18,입점,아웃도어,295909.0909090909,4.0,3479454.545454546,28.0
2025-01-18,입점,여성,473818.1818181818,9.0,2528254.545454545,29.0
2025-01-18,입점,잡화,848909.0909090908,8.0,2270272.7272727275,14.0
2025-01-18,입점,키즈,262636.3636363636,3.0,1522736.3636363635,22.0
2025-01-18,정상,골프,679963.6363636362,7.0,1519309.090909091,6.0
2025-01-18,정상,남성,2218527.2727272725,9.0,6866399.999999999,23.0
2025-01-18,정상,뷰티,0.0,0.0,26999.999999999996,1.0
2025-01-18,정상,슈즈,1077227.2727272727,5.0,2208954.545454545,14.0
2025-01-18,정상,스포츠,44545.454545454544,1.0,252727.2727272727,1.0
2025-01-18,정상,여성,511045.4545454545,2.0,11374090.909090908,37.0
2025-01-18,정상,잡화,3352309.0909090913,25.0,5325527.2727272725,39.0
2025-01-19,이월,골프,815636.3636363635,4.0,1816109.0909090906,12.0
2025-01-19,이월,남성,3450963.636363636,15.0,22327563.636363637,71.0
2025-01-19,이월,슈즈,286563.63636363635,3.0,1069027.2727272725,8.0
2025-01-19,이월,스포츠,127181.81818181818,2.0,1835999.9999999998,21.0
2025-01-19,이월,여성,3264763.6363636362,11.0,28860445.45454545,82.0
2025-01-19,이월,잡화,3128781.818181817,26.0,19448109.090909086,73.0
2025-01-19,입점,골프,207999.99999999994,4.0,7297227.272727271,47.0
2025-01-19,입점,남성,570454.5454545454,5.0,3983763.6363636362,22.0
2025-01-19,입점,리빙,580045.4545454545,7.0,3203472.7272727275,35.0
2025-01-19,입점,명품,1250909.0909090908,4.0,5482090.909090908,16.0
2025-01-19,입점,뷰티,1248454.5454545454,12.0,1508700.0,30.0
2025-01-19,입점,슈즈,209090.9090909091,1.0,1164545.4545454544,6.0
2025-01-19,입점,스포츠,781327.2727272726,8.0,4700713.636363637,33.0
2025-01-19,입점,아웃도어,400727.2727272727,3.0,4865272.727272726,37.0
2025-01-19,입점,여성,644318.1818181818,6.0,2541572.7272727275,25.0
2025-01-19,입점,잡화,486272.72727272724,4.0,2778227.2727272725,14.0
2025-01-19,입점,키즈,173181.81818181815,4.0,1364963.6363636362,22.0
2025-01-19,정상,골프,802690.9090909091,4.0,4326018.181818182,16.0
2025-01-19,정상,남성,3272654.545454545,15.0,10425909.09090909,41.0
2025-01-19,정상,뷰티,206545.45454545453,3.0,0.0,0.0
2025-01-19,정상,슈즈,397272.7272727272,3.0,2017181.818181818,12.0
2025-01-19,정상,스포츠,99090.90909090909,1.0,199090.9090909091,1.0
2025-01-19,정상,여성,3178863.6363636362,13.0,16194090.909090906,49.0
2025-01-19,정상,잡화,5712063.636363636,43.0,11264500.0,68.0
2025-01-20,이월,골프,1056781.8181818181,5.0,2335354.5454545454,11.0
2025-01-20,이월,남성,2416727.272727273,14.0,8588609.090909088,49.0
2025-01-20,이월,슈즈,687363.6363636362,5.0,1597727.2727272725,13.0
2025-01-20,이월,스포츠,203181.81818181818,3.0,880454.5454545455,10.0
2025-01-20,이월,여성,1465727.2727272725,2.0,7416154.545454543,36.0
2025-01-20,이월,잡화,2491327.272727273,18.0,16119327.272727268,77.0
2025-01-20,입점,골프,503745.45454545453,4.0,-103436.36363636378,5.0
2025-01-20,입점,남성,138363.63636363632,4.0,2561190.9090909087,22.0
2025-01-20,입점,리빙,882727.2727272726,8.0,5253300.000000001,41.0
2025-01-20,입점,명품,494363.63636363647,-1.0,3943363.636363636,12.0
2025-01-20,입점,뷰티,1333836.3636363638,16.0,2254581.818181818,33.0
2025-01-20,입점,슈즈,960090.9090909091,7.0,1545181.8181818181,13.0
2025-01-20,입점,스포츠,-3636.363636363669,4.0,2144427.2727272725,30.0
2025-01-20,입점,아웃도어,-96363.63636363635,1.0,1524000.0,24.0
2025-01-20,입점,여성,152572.72727272726,4.0,1506954.5454545452,14.0
2025-01-20,입점,잡화,101818.18181818181,2.0,-103681.81818181816,4.0
2025-01-20,입점,키즈,344181.8181818181,5.0,977545.4545454544,24.0
2025-01-20,정상,골프,811454.5454545454,7.0,2053445.4545454548,14.0
2025-01-20,정상,남성,4668409.090909091,16.0,6652318.181818181,25.0
2025-01-20,정상,뷰티,0.0,0.0,175890.9090909091,3.0
2025-01-20,정상,슈즈,761136.3636363635,6.0,677636.3636363638,5.0
2025-01-20,정상,여성,1055272.727272727,5.0,12710454.545454545,37.0
2025-01-20,정상,잡화,4145890.9090909082,35.0,10833145.454545451,84.0
2025-01-21,이월,골프,-24636.363636363618,0.0,91563.63636363641,7.0
2025-01-21,이월,남성,3101672.7272727266,11.0,8683581.818181815,44.0
2025-01-21,이월,슈즈,373545.45454545453,3.0,1022190.9090909091,9.0
2025-01-21,이월,스포츠,170090.90909090906,2.0,1396818.1818181816,17.0
2025-01-21,이월,여성,1051363.6363636365,5.0,13813336.363636363,22.0
2025-01-21,이월,잡화,2428054.5454545454,15.0,12439072.727272727,56.0
2025-01-21,입점,OFM,0.0,0.0,49999.99999999999,1.0
2025-01-21,입점,골프,1426409.0909090908,8.0,3658484.5454545445,22.0
2025-01-21,입점,남성,598909.0909090908,6.0,607399.9999999999,17.0
2025-01-21,입점,리빙,662000.0,8.0,3806790.9090909087,42.0
2025-01-21,입점,명품,592636.3636363635,4.0,7561454.545454545,9.0
2025-01-21,입점,뷰티,515581.8181818182,9.0,1897718.1818181819,40.0
2025-01-21,입점,슈즈,343472.72727272724,3.0,1243000.0,7.0
2025-01-21,입점,스포츠,873081.8181818181,8.0,2040263.6363636367,29.0
2025-01-21,입점,아웃도어,368181.8181818181,3.0,3454363.6363636362,15.0
2025-01-21,입점,여성,-111345.45454545456,-2.0,1134399.9999999998,0.0
2025-01-21,입점,잡화,694527.2727272727,5.0,1420145.4545454546,10.0
2025-01-21,입점,키즈,26272.727272727265,1.0,1130372.727272727,20.0
2025-01-21,정상,골프,1181854.5454545454,6.0,2861745.4545454546,15.0
2025-01-21,정상,남성,568136.3636363635,5.0,8972136.363636363,29.0
2025-01-21,정상,뷰티,61636.36363636363,2.0,24545.454545454544,1.0
2025-01-21,정상,슈즈,624772.7272727273,6.0,-1040954.5454545454,-1.0
2025-01-21,정상,여성,1471727.2727272725,2.0,6042772.7272727275,15.0
2025-01-21,정상,잡화,4375818.181818182,34.0,9649700.000000004,72.0
2025-01-22,이월,골프,884545.4545454544,4.0,5216018.181818183,27.0
2025-01-22,이월,남성,2458409.090909091,15.0,19467799.999999996,63.0
2025-01-22,이월,슈즈,244636.36363636362,3.0,1211427.2727272725,11.0
2025-01-22,이월,스포츠,-71454.54545454544,-1.0,425363.6363636363,6.0
2025-01-22,이월,여성,684454.5454545453,3.0,7093218.18181818,35.0
2025-01-22,이월,잡화,2546181.818181818,22.0,10201272.727272727,50.0
2025-01-22,입점,골프,26927.272727272728,2.0,1635327.2727272722,19.0
2025-01-22,입점,남성,48272.727272727265,0.0,1584018.1818181816,8.0
2025-01-22,입점,리빙,814363.6363636364,6.0,1149363.636363636,19.0
2025-01-22,입점,명품,1981818.1818181816,2.0,265181.8181818186,2.0
2025-01-22,입점,뷰티,447272.72727272724,6.0,2190890.909090909,33.0
2025-01-22,입점,슈즈,285818.18181818177,1.0,1597618.1818181819,13.0
2025-01-22,입점,스포츠,540000.0,8.0,3803163.6363636367,27.0
2025-01-22,입점,아웃도어,116363.63636363635,2.0,352727.27272727276,15.0
2025-01-22,입점,여성,283727.2727272727,4.0,1007209.0909090906,14.0
2025-01-22,입점,잡화,114272.72727272726,2.0,863500.0,15.0
2025-01-22,입점,키즈,295509.0909090909,3.0,543654.5454545454,5.0
2025-01-22,정상,골프,408727.27272727265,4.0,3037863.636363636,19.0
2025-01-22,정상,남성,1035045.4545454545,5.0,10751000.0,40.0
2025-01-22,정상,뷰티,160181.81818181815,2.0,45454.545454545456,2.0
2025-01-22,정상,슈즈,719499.9999999999,4.0,564499.9999999999,8.0
2025-01-22,정상,스포츠,0.0,0.0,450909.09090909094,3.0
2025-01-22,정상,여성,252318.1818181818,4.0,5949409.090909092,20.0
2025-01-22,정상,잡화,5892454.545454544,45.0,8342018.181818178,67.0
2025-01-23,이월,골프,497472.72727272724,4.0,2690163.636363636,14.0
2025-01-23,이월,남성,3885181.8181818184,22.0,19889436.363636363,64.0
2025-01-23,이월,슈즈,133000.0,1.0,663954.5454545454,8.0
2025-01-23,이월,스포츠,229727.2727272727,4.0,1266845.4545454544,15.0
2025-01-23,이월,여성,206363.63636363653,8.0,9881936.363636365,39.0
2025-01-23,이월,잡화,2535327.2727272725,20.0,9191163.636363635,54.0
2025-01-23,입점,골프,83090.90909090909,2.0,2212454.545454546,19.0
2025-01-23,입점,남성,184545.45454545453,2.0,33054.54545454541,3.0
2025-01-23,입점,리빙,-244181.81818181812,6.0,2042181.8181818181,27.0
2025-01-23,입점,명품,0.0,0.0,6144363.636363636,10.0
2025-01-23,입점,뷰티,1141363.6363636362,14.0,1576318.1818181814,23.0
2025-01-23,입점,슈즈,245663.63636363635,2.0,594090.9090909091,5.0
2025-01-23,입점,스포츠,217272.72727272724,4.0,1510809.0909090906,17.0
2025-01-23,입점,아웃도어,93454.54545454544,0.0,1214409.0909090908,7.0
2025-01-23,입점,여성,363136.36363636365,6.0,2552372.7272727275,13.0
2025-01-23,입점,잡화,-209545.45454545453,-2.0,781018.1818181816,5.0
2025-01-23,입점,키즈,258636.36363636362,3.0,405199.9999999999,10.0
2025-01-23,정상,골프,414581.81818181823,2.0,915418.1818181814,7.0
2025-01-23,정상,남성,1701045.4545454541,8.0,9759436.363636363,37.0
2025-01-23,정상,뷰티,26727.272727272724,1.0,166363.63636363635,2.0
2025-01-23,정상,슈즈,-402681.81818181823,-1.0,1311318.1818181816,8.0
2025-01-23,정상,스포츠,126363.63636363635,1.0,307272.72727272724,2.0
2025-01-23,정상,여성,886227.2727272727,2.0,6345227.272727272,21.0
2025-01-23,정상,잡화,5398236.363636363,39.0,8526227.272727273,63.0
2025-01-24,이월,골프,204363.63636363624,1.0,4135981.818181818,14.0
2025-01-24,이월,남성,4691318.181818181,11.0,11362999.999999998,52.0
2025-01-24,이월,슈즈,538572.7272727273,3.0,102409.09090909094,3.0
2025-01-24,이월,스포츠,-54545.45454545454,0.0,835909.0909090908,12.0
2025-01-24,이월,여성,2384181.818181818,10.0,12379227.272727273,44.0
2025-01-24,이월,잡화,1075599.9999999998,10.0,7752636.363636361,33.0
2025-01-24,입점,골프,284681.8181818182,4.0,1123254.5454545454,11.0
2025-01-24,입점,남성,85636.36363636363,0.0,2164945.454545454,15.0
2025-01-24,입점,리빙,429454.5454545454,3.0,2169645.454545454,19.0
2025-01-24,입점,명품,1484545.4545454546,1.0,1869636.3636363633,5.0
2025-01-24,입점,뷰티,558909.0909090908,6.0,411936.36363636365,10.0
2025-01-24,입점,슈즈,841818.1818181818,6.0,817363.6363636364,4.0
2025-01-24,입점,스포츠,452181.8181818182,5.0,484581.8181818181,13.0
2025-01-24,입점,아웃도어,20636.363636363647,0.0,1049627.2727272725,11.0
2025-01-24,입점,여성,425454.5454545454,6.0,452281.81818181823,5.0
2025-01-24,입점,잡화,150727.2727272727,3.0,1754436.3636363635,5.0
2025-01-24,입점,키즈,527272.7272727273,5.0,375454.54545454535,9.0
2025-01-24,정상,골프,-87963.63636363635,0.0,2776818.181818182,14.0
2025-01-24,정상,남성,31909.09090909094,-1.0,1777345.4545454537,16.0
2025-01-24,정상,뷰티,117272.72727272726,1.0,0.0,0.0
2025-01-24,정상,슈즈,99999.99999999997,-1.0,701954.5454545453,5.0
2025-01-24,정상,스포츠,0.0,0.0,143636.36363636365,2.0
2025-01-24,정상,여성,1074454.5454545454,3.0,9411000.000000004,22.0
2025-01-24,정상,잡화,3310863.6363636367,23.0,9106909.090909094,52.0
2025-01-25,이월,골프,388545.4545454545,2.0,3885872.727272727,22.0
2025-01-25,이월,남성,1427272.7272727275,10.0,27638690.90909091,99.0
2025-01-25,이월,슈즈,601272.7272727272,6.0,580909.0909090909,5.0
2025-01-25,이월,스포츠,651000.0,6.0,1020890.909090909,11.0
2025-01-25,이월,여성,7605909.09090909,13.0,17995409.090909094,72.0
2025-01-25,이월,잡화,2843981.8181818174,22.0,8596199.999999998,61.0
2025-01-25,입점,골프,46545.454545454515,1.0,3740218.181818181,31.0
2025-01-25,입점,남성,0.0,0.0,1374254.5454545454,18.0
2025-01-25,입점,리빙,306000.0,5.0,725972.7272727273,16.0
2025-01-25,입점,명품,1247818.1818181816,4.0,5360609.090909091,7.0
2025-01-25,입점,뷰티,393290.90909090906,7.0,983090.9090909091,21.0
2025-01-25,입점,슈즈,693636.3636363636,5.0,924545.4545454545,5.0
2025-01-25,입점,스포츠,235363.63636363632,3.0,1016545.4545454545,15.0
2025-01-25,입점,아웃도어,525454.5454545454,5.0,1734409.0909090908,21.0
2025-01-25,입점,여성,334909.0909090909,7.0,4470545.454545454,38.0
2025-01-25,입점,잡화,254181.81818181818,4.0,2925509.0909090904,10.0
2025-01-25,입점,키즈,49999.99999999999,1.0,1216836.3636363635,23.0
2025-01-25,정상,골프,245090.90909090906,2.0,2577690.909090909,13.0
2025-01-25,정상,남성,2486454.5454545454,8.0,7376427.2727272725,22.0
2025-01-25,정상,뷰티,50818.181818181816,0.0,53090.90909090909,1.0
2025-01-25,정상,슈즈,170545.45454545453,2.0,1674818.1818181819,11.0
2025-01-25,정상,스포츠,126363.63636363635,0.0,333636.36363636365,3.0
2025-01-25,정상,여성,2351363.6363636362,3.0,16743409.090909092,33.0
2025-01-25,정상,잡화,2891063.636363636,21.0,4797127.2727272725,37.0
2025-01-26,이월,골프,134145.45454545453,1.0,1930181.818181818,12.0
2025-01-26,이월,남성,3849909.0909090913,14.0,22129663.63636364,82.0
2025-01-26,이월,슈즈,92181.81818181818,1.0,593545.4545454545,4.0
2025-01-26,이월,스포츠,116454.54545454546,1.0,753872.7272727272,11.0
2025-01-26,이월,여성,3844727.2727272734,8.0,19245890.909090914,52.0
2025-01-26,이월,잡화,2056836.3636363635,16.0,7733109.09090909,58.0
2025-01-26,입점,골프,551354.5454545454,4.0,2419999.9999999995,17.0
2025-01-26,입점,남성,195272.72727272724,2.0,1209181.8181818181,18.0
2025-01-26,입점,리빙,580272.7272727272,8.0,2913990.9090909087,30.0
2025-01-26,입점,명품,0.0,0.0,2765090.909090909,10.0
2025-01-26,입점,뷰티,137636.36363636362,4.0,480727.27272727276,14.0
2025-01-26,입점,슈즈,420909.0909090909,4.0,1478363.6363636362,12.0
2025-01-26,입점,스포츠,322000.0,7.0,1581063.6363636365,20.0
2025-01-26,입점,아웃도어,328454.5454545454,3.0,4204800.0,31.0
2025-01-26,입점,여성,490000.00000000006,8.0,3693799.999999999,55.0
2025-01-26,입점,잡화,171181.81818181818,4.0,191363.63636363635,5.0
2025-01-26,입점,키즈,493818.18181818177,6.0,1311709.0909090908,24.0
2025-01-26,정상,골프,-107818.1818181818,-1.0,-436454.54545454547,5.0
2025-01-26,정상,남성,1386545.4545454546,5.0,4685954.545454545,21.0
2025-01-26,정상,뷰티,97999.99999999999,3.0,60909.0909090909,2.0
2025-01-26,정상,슈즈,124090.90909090909,0.0,404909.09090909094,5.0
2025-01-26,정상,스포츠,152727.2727272727,1.0,0.0,0.0
2025-01-26,정상,여성,652318.1818181818,2.0,6542863.636363635,12.0
2025-01-26,정상,잡화,2068218.1818181819,15.0,5070945.454545455,42.0
2025-01-27,이월,골프,389999.99999999994,2.0,2961181.818181818,21.0
2025-01-27,이월,남성,2225545.454545454,9.0,24205454.54545454,90.0
2025-01-27,이월,슈즈,272545.4545454545,3.0,850454.5454545454,6.0
2025-01-27,이월,스포츠,72027.27272727272,1.0,1020999.9999999995,14.0
2025-01-27,이월,여성,1723454.5454545454,8.0,29492245.45454545,73.0
2025-01-27,이월,잡화,2858472.727272727,20.0,10558272.727272723,69.0
2025-01-27,입점,골프,239454.54545454544,1.0,3535154.545454546,29.0
2025-01-27,입점,남성,127909.0909090909,2.0,1820436.3636363633,14.0
2025-01-27,입점,리빙,180363.63636363635,2.0,2308681.8181818184,23.0
2025-01-27,입점,명품,0.0,0.0,8659272.727272727,6.0
2025-01-27,입점,뷰티,1005636.3636363635,5.0,417972.7272727272,14.0
2025-01-27,입점,슈즈,715272.7272727272,5.0,980000.0,6.0
2025-01-27,입점,스포츠,377545.45454545453,7.0,1171354.5454545452,17.0
2025-01-27,입점,아웃도어,684727.2727272728,6.0,1716181.818181818,17.0
2025-01-27,입점,여성,800000.0,12.0,6705645.454545455,46.0
2025-01-27,입점,잡화,199090.9090909091,1.0,943227.2727272725,7.0
2025-01-27,입점,키즈,247818.1818181818,3.0,672227.2727272726,13.0
2025-01-27,정상,골프,56454.54545454545,1.0,2896599.9999999995,12.0
2025-01-27,정상,남성,886909.0909090908,3.0,5056363.636363636,18.0
2025-01-27,정상,뷰티,-50818.181818181816,-1.0,444909.0909090909,4.0
2025-01-27,정상,슈즈,1017454.5454545454,5.0,1088227.2727272727,6.0
2025-01-27,정상,스포츠,125454.54545454544,2.0,153636.36363636362,1.0
2025-01-27,정상,여성,1220454.5454545454,4.0,9374954.545454543,27.0
2025-01-27,정상,잡화,961581.8181818181,9.0,5196190.909090908,36.0
2025-01-28,이월,골프,208181.81818181818,2.0,3690545.454545454,14.0
2025-01-28,이월,남성,3815909.09090909,12.0,19867936.36363636,76.0
2025-01-28,이월,슈즈,473272.7272727272,5.0,1066272.727272727,5.0
2025-01-28,이월,스포츠,53999.99999999999,1.0,1109618.1818181816,12.0
2025-01-28,이월,여성,1399909.0909090908,3.0,20179409.090909086,52.0
2025-01-28,이월,잡화,2982963.6363636362,15.0,10414218.181818182,56.0
2025-01-28,입점,골프,0.0,0.0,2786445.4545454546,21.0
2025-01-28,입점,남성,418999.99999999994,1.0,1473899.9999999998,15.0
2025-01-28,입점,리빙,541654.5454545454,6.0,1808327.2727272722,27.0
2025-01-28,입점,명품,0.0,0.0,8703636.363636361,17.0
2025-01-28,입점,뷰티,201090.90909090906,1.0,1251072.7272727273,24.0
2025-01-28,입점,슈즈,643181.8181818181,5.0,1047636.3636363635,6.0
2025-01-28,입점,스포츠,396590.909090909,7.0,1347563.636363636,12.0
2025-01-28,입점,아웃도어,235218.18181818177,2.0,2864181.8181818184,25.0
2025-01-28,입점,여성,684136.3636363636,1.0,2522045.4545454546,31.0
2025-01-28,입점,잡화,0.0,0.0,212272.72727272732,5.0
2025-01-28,입점,키즈,630818.1818181818,6.0,629090.9090909091,14.0
2025-01-28,정상,골프,165454.54545454544,1.0,2423818.1818181816,8.0
2025-01-28,정상,남성,514272.7272727272,2.0,2734290.9090909087,12.0
2025-01-28,정상,뷰티,0.0,0.0,213272.72727272724,4.0
2025-01-28,정상,슈즈,596136.3636363635,2.0,675318.1818181818,2.0
2025-01-28,정상,스포츠,0.0,0.0,362727.2727272727,1.0
2025-01-28,정상,여성,721363.6363636362,1.0,3666772.7272727275,13.0
2025-01-28,정상,잡화,1246327.2727272727,9.0,5172545.454545455,38.0
2025-01-29,이월,골프,723636.3636363635,4.0,3178381.818181818,15.0
2025-01-29,이월,남성,3018181.8181818184,13.0,24901054.545454543,89.0
2025-01-29,이월,슈즈,357300.0,4.0,2395590.909090909,20.0
2025-01-29,이월,스포츠,70363.63636363635,1.0,1518145.4545454541,17.0
2025-01-29,이월,여성,2043818.1818181816,7.0,23772272.727272734,62.0
2025-01-29,이월,잡화,1851854.5454545447,14.0,12351327.272727272,74.0
2025-01-29,입점,골프,324590.90909090906,3.0,2629663.636363636,19.0
2025-01-29,입점,남성,0.0,0.0,903018.1818181819,10.0
2025-01-29,입점,리빙,324818.18181818177,5.0,2013081.8181818181,29.0
2025-01-29,입점,명품,0.0,0.0,7891090.909090908,13.0
2025-01-29,입점,뷰티,340363.63636363635,5.0,668727.2727272726,17.0
2025-01-29,입점,슈즈,511818.18181818177,3.0,480909.0909090909,3.0
2025-01-29,입점,스포츠,275727.2727272727,4.0,2054827.2727272725,21.0
2025-01-29,입점,아웃도어,80909.09090909091,2.0,1936018.181818181,15.0
2025-01-29,입점,여성,445163.6363636363,4.0,1578390.909090909,15.0
2025-01-29,입점,잡화,5981909.090909091,2.0,2131190.9090909087,10.0
2025-01-29,입점,키즈,142454.54545454544,3.0,379272.72727272724,10.0
2025-01-29,정상,골프,927818.1818181818,7.0,2683000.0,15.0
2025-01-29,정상,남성,1201727.2727272725,4.0,5408318.181818182,19.0
2025-01-29,정상,뷰티,0.0,0.0,62727.27272727272,1.0
2025-01-29,정상,슈즈,13636.363636363647,0.0,996727.2727272727,6.0
2025-01-29,정상,여성,2855454.5454545454,5.0,7398454.545454545,24.0
2025-01-29,정상,잡화,1865690.9090909092,17.0,6790072.727272726,44.0
2025-01-30,이월,골프,753563.6363636362,4.0,3180718.1818181816,18.0
2025-01-30,이월,남성,2987909.0909090904,17.0,24841345.454545457,108.0
2025-01-30,이월,슈즈,636636.3636363636,4.0,1525318.1818181816,13.0
2025-01-30,이월,스포츠,497436.36363636353,6.0,1638690.909090909,17.0
2025-01-30,이월,여성,2031027.2727272725,10.0,30024127.272727277,85.0
2025-01-30,이월,잡화,1324400.0,13.0,15423381.818181816,105.0
2025-01-30,입점,골프,336363.63636363635,6.0,4617027.272727272,31.0
2025-01-30,입점,남성,85818.18181818181,2.0,2469918.1818181816,22.0
2025-01-30,입점,리빙,423481.8181818181,6.0,2896181.818181818,39.0
2025-01-30,입점,명품,0.0,0.0,-364636.36363636306,9.0
2025-01-30,입점,뷰티,232272.72727272724,5.0,2029499.9999999995,42.0
2025-01-30,입점,슈즈,484545.45454545453,4.0,1712727.2727272725,10.0
2025-01-30,입점,스포츠,547090.9090909091,6.0,1970818.1818181814,30.0
2025-01-30,입점,아웃도어,-16181.818181818177,0.0,2534909.090909091,23.0
2025-01-30,입점,여성,331999.99999999994,5.0,4021636.3636363638,31.0
2025-01-30,입점,잡화,0.0,0.0,309800.0,7.0
2025-01-30,입점,키즈,240272.72727272726,3.0,943027.2727272728,18.0
2025-01-30,정상,골프,517818.18181818177,4.0,3084109.090909091,15.0
2025-01-30,정상,남성,551181.8181818181,4.0,7756836.363636364,38.0
2025-01-30,정상,뷰티,78181.81818181818,1.0,40818.181818181816,2.0
2025-01-30,정상,슈즈,402272.72727272724,3.0,1296090.9090909092,11.0
2025-01-30,정상,여성,3048454.5454545454,4.0,13895045.454545455,38.0
2025-01-30,정상,잡화,2418763.6363636362,19.0,7287381.818181817,60.0
2025-01-31,이월,골프,726545.4545454545,3.0,1932527.2727272725,9.0
2025-01-31,이월,남성,857754.5454545453,4.0,23966299.999999996,94.0
2025-01-31,이월,슈즈,422209.0909090909,5.0,1551136.3636363635,11.0
2025-01-31,이월,스포츠,361781.8181818182,5.0,1105972.7272727273,12.0
2025-01-31,이월,여성,1292790.9090909092,9.0,13398554.545454547,50.0
2025-01-31,이월,잡화,1639145.4545454546,21.0,15532209.090909095,80.0
2025-01-31,입점,골프,1744699.9999999995,4.0,895581.818181818,8.0
2025-01-31,입점,남성,-82090.90909090907,-1.0,3142118.181818182,22.0
2025-01-31,입점,리빙,730227.2727272728,8.0,4510072.727272727,46.0
2025-01-31,입점,명품,592727.2727272727,2.0,-4695772.727272728,3.0
2025-01-31,입점,뷰티,387818.1818181818,6.0,645818.181818182,31.0
2025-01-31,입점,슈즈,-443636.3636363636,-3.0,983818.1818181816,4.0
2025-01-31,입점,스포츠,493272.72727272724,8.0,660972.7272727272,31.0
2025-01-31,입점,아웃도어,104545.45454545453,2.0,2832372.7272727275,33.0
2025-01-31,입점,여성,586818.1818181818,4.0,3016390.9090909096,24.0
2025-01-31,입점,잡화,908909.0909090909,3.0,2333454.5454545454,11.0
2025-01-31,입점,키즈,-363090.90909090906,-6.0,996545.4545454545,11.0
2025-01-31,정상,골프,-64272.727272727265,0.0,1374836.3636363635,9.0
2025-01-31,정상,남성,2129109.0909090904,12.0,8209472.727272727,24.0
2025-01-31,정상,뷰티,76181.81818181818,2.0,247454.5454545454,6.0
2025-01-31,정상,슈즈,438636.3636363636,4.0,717681.8181818181,4.0
2025-01-31,정상,스포츠,0.0,0.0,44545.454545454544,1.0
2025-01-31,정상,여성,1544181.8181818181,4.0,10435636.363636361,28.0
2025-01-31,정상,잡화,1986936.3636363635,18.0,11419409.090909092,81.0
2025-02-01,이월,골프,1079636.3636363635,5.0,4828090.909090908,23.0
2025-02-01,이월,남성,1792027.2727272727,9.0,22487727.272727266,74.0
2025-02-01,이월,슈즈,727572.7272727273,6.0,734090.909090909,8.0
2025-02-01,이월,스포츠,-158181.81818181818,0.0,1397054.5454545454,18.0
2025-02-01,이월,여성,516272.7272727272,3.0,21971681.81818182,76.0
2025-02-01,이월,잡화,2123454.5454545454,21.0,17680945.454545453,100.0
2025-02-01,입점,골프,647363.6363636362,9.0,3950636.3636363624,31.0
2025-02-01,입점,남성,143954.54545454544,2.0,4113718.1818181807,23.0
2025-02-01,입점,리빙,232181.81818181818,6.0,4005172.7272727257,44.0
2025-02-01,입점,명품,837545.4545454544,3.0,11207727.272727272,20.0
2025-02-01,입점,뷰티,533636.3636363635,3.0,2430009.0909090904,48.0
2025-02-01,입점,슈즈,602363.6363636364,4.0,1849090.909090909,14.0
2025-02-01,입점,스포츠,315090.9090909091,4.0,4516354.545454546,48.0
2025-02-01,입점,아웃도어,154545.45454545453,2.0,3356090.9090909087,38.0
2025-02-01,입점,여성,-58999.99999999999,4.0,4957954.545454546,26.0
2025-02-01,입점,잡화,801236.3636363636,3.0,3407754.545454545,20.0
2025-02-01,입점,키즈,185472.72727272724,4.0,1143763.6363636362,22.0
2025-02-01,정상,골프,425090.90909090906,2.0,4881127.272727272,16.0
2025-02-01,정상,남성,-64181.818181818206,1.0,10628154.545454543,24.0
2025-02-01,정상,뷰티,0.0,0.0,114909.0909090909,3.0
2025-02-01,정상,슈즈,521999.99999999994,3.0,1995636.3636363638,10.0
2025-02-01,정상,여성,2522409.090909091,5.0,10492454.545454547,32.0
2025-02-01,정상,잡화,1456890.9090909092,11.0,6646599.999999997,53.0
2025-02-02,이월,골프,282636.36363636365,2.0,5958654.545454544,22.0
2025-02-02,이월,남성,2203509.090909091,11.0,30058609.09090909,91.0
2025-02-02,이월,슈즈,352363.63636363635,4.0,1159599.9999999998,10.0
2025-02-02,이월,스포츠,135272.72727272726,2.0,1233409.0909090908,18.0
2025-02-02,이월,여성,1864000.0,8.0,32330472.727272727,94.0
2025-02-02,이월,잡화,1602163.6363636362,13.0,21116490.909090918,109.0
2025-02-02,입점,골프,965636.3636363635,5.0,5006027.272727272,37.0
2025-02-02,입점,남성,514272.72727272724,3.0,1734790.9090909087,12.0
2025-02-02,입점,리빙,449454.54545454535,8.0,4140072.7272727275,48.0
2025-02-02,입점,명품,343636.36363636353,2.0,3841454.545454545,11.0
2025-02-02,입점,뷰티,307727.27272727265,7.0,2012172.7272727278,42.0
2025-02-02,입점,슈즈,406363.63636363635,3.0,2327181.818181818,16.0
2025-02-02,입점,스포츠,148363.63636363635,1.0,2651409.090909091,38.0
2025-02-02,입점,아웃도어,767727.2727272727,7.0,5625481.818181818,56.0
2025-02-02,입점,여성,127590.90909090909,3.0,4548718.181818181,36.0
2025-02-02,입점,잡화,603363.6363636364,1.0,1203327.2727272727,16.0
2025-02-02,입점,키즈,87181.81818181818,0.0,830772.7272727272,14.0
2025-02-02,정상,골프,1192909.0909090906,4.0,5400418.181818183,17.0
2025-02-02,정상,남성,1292136.3636363635,7.0,9788045.454545453,33.0
2025-02-02,정상,뷰티,176181.81818181818,2.0,377454.54545454547,5.0
2025-02-02,정상,슈즈,1132500.0,8.0,1016909.0909090907,6.0
2025-02-02,정상,여성,3010227.272727272,8.0,25549863.63636363,57.0
2025-02-02,정상,잡화,3620054.545454545,25.0,10539981.818181818,75.0
2025-02-03,이월,골프,446909.0909090908,2.0,87200.00000000004,4.0
2025-02-03,이월,남성,31218.181818182173,8.0,-1370181.8181818195,29.0
2025-02-03,이월,리빙,0.0,0.0,29727.272727272724,1.0
2025-02-03,이월,슈즈,326363.6363636363,3.0,-444672.7272727273,-5.0
2025-02-03,이월,스포츠,99909.09090909093,2.0,806690.9090909088,9.0
2025-02-03,이월,여성,-4063663.6363636362,-3.0,6395954.545454545,21.0
2025-02-03,이월,잡화,1460181.8181818181,11.0,16091300.0,81.0
2025-02-03,입점,골프,1440572.727272727,5.0,1191892.727272727,10.0
2025-02-03,입점,남성,965363.6363636362,2.0,-475163.63636363635,-2.0
2025-02-03,입점,리빙,246599.99999999988,9.0,5817772.727272728,50.0
2025-02-03,입점,명품,189090.9090909091,1.0,698000.0000000002,9.0
2025-02-03,입점,뷰티,569181.8181818181,9.0,1596527.2727272725,40.0
2025-02-03,입점,슈즈,305000.0,1.0,-56727.272727272764,0.0
2025-02-03,입점,스포츠,239636.36363636362,5.0,3263832.7272727266,25.0
2025-02-03,입점,아웃도어,253090.90909090906,2.0,2945136.363636363,26.0
2025-02-03,입점,여성,-40727.272727272735,1.0,1153045.4545454546,5.0
2025-02-03,입점,잡화,278581.8181818182,2.0,2063318.1818181812,11.0
2025-02-03,입점,키즈,253272.72727272724,2.0,993545.4545454542,16.0
2025-02-03,정상,골프,78981.81818181819,3.0,-1249309.0909090908,7.0
2025-02-03,정상,남성,464545.4545454545,4.0,3876890.909090908,3.0
2025-02-03,정상,뷰티,397999.99999999994,4.0,26999.999999999996,1.0
2025-02-03,정상,슈즈,-294772.72727272724,-1.0,-333772.7272727273,0.0
2025-02-03,정상,스포츠,0.0,0.0,-153636.36363636362,-1.0
2025-02-03,정상,여성,-198181.81818181818,2.0,5442727.2727272725,16.0
2025-02-03,정상,잡화,1916490.909090909,17.0,5986218.181818182,54.0
2025-02-04,이월,골프,-214272.72727272724,0.0,3166045.4545454555,19.0
2025-02-04,이월,남성,1329999.9999999998,10.0,8237245.454545453,49.0
2025-02-04,이월,슈즈,418690.90909090906,4.0,227090.9090909091,2.0
2025-02-04,이월,스포츠,413781.8181818182,4.0,1056790.9090909092,10.0
2025-02-04,이월,여성,3590881.8181818174,8.0,-3748445.454545454,-9.0
2025-02-04,이월,잡화,2979290.9090909087,28.0,12860163.636363637,60.0
2025-02-04,입점,골프,701409.0909090907,7.0,874340.9090909092,13.0
2025-02-04,입점,남성,151909.09090909088,-1.0,1794118.1818181814,16.0
2025-02-04,입점,리빙,768454.5454545454,10.0,3504427.2727272734,34.0
2025-02-04,입점,명품,599090.909090909,2.0,7948909.09090909,25.0
2025-02-04,입점,뷰티,1608000.0000000002,13.0,2539999.999999999,53.0
2025-02-04,입점,슈즈,705909.0909090907,5.0,45454.545454545456,1.0
2025-02-04,입점,스포츠,1284272.7272727273,7.0,1360159.0909090908,24.0
2025-02-04,입점,아웃도어,684454.5454545454,2.0,6270227.272727272,28.0
2025-02-04,입점,여성,240363.63636363635,7.0,1819999.9999999998,21.0
2025-02-04,입점,잡화,205909.09090909088,2.0,934045.4545454546,11.0
2025-02-04,입점,키즈,630363.6363636362,5.0,1762254.545454545,24.0
2025-02-04,정상,골프,92545.45454545453,1.0,1798118.1818181814,12.0
2025-02-04,정상,남성,2187681.818181818,10.0,7413563.636363636,21.0
2025-02-04,정상,뷰티,423909.0909090909,5.0,519818.18181818177,3.0
2025-02-04,정상,슈즈,856318.1818181818,6.0,547590.9090909091,3.0
2025-02-04,정상,스포츠,126363.63636363635,1.0,451818.18181818177,2.0
2025-02-04,정상,여성,4638636.363636363,11.0,13789454.545454547,23.0
2025-02-04,정상,잡화,3770545.4545454546,29.0,6045345.454545454,45.0
2025-02-05,이월,골프,-18181.818181818177,0.0,6197090.909090907,32.0
2025-02-05,이월,남성,2645190.9090909082,10.0,15123754.545454541,55.0
2025-02-05,이월,슈즈,310545.4545454546,3.0,1178936.3636363635,8.0
2025-02-05,이월,스포츠,567272.7272727273,6.0,814127.2727272727,10.0
2025-02-05,이월,여성,7094727.272727273,17.0,25300000.0,50.0
2025-02-05,이월,잡화,3742345.4545454546,23.0,17197354.545454543,74.0
2025-02-05,입점,OFM,0.0,0.0,-49999.99999999999,-1.0
2025-02-05,입점,골프,1411690.9090909087,8.0,-165954.54545454567,15.0
2025-02-05,입점,남성,-428727.2727272727,-4.0,2056418.1818181814,19.0
2025-02-05,입점,리빙,383700.0,8.0,2064136.363636364,37.0
2025-02-05,입점,명품,1060000.0,2.0,6360727.272727271,16.0
2025-02-05,입점,뷰티,1409909.0909090904,14.0,1183863.6363636362,27.0
2025-02-05,입점,슈즈,913427.2727272725,4.0,-614181.8181818182,-2.0
2025-02-05,입점,스포츠,119818.1818181818,2.0,2581772.7272727275,29.0
2025-02-05,입점,아웃도어,1461454.5454545454,7.0,3766909.0909090904,20.0
2025-02-05,입점,여성,921363.6363636364,9.0,4071636.363636364,34.0
2025-02-05,입점,잡화,319200.00000000006,3.0,2738572.7272727266,11.0
2025-02-05,입점,키즈,67090.90909090909,2.0,1902354.5454545456,16.0
2025-02-05,정상,골프,657727.2727272726,4.0,2178363.6363636362,8.0
2025-02-05,정상,남성,-82954.54545454553,2.0,8233118.181818181,32.0
2025-02-05,정상,뷰티,288272.72727272724,3.0,7.275957614183426e-12,0.0
2025-02-05,정상,슈즈,345863.63636363635,2.0,367499.99999999994,4.0
2025-02-05,정상,스포츠,135454.54545454544,1.0,351818.18181818177,3.0
2025-02-05,정상,여성,-2829181.818181818,-1.0,9560863.636363637,17.0
2025-02-05,정상,잡화,2128227.2727272725,15.0,9066890.90909091,68.0
2025-02-06,이월,골프,1217090.909090909,4.0,3719872.7272727266,20.0
2025-02-06,이월,남성,2959372.7272727275,15.0,8051190.909090908,54.0
2025-02-06,이월,리빙,0.0,0.0,-29727.272727272724,-1.0
2025-02-06,이월,슈즈,475409.0909090908,4.0,1340363.6363636365,13.0
2025-02-06,이월,스포츠,184936.36363636362,2.0,811936.3636363635,6.0
2025-02-06,이월,여성,1648909.0909090908,8.0,16057527.272727273,47.0
2025-02-06,이월,잡화,1968763.636363636,20.0,10803118.181818185,59.0
2025-02-06,입점,골프,906118.1818181818,10.0,633343.6363636364,12.0
2025-02-06,입점,남성,296290.90909090906,2.0,3556318.181818181,21.0
2025-02-06,입점,리빙,434636.36363636365,6.0,2248700.0,38.0
2025-02-06,입점,명품,828181.8181818181,3.0,3722545.454545455,17.0
2025-02-06,입점,뷰티,876909.0909090908,8.0,1300999.9999999998,19.0
2025-02-06,입점,슈즈,358181.8181818181,3.0,26363.63636363636,1.0
2025-02-06,입점,스포츠,221000.0,4.0,4068609.09090909,30.0
2025-02-06,입점,아웃도어,249181.81818181818,2.0,2574454.545454546,15.0
2025-02-06,입점,여성,-460272.72727272724,-2.0,3257618.181818181,17.0
2025-02-06,입점,잡화,305000.0,3.0,3055381.8181818184,15.0
2025-02-06,입점,키즈,94000.0,3.0,1222836.3636363635,18.0
2025-02-06,정상,골프,582909.0909090908,2.0,649790.9090909093,12.0
2025-02-06,정상,남성,2375272.727272727,7.0,8251909.09090909,34.0
2025-02-06,정상,뷰티,26727.272727272724,1.0,113363.63636363635,2.0
2025-02-06,정상,슈즈,879272.7272727273,4.0,-185500.00000000006,0.0
2025-02-06,정상,스포츠,80909.0909090909,1.0,505454.5454545454,4.0
2025-02-06,정상,여성,1998499.9999999998,2.0,-4350590.90909091,-6.0
2025-02-06,정상,잡화,5016063.636363637,43.0,5920018.181818182,35.0
2025-02-07,이월,골프,1024090.909090909,4.0,3153572.727272726,15.0
2025-02-07,이월,남성,1752890.909090909,13.0,11981145.454545455,69.0
2025-02-07,이월,슈즈,1128999.9999999998,9.0,1014027.2727272726,11.0
2025-02-07,이월,스포츠,139754.54545454544,2.0,1008736.3636363635,13.0
2025-02-07,이월,여성,5151727.2727272725,9.0,19963027.272727273,34.0
2025-02-07,이월,잡화,3530418.181818182,25.0,8983018.18181818,54.0
2025-02-07,입점,골프,870445.4545454545,5.0,1194636.3636363638,7.0
2025-02-07,입점,남성,323272.72727272724,2.0,1405336.3636363633,18.0
2025-02-07,입점,리빙,840045.4545454546,7.0,1698263.6363636362,33.0
2025-02-07,입점,명품,590909.0909090908,2.0,15371336.363636363,18.0
2025-02-07,입점,뷰티,893000.0000000001,10.0,1229099.9999999998,36.0
2025-02-07,입점,슈즈,706545.4545454545,2.0,510181.81818181806,5.0
2025-02-07,입점,스포츠,-12454.545454545456,1.0,1657927.2727272727,21.0
2025-02-07,입점,아웃도어,527545.4545454545,10.0,2109436.3636363633,21.0
2025-02-07,입점,여성,238836.36363636362,4.0,1881290.9090909085,32.0
2025-02-07,입점,잡화,264818.18181818177,3.0,1717063.6363636365,10.0
2025-02-07,입점,키즈,293454.54545454547,5.0,1584254.5454545452,26.0
2025-02-07,정상,골프,536527.2727272727,3.0,2456090.9090909087,9.0
2025-02-07,정상,남성,1867090.9090909082,6.0,7683245.454545453,34.0
2025-02-07,정상,뷰티,0.0,0.0,414727.2727272727,5.0
2025-02-07,정상,슈즈,722681.8181818181,5.0,1635772.727272727,8.0
2025-02-07,정상,스포츠,126363.63636363635,1.0,0.0,0.0
2025-02-07,정상,여성,859363.6363636362,3.0,14996454.545454545,17.0
2025-02-07,정상,잡화,3792418.181818181,29.0,7644590.909090908,53.0
2025-02-08,이월,골프,39090.90909090909,1.0,1149090.909090909,8.0
2025-02-08,이월,남성,2147181.8181818184,10.0,14124372.727272727,56.0
2025-02-08,이월,리빙,0.0,0.0,43636.36363636363,1.0
2025-02-08,이월,슈즈,833545.4545454544,7.0,1544572.7272727268,13.0
2025-02-08,이월,스포츠,229263.63636363635,3.0,1093754.5454545454,13.0
2025-02-08,이월,여성,3409609.0909090904,6.0,21159181.818181816,56.0
2025-02-08,이월,잡화,2206072.727272727,21.0,9302509.09090909,62.0
2025-02-08,입점,골프,255636.36363636362,3.0,3486490.9090909087,26.0
2025-02-08,입점,남성,123227.2727272727,2.0,2934736.363636363,30.0
2025-02-08,입점,리빙,298290.90909090906,5.0,3277700.0,31.0
2025-02-08,입점,명품,528181.8181818181,2.0,12286272.727272727,21.0
2025-02-08,입점,뷰티,1032227.2727272726,13.0,1267181.8181818181,27.0
2025-02-08,입점,슈즈,102727.27272727272,1.0,664545.4545454544,8.0
2025-02-08,입점,스포츠,338545.45454545453,6.0,6431909.09090909,41.0
2025-02-08,입점,아웃도어,265272.7272727272,4.0,1425909.0909090908,16.0
2025-02-08,입점,여성,507290.909090909,5.0,2673090.9090909087,29.0
2025-02-08,입점,잡화,630363.6363636364,1.0,3289809.090909091,17.0
2025-02-08,입점,키즈,34545.454545454486,1.0,1240654.5454545454,21.0
2025-02-08,정상,골프,582818.1818181816,6.0,2658636.3636363638,9.0
2025-02-08,정상,남성,2293545.454545454,5.0,6056790.909090908,31.0
2025-02-08,정상,뷰티,78181.81818181818,1.0,-143272.72727272726,1.0
2025-02-08,정상,슈즈,883045.4545454545,4.0,176590.90909090906,1.0
2025-02-08,정상,스포츠,126363.63636363635,1.0,153636.36363636362,1.0
2025-02-08,정상,여성,2352636.3636363638,4.0,6600090.909090909,22.0
2025-02-08,정상,잡화,5053472.7272727275,27.0,6588681.8181818165,58.0
2025-02-09,이월,골프,248181.81818181818,2.0,4032181.8181818184,19.0
2025-02-09,이월,남성,3884890.9090909087,21.0,23310527.27272728,97.0
2025-02-09,이월,슈즈,545481.8181818181,4.0,2661772.7272727275,20.0
2025-02-09,이월,스포츠,0.0,0.0,1091163.636363636,15.0
2025-02-09,이월,여성,2564999.9999999995,5.0,26149372.727272727,80.0
2025-02-09,이월,잡화,1786800.0,12.0,20745490.90909091,88.0
2025-02-09,입점,골프,2135700.0,14.0,4029754.545454544,28.0
2025-02-09,입점,남성,186636.36363636365,0.0,3976936.363636363,30.0
2025-02-09,입점,리빙,364545.45454545453,4.0,2356572.7272727275,32.0
2025-02-09,입점,명품,410909.0909090908,2.0,15873545.454545455,22.0
2025-02-09,입점,뷰티,687272.7272727273,11.0,1662090.9090909094,37.0
2025-02-09,입점,슈즈,631554.5454545454,6.0,789727.2727272727,7.0
2025-02-09,입점,스포츠,698181.8181818181,6.0,5928636.363636364,50.0
2025-02-09,입점,아웃도어,609954.5454545454,8.0,2535381.8181818174,24.0
2025-02-09,입점,여성,635090.9090909091,9.0,6982063.636363634,39.0
2025-02-09,입점,잡화,0.0,0.0,2822272.727272727,14.0
2025-02-09,입점,키즈,392454.5454545454,7.0,1201281.818181818,17.0
2025-02-09,정상,골프,976545.4545454545,4.0,4258727.272727273,18.0
2025-02-09,정상,남성,3277454.545454545,9.0,7842954.545454544,29.0
2025-02-09,정상,뷰티,0.0,0.0,62727.27272727272,1.0
2025-02-09,정상,슈즈,1266090.9090909092,4.0,2006545.4545454544,11.0
2025-02-09,정상,스포츠,0.0,0.0,534909.0909090908,3.0
2025-02-09,정상,여성,2312727.2727272725,1.0,13016500.000000002,41.0
2025-02-09,정상,잡화,4306390.909090909,30.0,12662381.818181815,87.0
2025-02-10,이월,골프,-95909.0909090908,2.0,3164272.7272727275,12.0
2025-02-10,이월,남성,516627.27272727265,13.0,10924018.181818182,60.0
2025-02-10,이월,슈즈,474890.90909090906,4.0,1034054.5454545453,9.0
2025-02-10,이월,스포츠,248727.2727272727,4.0,137272.72727272724,4.0
2025-02-10,이월,여성,-348390.90909090894,5.0,8862972.727272728,26.0
2025-02-10,이월,잡화,2337381.818181818,19.0,16389300.0,83.0
2025-02-10,입점,골프,2258936.3636363638,9.0,1153781.8181818181,23.0
2025-02-10,입점,남성,451945.4545454545,6.0,3827172.727272727,33.0
2025-02-10,입점,리빙,231545.45454545453,4.0,5485363.636363636,40.0
2025-02-10,입점,명품,1618909.0909090908,4.0,-330336.3636363632,10.0
2025-02-10,입점,뷰티,705818.1818181818,17.0,1711686.3636363635,41.0
2025-02-10,입점,슈즈,-40000.000000000015,-1.0,237727.2727272727,1.0
2025-02-10,입점,스포츠,231718.1818181818,5.0,2063118.181818182,34.0
2025-02-10,입점,아웃도어,898181.8181818181,2.0,235418.18181818188,10.0
2025-02-10,입점,여성,147318.18181818182,4.0,1263181.8181818181,16.0
2025-02-10,입점,잡화,0.0,0.0,1891618.1818181819,15.0
2025-02-10,입점,키즈,-187272.72727272724,-1.0,1394536.3636363635,19.0
2025-02-10,정상,골프,-88472.72727272724,1.0,1156745.4545454546,8.0
2025-02-10,정상,남성,2649772.727272727,9.0,3695636.3636363633,31.0
2025-02-10,정상,뷰티,270000.0,2.0,25454.545454545452,1.0
2025-02-10,정상,슈즈,768909.0909090908,5.0,888545.4545454545,3.0
2025-02-10,정상,스포츠,134545.45454545453,2.0,0.0,0.0
2025-02-10,정상,여성,1429090.9090909092,2.0,2142181.8181818184,11.0
2025-02-10,정상,잡화,4364763.636363637,25.0,6775236.363636363,66.0
2025-02-11,이월,골프,398636.3636363636,2.0,4740818.181818182,25.0
2025-02-11,이월,남성,2928545.454545455,13.0,17965654.545454543,100.0
2025-02-11,이월,슈즈,-821090.909090909,-5.0,1075363.6363636362,9.0
2025-02-11,이월,스포츠,408727.2727272727,5.0,576363.6363636364,8.0
2025-02-11,이월,여성,1302545.4545454541,9.0,20617190.9090909,56.0
2025-02-11,이월,잡화,2163127.2727272725,17.0,11408818.181818182,77.0
2025-02-11,입점,골프,887754.5454545454,6.0,836218.1818181815,14.0
2025-02-11,입점,남성,154590.9090909091,2.0,3048854.545454545,27.0
2025-02-11,입점,리빙,800272.7272727273,9.0,3639009.090909091,40.0
2025-02-11,입점,명품,1015454.5454545454,2.0,2288636.363636364,15.0
2025-02-11,입점,뷰티,504118.18181818177,9.0,1158427.2727272727,29.0
2025-02-11,입점,슈즈,0.0,0.0,304318.18181818177,3.0
2025-02-11,입점,스포츠,3834899.9999999995,10.0,5213745.454545456,30.0
2025-02-11,입점,아웃도어,99454.54545454544,2.0,880954.5454545453,10.0
2025-02-11,입점,여성,1111636.3636363638,4.0,-2169690.9090909082,9.0
2025-02-11,입점,잡화,2319272.727272727,1.0,3245345.454545454,14.0
2025-02-11,입점,키즈,172727.2727272727,2.0,2224318.181818181,26.0
2025-02-11,정상,골프,1227563.6363636362,5.0,4724536.363636363,14.0
2025-02-11,정상,남성,1095181.8181818181,10.0,4279545.454545455,31.0
2025-02-11,정상,뷰티,0.0,0.0,87181.81818181816,2.0
2025-02-11,정상,슈즈,-54545.454545454544,0.0,801772.7272727273,3.0
2025-02-11,정상,스포츠,0.0,0.0,197272.72727272724,3.0
2025-02-11,정상,여성,70636.3636363637,3.0,6392681.818181817,19.0
2025-02-11,정상,잡화,2749118.181818182,25.0,8387390.909090908,67.0
2025-02-12,이월,골프,636545.4545454546,5.0,4420618.181818182,30.0
2025-02-12,이월,남성,1542090.909090909,15.0,17324799.999999996,93.0
2025-02-12,이월,리빙,0.0,0.0,50545.454545454544,2.0
2025-02-12,이월,슈즈,780754.5454545454,6.0,766481.8181818181,5.0
2025-02-12,이월,스포츠,-101181.81818181818,-1.0,553972.7272727272,7.0
2025-02-12,이월,여성,2445727.272727273,9.0,7358381.818181819,50.0
2025-02-12,이월,잡화,2474581.8181818184,20.0,14112636.363636363,66.0
2025-02-12,입점,골프,566463.6363636364,8.0,2475090.909090909,25.0
2025-02-12,입점,남성,55818.181818181816,1.0,3718581.8181818184,28.0
2025-02-12,입점,리빙,455272.72727272724,4.0,4976554.545454546,48.0
2025-02-12,입점,명품,241818.1818181818,1.0,4537999.999999999,8.0
2025-02-12,입점,뷰티,656545.4545454546,7.0,1259063.6363636362,32.0
2025-02-12,입점,슈즈,-22727.272727272706,2.0,147681.81818181812,1.0
2025-02-12,입점,스포츠,790227.2727272727,8.0,2571072.7272727275,25.0
2025-02-12,입점,아웃도어,93363.63636363637,2.0,4834490.909090909,19.0
2025-02-12,입점,여성,451772.7272727273,6.0,4646254.545454546,34.0
2025-02-12,입점,잡화,599090.9090909091,1.0,1819945.4545454544,6.0
2025-02-12,입점,키즈,798127.2727272727,7.0,2012363.6363636362,32.0
2025-02-12,정상,골프,97818.18181818181,1.0,884300.0,10.0
2025-02-12,정상,남성,282181.8181818182,7.0,5756981.818181817,29.0
2025-02-12,정상,뷰티,77454.54545454544,2.0,25454.545454545452,1.0
2025-02-12,정상,슈즈,280000.0,2.0,647136.3636363636,5.0
2025-02-12,정상,스포츠,0.0,0.0,361818.18181818177,2.0
2025-02-12,정상,여성,506318.18181818177,3.0,7118318.181818182,7.0
2025-02-12,정상,잡화,1758836.3636363642,24.0,11793445.454545457,83.0
2025-02-13,이월,골프,489999.99999999994,2.0,3646309.090909091,25.0
2025-02-13,이월,남성,3062818.181818181,9.0,10790463.636363635,66.0
2025-02-13,이월,슈즈,476781.81818181806,4.0,697236.3636363636,9.0
2025-02-13,이월,스포츠,40454.54545454545,1.0,551727.2727272727,6.0
2025-02-13,이월,여성,1959545.4545454544,9.0,10808245.454545457,41.0
2025-02-13,이월,잡화,2250981.8181818184,18.0,11459109.090909092,64.0
2025-02-13,입점,골프,1031254.5454545453,6.0,3476227.2727272725,22.0
2025-02-13,입점,남성,28181.81818181818,1.0,1803109.0909090908,19.0
2025-02-13,입점,리빙,937636.3636363638,8.0,3220245.4545454537,36.0
2025-02-13,입점,명품,-377272.72727272724,-1.0,1170863.6363636365,3.0
2025-02-13,입점,뷰티,587909.0909090908,6.0,1485681.818181818,30.0
2025-02-13,입점,슈즈,-101818.18181818181,-1.0,597727.2727272727,7.0
2025-02-13,입점,스포츠,253363.63636363635,4.0,-109445.45454545453,15.0
2025-02-13,입점,아웃도어,392999.99999999994,6.0,4264500.0,25.0
2025-02-13,입점,여성,189909.09090909088,2.0,1801599.9999999998,10.0
2025-02-13,입점,잡화,190909.09090909088,1.0,5170000.0,2.0
2025-02-13,입점,키즈,609999.9999999999,8.0,950927.2727272727,17.0
2025-02-13,정상,골프,-33727.27272727273,-1.0,599090.909090909,2.0
2025-02-13,정상,남성,-326590.90909090894,5.0,7663154.545454544,21.0
2025-02-13,정상,뷰티,293636.36363636365,3.0,91818.18181818181,3.0
2025-02-13,정상,슈즈,176454.54545454544,2.0,-21636.363636363676,0.0
2025-02-13,정상,스포츠,89090.90909090909,1.0,235454.54545454544,1.0
2025-02-13,정상,여성,-236227.27272727268,0.0,1561772.7272727268,-4.0
2025-02-13,정상,잡화,3078563.6363636367,26.0,4934272.7272727275,40.0
2025-02-14,이월,골프,765454.5454545454,4.0,3560272.7272727266,19.0
2025-02-14,이월,남성,1757818.1818181819,9.0,14494890.9090909,79.0
2025-02-14,이월,슈즈,894909.0909090908,8.0,1710054.5454545452,12.0
2025-02-14,이월,스포츠,40454.54545454545,1.0,590172.7272727272,7.0
2025-02-14,이월,여성,267272.7272727272,5.0,7321218.181818184,34.0
2025-02-14,이월,잡화,2742654.5454545454,24.0,11737181.818181815,66.0
2025-02-14,입점,골프,605909.0909090909,6.0,2623336.363636363,15.0
2025-02-14,입점,남성,-73545.45454545457,4.0,2604036.3636363638,28.0
2025-02-14,입점,리빙,810363.6363636362,13.0,3506636.363636363,44.0
2025-02-14,입점,명품,144545.45454545453,1.0,9602227.272727272,24.0
2025-02-14,입점,뷰티,-76454.54545454543,3.0,1518945.4545454546,28.0
2025-02-14,입점,슈즈,495454.5454545454,2.0,299000.0,2.0
2025-02-14,입점,스포츠,0.0,0.0,-1468590.9090909092,18.0
2025-02-14,입점,아웃도어,29000.000000000022,1.0,1966572.7272727275,14.0
2025-02-14,입점,여성,103818.18181818182,1.0,4276118.18181818,42.0
2025-02-14,입점,잡화,1137090.909090909,3.0,2849272.7272727275,10.0
2025-02-14,입점,키즈,617954.5454545454,9.0,709363.6363636362,15.0
2025-02-14,정상,골프,530909.0909090908,1.0,-61800.00000000012,6.0
2025-02-14,정상,남성,1451681.8181818181,5.0,7566199.999999999,23.0
2025-02-14,정상,뷰티,61818.181818181816,1.0,107909.0909090909,3.0
2025-02-14,정상,슈즈,1018727.2727272726,5.0,950818.1818181816,6.0
2025-02-14,정상,스포츠,0.0,0.0,0.0,0.0
2025-02-14,정상,여성,-1279363.636363636,1.0,7679409.09090909,20.0
2025-02-14,정상,잡화,2714845.454545454,22.0,5309254.545454546,42.0
2025-02-15,이월,골프,920000.0,6.0,5401781.818181818,20.0
2025-02-15,이월,남성,1901972.7272727275,9.0,25392181.818181805,98.0
2025-02-15,이월,슈즈,622300.0,6.0,269181.8181818182,5.0
2025-02-15,이월,스포츠,40454.54545454545,1.0,516427.27272727265,7.0
2025-02-15,이월,여성,2183427.272727273,6.0,14360409.090909092,53.0
2025-02-15,이월,잡화,3566781.818181818,20.0,14196709.090909092,82.0
2025-02-15,입점,골프,239818.18181818182,3.0,5936336.363636362,42.0
2025-02-15,입점,남성,241545.45454545453,0.0,4128136.3636363633,39.0
2025-02-15,입점,리빙,452727.2727272727,8.0,2177827.2727272725,38.0
2025-02-15,입점,명품,312727.2727272727,1.0,10712818.18181818,22.0
2025-02-15,입점,뷰티,506272.72727272724,6.0,1436186.3636363638,32.0
2025-02-15,입점,슈즈,0.0,0.0,993318.1818181818,10.0
2025-02-15,입점,스포츠,595481.8181818182,10.0,1724209.0909090908,30.0
2025-02-15,입점,아웃도어,346454.5454545454,4.0,2160454.5454545454,19.0
2025-02-15,입점,여성,1129545.4545454544,8.0,4686899.999999999,36.0
2025-02-15,입점,잡화,1212727.2727272727,1.0,2706372.7272727275,14.0
2025-02-15,입점,키즈,177000.0,3.0,677636.3636363636,13.0
2025-02-15,정상,골프,1497999.9999999995,4.0,4999181.818181818,10.0
2025-02-15,정상,남성,1275954.5454545452,2.0,4346409.090909091,22.0
2025-02-15,정상,뷰티,61545.454545454544,1.0,0.0,0.0
2025-02-15,정상,슈즈,142500.0,1.0,1118500.0,4.0
2025-02-15,정상,스포츠,0.0,0.0,180000.0,1.0
2025-02-15,정상,여성,3059681.818181818,7.0,7923818.18181818,15.0
2025-02-15,정상,잡화,1563363.6363636365,12.0,3872990.9090909082,43.0
2025-02-16,이월,골프,358709.0909090908,1.0,4702318.181818181,32.0
2025-02-16,이월,남성,3337745.4545454546,14.0,36678590.90909092,146.0
2025-02-16,이월,슈즈,488636.3636363636,3.0,1200681.8181818184,12.0
2025-02-16,이월,스포츠,49545.454545454544,1.0,668663.6363636364,10.0
2025-02-16,이월,여성,3406545.454545454,9.0,27134463.63636363,101.0
2025-02-16,이월,잡화,2123454.5454545454,19.0,19846581.818181824,98.0
2025-02-16,입점,골프,424454.5454545454,6.0,6274881.8181818165,44.0
2025-02-16,입점,남성,410363.6363636363,2.0,5562427.272727272,38.0
2025-02-16,입점,리빙,463909.09090909094,9.0,2925945.454545454,41.0
2025-02-16,입점,명품,45000.0,1.0,12824363.636363637,25.0
2025-02-16,입점,뷰티,689909.0909090908,9.0,1869127.2727272725,39.0
2025-02-16,입점,슈즈,136363.63636363635,1.0,1268254.5454545452,12.0
2025-02-16,입점,스포츠,168990.9090909091,3.0,2852818.1818181816,40.0
2025-02-16,입점,아웃도어,415454.5454545454,5.0,2389863.636363636,21.0
2025-02-16,입점,여성,500772.72727272724,7.0,7296463.636363636,64.0
2025-02-16,입점,잡화,0.0,0.0,6326654.545454544,23.0
2025-02-16,입점,키즈,446363.6363636363,5.0,1667290.909090909,23.0
2025-02-16,정상,골프,368000.0,4.0,2227272.7272727275,8.0
2025-02-16,정상,남성,2057236.3636363633,9.0,12534500.000000004,48.0
2025-02-16,정상,뷰티,375454.54545454547,2.0,287000.0,6.0
2025-02-16,정상,슈즈,868727.2727272726,4.0,1336181.8181818181,6.0
2025-02-16,정상,스포츠,0.0,0.0,179090.90909090906,3.0
2025-02-16,정상,여성,1661727.2727272725,3.0,16860272.727272727,39.0
2025-02-16,정상,잡화,2087272.7272727273,18.0,10623990.909090908,68.0
2025-02-17,이월,골프,433636.3636363636,3.0,1749727.2727272722,10.0
2025-02-17,이월,남성,2172999.9999999995,10.0,7884181.818181818,49.0
2025-02-17,이월,슈즈,117181.81818181816,2.0,1035118.1818181816,8.0
2025-02-17,이월,스포츠,152754.54545454544,2.0,505418.1818181818,6.0
2025-02-17,이월,여성,1006090.9090909094,4.0,11157400.000000002,44.0
2025-02-17,이월,잡화,2449618.181818182,23.0,15322818.181818182,74.0
2025-02-17,입점,골프,534827.2727272727,3.0,3497954.545454545,29.0
2025-02-17,입점,남성,347818.18181818177,4.0,5460481.818181817,41.0
2025-02-17,입점,리빙,423818.1818181818,7.0,4600359.090909091,41.0
2025-02-17,입점,명품,1016818.1818181818,3.0,-2680454.5454545454,5.0
2025-02-17,입점,뷰티,554454.5454545454,7.0,1423990.9090909092,29.0
2025-02-17,입점,슈즈,832727.2727272727,5.0,154954.54545454544,3.0
2025-02-17,입점,스포츠,389209.0909090909,5.0,837481.8181818181,4.0
2025-02-17,입점,아웃도어,443954.5454545454,2.0,3738690.9090909082,30.0
2025-02-17,입점,여성,-392954.54545454547,-4.0,-2081872.7272727257,10.0
2025-02-17,입점,잡화,729999.9999999999,3.0,15122063.636363635,3.0
2025-02-17,입점,키즈,1174381.8181818181,9.0,2307527.2727272725,31.0
2025-02-17,정상,골프,152727.2727272727,1.0,1385136.3636363635,1.0
2025-02-17,정상,남성,-365590.90909090906,-1.0,3385609.090909091,21.0
2025-02-17,정상,뷰티,54545.454545454544,0.0,143636.36363636362,2.0
2025-02-17,정상,슈즈,412727.27272727265,4.0,734772.7272727273,4.0
2025-02-17,정상,스포츠,324545.45454545453,3.0,-80909.0909090909,-1.0
2025-02-17,정상,여성,247318.1818181819,3.0,-520590.9090909087,10.0
2025-02-17,정상,잡화,2855427.2727272725,19.0,4307745.454545453,45.0
2025-02-18,이월,골프,144545.45454545453,1.0,2353581.8181818184,10.0
2025-02-18,이월,남성,1607999.9999999998,9.0,11467336.363636361,43.0
2025-02-18,이월,리빙,0.0,0.0,-25272.727272727272,-1.0
2025-02-18,이월,슈즈,1093454.5454545452,9.0,1886463.6363636362,22.0
2025-02-18,이월,스포츠,232327.2727272727,3.0,1009672.7272727271,16.0
2025-02-18,이월,여성,-611936.3636363635,-1.0,-3304272.7272727275,22.0
2025-02-18,이월,잡화,2790399.999999999,25.0,14294390.909090912,90.0
2025-02-18,입점,골프,905918.1818181818,7.0,2430954.5454545445,26.0
2025-02-18,입점,남성,623000.0,5.0,2570481.8181818184,20.0
2025-02-18,입점,리빙,212709.09090909085,7.0,4407418.181818182,35.0
2025-02-18,입점,명품,778909.0909090907,1.0,5409599.999999998,10.0
2025-02-18,입점,뷰티,618090.909090909,8.0,1228118.1818181819,21.0
2025-02-18,입점,슈즈,71245.45454545454,-2.0,187909.09090909085,4.0
2025-02-18,입점,스포츠,290636.3636363636,4.0,1257218.1818181814,22.0
2025-02-18,입점,아웃도어,526727.2727272727,0.0,2055418.1818181816,17.0
2025-02-18,입점,여성,-97863.63636363635,-4.0,186418.18181818156,12.0
2025-02-18,입점,잡화,6168909.090909091,2.0,3797581.818181818,15.0
2025-02-18,입점,키즈,-40954.545454545456,1.0,628936.3636363635,16.0
2025-02-18,정상,골프,856545.4545454546,4.0,1150854.5454545452,9.0
2025-02-18,정상,남성,504681.81818181823,6.0,6310563.636363634,31.0
2025-02-18,정상,뷰티,62727.27272727272,1.0,434909.0909090909,6.0
2025-02-18,정상,슈즈,307272.72727272724,1.0,644136.3636363635,5.0
2025-02-18,정상,스포츠,0.0,0.0,160909.09090909088,2.0
2025-02-18,정상,여성,931590.9090909091,2.0,-2462772.727272727,10.0
2025-02-18,정상,잡화,2975454.5454545454,23.0,7074954.545454545,48.0
2025-02-19,이월,골프,1328545.4545454546,2.0,629536.3636363638,1.0
2025-02-19,이월,남성,1632363.6363636362,12.0,7991727.272727271,49.0
2025-02-19,이월,슈즈,1014209.0909090908,10.0,1251636.3636363633,15.0
2025-02-19,이월,스포츠,86545.45454545453,1.0,412272.7272727272,6.0
2025-02-19,이월,여성,1074136.3636363635,9.0,10462381.818181816,40.0
2025-02-19,이월,잡화,2437945.454545455,22.0,13847945.45454545,65.0
2025-02-19,입점,골프,261590.90909090906,3.0,4875181.818181817,29.0
2025-02-19,입점,남성,636636.3636363635,2.0,3537754.545454545,24.0
2025-02-19,입점,리빙,1022509.0909090909,8.0,2624181.818181819,32.0
2025-02-19,입점,명품,1398090.9090909087,5.0,2328845.454545454,20.0
2025-02-19,입점,뷰티,922045.4545454545,6.0,1481409.0909090908,26.0
2025-02-19,입점,슈즈,252727.2727272727,2.0,326818.1818181818,5.0
2025-02-19,입점,스포츠,376545.45454545453,5.0,6034254.545454545,16.0
2025-02-19,입점,아웃도어,1236454.5454545454,4.0,1733499.9999999998,22.0
2025-02-19,입점,여성,702181.8181818181,8.0,2046154.5454545454,22.0
2025-02-19,입점,잡화,305454.5454545454,1.0,4869972.727272727,9.0
2025-02-19,입점,키즈,534272.7272727273,4.0,1486354.5454545454,19.0
2025-02-19,정상,골프,-310000.0,3.0,1492418.1818181816,5.0
2025-02-19,정상,남성,490590.90909090906,2.0,8724872.727272727,31.0
2025-02-19,정상,뷰티,135454.54545454544,2.0,26727.272727272724,1.0
2025-02-19,정상,슈즈,-92909.09090909088,-1.0,-419045.4545454545,-1.0
2025-02-19,정상,스포츠,0.0,0.0,-208181.81818181818,-1.0
2025-02-19,정상,여성,252863.6363636363,1.0,6668772.727272725,24.0
2025-02-19,정상,잡화,3000027.2727272725,22.0,8967581.818181818,53.0
2025-02-20,이월,골프,1119409.0909090908,3.0,1494054.5454545454,12.0
2025-02-20,이월,남성,1751909.0909090908,7.0,13384727.272727272,57.0
2025-02-20,이월,슈즈,953090.9090909091,9.0,1659918.1818181816,15.0
2025-02-20,이월,스포츠,96181.81818181818,2.0,500027.27272727265,7.0
2025-02-20,이월,여성,3153590.9090909082,14.0,13581690.909090905,46.0
2025-02-20,이월,잡화,2803963.6363636362,24.0,11082890.909090912,57.0
2025-02-20,입점,골프,415272.7272727273,3.0,1825045.454545454,20.0
2025-02-20,입점,남성,504681.8181818181,7.0,1707490.9090909092,23.0
2025-02-20,입점,리빙,93909.09090909091,0.0,2876809.0909090904,34.0
2025-02-20,입점,명품,990909.0909090908,2.0,1345727.2727272727,14.0
2025-02-20,입점,뷰티,780636.3636363635,8.0,2488445.4545454546,43.0
2025-02-20,입점,슈즈,143636.36363636362,1.0,390590.90909090906,4.0
2025-02-20,입점,스포츠,338363.63636363635,7.0,2740063.6363636362,22.0
2025-02-20,입점,아웃도어,340454.54545454547,5.0,1728681.8181818177,28.0
2025-02-20,입점,여성,1468227.2727272725,9.0,2593745.4545454537,26.0
2025-02-20,입점,잡화,46090.90909090908,4.0,4570136.363636363,12.0
2025-02-20,입점,키즈,104999.99999999999,2.0,1722009.090909091,15.0
2025-02-20,정상,골프,2460090.9090909087,5.0,235518.18181818165,6.0
2025-02-20,정상,남성,1538454.5454545454,6.0,5517790.909090909,25.0
2025-02-20,정상,뷰티,119999.99999999999,2.0,394545.4545454545,3.0
2025-02-20,정상,슈즈,225045.45454545453,2.0,333909.0909090909,1.0
2025-02-20,정상,스포츠,126363.63636363635,1.0,44545.454545454544,1.0
2025-02-20,정상,여성,-327136.3636363636,1.0,4126409.09090909,10.0
2025-02-20,정상,잡화,2477890.9090909087,23.0,8545636.363636363,47.0
2025-02-21,이월,골프,2068172.727272727,13.0,2713272.7272727266,18.0
2025-02-21,이월,남성,2661999.9999999995,9.0,18203727.272727273,69.0
2025-02-21,이월,슈즈,850999.9999999999,5.0,2019818.1818181819,18.0
2025-02-21,이월,스포츠,368000.0,4.0,964418.1818181816,12.0
2025-02-21,이월,여성,4042881.8181818174,14.0,19149090.909090906,72.0
2025-02-21,이월,잡화,3858418.1818181816,29.0,8651490.909090908,52.0
2025-02-21,입점,골프,608845.4545454545,3.0,2160745.454545455,18.0
2025-02-21,입점,남성,213272.72727272726,6.0,2813545.4545454546,25.0
2025-02-21,입점,리빙,997454.5454545455,8.0,687190.9090909091,26.0
2025-02-21,입점,명품,-191363.63636363635,0.0,10789572.727272728,26.0
2025-02-21,입점,뷰티,827909.0909090907,13.0,2557354.5454545454,42.0
2025-02-21,입점,슈즈,514181.8181818182,3.0,200681.81818181815,3.0
2025-02-21,입점,스포츠,1511918.1818181814,4.0,2337609.0909090904,13.0
2025-02-21,입점,아웃도어,255545.45454545453,1.0,2281200.0000000005,21.0
2025-02-21,입점,여성,-112718.18181818185,5.0,3529545.454545453,28.0
2025-02-21,입점,잡화,17272.727272727272,1.0,316545.45454545453,4.0
2025-02-21,입점,키즈,154000.0,3.0,1230445.4545454544,20.0
2025-02-21,정상,골프,350781.8181818181,1.0,328000.00000000023,5.0
2025-02-21,정상,남성,243154.5454545454,2.0,7852309.09090909,30.0
2025-02-21,정상,뷰티,0.0,0.0,78181.81818181818,1.0
2025-02-21,정상,슈즈,183409.09090909088,1.0,1480909.0909090908,7.0
2025-02-21,정상,스포츠,212909.09090909088,2.0,8181.8181818181765,1.0
2025-02-21,정상,여성,1777136.3636363635,5.0,11778590.909090908,31.0
2025-02-21,정상,잡화,1292463.6363636358,10.0,6041909.09090909,40.0
2025-02-22,이월,골프,-127272.72727272724,0.0,4459836.363636362,20.0
2025-02-22,이월,남성,1854363.6363636358,13.0,18175772.727272723,90.0
2025-02-22,이월,리빙,0.0,0.0,-25272.727272727272,-1.0
2025-02-22,이월,슈즈,669863.6363636362,7.0,1302690.909090909,13.0
2025-02-22,이월,스포츠,141636.36363636362,2.0,420636.36363636365,9.0
2025-02-22,이월,여성,1891390.909090909,7.0,17393918.181818184,54.0
2025-02-22,이월,잡화,1589454.5454545454,14.0,8774054.545454545,58.0
2025-02-22,입점,골프,987818.1818181816,6.0,6246863.636363637,54.0
2025-02-22,입점,남성,125772.72727272726,2.0,4777009.090909089,49.0
2025-02-22,입점,리빙,113454.54545454544,4.0,3539181.818181819,37.0
2025-02-22,입점,명품,280000.0,2.0,8795000.0,23.0
2025-02-22,입점,뷰티,892181.818181818,9.0,1501663.6363636365,33.0
2025-02-22,입점,슈즈,263636.36363636365,2.0,22500.0,1.0
2025-02-22,입점,스포츠,363454.5454545454,7.0,2395131.8181818184,34.0
2025-02-22,입점,아웃도어,416854.5454545454,5.0,2108881.818181818,22.0
2025-02-22,입점,여성,1036336.3636363635,7.0,4074118.181818181,48.0
2025-02-22,입점,잡화,0.0,0.0,796090.9090909091,7.0
2025-02-22,입점,키즈,0.0,0.0,847818.1818181818,15.0
2025-02-22,정상,골프,294563.63636363635,3.0,1342872.7272727273,5.0
2025-02-22,정상,남성,2466136.3636363633,6.0,7990572.727272727,31.0
2025-02-22,정상,뷰티,0.0,0.0,74272.72727272726,1.0
2025-02-22,정상,슈즈,312272.72727272724,1.0,881818.1818181818,5.0
2025-02-22,정상,스포츠,130181.81818181818,1.0,171000.0,3.0
2025-02-22,정상,여성,689863.6363636364,0.0,4833909.09090909,20.0
2025-02-22,정상,잡화,2561327.272727273,10.0,4216018.181818182,46.0
2025-02-23,이월,골프,290909.09090909094,2.0,7403363.636363634,36.0
2025-02-23,이월,남성,1682090.909090909,10.0,24789045.454545453,107.0
2025-02-23,이월,슈즈,600618.1818181818,5.0,2340354.545454545,21.0
2025-02-23,이월,스포츠,293272.72727272724,4.0,1179399.9999999998,20.0
2025-02-23,이월,여성,2554909.090909091,9.0,22794536.363636363,84.0
2025-02-23,이월,잡화,2130072.7272727275,20.0,16924800.000000004,78.0
2025-02-23,입점,골프,-221272.72727272724,-1.0,8042945.454545453,74.0
2025-02-23,입점,남성,979272.7272727273,4.0,5326363.636363634,63.0
2025-02-23,입점,리빙,703000.0,7.0,5482690.909090908,50.0
2025-02-23,입점,명품,2188272.727272727,3.0,12047509.090909092,32.0
2025-02-23,입점,뷰티,321272.72727272724,7.0,1633627.2727272727,39.0
2025-02-23,입점,슈즈,57272.727272727265,1.0,444409.0909090908,8.0
2025-02-23,입점,스포츠,358181.8181818181,6.0,3436281.818181817,42.0
2025-02-23,입점,아웃도어,188181.81818181818,2.0,2003999.9999999998,30.0
2025-02-23,입점,여성,673499.9999999999,6.0,6282136.363636361,65.0
2025-02-23,입점,잡화,111636.36363636363,2.0,2828527.272727272,16.0
2025-02-23,입점,키즈,508999.9999999999,6.0,1440927.2727272725,17.0
2025-02-23,정상,골프,0.0,0.0,756872.7272727272,4.0
2025-02-23,정상,남성,113272.72727272718,2.0,15591854.545454547,62.0
2025-02-23,정상,뷰티,0.0,0.0,342000.0,3.0
2025-02-23,정상,슈즈,662272.7272727273,4.0,2320454.545454545,11.0
2025-02-23,정상,스포츠,107272.72727272726,2.0,0.0,0.0
2025-02-23,정상,여성,3204318.181818181,8.0,13076045.454545453,40.0
2025-02-23,정상,잡화,2067472.7272727275,18.0,8274336.363636363,62.0
2025-02-24,이월,골프,976363.6363636364,7.0,3403236.3636363633,20.0
2025-02-24,이월,남성,3287581.818181818,15.0,10538290.909090908,71.0
2025-02-24,이월,슈즈,894390.9090909092,7.0,94672.72727272715,3.0
2025-02-24,이월,스포츠,285818.18181818177,1.0,517818.18181818177,8.0
2025-02-24,이월,여성,2429972.727272727,10.0,16382527.272727275,69.0
2025-02-24,이월,잡화,1735800.0,17.0,10604909.090909086,77.0
2025-02-24,입점,골프,1064318.1818181816,4.0,5568909.090909089,28.0
2025-02-24,입점,남성,1155909.0909090908,7.0,1996009.0909090904,44.0
2025-02-24,입점,리빙,531790.9090909091,8.0,2775354.545454545,36.0
2025-02-24,입점,명품,71636.3636363637,1.0,10098309.090909086,15.0
2025-02-24,입점,뷰티,1015481.818181818,15.0,2270145.454545454,44.0
2025-02-24,입점,슈즈,-171818.1818181818,-1.0,145681.81818181818,3.0
2025-02-24,입점,스포츠,560000.0,2.0,1290359.0909090908,23.0
2025-02-24,입점,아웃도어,26181.81818181819,1.0,4424499.999999999,39.0
2025-02-24,입점,여성,572990.9090909092,10.0,1177854.5454545459,18.0
2025-02-24,입점,잡화,321909.0909090909,4.0,24773236.363636356,6.0
2025-02-24,입점,키즈,74090.90909090909,2.0,1044227.2727272728,24.0
2025-02-24,정상,골프,-1909090.909090909,-1.0,516363.63636363624,1.0
2025-02-24,정상,남성,-98754.54545454541,1.0,4471363.636363638,19.0
2025-02-24,정상,뷰티,235454.54545454544,1.0,0.0,0.0
2025-02-24,정상,슈즈,2360636.3636363638,16.0,2278863.636363636,12.0
2025-02-24,정상,스포츠,182000.0,2.0,153636.36363636362,1.0
2025-02-24,정상,여성,1359363.6363636362,2.0,5260227.2727272725,9.0
2025-02-24,정상,잡화,1591000.0000000002,7.0,6982590.909090908,48.0
2025-02-25,이월,골프,1592181.8181818181,9.0,4559736.363636363,30.0
2025-02-25,이월,남성,2604663.636363636,25.0,20696281.818181813,102.0
2025-02-25,이월,슈즈,635390.9090909091,7.0,570909.0909090908,5.0
2025-02-25,이월,스포츠,304209.0909090909,5.0,1225754.5454545454,15.0
2025-02-25,이월,여성,2078254.5454545454,3.0,13795972.727272727,60.0
2025-02-25,이월,잡화,3679309.0909090904,20.0,11843709.090909092,57.0
2025-02-25,입점,골프,2152618.1818181816,7.0,2400145.4545454546,28.0
2025-02-25,입점,남성,0.0,0.0,1759918.1818181819,24.0
2025-02-25,입점,리빙,1348636.3636363638,15.0,3206818.181818182,33.0
2025-02-25,입점,명품,1509090.909090909,6.0,11815090.90909091,22.0
2025-02-25,입점,뷰티,813045.4545454545,14.0,1866772.7272727275,44.0
2025-02-25,입점,슈즈,108954.54545454544,1.0,70772.72727272726,1.0
2025-02-25,입점,스포츠,307818.18181818177,5.0,1761500.000000001,31.0
2025-02-25,입점,아웃도어,816636.3636363636,5.0,3612818.181818181,30.0
2025-02-25,입점,여성,219172.72727272724,5.0,3348318.1818181816,9.0
2025-02-25,입점,잡화,0.0,0.0,726918.1818181818,9.0
2025-02-25,입점,키즈,-128318.18181818184,3.0,1298018.1818181819,14.0
2025-02-25,정상,골프,153454.54545454544,2.0,3415399.999999999,12.0
2025-02-25,정상,남성,-809863.6363636362,0.0,7830872.727272728,40.0
2025-02-25,정상,뷰티,397272.72727272724,4.0,104363.63636363635,2.0
2025-02-25,정상,슈즈,3729272.7272727285,28.0,1006363.6363636362,6.0
2025-02-25,정상,스포츠,0.0,0.0,360181.8181818181,4.0
2025-02-25,정상,여성,-1568090.909090909,-2.0,5401318.181818181,20.0
2025-02-25,정상,잡화,2095636.3636363638,17.0,6289772.7272727275,42.0
2025-02-26,이월,골프,-1074727.2727272727,1.0,6067372.7272727275,34.0
2025-02-26,이월,남성,4589800.0,22.0,19941163.636363633,111.0
2025-02-26,이월,슈즈,852481.818181818,11.0,965909.0909090908,8.0
2025-02-26,이월,스포츠,263272.72727272724,6.0,1293290.9090909094,19.0
2025-02-26,이월,여성,-1907609.0909090908,1.0,10497045.454545459,50.0
2025-02-26,이월,잡화,3078345.4545454546,18.0,13300854.545454543,77.0
2025-02-26,입점,골프,1322400.0,9.0,2442200.0000000005,24.0
2025-02-26,입점,남성,-124545.45454545454,1.0,992027.2727272726,15.0
2025-02-26,입점,리빙,379818.1818181818,3.0,3225718.181818182,21.0
2025-02-26,입점,명품,1548181.8181818181,4.0,2393772.7272727285,19.0
2025-02-26,입점,뷰티,371818.1818181818,8.0,2417190.9090909087,45.0
2025-02-26,입점,슈즈,-252727.2727272727,-1.0,-92936.36363636365,-1.0
2025-02-26,입점,스포츠,337909.0909090909,4.0,825109.0909090907,29.0
2025-02-26,입점,아웃도어,-60545.454545454515,-1.0,-2314000.0,-11.0
2025-02-26,입점,여성,108336.36363636362,1.0,2653163.636363636,24.0
2025-02-26,입점,잡화,245718.18181818182,3.0,291718.1818181818,7.0
2025-02-26,입점,키즈,188545.45454545453,4.0,964636.3636363636,14.0
2025-02-26,정상,골프,672454.5454545453,3.0,2150581.818181818,5.0
2025-02-26,정상,남성,816454.5454545453,7.0,7101518.181818181,51.0
2025-02-26,정상,뷰티,49090.90909090909,1.0,78181.81818181818,1.0
2025-02-26,정상,슈즈,2189090.9090909096,17.0,737318.1818181816,5.0
2025-02-26,정상,스포츠,-134545.45454545453,-2.0,99999.99999999999,0.0
2025-02-26,정상,여성,-984681.8181818181,-1.0,4862000.000000001,12.0
2025-02-26,정상,잡화,2193400.0,15.0,11021136.363636367,73.0
2025-02-27,이월,골프,1802818.1818181814,8.0,3116499.9999999995,19.0
2025-02-27,이월,남성,3608809.09090909,26.0,18593272.727272723,98.0
2025-02-27,이월,슈즈,262172.72727272724,3.0,2722463.6363636367,23.0
2025-02-27,이월,스포츠,289481.8181818181,5.0,1087754.5454545454,11.0
2025-02-27,이월,여성,4163945.4545454546,10.0,16758372.727272736,69.0
2025-02-27,이월,잡화,4902454.545454545,35.0,9782490.909090908,52.0
2025-02-27,입점,골프,500436.36363636353,4.0,1104327.2727272725,11.0
2025-02-27,입점,남성,-173863.6363636363,1.0,1043863.6363636366,21.0
2025-02-27,입점,리빙,202372.72727272726,2.0,4021263.636363636,33.0
2025-02-27,입점,명품,-1215727.2727272725,1.0,10385899.999999998,29.0
2025-02-27,입점,뷰티,918727.2727272726,11.0,2029463.6363636362,44.0
2025-02-27,입점,슈즈,247727.2727272727,1.0,155318.18181818182,7.0
2025-02-27,입점,스포츠,414545.45454545453,3.0,1401290.9090909092,20.0
2025-02-27,입점,아웃도어,290181.8181818182,1.0,1971927.2727272727,12.0
2025-02-27,입점,여성,322863.6363636363,4.0,1772618.1818181823,18.0
2025-02-27,입점,잡화,286800.0,3.0,2032499.9999999998,4.0
2025-02-27,입점,키즈,469545.45454545453,6.0,607881.8181818181,13.0
2025-02-27,정상,골프,395363.63636363635,3.0,3699818.1818181816,11.0
2025-02-27,정상,남성,1550536.3636363633,9.0,7970445.454545455,42.0
2025-02-27,정상,뷰티,251272.72727272726,2.0,187272.72727272726,3.0
2025-02-27,정상,슈즈,1442727.2727272727,13.0,829545.4545454545,3.0
2025-02-27,정상,스포츠,179090.90909090906,3.0,-90000.0,-1.0
2025-02-27,정상,여성,-2003363.636363636,-1.0,7823090.909090907,19.0
2025-02-27,정상,잡화,4012872.727272728,28.0,7028163.636363638,47.0
2025-02-28,이월,골프,831490.909090909,8.0,5830945.454545452,30.0
2025-02-28,이월,남성,7853054.545454546,35.0,23929372.72727271,104.0
2025-02-28,이월,슈즈,1051990.909090909,8.0,1696563.6363636362,13.0
2025-02-28,이월,스포츠,240636.36363636365,5.0,1566363.636363636,21.0
2025-02-28,이월,여성,3929327.2727272715,20.0,29222018.181818195,111.0
2025-02-28,이월,잡화,2969345.454545454,23.0,10765909.09090909,47.0
2025-02-28,입점,골프,431290.90909090906,6.0,1318736.3636363638,13.0
2025-02-28,입점,남성,594772.7272727273,5.0,1871318.1818181816,28.0
2025-02-28,입점,리빙,1049363.6363636362,9.0,4440309.09090909,24.0
2025-02-28,입점,명품,106363.63636363635,1.0,1867127.2727272725,13.0
2025-02-28,입점,뷰티,1673181.818181818,8.0,1486327.2727272727,23.0
2025-02-28,입점,슈즈,0.0,0.0,-230500.0,0.0
2025-02-28,입점,스포츠,305090.90909090906,5.0,1785854.5454545452,28.0
2025-02-28,입점,아웃도어,157545.45454545453,2.0,412454.54545454547,9.0
2025-02-28,입점,여성,461463.63636363635,0.0,2852681.818181818,19.0
2025-02-28,입점,잡화,0.0,0.0,2078272.727272727,2.0
2025-02-28,입점,키즈,64145.45454545454,2.0,657827.2727272727,15.0
2025-02-28,정상,골프,222909.09090909082,3.0,4073018.181818182,10.0
2025-02-28,정상,남성,1401272.727272727,6.0,9584827.27272727,45.0
2025-02-28,정상,슈즈,198181.81818181818,2.0,2074500.0,11.0
2025-02-28,정상,스포츠,126363.63636363635,1.0,153636.36363636362,1.0
2025-02-28,정상,여성,1728227.2727272727,5.0,8937681.818181816,23.0
2025-02-28,정상,잡화,2257545.454545455,19.0,7351327.2727272725,52.0
2025-03-01,이월,골프,3090218.181818181,12.0,5179227.272727273,35.0
2025-03-01,이월,남성,3833918.181818182,25.0,35498072.72727272,164.0
2025-03-01,이월,슈즈,587754.5454545454,7.0,2502445.454545454,21.0
2025-03-01,이월,스포츠,520636.36363636365,7.0,2110545.454545454,25.0
2025-03-01,이월,여성,3266499.9999999995,13.0,43399872.72727273,147.0
2025-03-01,이월,잡화,3249436.3636363638,28.0,11307145.454545453,65.0
2025-03-01,입점,골프,1586727.2727272727,10.0,7240236.363636362,51.0
2025-03-01,입점,남성,218818.18181818182,5.0,4697009.090909091,37.0
2025-03-01,입점,리빙,770272.7272727273,7.0,4513681.818181818,30.0
2025-03-01,입점,명품,0.0,0.0,9883336.363636361,29.0
2025-03-01,입점,뷰티,638272.7272727272,9.0,1895009.090909091,45.0
2025-03-01,입점,슈즈,432727.2727272727,3.0,944618.1818181818,8.0
2025-03-01,입점,스포츠,320818.18181818177,5.0,2050400.0,31.0
2025-03-01,입점,아웃도어,384863.63636363635,5.0,1635945.4545454546,16.0
2025-03-01,입점,여성,623545.4545454546,9.0,3298681.818181819,35.0
2025-03-01,입점,잡화,75454.54545454541,2.0,965963.6363636364,14.0
2025-03-01,입점,키즈,723018.1818181818,6.0,2084772.7272727273,28.0
2025-03-01,정상,골프,814545.4545454545,3.0,774254.5454545453,6.0
2025-03-01,정상,남성,1887045.4545454546,7.0,14902736.363636361,56.0
2025-03-01,정상,뷰티,142727.2727272727,1.0,49818.181818181816,2.0
2025-03-01,정상,슈즈,690999.9999999999,6.0,1649363.6363636362,6.0
2025-03-01,정상,스포츠,256454.5454545454,2.0,406363.63636363635,2.0
2025-03-01,정상,여성,1133363.6363636362,5.0,13148181.818181816,45.0
2025-03-01,정상,잡화,3845618.181818182,22.0,5360827.272727272,40.0
2025-03-02,이월,골프,1821590.909090909,12.0,5797245.454545454,36.0
2025-03-02,이월,남성,3848963.6363636367,21.0,23065318.181818187,123.0
2025-03-02,이월,슈즈,1331063.6363636362,11.0,3050336.3636363633,24.0
2025-03-02,이월,스포츠,268545.45454545453,4.0,1846909.0909090908,29.0
2025-03-02,이월,여성,1185572.727272727,7.0,21089218.181818176,80.0
2025-03-02,이월,잡화,2329836.3636363633,18.0,12490545.454545459,71.0
2025-03-02,입점,골프,1137427.2727272725,6.0,10139745.454545451,64.0
2025-03-02,입점,남성,328272.7272727273,6.0,3577090.90909091,38.0
2025-03-02,입점,리빙,793863.6363636364,8.0,3923763.636363636,27.0
2025-03-02,입점,명품,2330000.0,4.0,10407090.909090908,31.0
2025-03-02,입점,뷰티,691181.8181818182,10.0,3591354.545454545,48.0
2025-03-02,입점,슈즈,481090.90909090906,3.0,607590.909090909,8.0
2025-03-02,입점,스포츠,299454.5454545454,3.0,5115700.000000001,43.0
2025-03-02,입점,아웃도어,232454.5454545454,2.0,1924763.6363636362,19.0
2025-03-02,입점,여성,723909.0909090908,7.0,5078272.7272727275,45.0
2025-03-02,입점,잡화,19554.545454545452,1.0,2981354.545454546,13.0
2025-03-02,입점,키즈,340545.4545454545,6.0,2640509.090909091,30.0
2025-03-02,정상,골프,70436.3636363636,1.0,889381.818181818,3.0
2025-03-02,정상,남성,3744536.3636363638,16.0,12364918.181818176,50.0
2025-03-02,정상,뷰티,24090.90909090909,1.0,60363.63636363635,3.0
2025-03-02,정상,슈즈,639090.9090909091,6.0,1447818.1818181816,10.0
2025-03-02,정상,스포츠,208181.81818181818,1.0,0.0,0.0
2025-03-02,정상,여성,1553636.3636363638,7.0,6157136.363636367,16.0
2025-03-02,정상,잡화,3473818.181818182,24.0,4615181.818181817,30.0
2025-03-03,이월,골프,1526818.1818181816,10.0,5972490.909090908,31.0
2025-03-03,이월,남성,5783054.545454545,27.0,28983945.454545457,158.0
2025-03-03,이월,리빙,0.0,0.0,25272.727272727272,1.0
2025-03-03,이월,슈즈,1768627.2727272725,13.0,2811572.7272727266,27.0
2025-03-03,이월,스포츠,27272.727272727265,0.0,1458181.8181818181,23.0
2025-03-03,이월,여성,3729954.545454545,15.0,30245409.090909082,113.0
2025-03-03,이월,잡화,3062745.4545454546,19.0,16848163.636363637,84.0
2025-03-03,입점,골프,1208690.909090909,9.0,8631872.727272728,70.0
2025-03-03,입점,남성,90227.2727272727,3.0,2185099.9999999995,32.0
2025-03-03,입점,리빙,292363.6363636363,7.0,4688545.454545454,40.0
2025-03-03,입점,명품,252454.5454545454,2.0,12395772.727272727,21.0
2025-03-03,입점,뷰티,1126963.6363636362,14.0,2050818.1818181816,40.0
2025-03-03,입점,슈즈,87272.72727272726,1.0,928181.8181818181,8.0
2025-03-03,입점,스포츠,386818.18181818177,4.0,2559309.090909091,42.0
2025-03-03,입점,아웃도어,815272.7272727272,4.0,2709309.09090909,33.0
2025-03-03,입점,여성,1118318.1818181819,15.0,5026399.999999999,50.0
2025-03-03,입점,잡화,691590.9090909092,7.0,2220181.818181818,14.0
2025-03-03,입점,키즈,330454.5454545454,4.0,3392336.3636363633,47.0
2025-03-03,정상,골프,1258818.1818181816,5.0,256236.36363636362,2.0
2025-03-03,정상,남성,864272.7272727272,5.0,9394281.81818182,47.0
2025-03-03,정상,뷰티,29272.72727272727,1.0,-10181.81818181818,-1.0
2025-03-03,정상,슈즈,297272.7272727273,3.0,540272.7272727272,5.0
2025-03-03,정상,스포츠,0.0,0.0,334545.45454545453,2.0
2025-03-03,정상,여성,841363.6363636364,2.0,7745181.818181818,26.0
2025-03-03,정상,잡화,1954372.727272727,18.0,7279590.909090909,60.0
2025-03-04,이월,골프,1108363.6363636365,6.0,5392718.181818182,37.0
2025-03-04,이월,남성,2395727.272727273,20.0,23312727.27272727,106.0
2025-03-04,이월,슈즈,1238627.2727272727,11.0,2416027.272727272,24.0
2025-03-04,이월,스포츠,257727.2727272727,5.0,1193636.3636363635,19.0
2025-03-04,이월,여성,7212963.636363635,18.0,24929327.272727266,73.0
2025-03-04,이월,잡화,3548018.181818182,27.0,13952063.636363635,68.0
2025-03-04,입점,골프,1369627.272727273,8.0,7066772.727272727,37.0
2025-03-04,입점,남성,273000.0,2.0,1441154.545454545,30.0
2025-03-04,입점,리빙,262945.45454545453,5.0,4225236.363636362,47.0
2025-03-04,입점,명품,972272.7272727273,7.0,4216990.909090908,5.0
2025-03-04,입점,뷰티,644545.4545454545,9.0,3491318.181818181,47.0
2025-03-04,입점,슈즈,1259545.4545454546,9.0,485136.3636363636,3.0
2025-03-04,입점,스포츠,936545.4545454545,9.0,313881.81818181835,38.0
2025-03-04,입점,아웃도어,277090.90909090906,4.0,1517281.8181818181,10.0
2025-03-04,입점,여성,260181.81818181818,5.0,2624481.818181817,29.0
2025-03-04,입점,잡화,58181.81818181818,2.0,1966863.6363636362,2.0
2025-03-04,입점,키즈,432136.3636363636,4.0,1091436.3636363635,18.0
2025-03-04,정상,골프,513636.3636363636,2.0,545900.0,7.0
2025-03-04,정상,남성,1872136.3636363633,11.0,4553545.454545455,23.0
2025-03-04,정상,뷰티,184090.90909090906,4.0,298181.8181818182,4.0
2025-03-04,정상,슈즈,658181.8181818181,6.0,943863.6363636362,8.0
2025-03-04,정상,스포츠,234545.45454545453,2.0,235454.54545454544,1.0
2025-03-04,정상,여성,2707545.4545454546,7.0,6844863.636363637,20.0
2025-03-04,정상,잡화,3344309.090909091,22.0,7986200.0,47.0
2025-03-05,이월,골프,1213409.0909090906,8.0,4535936.363636364,29.0
2025-03-05,이월,남성,4264227.2727272725,24.0,23975054.54545454,84.0
2025-03-05,이월,리빙,0.0,0.0,25272.727272727272,1.0
2025-03-05,이월,슈즈,448299.99999999994,3.0,3037372.727272727,18.0
2025-03-05,이월,스포츠,414090.90909090906,7.0,1627999.9999999998,20.0
2025-03-05,이월,여성,3403263.6363636367,11.0,10058390.909090905,38.0
2025-03-05,이월,잡화,2822709.0909090904,23.0,11530018.181818185,50.0
2025-03-05,입점,골프,794690.9090909091,5.0,3429145.4545454546,44.0
2025-03-05,입점,남성,475318.18181818177,5.0,2701309.090909091,22.0
2025-03-05,입점,리빙,1616545.4545454541,59.0,3197999.9999999995,40.0
2025-03-05,입점,명품,1593636.3636363633,6.0,5402127.2727272725,14.0
2025-03-05,입점,뷰티,586386.3636363636,8.0,2655913.6363636362,43.0
2025-03-05,입점,슈즈,643090.9090909091,6.0,504772.7272727272,6.0
2025-03-05,입점,스포츠,9707909.09090909,5.0,4786963.636363636,47.0
2025-03-05,입점,아웃도어,784454.5454545454,5.0,4611599.999999999,30.0
2025-03-05,입점,여성,3045309.090909091,35.0,14224490.909090906,169.0
2025-03-05,입점,잡화,157818.18181818182,2.0,2018186.3636363633,10.0
2025-03-05,입점,키즈,579363.6363636362,7.0,2452654.545454545,28.0
2025-03-05,정상,골프,1142200.0,8.0,-1713927.2727272727,3.0
2025-03-05,정상,남성,1821936.3636363635,8.0,11955627.272727272,48.0
2025-03-05,정상,뷰티,368636.36363636353,6.0,370909.0909090909,5.0
2025-03-05,정상,슈즈,270499.99999999994,1.0,436181.8181818181,1.0
2025-03-05,정상,스포츠,80909.0909090909,1.0,361818.18181818177,2.0
2025-03-05,정상,여성,2092636.3636363638,7.0,13287454.545454543,30.0
2025-03-05,정상,잡화,2580127.2727272725,22.0,6016927.2727272725,37.0
2025-03-06,이월,골프,1800472.727272727,11.0,4825399.999999999,28.0
2025-03-06,이월,남성,5485790.909090909,26.0,7857109.090909095,54.0
2025-03-06,이월,슈즈,837718.1818181816,8.0,1653781.8181818181,14.0
2025-03-06,이월,스포츠,548909.0909090908,7.0,1251454.5454545456,19.0
2025-03-06,이월,여성,1968454.5454545454,6.0,249018.1818181823,4.0
2025-03-06,이월,잡화,2566981.8181818184,19.0,6017763.636363634,49.0
2025-03-06,입점,골프,2348909.0909090904,6.0,6277509.09090909,57.0
2025-03-06,입점,남성,88136.36363636362,0.0,374109.0909090906,17.0
2025-03-06,입점,리빙,1776563.6363636362,64.0,4310390.909090908,40.0
2025-03-06,입점,명품,2918545.4545454546,4.0,7636845.454545453,10.0
2025-03-06,입점,뷰티,604181.818181818,15.0,2090290.9090909085,27.0
2025-03-06,입점,슈즈,106363.63636363635,1.0,531727.2727272727,6.0
2025-03-06,입점,스포츠,197363.63636363635,8.0,4253509.090909092,41.0
2025-03-06,입점,아웃도어,430272.72727272724,4.0,4282627.272727273,29.0
2025-03-06,입점,여성,1709772.7272727273,15.0,12183463.636363639,137.0
2025-03-06,입점,잡화,463163.6363636363,2.0,1736790.909090909,6.0
2025-03-06,입점,키즈,339000.0,6.0,895245.4545454546,20.0
2025-03-06,정상,골프,510399.9999999999,2.0,-2188781.8181818184,5.0
2025-03-06,정상,남성,3226363.636363636,8.0,9620527.27272727,33.0
2025-03-06,정상,뷰티,70909.0909090909,3.0,44545.454545454544,2.0
2025-03-06,정상,슈즈,998863.6363636361,3.0,1662863.6363636362,11.0
2025-03-06,정상,스포츠,135454.54545454544,1.0,0.0,0.0
2025-03-06,정상,여성,671909.0909090908,2.0,9853727.272727268,32.0
2025-03-06,정상,잡화,6057163.636363635,41.0,7573136.363636362,39.0
2025-03-07,이월,골프,488954.5454545454,3.0,3922718.1818181816,25.0
2025-03-07,이월,남성,3524800.0,16.0,15839727.27272727,82.0
2025-03-07,이월,슈즈,273090.90909090906,2.0,1635627.2727272725,13.0
2025-03-07,이월,스포츠,312818.1818181817,5.0,1116545.4545454546,20.0
2025-03-07,이월,여성,1466799.9999999998,6.0,14297318.181818182,49.0
2025-03-07,이월,잡화,1763163.6363636362,13.0,3985636.363636363,26.0
2025-03-07,입점,골프,909909.0909090909,5.0,3625363.6363636362,26.0
2025-03-07,입점,남성,571363.6363636364,7.0,2672109.0909090904,26.0
2025-03-07,입점,리빙,1022181.818181818,19.0,3370072.727272727,34.0
2025-03-07,입점,명품,-373181.8181818182,2.0,3238454.545454545,7.0
2025-03-07,입점,뷰티,791363.6363636362,5.0,1174954.5454545452,24.0
2025-03-07,입점,슈즈,-339636.36363636365,-1.0,-294045.45454545453,-1.0
2025-03-07,입점,스포츠,640818.1818181816,4.0,2389800.0,29.0
2025-03-07,입점,아웃도어,0.0,0.0,1546854.5454545459,8.0
2025-03-07,입점,여성,2177618.1818181816,5.0,934627.2727272725,33.0
2025-03-07,입점,잡화,288309.0909090909,3.0,522809.0909090909,8.0
2025-03-07,입점,키즈,20000.0,1.0,955472.7272727272,20.0
2025-03-07,정상,골프,-83363.63636363635,0.0,-549327.2727272728,6.0
2025-03-07,정상,남성,1502881.8181818177,10.0,9211009.09090909,39.0
2025-03-07,정상,슈즈,222818.18181818188,3.0,1126545.4545454546,6.0
2025-03-07,정상,스포츠,0.0,0.0,289090.90909090906,2.0
2025-03-07,정상,여성,3686181.818181818,7.0,1039818.181818182,6.0
2025-03-07,정상,잡화,3514509.09090909,23.0,4048118.1818181816,27.0
2025-03-08,이월,골프,450000.0,5.0,3008472.727272727,19.0
2025-03-08,이월,남성,-176845.45454545473,15.0,21439309.090909094,107.0
2025-03-08,이월,슈즈,690899.9999999999,6.0,1759172.7272727275,20.0
2025-03-08,이월,스포츠,736999.9999999999,13.0,881636.3636363635,14.0
2025-03-08,이월,여성,2182072.727272727,12.0,28494345.454545457,98.0
2025-03-08,이월,잡화,1352145.4545454546,13.0,8662690.909090908,50.0
2025-03-08,입점,골프,2436118.181818181,15.0,6724263.636363636,71.0
2025-03-08,입점,남성,654272.7272727273,5.0,4242245.454545455,36.0
2025-03-08,입점,리빙,1091636.3636363635,9.0,3112463.6363636362,30.0
2025-03-08,입점,명품,2444000.0,3.0,8401545.454545453,17.0
2025-03-08,입점,뷰티,742000.0,10.0,1567350.0,30.0
2025-03-08,입점,슈즈,358181.8181818182,3.0,689454.5454545454,5.0
2025-03-08,입점,스포츠,494909.0909090909,8.0,1990781.818181818,27.0
2025-03-08,입점,아웃도어,583363.6363636364,4.0,1324363.6363636362,20.0
2025-03-08,입점,여성,682400.0,11.0,5590527.272727273,54.0
2025-03-08,입점,잡화,212145.4545454545,3.0,456854.54545454547,8.0
2025-03-08,입점,키즈,313090.90909090906,3.0,2340909.0909090913,40.0
2025-03-08,정상,골프,645090.9090909091,3.0,1844845.4545454541,12.0
2025-03-08,정상,남성,583299.9999999999,5.0,6432863.6363636395,29.0
2025-03-08,정상,뷰티,100727.27272727272,3.0,210000.0,4.0
2025-03-08,정상,슈즈,1082000.0,4.0,1288181.8181818181,13.0
2025-03-08,정상,스포츠,126363.63636363635,1.0,44545.454545454544,1.0
2025-03-08,정상,여성,2023136.3636363633,4.0,19712681.818181816,43.0
2025-03-08,정상,잡화,1243890.909090909,10.0,5081227.272727272,40.0
2025-03-09,이월,골프,1063427.2727272725,9.0,8964690.909090906,40.0
2025-03-09,이월,남성,4592290.909090909,27.0,39885272.72727273,201.0
2025-03-09,이월,슈즈,769236.3636363635,10.0,4555699.999999999,51.0
2025-03-09,이월,스포츠,452090.90909090906,8.0,2183454.545454545,30.0
2025-03-09,이월,여성,6871436.363636361,20.0,38617145.454545446,152.0
2025-03-09,이월,잡화,3342436.3636363633,24.0,17657400.0,99.0
2025-03-09,입점,골프,153636.3636363636,1.0,7495363.636363635,69.0
2025-03-09,입점,남성,270272.72727272724,3.0,3619027.2727272725,48.0
2025-03-09,입점,리빙,1249818.1818181819,11.0,1252818.1818181819,35.0
2025-03-09,입점,명품,2983636.3636363633,4.0,5156818.181818182,18.0
2025-03-09,입점,뷰티,448181.8181818182,9.0,2275000.0,41.0
2025-03-09,입점,슈즈,434545.4545454545,4.0,832890.909090909,6.0
2025-03-09,입점,스포츠,776363.6363636364,11.0,4009772.7272727266,39.0
2025-03-09,입점,아웃도어,644090.9090909091,3.0,3231109.0909090904,30.0
2025-03-09,입점,여성,967990.909090909,10.0,7828418.18181818,67.0
2025-03-09,입점,잡화,989972.7272727273,4.0,1043336.3636363635,18.0
2025-03-09,입점,키즈,535545.4545454545,6.0,3012163.6363636367,36.0
2025-03-09,정상,골프,210909.09090909088,1.0,1774027.2727272725,10.0
2025-03-09,정상,남성,1425090.9090909092,7.0,16027818.18181818,68.0
2025-03-09,정상,슈즈,1282818.181818182,8.0,2239545.454545455,15.0
2025-03-09,정상,스포츠,0.0,0.0,90000.0,1.0
2025-03-09,정상,여성,1795454.5454545454,6.0,14459681.818181816,49.0
2025-03-09,정상,잡화,3260490.9090909087,23.0,7879527.2727272725,55.0
2025-03-10,이월,골프,165454.54545454547,-1.0,3264154.545454546,18.0
2025-03-10,이월,남성,6502045.454545453,35.0,13373409.09090909,96.0
2025-03-10,이월,슈즈,2110954.545454545,19.0,2712999.9999999995,28.0
2025-03-10,이월,스포츠,308454.5454545454,5.0,1040909.0909090906,21.0
2025-03-10,이월,여성,-1866927.2727272725,3.0,2137163.636363636,31.0
2025-03-10,이월,잡화,1994545.4545454541,15.0,11810181.818181816,64.0
2025-03-10,입점,골프,2262336.3636363633,13.0,1969754.5454545454,28.0
2025-03-10,입점,남성,366136.3636363636,3.0,3968336.363636364,42.0
2025-03-10,입점,리빙,763518.1818181818,10.0,3640681.8181818174,36.0
2025-03-10,입점,명품,1293545.4545454546,1.0,5070045.454545453,8.0
2025-03-10,입점,뷰티,388454.5454545454,10.0,1917254.5454545454,46.0
2025-03-10,입점,슈즈,257045.4545454545,4.0,-63772.72727272728,-1.0
2025-03-10,입점,스포츠,535818.1818181819,7.0,1227390.909090909,18.0
2025-03-10,입점,아웃도어,563454.5454545454,5.0,3815727.2727272725,33.0
2025-03-10,입점,여성,-676963.6363636364,-2.0,1246236.363636363,12.0
2025-03-10,입점,잡화,70818.18181818181,0.0,980045.4545454546,9.0
2025-03-10,입점,키즈,-24863.63636363634,4.0,2128690.909090909,44.0
2025-03-10,정상,골프,228590.90909090906,3.0,810727.2727272727,5.0
2025-03-10,정상,남성,2703272.727272727,15.0,5344036.363636363,38.0
2025-03-10,정상,뷰티,0.0,0.0,342727.2727272727,5.0
2025-03-10,정상,슈즈,1196363.6363636362,14.0,304636.36363636365,3.0
2025-03-10,정상,여성,821636.3636363635,0.0,476318.1818181815,8.0
2025-03-10,정상,잡화,2671672.727272727,19.0,7163299.999999998,46.0
2025-03-11,이월,골프,306454.5454545454,0.0,2790581.8181818184,12.0
2025-03-11,이월,남성,1226527.2727272732,21.0,13492072.72727273,91.0
2025-03-11,이월,슈즈,1083654.5454545454,11.0,1905072.7272727268,17.0
2025-03-11,이월,스포츠,129454.54545454544,2.0,1423636.3636363638,22.0
2025-03-11,이월,여성,3088881.8181818184,10.0,9613609.090909088,64.0
2025-03-11,이월,잡화,2410854.5454545454,20.0,10499463.636363633,55.0
2025-03-11,입점,OFM,55454.54545454545,1.0,0.0,0.0
2025-03-11,입점,골프,863181.8181818181,4.0,1955845.454545454,23.0
2025-03-11,입점,남성,-34054.545454545434,-2.0,4431018.181818181,43.0
2025-03-11,입점,리빙,1157509.0909090908,17.0,2085072.727272727,19.0
2025-03-11,입점,명품,33545.45454545459,0.0,9110245.454545455,15.0
2025-03-11,입점,뷰티,566018.1818181816,10.0,2431636.3636363633,47.0
2025-03-11,입점,슈즈,519636.3636363636,3.0,633000.0,3.0
2025-03-11,입점,스포츠,402636.3636363636,6.0,2457272.727272727,38.0
2025-03-11,입점,아웃도어,302363.63636363635,3.0,2452309.090909091,17.0
2025-03-11,입점,여성,465654.54545454547,6.0,673481.818181818,9.0
2025-03-11,입점,잡화,55199.99999999999,1.0,-6136.363636363632,3.0
2025-03-11,입점,키즈,158818.18181818182,2.0,3433809.0909090918,60.0
2025-03-11,정상,골프,220681.81818181818,2.0,1815363.6363636365,9.0
2025-03-11,정상,남성,2074245.4545454546,13.0,645836.3636363638,13.0
2025-03-11,정상,뷰티,235454.54545454544,1.0,173999.99999999997,3.0
2025-03-11,정상,슈즈,2433727.2727272725,23.0,1217545.4545454546,9.0
2025-03-11,정상,스포츠,0.0,0.0,396363.63636363635,2.0
2025-03-11,정상,여성,2666727.272727272,10.0,1708136.3636363628,18.0
2025-03-11,정상,잡화,4250081.818181817,32.0,5474036.363636363,49.0
2025-03-12,이월,골프,1403581.8181818181,6.0,2990790.909090908,20.0
2025-03-12,이월,남성,7106654.545454545,38.0,18475918.181818165,130.0
2025-03-12,이월,슈즈,1622499.9999999998,12.0,2893527.2727272725,26.0
2025-03-12,이월,스포츠,711181.8181818181,11.0,1757909.0909090908,21.0
2025-03-12,이월,여성,4951827.272727273,13.0,29188454.54545454,95.0
2025-03-12,이월,잡화,1310654.5454545452,10.0,12725890.909090905,50.0
2025-03-12,입점,골프,1198945.4545454546,7.0,2886127.272727274,41.0
2025-03-12,입점,남성,1049681.818181818,4.0,4559472.727272727,38.0
2025-03-12,입점,리빙,1394181.8181818181,14.0,2528227.272727273,31.0
2025-03-12,입점,명품,40909.090909090904,1.0,3319954.5454545445,16.0
2025-03-12,입점,뷰티,1038636.3636363635,11.0,2732909.0909090904,43.0
2025-03-12,입점,슈즈,316363.6363636363,3.0,860363.6363636362,6.0
2025-03-12,입점,스포츠,285727.2727272727,5.0,2760709.0909090904,34.0
2025-03-12,입점,아웃도어,-63090.90909090912,2.0,-1393272.727272727,-1.0
2025-03-12,입점,여성,194472.72727272718,8.0,3258009.0909090918,42.0
2025-03-12,입점,잡화,-19636.363636363618,0.0,854727.2727272726,6.0
2025-03-12,입점,키즈,129636.36363636365,3.0,4083454.5454545445,53.0
2025-03-12,정상,골프,954054.5454545454,5.0,1307227.2727272725,5.0
2025-03-12,정상,남성,2667954.5454545454,12.0,6308036.363636362,42.0
2025-03-12,정상,뷰티,85636.36363636363,3.0,0.0,0.0
2025-03-12,정상,슈즈,990181.8181818181,7.0,661909.0909090909,6.0
2025-03-12,정상,여성,1102727.2727272727,6.0,1366500.0,19.0
2025-03-12,정상,잡화,3939181.8181818165,26.0,5384818.181818181,38.0
2025-03-13,이월,골프,226290.9090909091,4.0,2968836.3636363638,16.0
2025-03-13,이월,남성,5659227.2727272725,32.0,21817454.545454543,117.0
2025-03-13,이월,슈즈,467654.5454545454,7.0,3510545.454545455,31.0
2025-03-13,이월,스포츠,435272.72727272724,7.0,1601454.5454545456,21.0
2025-03-13,이월,여성,3367454.5454545454,20.0,6908354.545454551,51.0
2025-03-13,이월,잡화,1962690.909090909,13.0,7774618.18181818,38.0
2025-03-13,입점,OFM,-55454.54545454545,-1.0,0.0,0.0
2025-03-13,입점,골프,1386481.818181818,7.0,3045918.181818182,27.0
2025-03-13,입점,남성,379500.0,2.0,6568618.181818183,81.0
2025-03-13,입점,리빙,701000.0,9.0,1820900.0000000002,24.0
2025-03-13,입점,명품,-248181.81818181835,0.0,1803845.454545454,10.0
2025-03-13,입점,뷰티,1391090.9090909092,17.0,2490136.3636363638,33.0
2025-03-13,입점,슈즈,162727.2727272727,1.0,113927.27272727274,0.0
2025-03-13,입점,스포츠,808545.4545454545,8.0,3182772.727272728,21.0
2025-03-13,입점,아웃도어,662936.3636363636,8.0,1672554.5454545454,17.0
2025-03-13,입점,여성,457909.09090909094,5.0,1018290.9090909092,12.0
2025-03-13,입점,잡화,73181.81818181818,2.0,930372.7272727272,9.0
2025-03-13,입점,키즈,505754.54545454535,8.0,2716736.3636363633,47.0
2025-03-13,정상,골프,634818.1818181818,4.0,1196309.0909090908,3.0
2025-03-13,정상,남성,1984790.909090909,12.0,5370600.0,26.0
2025-03-13,정상,뷰티,581363.6363636364,6.0,117272.72727272726,1.0
2025-03-13,정상,슈즈,2184818.1818181816,18.0,1105818.1818181816,5.0
2025-03-13,정상,스포츠,207272.72727272724,2.0,97363.63636363635,1.0
2025-03-13,정상,여성,2081818.1818181814,8.0,7801318.18181818,19.0
2025-03-13,정상,잡화,2566027.2727272725,28.0,6319018.18181818,50.0
2025-03-14,이월,골프,2113127.2727272725,13.0,3998636.363636363,21.0
2025-03-14,이월,남성,5886000.0,34.0,29375536.363636356,120.0
2025-03-14,이월,슈즈,873745.4545454544,9.0,2358618.1818181826,21.0
2025-03-14,이월,스포츠,136000.0,3.0,1188909.0909090908,20.0
2025-03-14,이월,여성,2859809.090909091,15.0,14845518.181818182,61.0
2025-03-14,이월,잡화,2705963.6363636362,18.0,10783781.818181815,43.0
2025-03-14,입점,골프,1260909.0909090908,10.0,2785309.090909091,10.0
2025-03-14,입점,남성,-46863.63636363637,3.0,8188418.181818184,64.0
2025-03-14,입점,리빙,452272.7272727273,4.0,2504727.2727272725,22.0
2025-03-14,입점,명품,2367818.1818181816,2.0,6937963.636363637,21.0
2025-03-14,입점,뷰티,609636.3636363635,6.0,690781.818181818,28.0
2025-03-14,입점,슈즈,0.0,0.0,-13618.18181818178,1.0
2025-03-14,입점,스포츠,325818.1818181818,4.0,3021049.999999999,18.0
2025-03-14,입점,아웃도어,874545.4545454544,7.0,1899818.1818181816,14.0
2025-03-14,입점,여성,442227.2727272727,8.0,1304000.0000000002,26.0
2025-03-14,입점,잡화,495218.18181818177,4.0,2272000.0,4.0
2025-03-14,입점,키즈,831454.5454545453,11.0,3206754.5454545445,57.0
2025-03-14,정상,골프,552954.5454545454,2.0,576663.6363636364,6.0
2025-03-14,정상,남성,3965336.363636362,18.0,4288881.818181817,21.0
2025-03-14,정상,뷰티,165181.81818181815,4.0,78181.81818181818,1.0
2025-03-14,정상,슈즈,2795636.3636363633,18.0,1272909.0909090908,7.0
2025-03-14,정상,스포츠,130090.90909090907,1.0,0.0,0.0
2025-03-14,정상,여성,3978454.5454545454,9.0,8742136.363636361,30.0
2025-03-14,정상,잡화,2574400.0,22.0,5715545.454545453,41.0
2025-03-15,이월,골프,1142454.5454545456,6.0,5904418.181818181,31.0
2025-03-15,이월,남성,5903863.636363637,39.0,35061272.72727273,192.0
2025-03-15,이월,슈즈,1267990.909090909,11.0,2664736.363636363,25.0
2025-03-15,이월,스포츠,315454.5454545454,2.0,1863272.7272727273,25.0
2025-03-15,이월,여성,6608254.545454547,20.0,29791181.81818181,112.0
2025-03-15,이월,잡화,1252581.818181818,13.0,9174818.18181818,63.0
2025-03-15,입점,골프,2753790.9090909087,10.0,5392963.636363636,50.0
2025-03-15,입점,남성,679727.2727272726,6.0,7879145.454545457,68.0
2025-03-15,입점,리빙,889927.2727272726,6.0,5022609.090909092,35.0
2025-03-15,입점,명품,313636.3636363636,1.0,3478645.454545454,12.0
2025-03-15,입점,뷰티,1079018.1818181819,8.0,2151527.2727272725,28.0
2025-03-15,입점,슈즈,351818.18181818177,2.0,1359181.8181818184,9.0
2025-03-15,입점,스포츠,809636.3636363636,8.0,3322109.090909091,39.0
2025-03-15,입점,아웃도어,754727.2727272727,8.0,1720054.5454545456,26.0
2025-03-15,입점,여성,798290.9090909091,9.0,4120418.181818181,36.0
2025-03-15,입점,잡화,0.0,0.0,2269000.0,17.0
2025-03-15,입점,키즈,120000.0,3.0,3960054.5454545463,55.0
2025-03-15,정상,골프,-101181.81818181818,-1.0,545754.5454545454,7.0
2025-03-15,정상,남성,972954.5454545455,5.0,8630981.818181816,32.0
2025-03-15,정상,뷰티,20000.0,1.0,78181.81818181818,0.0
2025-03-15,정상,슈즈,1030272.7272727272,8.0,1477727.2727272727,6.0
2025-03-15,정상,여성,2663727.2727272725,7.0,10776863.636363635,30.0
2025-03-15,정상,잡화,2097872.727272727,12.0,7424836.363636361,49.0
2025-03-16,이월,골프,1113636.3636363635,5.0,6381800.0,32.0
2025-03-16,이월,남성,5877318.181818182,32.0,41759600.0,200.0
2025-03-16,이월,슈즈,1349954.5454545454,10.0,4268990.909090908,33.0
2025-03-16,이월,스포츠,363545.45454545453,5.0,2110936.3636363633,32.0
2025-03-16,이월,여성,6740890.909090909,22.0,43401954.545454524,140.0
2025-03-16,이월,잡화,2441454.5454545454,18.0,17616200.000000004,82.0
2025-03-16,입점,골프,1277481.8181818184,7.0,8888745.454545453,69.0
2025-03-16,입점,남성,351909.0909090909,8.0,7231000.000000001,84.0
2025-03-16,입점,리빙,1332272.727272727,9.0,3166963.636363637,39.0
2025-03-16,입점,명품,563181.8181818181,3.0,6096909.090909091,13.0
2025-03-16,입점,뷰티,-99727.27272727276,3.0,1968590.9090909092,40.0
2025-03-16,입점,슈즈,477272.7272727273,1.0,525636.3636363635,4.0
2025-03-16,입점,스포츠,781000.0,11.0,2297872.727272727,28.0
2025-03-16,입점,아웃도어,612636.3636363636,5.0,2867600.0000000005,35.0
2025-03-16,입점,여성,2583309.0909090904,21.0,5886618.181818182,53.0
2025-03-16,입점,잡화,64454.54545454545,2.0,1493127.2727272727,15.0
2025-03-16,입점,키즈,132454.54545454544,3.0,4372336.363636363,62.0
2025-03-16,정상,골프,50409.090909090904,2.0,3941000.0,22.0
2025-03-16,정상,남성,1428454.5454545454,5.0,14276854.545454543,57.0
2025-03-16,정상,뷰티,85545.45454545453,3.0,0.0,0.0
2025-03-16,정상,슈즈,855636.3636363636,6.0,2128909.090909091,12.0
2025-03-16,정상,여성,1455545.4545454546,3.0,12709409.090909088,48.0
2025-03-16,정상,잡화,3138218.181818182,23.0,9998063.636363631,64.0
2025-03-17,이월,골프,1278454.5454545454,8.0,5233954.545454546,29.0
2025-03-17,이월,남성,3075409.0909090904,23.0,13758609.090909088,78.0
2025-03-17,이월,슈즈,772018.1818181816,8.0,2058600.0,19.0
2025-03-17,이월,스포츠,417818.1818181817,6.0,797090.9090909088,19.0
2025-03-17,이월,여성,2033954.545454545,8.0,8945536.363636369,55.0
2025-03-17,이월,잡화,2974454.545454546,20.0,8911927.272727275,50.0
2025-03-17,입점,골프,2720290.909090909,14.0,3761045.4545454523,26.0
2025-03-17,입점,남성,736036.3636363636,8.0,5231490.909090909,67.0
2025-03-17,입점,리빙,296727.27272727276,7.0,2825909.0909090918,35.0
2025-03-17,입점,명품,93636.36363636368,1.0,10344045.454545455,17.0
2025-03-17,입점,뷰티,492545.4545454545,11.0,3644572.727272725,59.0
2025-03-17,입점,슈즈,410909.0909090909,3.0,-195272.72727272724,-2.0
2025-03-17,입점,스포츠,252272.7272727272,3.0,2794281.8181818184,33.0
2025-03-17,입점,아웃도어,660272.7272727272,7.0,2807381.8181818174,34.0
2025-03-17,입점,여성,-211045.45454545453,7.0,3745081.8181818174,51.0
2025-03-17,입점,잡화,160772.72727272726,3.0,-443263.6363636362,10.0
2025-03-17,입점,키즈,-4545.454545454551,0.0,1012745.4545454546,18.0
2025-03-17,정상,골프,-71545.45454545453,0.0,4438618.181818183,14.0
2025-03-17,정상,남성,2186363.6363636362,10.0,6845990.909090907,32.0
2025-03-17,정상,뷰티,396090.90909090906,2.0,451272.72727272724,7.0
2025-03-17,정상,슈즈,258272.72727272726,1.0,301090.90909090906,2.0
2025-03-17,정상,스포츠,0.0,0.0,361818.18181818177,2.0
2025-03-17,정상,여성,-1823545.4545454541,-1.0,4437590.909090908,12.0
2025-03-17,정상,잡화,3543754.545454545,24.0,8253009.090909089,50.0
2025-03-18,이월,골프,915636.3636363636,8.0,3897627.272727273,28.0
2025-03-18,이월,남성,4546399.999999998,23.0,10109027.272727279,69.0
2025-03-18,이월,슈즈,1238563.6363636362,8.0,2037618.1818181816,17.0
2025-03-18,이월,스포츠,262454.5454545454,5.0,1621545.4545454544,20.0
2025-03-18,이월,여성,4178545.454545454,6.0,-533327.2727272732,-3.0
2025-03-18,이월,잡화,1055127.2727272727,10.0,8580618.18181818,46.0
2025-03-18,입점,골프,2711145.4545454546,17.0,3351199.9999999995,27.0
2025-03-18,입점,남성,411790.90909090906,4.0,6695718.1818181835,48.0
2025-03-18,입점,리빙,1350700.0,10.0,6808000.0,27.0
2025-03-18,입점,명품,658818.1818181818,3.0,991118.181818182,4.0
2025-03-18,입점,뷰티,726636.3636363635,10.0,2178918.181818182,39.0
2025-03-18,입점,슈즈,-38109.090909090926,-1.0,663272.7272727273,4.0
2025-03-18,입점,스포츠,738745.4545454546,7.0,1869709.0909090908,26.0
2025-03-18,입점,아웃도어,1202999.9999999998,7.0,3393090.909090908,27.0
2025-03-18,입점,여성,-397172.727272727,6.0,5531963.636363635,47.0
2025-03-18,입점,잡화,109909.09090909091,2.0,291454.5454545454,11.0
2025-03-18,입점,키즈,353000.0,2.0,660145.4545454546,12.0
2025-03-18,정상,골프,62545.45454545459,2.0,722136.3636363635,5.0
2025-03-18,정상,남성,3683518.1818181807,20.0,5436245.454545455,37.0
2025-03-18,정상,뷰티,227181.81818181818,4.0,46909.090909090904,1.0
2025-03-18,정상,슈즈,1816454.5454545454,16.0,-83636.36363636365,0.0
2025-03-18,정상,스포츠,0.0,0.0,433090.90909090906,4.0
2025-03-18,정상,여성,1839909.0909090908,7.0,-912909.0909090905,2.0
2025-03-18,정상,잡화,4577872.727272727,27.0,4212109.090909091,41.0
2025-03-19,이월,골프,1038318.1818181819,10.0,5148354.545454546,34.0
2025-03-19,이월,남성,5729190.909090909,28.0,6073927.272727273,72.0
2025-03-19,이월,리빙,0.0,0.0,25272.727272727272,1.0
2025-03-19,이월,슈즈,415999.99999999994,3.0,2853945.454545454,28.0
2025-03-19,이월,스포츠,216454.5454545454,3.0,2381545.454545454,33.0
2025-03-19,이월,여성,-19809.09090909059,4.0,2860618.1818181807,24.0
2025-03-19,이월,잡화,1977345.4545454544,13.0,12074818.18181818,46.0
2025-03-19,입점,골프,2102163.6363636362,8.0,4721218.181818181,39.0
2025-03-19,입점,남성,147263.63636363627,7.0,2360572.727272727,44.0
2025-03-19,입점,리빙,920654.5454545453,8.0,2019509.0909090908,19.0
2025-03-19,입점,명품,1970636.3636363635,5.0,694263.6363636362,6.0
2025-03-19,입점,뷰티,709818.1818181819,11.0,2399390.909090909,41.0
2025-03-19,입점,슈즈,218181.81818181812,2.0,298090.90909090906,5.0
2025-03-19,입점,스포츠,503818.18181818177,7.0,4112099.9999999995,45.0
2025-03-19,입점,아웃도어,1074363.6363636362,9.0,997545.4545454544,18.0
2025-03-19,입점,여성,982599.9999999999,12.0,5024654.545454545,56.0
2025-03-19,입점,잡화,140000.0,3.0,3505363.636363636,14.0
2025-03-19,입점,키즈,196090.90909090906,2.0,1278427.2727272725,23.0
2025-03-19,정상,골프,423454.5454545454,3.0,1267045.4545454544,11.0
2025-03-19,정상,남성,3331172.7272727266,15.0,6788936.363636361,29.0
2025-03-19,정상,뷰티,26727.272727272724,1.0,39090.90909090909,1.0
2025-03-19,정상,슈즈,1467363.6363636365,12.0,1088727.2727272725,6.0
2025-03-19,정상,스포츠,0.0,0.0,532727.2727272727,3.0
2025-03-19,정상,여성,-590999.9999999998,0.0,1588045.4545454537,7.0
2025-03-19,정상,잡화,2304427.2727272734,17.0,6308481.8181818165,32.0
2025-03-20,이월,골프,1360090.9090909092,8.0,3085736.3636363633,20.0
2025-03-20,이월,남성,3888009.09090909,33.0,14971500.000000006,72.0
2025-03-20,이월,슈즈,1184136.3636363635,9.0,2363436.3636363633,22.0
2025-03-20,이월,스포츠,336999.99999999994,6.0,1926181.8181818181,26.0
2025-03-20,이월,여성,1854499.9999999995,10.0,10502027.272727275,20.0
2025-03-20,이월,잡화,2432663.6363636362,24.0,6701563.636363638,43.0
2025-03-20,입점,골프,3280927.272727273,11.0,4202050.0,34.0
2025-03-20,입점,남성,814090.9090909092,8.0,5377536.363636366,50.0
2025-03-20,입점,리빙,1722545.4545454544,13.0,423890.9090909091,18.0
2025-03-20,입점,명품,-970909.0909090909,1.0,7469818.18181818,15.0
2025-03-20,입점,뷰티,1000327.2727272725,14.0,1974431.8181818177,38.0
2025-03-20,입점,슈즈,743636.3636363635,6.0,654545.4545454545,2.0
2025-03-20,입점,스포츠,1076090.909090909,13.0,2225927.2727272725,38.0
2025-03-20,입점,아웃도어,191363.6363636364,3.0,682981.8181818179,17.0
2025-03-20,입점,여성,719272.7272727271,8.0,4383690.909090911,55.0
2025-03-20,입점,잡화,2273636.3636363633,1.0,881618.1818181819,11.0
2025-03-20,입점,키즈,221227.27272727274,4.0,2141863.636363636,38.0
2025-03-20,정상,골프,1003136.3636363634,7.0,722545.4545454544,8.0
2025-03-20,정상,남성,636272.7272727273,4.0,2077990.9090909092,17.0
2025-03-20,정상,뷰티,315272.72727272724,6.0,65454.54545454545,1.0
2025-03-20,정상,슈즈,872818.1818181818,5.0,901999.9999999999,4.0
2025-03-20,정상,스포츠,126363.63636363635,1.0,208181.81818181818,1.0
2025-03-20,정상,여성,2298454.5454545454,6.0,4661318.181818182,16.0
2025-03-20,정상,잡화,3879972.7272727266,23.0,6714836.363636362,25.0
2025-03-21,이월,골프,-20545.454545454588,1.0,3209854.545454545,19.0
2025-03-21,이월,남성,4783690.909090907,32.0,8285036.363636362,61.0
2025-03-21,이월,슈즈,699681.8181818181,7.0,2349863.636363636,24.0
2025-03-21,이월,스포츠,941363.6363636362,8.0,1167363.6363636362,19.0
2025-03-21,이월,여성,-251427.2727272731,4.0,9264963.636363637,46.0
2025-03-21,이월,잡화,1568181.818181818,16.0,8607236.363636363,58.0
2025-03-21,입점,골프,936872.7272727273,1.0,2680909.0909090913,25.0
2025-03-21,입점,남성,652636.3636363636,6.0,2589754.545454546,42.0
2025-03-21,입점,리빙,1330254.5454545454,7.0,3443863.6363636362,24.0
2025-03-21,입점,명품,192909.09090909088,3.0,1047290.9090909087,13.0
2025-03-21,입점,뷰티,388909.0909090908,7.0,1529336.363636364,37.0
2025-03-21,입점,슈즈,97272.72727272726,1.0,801363.6363636364,4.0
2025-03-21,입점,스포츠,271727.2727272727,4.0,2417600.0,29.0
2025-03-21,입점,아웃도어,-369818.18181818177,-1.0,367999.9999999999,10.0
2025-03-21,입점,여성,898372.7272727272,8.0,1927429.0909090904,20.0
2025-03-21,입점,잡화,493127.2727272727,5.0,2029154.5454545454,14.0
2025-03-21,입점,키즈,124636.36363636362,2.0,1940399.9999999998,23.0
2025-03-21,정상,골프,1249545.4545454544,4.0,1505054.5454545452,9.0
2025-03-21,정상,남성,5683336.363636363,16.0,4076499.9999999986,28.0
2025-03-21,정상,뷰티,137545.45454545453,5.0,0.0,0.0
2025-03-21,정상,슈즈,798272.7272727273,4.0,318090.9090909091,0.0
2025-03-21,정상,스포츠,153636.36363636362,1.0,478181.8181818181,3.0
2025-03-21,정상,여성,1881272.7272727268,8.0,3385000.0000000005,11.0
2025-03-21,정상,잡화,2561027.272727273,15.0,6693090.909090907,39.0
2025-03-22,이월,골프,2785181.818181818,11.0,8888372.727272727,42.0
2025-03-22,이월,남성,6233145.454545455,32.0,23835327.272727266,112.0
2025-03-22,이월,슈즈,1119181.8181818181,12.0,2946745.4545454546,24.0
2025-03-22,이월,스포츠,250818.1818181818,4.0,2156181.818181818,22.0
2025-03-22,이월,여성,5333327.272727272,13.0,16565863.636363633,67.0
2025-03-22,이월,잡화,1764472.7272727273,16.0,7027781.818181816,48.0
2025-03-22,입점,골프,1274972.727272727,11.0,9864372.727272725,77.0
2025-03-22,입점,남성,724454.5454545454,9.0,6033563.636363636,73.0
2025-03-22,입점,리빙,719909.0909090908,5.0,3151136.3636363638,20.0
2025-03-22,입점,명품,0.0,0.0,11496509.090909088,23.0
2025-03-22,입점,뷰티,448954.54545454547,5.0,1751809.0909090906,25.0
2025-03-22,입점,슈즈,424545.4545454545,3.0,789636.3636363635,6.0
2025-03-22,입점,스포츠,726181.8181818181,10.0,2582763.6363636367,25.0
2025-03-22,입점,아웃도어,334545.4545454545,3.0,2285609.09090909,24.0
2025-03-22,입점,여성,1430136.3636363638,19.0,7568754.545454543,110.0
2025-03-22,입점,잡화,120045.45454545453,1.0,790036.3636363634,12.0
2025-03-22,입점,키즈,16090.90909090909,1.0,1878527.2727272732,33.0
2025-03-22,정상,골프,20236.363636363647,0.0,1312572.7272727273,7.0
2025-03-22,정상,남성,2559390.9090909087,12.0,7536545.454545455,32.0
2025-03-22,정상,뷰티,183363.63636363635,3.0,29454.545454545452,1.0
2025-03-22,정상,슈즈,188272.7272727273,0.0,1034909.0909090907,3.0
2025-03-22,정상,스포츠,0.0,0.0,180000.0,2.0
2025-03-22,정상,여성,154681.81818181835,4.0,10508318.18181818,25.0
2025-03-22,정상,잡화,1855454.5454545454,21.0,5197972.727272727,31.0
2025-03-23,이월,골프,2183318.1818181816,14.0,9272599.999999996,52.0
2025-03-23,이월,남성,8065890.909090908,42.0,30984745.45454547,154.0
2025-03-23,이월,슈즈,1702136.3636363633,13.0,2726027.2727272725,26.0
2025-03-23,이월,스포츠,236090.90909090906,4.0,2073363.6363636358,30.0
2025-03-23,이월,여성,7236800.0,24.0,25070409.090909082,95.0
2025-03-23,이월,잡화,3305872.7272727275,23.0,11867981.818181816,71.0
2025-03-23,입점,골프,880554.5454545455,8.0,13342181.818181822,104.0
2025-03-23,입점,남성,545818.1818181818,6.0,6686954.545454547,84.0
2025-03-23,입점,리빙,1699272.727272727,5.0,1730681.8181818181,19.0
2025-03-23,입점,명품,1150454.5454545454,6.0,8300172.727272726,17.0
2025-03-23,입점,뷰티,315909.0909090909,5.0,1578613.6363636362,39.0
2025-03-23,입점,슈즈,345454.5454545454,2.0,1947727.2727272727,11.0
2025-03-23,입점,스포츠,914545.4545454544,10.0,2515609.09090909,37.0
2025-03-23,입점,아웃도어,273818.18181818177,5.0,2143345.4545454537,28.0
2025-03-23,입점,여성,818763.6363636365,11.0,6139863.636363639,84.0
2025-03-23,입점,잡화,473172.72727272724,2.0,2103000.0,15.0
2025-03-23,입점,키즈,557272.7272727272,10.0,4604927.272727273,72.0
2025-03-23,정상,골프,624636.3636363635,4.0,1366572.727272727,9.0
2025-03-23,정상,남성,4790909.090909091,23.0,13431236.36363636,61.0
2025-03-23,정상,뷰티,345636.36363636365,4.0,81999.99999999999,1.0
2025-03-23,정상,슈즈,1021181.8181818181,8.0,866136.3636363635,6.0
2025-03-23,정상,여성,847681.8181818182,6.0,11210090.90909091,36.0
2025-03-23,정상,잡화,2681054.5454545454,16.0,7816327.272727271,45.0
2025-03-24,이월,골프,1121045.4545454544,10.0,7169318.18181818,48.0
2025-03-24,이월,남성,4035681.818181818,34.0,26590727.272727273,165.0
2025-03-24,이월,슈즈,2133863.636363636,19.0,3360027.272727273,28.0
2025-03-24,이월,스포츠,191181.81818181815,4.0,2420300.0,40.0
2025-03-24,이월,여성,672545.4545454545,11.0,15513727.272727275,89.0
2025-03-24,이월,잡화,1915654.5454545454,19.0,10929290.909090906,54.0
2025-03-24,입점,골프,1155154.5454545454,8.0,5455063.636363637,43.0
2025-03-24,입점,남성,959681.8181818182,5.0,4929690.909090908,65.0
2025-03-24,입점,리빙,302090.90909090906,3.0,3089881.8181818184,34.0
2025-03-24,입점,명품,-53181.818181818206,-2.0,5711272.7272727275,19.0
2025-03-24,입점,뷰티,920272.7272727273,15.0,1660736.3636363638,29.0
2025-03-24,입점,슈즈,441818.18181818177,4.0,1417754.5454545452,12.0
2025-03-24,입점,스포츠,143545.45454545453,3.0,3579849.999999999,41.0
2025-03-24,입점,아웃도어,1058818.1818181816,8.0,1700727.2727272727,16.0
2025-03-24,입점,여성,561454.5454545454,3.0,2481972.727272727,26.0
2025-03-24,입점,잡화,686545.4545454545,3.0,2374690.909090909,13.0
2025-03-24,입점,키즈,271000.0,5.0,2508454.5454545454,41.0
2025-03-24,정상,골프,375609.0909090908,2.0,360363.63636363635,3.0
2025-03-24,정상,남성,1371445.4545454546,7.0,10313963.636363633,49.0
2025-03-24,정상,뷰티,391818.18181818177,2.0,177999.99999999997,4.0
2025-03-24,정상,슈즈,1732090.909090909,8.0,708772.7272727272,6.0
2025-03-24,정상,스포츠,432727.27272727265,3.0,296363.6363636363,3.0
2025-03-24,정상,여성,1760681.818181818,6.0,9094363.636363637,27.0
2025-03-24,정상,잡화,2297945.454545454,19.0,4728299.999999999,32.0
2025-03-25,이월,골프,1410409.0909090908,8.0,5731636.363636363,36.0
2025-03-25,이월,남성,7363299.999999994,51.0,22129709.090909086,126.0
2025-03-25,이월,슈즈,1696227.2727272727,18.0,2735363.6363636362,29.0
2025-03-25,이월,스포츠,50454.54545454544,1.0,1542363.636363636,17.0
2025-03-25,이월,여성,4300990.90909091,15.0,16776863.636363637,93.0
2025-03-25,이월,잡화,3098036.3636363638,26.0,8037672.727272725,50.0
2025-03-25,입점,골프,1744136.3636363635,7.0,2572918.1818181816,30.0
2025-03-25,입점,남성,-45290.90909090909,3.0,5759236.363636364,66.0
2025-03-25,입점,리빙,270727.2727272727,4.0,824954.5454545456,25.0
2025-03-25,입점,명품,122727.27272727272,1.0,7723090.909090908,16.0
2025-03-25,입점,뷰티,1073318.1818181816,14.0,2554199.9999999995,33.0
2025-03-25,입점,슈즈,171818.18181818182,2.0,653690.909090909,6.0
2025-03-25,입점,스포츠,320181.8181818182,3.0,2500281.8181818184,33.0
2025-03-25,입점,아웃도어,199090.9090909091,4.0,1491818.1818181812,24.0
2025-03-25,입점,여성,-172463.63636363635,-1.0,2072009.0909090904,28.0
2025-03-25,입점,잡화,696036.3636363636,8.0,1587772.7272727273,29.0
2025-03-25,입점,키즈,173636.36363636362,4.0,1845972.7272727268,37.0
2025-03-25,정상,골프,387454.5454545454,1.0,1841281.8181818184,16.0
2025-03-25,정상,남성,1259927.2727272727,15.0,8933190.909090908,41.0
2025-03-25,정상,뷰티,51818.181818181816,2.0,122727.27272727272,2.0
2025-03-25,정상,슈즈,693727.2727272727,5.0,244545.45454545456,2.0
2025-03-25,정상,스포츠,0.0,0.0,234545.45454545453,2.0
2025-03-25,정상,여성,-451681.8181818182,1.0,1280136.3636363633,9.0
2025-03-25,정상,잡화,3234563.636363636,28.0,4391536.363636362,25.0
2025-03-26,이월,골프,1783672.727272727,10.0,7147890.909090909,42.0
2025-03-26,이월,남성,5439736.363636363,42.0,18574063.636363633,129.0
2025-03-26,이월,슈즈,1267636.3636363635,12.0,3225018.181818181,30.0
2025-03-26,이월,스포츠,385363.63636363635,5.0,1584409.0909090904,17.0
2025-03-26,이월,여성,-1680945.4545454546,19.0,11526272.727272725,89.0
2025-03-26,이월,잡화,5743236.3636363605,34.0,9183690.909090908,68.0
2025-03-26,입점,골프,959645.4545454545,7.0,3343695.4545454546,32.0
2025-03-26,입점,남성,398909.0909090909,7.0,3138127.272727272,61.0
2025-03-26,입점,리빙,627527.2727272727,4.0,672772.7272727268,28.0
2025-03-26,입점,명품,2608636.3636363638,7.0,603454.5454545455,20.0
2025-03-26,입점,뷰티,1268818.1818181816,14.0,2678754.5454545454,43.0
2025-03-26,입점,슈즈,131818.1818181818,1.0,1458136.3636363635,13.0
2025-03-26,입점,스포츠,-138272.72727272726,1.0,1524454.5454545452,25.0
2025-03-26,입점,아웃도어,98618.1818181818,2.0,1792768.1818181814,31.0
2025-03-26,입점,여성,-305690.9090909091,4.0,1788300.0,33.0
2025-03-26,입점,잡화,403636.3636363636,5.0,292954.5454545455,12.0
2025-03-26,입점,키즈,46081.81818181818,2.0,1855545.4545454546,32.0
2025-03-26,정상,골프,230727.2727272727,2.0,825527.2727272727,4.0
2025-03-26,정상,남성,3421681.818181817,17.0,5228781.818181817,37.0
2025-03-26,정상,뷰티,261999.99999999997,6.0,103727.27272727272,4.0
2025-03-26,정상,슈즈,61545.45454545447,4.0,960090.909090909,8.0
2025-03-26,정상,스포츠,0.0,0.0,80909.0909090909,1.0
2025-03-26,정상,여성,2875318.181818181,2.0,1390318.1818181814,16.0
2025-03-26,정상,잡화,4259136.363636363,27.0,5945236.363636362,42.0
2025-03-27,이월,골프,530599.9999999999,6.0,3966227.2727272725,25.0
2025-03-27,이월,남성,10103972.727272727,55.0,14855609.090909094,91.0
2025-03-27,이월,슈즈,990345.4545454545,9.0,2808372.727272727,26.0
2025-03-27,이월,스포츠,12727.272727272735,0.0,1094454.5454545454,16.0
2025-03-27,이월,여성,3492136.363636363,12.0,11837209.09090909,72.0
2025-03-27,이월,잡화,4031436.3636363633,26.0,9958109.090909088,70.0
2025-03-27,입점,골프,1140799.9999999998,9.0,2306818.1818181816,27.0
2025-03-27,입점,남성,200636.36363636362,6.0,929399.9999999998,40.0
2025-03-27,입점,리빙,259818.1818181818,3.0,2265563.636363636,29.0
2025-03-27,입점,명품,1459090.909090909,3.0,10484254.545454545,27.0
2025-03-27,입점,뷰티,544818.1818181818,7.0,1025181.8181818181,29.0
2025-03-27,입점,슈즈,500909.0909090908,4.0,928481.8181818181,10.0
2025-03-27,입점,스포츠,794727.2727272727,10.0,476054.54545454547,16.0
2025-03-27,입점,아웃도어,88181.81818181818,2.0,12130654.545454541,25.0
2025-03-27,입점,여성,332090.9090909091,5.0,440745.4545454545,10.0
2025-03-27,입점,잡화,120045.45454545453,1.0,808500.0,12.0
2025-03-27,입점,키즈,135909.09090909088,2.0,1696427.2727272725,24.0
2025-03-27,정상,골프,120336.36363636362,1.0,1174063.636363636,7.0
2025-03-27,정상,남성,2935099.9999999995,15.0,5093509.09090909,35.0
2025-03-27,정상,뷰티,109090.90909090909,1.0,28454.545454545452,1.0
2025-03-27,정상,슈즈,2080181.818181818,12.0,526772.7272727272,10.0
2025-03-27,정상,스포츠,80909.0909090909,1.0,283727.2727272727,2.0
2025-03-27,정상,여성,-864227.2727272725,-3.0,1318590.909090909,13.0
2025-03-27,정상,잡화,3597472.727272727,24.0,3618581.8181818184,36.0
2025-03-28,이월,골프,3047818.1818181816,18.0,3616772.7272727275,16.0
2025-03-28,이월,남성,4588327.272727273,32.0,16795745.45454546,93.0
2025-03-28,이월,슈즈,1044818.1818181818,6.0,2396881.8181818184,19.0
2025-03-28,이월,스포츠,925636.3636363635,13.0,639181.818181818,11.0
2025-03-28,이월,여성,4058736.3636363624,15.0,16396481.818181813,76.0
2025-03-28,이월,잡화,3761254.5454545445,22.0,7889890.909090908,42.0
2025-03-28,입점,골프,948509.0909090907,9.0,698409.0909090909,10.0
2025-03-28,입점,남성,898090.909090909,8.0,2649100.0000000005,41.0
2025-03-28,입점,리빙,-194545.4545454545,7.0,2311736.3636363633,26.0
2025-03-28,입점,명품,1217545.4545454546,2.0,8477345.454545453,18.0
2025-03-28,입점,뷰티,494900.0,8.0,1226145.4545454546,27.0
2025-03-28,입점,슈즈,389609.0909090908,3.0,1405636.3636363633,10.0
2025-03-28,입점,스포츠,1130000.0,5.0,1207918.1818181814,14.0
2025-03-28,입점,아웃도어,170145.45454545453,3.0,745145.4545454542,12.0
2025-03-28,입점,여성,349954.5454545455,5.0,1711182.7272727268,13.0
2025-03-28,입점,잡화,-8136.363636363632,1.0,-439872.72727272724,8.0
2025-03-28,입점,키즈,156818.18181818182,2.0,1709272.7272727273,27.0
2025-03-28,정상,골프,792909.0909090909,4.0,2929127.2727272715,15.0
2025-03-28,정상,남성,2241645.4545454537,7.0,8630927.272727272,42.0
2025-03-28,정상,뷰티,409090.90909090906,1.0,22727.272727272724,1.0
2025-03-28,정상,슈즈,1080454.5454545452,5.0,2519818.1818181816,13.0
2025-03-28,정상,스포츠,144545.45454545453,1.0,80909.0909090909,1.0
2025-03-28,정상,여성,488454.54545454535,5.0,5371863.636363639,17.0
2025-03-28,정상,잡화,4093663.6363636367,25.0,3951599.9999999995,25.0
2025-03-29,이월,골프,941000.0,10.0,5120899.999999998,28.0
2025-03-29,이월,남성,6086445.454545453,35.0,22137854.545454543,102.0
2025-03-29,이월,슈즈,764272.7272727272,7.0,1947363.6363636365,15.0
2025-03-29,이월,스포츠,539209.0909090908,7.0,942181.818181818,13.0
2025-03-29,이월,여성,3292800.0,22.0,15446772.727272727,77.0
2025-03-29,이월,잡화,3465254.545454545,28.0,10905618.181818184,70.0
2025-03-29,입점,골프,739918.1818181816,9.0,7325400.000000001,72.0
2025-03-29,입점,남성,544499.9999999999,6.0,4396227.2727272725,48.0
2025-03-29,입점,리빙,823909.0909090907,12.0,2516881.818181818,20.0
2025-03-29,입점,명품,1749999.9999999998,6.0,13778727.27272727,27.0
2025-03-29,입점,뷰티,192272.72727272724,3.0,1550727.2727272722,27.0
2025-03-29,입점,슈즈,313636.3636363636,3.0,1078390.909090909,7.0
2025-03-29,입점,스포츠,397272.72727272724,4.0,1113227.2727272725,15.0
2025-03-29,입점,아웃도어,186454.54545454547,3.0,1733563.6363636362,18.0
2025-03-29,입점,여성,2578818.181818181,34.0,9138378.181818184,132.0
2025-03-29,입점,잡화,483409.0909090908,6.0,1123363.6363636362,18.0
2025-03-29,입점,키즈,0.0,0.0,1045609.0909090908,21.0
2025-03-29,정상,골프,427963.6363636363,2.0,1675590.9090909092,9.0
2025-03-29,정상,남성,1823518.1818181819,12.0,9001645.454545451,46.0
2025-03-29,정상,뷰티,139090.9090909091,5.0,0.0,0.0
2025-03-29,정상,슈즈,905818.1818181818,6.0,1139909.0909090908,6.0
2025-03-29,정상,스포츠,232909.09090909088,2.0,153636.36363636362,1.0
2025-03-29,정상,여성,2973136.3636363638,8.0,8040409.090909089,31.0
2025-03-29,정상,잡화,3691345.454545455,23.0,5103690.90909091,34.0
2025-03-30,이월,골프,3083681.818181818,18.0,7219499.999999998,42.0
2025-03-30,이월,남성,4646100.0,25.0,32124018.18181819,158.0
2025-03-30,이월,리빙,0.0,0.0,25272.727272727272,1.0
2025-03-30,이월,슈즈,1569481.818181818,13.0,2603909.090909091,28.0
2025-03-30,이월,스포츠,403454.5454545454,5.0,1260000.0,16.0
2025-03-30,이월,여성,4054972.727272727,22.0,24807009.090909097,94.0
2025-03-30,이월,잡화,3356509.0909090904,26.0,13408345.454545455,88.0
2025-03-30,입점,골프,1464736.3636363633,10.0,11653827.272727273,89.0
2025-03-30,입점,남성,245772.72727272724,4.0,4544590.909090908,49.0
2025-03-30,입점,리빙,538963.6363636364,17.0,1789063.6363636358,21.0
2025-03-30,입점,명품,1659090.9090909087,5.0,14714681.818181816,27.0
2025-03-30,입점,뷰티,1156181.8181818181,14.0,2355127.2727272725,50.0
2025-03-30,입점,슈즈,829090.909090909,6.0,794363.6363636362,4.0
2025-03-30,입점,스포츠,526727.2727272727,8.0,1557690.9090909092,23.0
2025-03-30,입점,아웃도어,212090.90909090906,4.0,1469000.0,22.0
2025-03-30,입점,여성,2029454.5454545454,18.0,8456756.363636365,86.0
2025-03-30,입점,잡화,3928227.2727272725,7.0,1296881.8181818181,23.0
2025-03-30,입점,키즈,148545.45454545453,3.0,1404154.5454545454,18.0
2025-03-30,정상,골프,745563.6363636362,5.0,1487363.6363636362,10.0
2025-03-30,정상,남성,3781599.9999999995,18.0,10612590.909090906,54.0
2025-03-30,정상,뷰티,25909.090909090908,1.0,298727.2727272727,2.0
2025-03-30,정상,슈즈,1529454.5454545454,11.0,1643363.636363636,11.0
2025-03-30,정상,스포츠,0.0,0.0,432727.27272727265,4.0
2025-03-30,정상,여성,1103090.909090909,3.0,14681772.727272725,49.0
2025-03-30,정상,잡화,3603454.545454545,21.0,6799700.000000001,49.0
2025-03-31,이월,골프,1353090.9090909092,8.0,7127063.636363635,41.0
2025-03-31,이월,남성,5800199.999999999,39.0,26413881.818181816,112.0
2025-03-31,이월,슈즈,876172.7272727273,10.0,3171863.6363636362,26.0
2025-03-31,이월,스포츠,301545.45454545453,6.0,1230363.6363636362,16.0
2025-03-31,이월,여성,4966954.545454546,14.0,19989845.454545453,89.0
2025-03-31,이월,잡화,3205818.1818181826,25.0,14615618.181818178,77.0
2025-03-31,입점,골프,366263.63636363647,6.0,4191881.8181818184,29.0
2025-03-31,입점,남성,29090.90909090906,2.0,4443318.181818182,36.0
2025-03-31,입점,리빙,1344254.5454545452,15.0,2263945.4545454546,28.0
2025-03-31,입점,명품,1376181.8181818181,3.0,-2005009.0909090901,13.0
2025-03-31,입점,뷰티,982727.2727272726,8.0,1926409.0909090908,40.0
2025-03-31,입점,슈즈,1061436.3636363635,5.0,-52454.545454545456,2.0
2025-03-31,입점,스포츠,247727.2727272727,3.0,1255481.8181818181,18.0
2025-03-31,입점,아웃도어,817236.3636363635,6.0,29936.363636363705,10.0
2025-03-31,입점,여성,176863.63636363632,4.0,3509054.545454546,45.0
2025-03-31,입점,잡화,75499.99999999999,0.0,822290.9090909093,10.0
2025-03-31,입점,키즈,248090.90909090906,3.0,1168363.636363636,19.0
2025-03-31,정상,골프,221181.8181818182,2.0,1879099.9999999995,14.0
2025-03-31,정상,남성,1738463.6363636362,16.0,10255172.727272727,53.0
2025-03-31,정상,뷰티,218818.1818181818,5.0,488727.2727272727,1.0
2025-03-31,정상,슈즈,818909.0909090907,5.0,2085363.636363636,17.0
2025-03-31,정상,스포츠,0.0,0.0,153636.36363636362,1.0
2025-03-31,정상,여성,2231136.3636363638,6.0,10105136.363636361,31.0
2025-03-31,정상,잡화,2083327.272727273,19.0,5354999.999999998,46.0
2025-04-01,이월,골프,-483881.8181818182,-2.0,3522790.9090909082,19.0
2025-04-01,이월,남성,3169218.181818182,14.0,11037309.090909092,85.0
2025-04-01,이월,슈즈,860709.0909090908,10.0,2144136.3636363638,21.0
2025-04-01,이월,스포츠,838000.0,7.0,1243818.1818181816,17.0
2025-04-01,이월,여성,3699518.181818181,10.0,13179909.090909092,56.0
2025-04-01,이월,잡화,2346018.1818181816,17.0,10224127.272727272,79.0
2025-04-01,입점,골프,1245045.4545454544,12.0,2640140.9090909087,18.0
2025-04-01,입점,남성,692999.9999999999,4.0,5308481.818181819,47.0
2025-04-01,입점,리빙,-491454.5454545453,8.0,3173136.3636363638,32.0
2025-04-01,입점,명품,3257272.7272727275,7.0,17564045.454545453,41.0
2025-04-01,입점,뷰티,340090.9090909091,4.0,3155845.4545454537,61.0
2025-04-01,입점,슈즈,255818.18181818177,1.0,1008890.909090909,5.0
2025-04-01,입점,스포츠,150090.9090909091,3.0,3487027.2727272725,24.0
2025-04-01,입점,아웃도어,175454.54545454544,1.0,1309436.3636363638,21.0
2025-04-01,입점,여성,1104318.1818181816,4.0,2234627.2727272725,30.0
2025-04-01,입점,잡화,-359045.45454545453,-1.0,292181.8181818181,16.0
2025-04-01,입점,키즈,125699.99999999997,1.0,778818.1818181815,11.0
2025-04-01,정상,골프,498781.8181818181,5.0,717418.1818181816,6.0
2025-04-01,정상,남성,-944209.0909090908,1.0,4136509.0909090904,25.0
2025-04-01,정상,뷰티,143636.36363636362,1.0,0.0,0.0
2025-04-01,정상,슈즈,856636.3636363635,7.0,313909.0909090908,6.0
2025-04-01,정상,스포츠,299090.90909090906,0.0,216363.63636363635,2.0
2025-04-01,정상,여성,-2748409.090909091,-3.0,-1057636.3636363635,4.0
2025-04-01,정상,잡화,2141436.3636363638,21.0,5518790.90909091,41.0
2025-04-02,이월,골프,1107909.0909090908,7.0,3983145.4545454537,39.0
2025-04-02,이월,남성,4727527.2727272725,20.0,21357036.363636356,144.0
2025-04-02,이월,슈즈,1502845.4545454544,13.0,3825918.181818181,31.0
2025-04-02,이월,스포츠,367090.90909090906,5.0,2019090.9090909092,21.0
2025-04-02,이월,여성,1752345.4545454546,4.0,22823936.36363637,97.0
2025-04-02,이월,잡화,2633909.090909091,16.0,14016318.181818182,72.0
2025-04-02,입점,골프,428009.0909090909,1.0,2235672.7272727266,29.0
2025-04-02,입점,남성,183909.09090909088,1.0,5114072.727272727,42.0
2025-04-02,입점,리빙,432272.72727272724,5.0,2202763.6363636367,30.0
2025-04-02,입점,명품,353181.81818181823,5.0,12229636.363636365,27.0
2025-04-02,입점,뷰티,1019954.5454545454,10.0,2415045.4545454546,37.0
2025-04-02,입점,슈즈,-475454.5454545454,-2.0,165000.0,4.0
2025-04-02,입점,스포츠,634454.5454545454,7.0,3050518.1818181816,28.0
2025-04-02,입점,아웃도어,619872.7272727272,7.0,3214490.9090909082,22.0
2025-04-02,입점,여성,816590.909090909,9.0,5019765.454545454,57.0
2025-04-02,입점,잡화,125127.27272727272,1.0,3626172.727272727,16.0
2025-04-02,입점,키즈,219818.1818181818,4.0,1880972.727272727,31.0
2025-04-02,정상,골프,220909.09090909088,1.0,901881.8181818181,10.0
2025-04-02,정상,남성,-709072.7272727273,4.0,6107045.454545452,38.0
2025-04-02,정상,뷰티,0.0,0.0,210363.63636363632,4.0
2025-04-02,정상,슈즈,424000.0,5.0,869181.8181818181,7.0
2025-04-02,정상,스포츠,478181.8181818181,0.0,161818.18181818182,2.0
2025-04-02,정상,여성,-513181.8181818182,2.0,7069636.363636363,22.0
2025-04-02,정상,잡화,3273727.2727272725,28.0,6027236.363636363,33.0
2025-04-03,이월,골프,1546390.909090909,9.0,5461099.999999999,29.0
2025-04-03,이월,남성,3619436.363636363,26.0,21740681.818181816,110.0
2025-04-03,이월,슈즈,1083572.727272727,11.0,3671245.454545454,29.0
2025-04-03,이월,스포츠,146181.81818181818,2.0,944454.5454545454,14.0
2025-04-03,이월,여성,777409.0909090913,9.0,21661309.090909094,79.0
2025-04-03,이월,잡화,2761690.909090909,20.0,17144981.818181816,85.0
2025-04-03,입점,골프,1521263.6363636362,7.0,3508645.4545454537,24.0
2025-04-03,입점,남성,534863.6363636365,5.0,3792472.727272728,39.0
2025-04-03,입점,리빙,89454.54545454546,3.0,2672563.636363636,27.0
2025-04-03,입점,명품,181909.0909090909,0.0,11794863.636363637,29.0
2025-04-03,입점,뷰티,1104963.6363636362,13.0,1920713.6363636362,36.0
2025-04-03,입점,슈즈,0.0,0.0,1072181.818181818,7.0
2025-04-03,입점,스포츠,0.0,0.0,615400.0,12.0
2025-04-03,입점,아웃도어,470909.0909090909,3.0,580727.2727272727,3.0
2025-04-03,입점,여성,712818.1818181818,7.0,2638999.9999999995,25.0
2025-04-03,입점,잡화,-228000.0,0.0,-601772.7272727273,8.0
2025-04-03,입점,키즈,193999.99999999997,4.0,1268699.9999999998,16.0
2025-04-03,정상,골프,-55263.63636363635,2.0,782399.9999999999,5.0
2025-04-03,정상,남성,3570336.363636363,15.0,5713945.454545455,31.0
2025-04-03,정상,뷰티,89272.72727272726,3.0,196363.63636363635,2.0
2025-04-03,정상,슈즈,709090.9090909091,5.0,1276454.5454545456,10.0
2025-04-03,정상,스포츠,522727.27272727265,4.0,-153636.36363636362,-1.0
2025-04-03,정상,여성,620181.8181818181,3.0,8139636.363636362,33.0
2025-04-03,정상,잡화,1730836.3636363635,17.0,7578218.181818183,49.0
2025-04-04,이월,골프,356636.36363636353,1.0,4027936.3636363624,20.0
2025-04-04,이월,남성,2222700.0,20.0,15438009.09090909,111.0
2025-04-04,이월,슈즈,1487436.3636363635,15.0,2562036.3636363638,24.0
2025-04-04,이월,스포츠,139090.9090909091,3.0,1372818.1818181819,21.0
2025-04-04,이월,여성,2346272.7272727275,15.0,17971163.636363637,79.0
2025-04-04,이월,잡화,1831890.9090909087,12.0,10154800.000000002,58.0
2025-04-04,입점,골프,1531518.1818181816,10.0,3281999.9999999986,36.0
2025-04-04,입점,남성,117181.81818181818,2.0,4850772.7272727275,39.0
2025-04-04,입점,리빙,144363.63636363635,3.0,3317381.818181818,28.0
2025-04-04,입점,명품,-42727.272727272706,1.0,4529999.999999998,11.0
2025-04-04,입점,뷰티,1326636.3636363635,15.0,2305190.909090909,40.0
2025-04-04,입점,슈즈,0.0,0.0,332618.18181818177,3.0
2025-04-04,입점,스포츠,371818.1818181818,1.0,2440372.7272727275,25.0
2025-04-04,입점,아웃도어,165727.2727272727,4.0,1864945.4545454544,15.0
2025-04-04,입점,여성,110499.99999999999,3.0,3540780.9090909087,26.0
2025-04-04,입점,잡화,171863.63636363635,1.0,715863.6363636364,8.0
2025-04-04,입점,키즈,126727.2727272727,2.0,800963.6363636365,14.0
2025-04-04,정상,골프,789818.1818181818,4.0,1072145.4545454546,4.0
2025-04-04,정상,남성,1837081.8181818177,10.0,2068154.5454545452,17.0
2025-04-04,정상,뷰티,51090.90909090909,2.0,0.0,0.0
2025-04-04,정상,슈즈,2056272.727272727,12.0,1091636.3636363635,11.0
2025-04-04,정상,스포츠,0.0,0.0,89181.81818181818,1.0
2025-04-04,정상,여성,1955999.9999999995,5.0,8379727.272727272,23.0
2025-04-04,정상,잡화,2163127.2727272725,17.0,5462672.7272727275,39.0
2025-04-05,이월,골프,958509.0909090909,5.0,6123281.8181818165,41.0
2025-04-05,이월,남성,2720490.909090909,21.0,17349472.727272723,102.0
2025-04-05,이월,슈즈,1084899.9999999998,10.0,4883990.90909091,40.0
2025-04-05,이월,스포츠,476181.8181818182,7.0,1259909.0909090908,15.0
2025-04-05,이월,여성,3028209.0909090904,10.0,19241427.27272727,81.0
2025-04-05,이월,잡화,2170309.0909090904,21.0,12186518.181818182,71.0
2025-04-05,입점,골프,778863.6363636362,8.0,6754790.909090909,64.0
2025-04-05,입점,남성,650181.8181818181,5.0,5165363.636363637,55.0
2025-04-05,입점,리빙,228000.0,4.0,1130890.909090909,19.0
2025-04-05,입점,명품,0.0,0.0,11521272.727272725,36.0
2025-04-05,입점,뷰티,1257181.8181818181,11.0,1149090.9090909087,32.0
2025-04-05,입점,슈즈,379999.99999999994,3.0,507227.27272727265,4.0
2025-04-05,입점,스포츠,-1545.4545454545441,1.0,1296400.0,21.0
2025-04-05,입점,아웃도어,484727.2727272727,4.0,1345363.6363636362,16.0
2025-04-05,입점,여성,944181.8181818181,9.0,7474027.272727273,71.0
2025-04-05,입점,잡화,450436.36363636365,2.0,982018.1818181816,12.0
2025-04-05,입점,키즈,-79818.18181818181,-1.0,1397645.4545454544,32.0
2025-04-05,정상,골프,355063.63636363635,4.0,2065209.0909090904,12.0
2025-04-05,정상,남성,1315200.0,7.0,6068436.363636363,38.0
2025-04-05,정상,뷰티,204545.4545454545,3.0,28454.545454545452,1.0
2025-04-05,정상,슈즈,790181.8181818181,5.0,1998818.1818181819,15.0
2025-04-05,정상,스포츠,307272.72727272724,2.0,153636.36363636362,1.0
2025-04-05,정상,여성,-83272.72727272731,2.0,10094999.999999996,34.0
2025-04-05,정상,잡화,311572.72727272706,7.0,9127636.363636361,65.0
2025-04-06,이월,골프,1770927.2727272725,8.0,7104654.545454545,41.0
2025-04-06,이월,남성,5396500.0,37.0,31350863.63636363,163.0
2025-04-06,이월,슈즈,2098127.2727272725,15.0,3753072.727272727,36.0
2025-04-06,이월,스포츠,0.0,0.0,1017545.4545454542,14.0
2025-04-06,이월,아웃도어,0.0,0.0,0.0,0.0
2025-04-06,이월,여성,3842454.5454545454,17.0,38495100.0,143.0
2025-04-06,이월,잡화,2093818.1818181814,19.0,14615836.363636363,86.0
2025-04-06,입점,골프,2637963.6363636362,13.0,7921922.727272727,72.0
2025-04-06,입점,남성,325181.8181818181,4.0,4594472.7272727275,50.0
2025-04-06,입점,리빙,185272.72727272724,6.0,2877154.545454545,31.0
2025-04-06,입점,명품,3508999.999999999,7.0,6908181.818181817,19.0
2025-04-06,입점,뷰티,519145.4545454545,9.0,1675727.272727273,44.0
2025-04-06,입점,슈즈,-66363.63636363634,0.0,685299.9999999999,7.0
2025-04-06,입점,스포츠,327909.0909090909,5.0,1977909.0909090908,27.0
2025-04-06,입점,아웃도어,153545.45454545453,2.0,1552363.6363636362,16.0
2025-04-06,입점,여성,528363.6363636362,6.0,5187572.727272728,57.0
2025-04-06,입점,잡화,411909.0909090909,3.0,1499045.4545454541,13.0
2025-04-06,입점,키즈,40636.36363636363,1.0,1244472.7272727273,27.0
2025-04-06,정상,골프,1051836.3636363635,4.0,1629099.9999999998,13.0
2025-04-06,정상,남성,3540963.6363636362,21.0,14414954.54545454,77.0
2025-04-06,정상,뷰티,89272.72727272726,2.0,0.0,0.0
2025-04-06,정상,슈즈,832181.818181818,6.0,3573727.272727272,21.0
2025-04-06,정상,스포츠,0.0,0.0,407272.72727272724,2.0
2025-04-06,정상,여성,910545.4545454545,4.0,12474999.999999998,46.0
2025-04-06,정상,잡화,2553072.7272727266,20.0,7041100.000000001,49.0
2025-04-07,이월,골프,370945.45454545453,2.0,4533854.545454544,27.0
2025-04-07,이월,남성,5807590.909090908,34.0,20234990.909090914,103.0
2025-04-07,이월,슈즈,1037109.0909090907,11.0,2518781.8181818184,29.0
2025-04-07,이월,스포츠,546636.3636363635,4.0,1177181.8181818181,22.0
2025-04-07,이월,여성,2839800.0,19.0,22568254.545454543,73.0
2025-04-07,이월,잡화,1876945.4545454546,18.0,10218800.0,54.0
2025-04-07,입점,골프,2178090.9090909087,16.0,2428790.9090909087,27.0
2025-04-07,입점,남성,787545.4545454546,9.0,8605372.727272727,62.0
2025-04-07,입점,리빙,942999.9999999998,17.0,3004327.272727273,30.0
2025-04-07,입점,명품,1404999.9999999998,4.0,1755727.272727273,12.0
2025-04-07,입점,뷰티,1904590.909090909,19.0,2115240.9090909087,41.0
2025-04-07,입점,슈즈,146363.63636363635,1.0,1149318.1818181819,7.0
2025-04-07,입점,스포츠,589363.6363636364,3.0,1062954.5454545454,15.0
2025-04-07,입점,아웃도어,578636.3636363636,3.0,1441172.7272727273,14.0
2025-04-07,입점,여성,350490.90909090906,1.0,-410454.5454545453,-2.0
2025-04-07,입점,잡화,-45272.72727272727,-1.0,505645.4545454545,9.0
2025-04-07,입점,키즈,494172.7272727273,4.0,1527972.7272727266,28.0
2025-04-07,정상,골프,460299.9999999999,4.0,1526745.4545454544,11.0
2025-04-07,정상,남성,758754.5454545461,15.0,8875736.363636363,37.0
2025-04-07,정상,뷰티,632181.8181818181,6.0,29999.999999999996,1.0
2025-04-07,정상,슈즈,1672272.727272727,10.0,2531636.3636363638,18.0
2025-04-07,정상,스포츠,-117090.90909090909,2.0,81818.18181818182,0.0
2025-04-07,정상,여성,2596181.8181818184,6.0,4883681.818181817,21.0
2025-04-07,정상,잡화,3631436.3636363638,26.0,4605200.0,40.0
2025-04-08,이월,골프,1681054.5454545454,9.0,2207754.545454545,18.0
2025-04-08,이월,남성,3684300.0,30.0,23511181.81818181,118.0
2025-04-08,이월,슈즈,1387318.1818181814,11.0,2014309.0909090913,19.0
2025-04-08,이월,스포츠,825090.909090909,12.0,1436409.0909090908,22.0
2025-04-08,이월,아웃도어,0.0,0.0,525454.5454545454,1.0
2025-04-08,이월,여성,986772.7272727272,6.0,17289572.727272734,87.0
2025-04-08,이월,잡화,4754290.909090908,30.0,10967000.0,42.0
2025-04-08,입점,골프,263872.7272727273,5.0,8423681.818181818,48.0
2025-04-08,입점,남성,570527.2727272727,6.0,4345499.999999999,50.0
2025-04-08,입점,리빙,572909.0909090909,12.0,2370768.1818181816,32.0
2025-04-08,입점,명품,414545.4545454546,1.0,9132090.909090908,14.0
2025-04-08,입점,뷰티,493909.0909090909,9.0,2837945.454545455,43.0
2025-04-08,입점,슈즈,414545.4545454545,5.0,564909.0909090907,5.0
2025-04-08,입점,스포츠,1042327.2727272726,11.0,743454.5454545453,18.0
2025-04-08,입점,아웃도어,872363.6363636362,6.0,2279181.818181818,26.0
2025-04-08,입점,여성,-137636.36363636385,4.0,2147707.2727272725,30.0
2025-04-08,입점,잡화,457436.3636363636,2.0,355045.4545454545,5.0
2025-04-08,입점,키즈,321181.8181818181,3.0,1599572.7272727273,33.0
2025-04-08,정상,골프,1796636.3636363635,3.0,1682109.0909090908,10.0
2025-04-08,정상,남성,2657009.090909091,11.0,8870454.545454547,43.0
2025-04-08,정상,뷰티,532545.4545454546,8.0,249545.45454545453,3.0
2025-04-08,정상,슈즈,1235363.6363636362,7.0,2096000.0,18.0
2025-04-08,정상,스포츠,0.0,0.0,-89181.81818181818,-1.0
2025-04-08,정상,여성,1067545.4545454546,4.0,1357272.7272727275,13.0
2025-04-08,정상,잡화,3306454.545454545,29.0,7845709.090909091,50.0
2025-04-09,이월,골프,2310054.545454545,9.0,7065600.000000001,34.0
2025-04-09,이월,남성,4844799.999999998,31.0,19059463.636363637,124.0
2025-04-09,이월,슈즈,1013263.6363636364,11.0,4197745.454545455,41.0
2025-04-09,이월,스포츠,246272.72727272724,2.0,1560045.454545454,19.0
2025-04-09,이월,여성,3632081.818181818,12.0,13911318.181818172,70.0
2025-04-09,이월,잡화,2845418.181818182,22.0,9143836.363636363,64.0
2025-04-09,입점,골프,1397136.3636363633,12.0,3236959.0909090904,34.0
2025-04-09,입점,남성,34909.09090909089,5.0,3905563.6363636367,47.0
2025-04-09,입점,리빙,1243272.727272727,7.0,1785336.363636363,26.0
2025-04-09,입점,명품,1974000.0,4.0,7111727.272727273,16.0
2025-04-09,입점,뷰티,1376545.4545454546,20.0,3448750.0,44.0
2025-04-09,입점,슈즈,249999.99999999997,2.0,400818.18181818177,4.0
2025-04-09,입점,스포츠,272272.72727272724,5.0,2341300.0,28.0
2025-04-09,입점,아웃도어,838181.8181818181,5.0,3887363.636363636,35.0
2025-04-09,입점,여성,373690.9090909091,5.0,3167518.1818181816,59.0
2025-04-09,입점,잡화,393409.0909090909,6.0,1335772.727272727,13.0
2025-04-09,입점,키즈,134000.0,3.0,1357345.4545454541,33.0
2025-04-09,정상,골프,741727.2727272727,3.0,3240581.8181818184,17.0
2025-04-09,정상,남성,3322363.636363636,13.0,9875418.181818182,54.0
2025-04-09,정상,뷰티,225454.54545454547,3.0,78181.81818181818,1.0
2025-04-09,정상,슈즈,1738363.6363636362,10.0,2905818.1818181816,23.0
2025-04-09,정상,스포츠,380000.0,2.0,219363.63636363635,2.0
2025-04-09,정상,여성,-189454.54545454547,0.0,7923818.181818183,31.0
2025-04-09,정상,잡화,3881054.5454545445,35.0,7977090.909090908,59.0
2025-04-10,이월,골프,-194545.45454545468,2.0,3465481.8181818174,25.0
2025-04-10,이월,남성,4144909.0909090894,23.0,22766654.545454536,140.0
2025-04-10,이월,슈즈,1345118.1818181816,18.0,3247318.1818181816,38.0
2025-04-10,이월,스포츠,471909.0909090909,8.0,1230090.909090909,20.0
2025-04-10,이월,여성,3638136.363636364,15.0,17807645.45454545,71.0
2025-04-10,이월,잡화,2939890.9090909087,17.0,11426654.545454537,63.0
2025-04-10,입점,골프,750490.9090909091,4.0,3040095.454545454,34.0
2025-04-10,입점,남성,185681.81818181812,4.0,3424172.7272727275,45.0
2025-04-10,입점,리빙,972999.9999999999,4.0,936290.909090909,14.0
2025-04-10,입점,명품,312727.2727272727,2.0,5323000.000000001,10.0
2025-04-10,입점,뷰티,478272.7272727273,14.0,2551572.727272726,33.0
2025-04-10,입점,슈즈,319190.90909090906,2.0,-255818.18181818188,-1.0
2025-04-10,입점,스포츠,341118.1818181818,3.0,1247609.090909091,19.0
2025-04-10,입점,아웃도어,136090.90909090906,4.0,2819218.181818182,19.0
2025-04-10,입점,여성,-116554.5454545455,3.0,1960218.181818182,25.0
2025-04-10,입점,잡화,244545.45454545453,2.0,804072.7272727273,6.0
2025-04-10,입점,키즈,9545.454545454544,1.0,1006445.4545454542,22.0
2025-04-10,정상,골프,1187809.0909090906,8.0,2082136.3636363633,11.0
2025-04-10,정상,남성,1617372.7272727268,7.0,8660227.27272727,35.0
2025-04-10,정상,뷰티,120909.0909090909,3.0,127272.72727272726,3.0
2025-04-10,정상,슈즈,1583636.3636363638,10.0,2738909.0909090913,16.0
2025-04-10,정상,스포츠,0.0,0.0,496454.5454545454,3.0
2025-04-10,정상,여성,1210999.9999999998,3.0,2201363.6363636362,16.0
2025-04-10,정상,잡화,2748381.818181818,19.0,6202509.090909091,47.0
2025-04-11,이월,골프,1028963.6363636362,8.0,4513863.636363636,30.0
2025-04-11,이월,남성,6189854.545454544,37.0,27376309.0909091,119.0
2025-04-11,이월,슈즈,1203727.2727272727,13.0,3273036.3636363638,26.0
2025-04-11,이월,스포츠,328272.72727272724,4.0,639272.7272727272,16.0
2025-04-11,이월,여성,2663863.6363636362,15.0,15597409.090909092,73.0
2025-04-11,이월,잡화,918672.7272727271,13.0,5240763.636363637,44.0
2025-04-11,입점,골프,310672.7272727273,3.0,3662627.2727272725,27.0
2025-04-11,입점,남성,-374136.3636363636,4.0,4331618.181818181,56.0
2025-04-11,입점,리빙,489090.90909090906,8.0,1412681.8181818184,16.0
2025-04-11,입점,명품,925363.6363636364,5.0,6566181.8181818165,13.0
2025-04-11,입점,뷰티,617818.1818181818,14.0,1761881.8181818177,37.0
2025-04-11,입점,슈즈,335454.5454545454,2.0,287545.45454545453,4.0
2025-04-11,입점,스포츠,1479363.6363636362,7.0,1447827.2727272727,23.0
2025-04-11,입점,아웃도어,173518.1818181818,5.0,-1919954.5454545452,8.0
2025-04-11,입점,여성,-231909.09090909088,-1.0,918731.818181818,3.0
2025-04-11,입점,잡화,115681.81818181816,2.0,755363.6363636364,9.0
2025-04-11,입점,키즈,228363.63636363635,2.0,1080790.909090909,21.0
2025-04-11,정상,골프,0.0,0.0,2262181.818181818,12.0
2025-04-11,정상,남성,178318.18181818185,6.0,6353963.636363636,28.0
2025-04-11,정상,뷰티,13636.363636363632,1.0,0.0,0.0
2025-04-11,정상,슈즈,1459818.1818181816,8.0,2376909.090909091,13.0
2025-04-11,정상,스포츠,0.0,0.0,606363.6363636364,2.0
2025-04-11,정상,여성,1122181.818181818,5.0,6216181.818181817,28.0
2025-04-11,정상,잡화,853863.6363636362,9.0,6506236.363636363,46.0
2025-04-12,이월,골프,1699054.545454545,13.0,4378590.909090908,31.0
2025-04-12,이월,남성,4257863.636363636,32.0,25019409.090909082,119.0
2025-04-12,이월,리빙,0.0,0.0,0.0,0.0
2025-04-12,이월,슈즈,1370527.2727272725,15.0,4260290.909090909,41.0
2025-04-12,이월,스포츠,165272.72727272724,2.0,954454.5454545455,15.0
2025-04-12,이월,여성,3462636.3636363633,14.0,25022363.636363626,104.0
2025-04-12,이월,잡화,1681945.4545454544,19.0,10059636.363636361,54.0
2025-04-12,입점,골프,1913090.909090909,10.0,8591831.818181816,74.0
2025-04-12,입점,남성,363909.09090909094,4.0,4018027.2727272725,45.0
2025-04-12,입점,리빙,718090.909090909,10.0,3776818.181818182,50.0
2025-04-12,입점,명품,1598909.0909090908,3.0,7539363.636363635,21.0
2025-04-12,입점,뷰티,799909.0909090908,11.0,3705527.272727273,43.0
2025-04-12,입점,슈즈,106363.63636363635,1.0,575209.0909090908,5.0
2025-04-12,입점,스포츠,265181.8181818181,5.0,1877109.0909090908,30.0
2025-04-12,입점,아웃도어,193999.99999999994,5.0,1980972.727272727,16.0
2025-04-12,입점,여성,344909.0909090909,6.0,3437663.6363636353,38.0
2025-04-12,입점,잡화,189090.90909090906,3.0,558909.0909090908,11.0
2025-04-12,입점,키즈,122627.2727272727,3.0,1975027.272727272,26.0
2025-04-12,정상,골프,367318.18181818177,3.0,1641145.4545454541,12.0
2025-04-12,정상,남성,1675718.1818181816,9.0,4153590.909090908,27.0
2025-04-12,정상,뷰티,97272.72727272726,2.0,38181.81818181818,1.0
2025-04-12,정상,슈즈,581181.8181818181,4.0,1984100.0,15.0
2025-04-12,정상,여성,464727.2727272726,2.0,8317636.363636365,26.0
2025-04-12,정상,잡화,2107781.818181818,13.0,5235463.636363635,39.0
2025-04-13,이월,골프,1503363.6363636362,7.0,7018918.181818182,44.0
2025-04-13,이월,남성,7943618.181818181,46.0,41485672.72727272,210.0
2025-04-13,이월,슈즈,1300918.1818181816,10.0,5457036.363636364,50.0
2025-04-13,이월,스포츠,328909.0909090909,7.0,1353545.4545454544,17.0
2025-04-13,이월,여성,4913409.090909093,22.0,28250545.454545457,126.0
2025-04-13,이월,잡화,2023727.2727272722,17.0,12333690.909090905,79.0
2025-04-13,입점,골프,1251545.4545454544,16.0,11989640.90909091,91.0
2025-04-13,입점,남성,1331363.6363636362,13.0,5625809.090909091,73.0
2025-04-13,입점,리빙,586363.6363636362,5.0,3581172.727272728,41.0
2025-04-13,입점,명품,1076727.2727272727,2.0,7846999.999999999,17.0
2025-04-13,입점,뷰티,288454.54545454547,6.0,2705272.727272727,49.0
2025-04-13,입점,슈즈,252000.0,2.0,517272.7272727272,4.0
2025-04-13,입점,스포츠,413363.6363636363,5.0,3190190.909090909,40.0
2025-04-13,입점,아웃도어,282909.0909090908,5.0,2795981.8181818174,21.0
2025-04-13,입점,여성,297954.5454545454,6.0,4109072.7272727266,50.0
2025-04-13,입점,잡화,31909.090909090908,1.0,669272.7272727272,10.0
2025-04-13,입점,키즈,305672.7272727272,5.0,784736.3636363635,16.0
2025-04-13,정상,골프,145090.9090909091,1.0,1624299.9999999998,12.0
2025-04-13,정상,남성,3623954.545454545,13.0,10981254.545454549,59.0
2025-04-13,정상,뷰티,248181.81818181818,4.0,139999.99999999997,2.0
2025-04-13,정상,슈즈,1595681.8181818181,11.0,2682045.454545454,19.0
2025-04-13,정상,여성,1569454.5454545456,6.0,14070136.363636365,49.0
2025-04-13,정상,잡화,1222254.5454545454,10.0,9266418.181818184,62.0
2025-04-14,이월,골프,1217818.1818181816,6.0,6132209.09090909,46.0
2025-04-14,이월,남성,4995609.090909091,31.0,16057818.18181818,113.0
2025-04-14,이월,슈즈,2064036.363636364,17.0,4158709.0909090913,37.0
2025-04-14,이월,스포츠,208636.3636363636,4.0,1817181.818181818,26.0
2025-04-14,이월,여성,1336000.0,13.0,10319872.727272727,58.0
2025-04-14,이월,잡화,1803581.8181818186,19.0,10888527.272727273,70.0
2025-04-14,입점,골프,1401463.6363636365,3.0,2026027.2727272718,9.0
2025-04-14,입점,남성,143909.09090909088,2.0,3984018.1818181826,51.0
2025-04-14,입점,리빙,843090.9090909091,10.0,3382145.4545454537,35.0
2025-04-14,입점,명품,569090.9090909092,2.0,10180363.636363639,26.0
2025-04-14,입점,뷰티,903045.4545454545,22.0,2574590.9090909087,42.0
2025-04-14,입점,슈즈,132727.2727272727,1.0,753499.9999999998,6.0
2025-04-14,입점,스포츠,171727.2727272727,4.0,1780281.8181818181,27.0
2025-04-14,입점,아웃도어,354545.4545454546,2.0,61999.99999999983,12.0
2025-04-14,입점,여성,295000.0,0.0,565028.1818181821,12.0
2025-04-14,입점,잡화,233636.36363636362,2.0,1288500.0,14.0
2025-04-14,입점,키즈,163818.1818181818,4.0,971681.8181818181,19.0
2025-04-14,정상,골프,605881.8181818181,3.0,2079154.5454545452,11.0
2025-04-14,정상,남성,4296136.363636363,22.0,7861927.272727271,37.0
2025-04-14,정상,뷰티,281818.1818181818,2.0,-24545.454545454544,-1.0
2025-04-14,정상,슈즈,788999.9999999999,6.0,-1228181.8181818184,-7.0
2025-04-14,정상,스포츠,0.0,0.0,90000.0,1.0
2025-04-14,정상,여성,300363.63636363635,2.0,2774909.0909090913,9.0
2025-04-14,정상,잡화,4157345.4545454537,28.0,7722309.090909091,47.0
2025-04-15,이월,골프,1635818.1818181816,9.0,4348336.363636363,34.0
2025-04-15,이월,남성,3304109.09090909,22.0,11942172.727272732,95.0
2025-04-15,이월,슈즈,781818.1818181818,10.0,5509745.454545453,44.0
2025-04-15,이월,스포츠,49636.36363636362,-2.0,1336818.1818181819,17.0
2025-04-15,이월,여성,8046727.272727273,21.0,16525499.99999999,105.0
2025-04-15,이월,잡화,2571363.636363636,21.0,12319927.272727272,72.0
2025-04-15,입점,골프,1733909.090909091,4.0,4268418.181818182,32.0
2025-04-15,입점,남성,707800.0,5.0,3296059.0909090913,44.0
2025-04-15,입점,리빙,615272.7272727272,3.0,2201045.454545454,24.0
2025-04-15,입점,명품,549545.4545454545,3.0,3385181.818181818,9.0
2025-04-15,입점,뷰티,1160318.1818181814,18.0,1785036.363636364,22.0
2025-04-15,입점,슈즈,143636.36363636362,1.0,19999.999999999985,0.0
2025-04-15,입점,스포츠,668000.0,4.0,1427827.2727272725,24.0
2025-04-15,입점,아웃도어,276363.63636363635,3.0,1076645.454545455,12.0
2025-04-15,입점,여성,1033909.0909090908,14.0,1912536.3636363635,23.0
2025-04-15,입점,잡화,208863.63636363635,3.0,4424227.272727272,12.0
2025-04-15,입점,키즈,173272.72727272726,3.0,1559954.5454545452,19.0
2025-04-15,정상,골프,252263.63636363632,2.0,930718.1818181818,8.0
2025-04-15,정상,남성,1786154.5454545447,7.0,5448127.272727274,32.0
2025-04-15,정상,뷰티,0.0,0.0,59999.99999999999,1.0
2025-04-15,정상,슈즈,996181.8181818181,7.0,450963.63636363635,5.0
2025-04-15,정상,여성,-813090.909090909,-2.0,5631818.181818182,24.0
2025-04-15,정상,잡화,2505236.3636363633,21.0,6634781.818181818,56.0
2025-04-16,이월,골프,1346400.0,7.0,3321245.4545454537,21.0
2025-04-16,이월,남성,2450909.0909090904,21.0,17196109.09090909,118.0
2025-04-16,이월,슈즈,2155345.4545454546,25.0,3524927.272727272,35.0
2025-04-16,이월,스포츠,-70363.63636363635,-1.0,659727.2727272726,9.0
2025-04-16,이월,여성,2192954.5454545454,11.0,19320818.18181818,100.0
2025-04-16,이월,잡화,3425163.6363636362,21.0,12339009.090909088,73.0
2025-04-16,입점,골프,-29772.727272727265,2.0,3420645.4545454537,35.0
2025-04-16,입점,남성,423127.2727272727,5.0,3717918.181818181,52.0
2025-04-16,입점,리빙,-335018.1818181819,2.0,2957090.909090909,30.0
2025-04-16,입점,명품,1040909.0909090908,2.0,3075409.090909091,16.0
2025-04-16,입점,뷰티,505363.6363636363,11.0,2514963.6363636367,40.0
2025-04-16,입점,슈즈,158181.81818181818,1.0,465363.6363636363,4.0
2025-04-16,입점,스포츠,217090.90909090912,4.0,667336.3636363635,19.0
2025-04-16,입점,아웃도어,606454.5454545454,7.0,391645.4545454544,5.0
2025-04-16,입점,여성,324136.36363636365,5.0,2258172.7272727275,36.0
2025-04-16,입점,잡화,326136.3636363636,2.0,4152227.2727272725,17.0
2025-04-16,입점,키즈,312409.09090909094,3.0,1521309.0909090908,25.0
2025-04-16,정상,골프,205909.09090909088,2.0,965009.0909090907,7.0
2025-04-16,정상,남성,2716572.7272727266,9.0,8615354.545454545,52.0
2025-04-16,정상,뷰티,0.0,0.0,138181.81818181818,1.0
2025-04-16,정상,슈즈,1183099.9999999998,9.0,1765318.1818181819,15.0
2025-04-16,정상,스포츠,380000.0,2.0,0.0,0.0
2025-04-16,정상,여성,774909.0909090907,5.0,-311818.1818181819,-1.0
2025-04-16,정상,잡화,3897327.2727272715,31.0,7766181.818181818,60.0
2025-04-17,이월,골프,1680254.5454545456,11.0,4605372.727272727,22.0
2025-04-17,이월,남성,6460045.454545453,28.0,12497590.90909091,89.0
2025-04-17,이월,슈즈,1619127.2727272727,18.0,4350963.636363635,42.0
2025-04-17,이월,스포츠,346999.99999999994,6.0,1737363.6363636358,19.0
2025-04-17,이월,여성,3523363.6363636367,12.0,12332863.636363635,70.0
2025-04-17,이월,잡화,2907709.0909090904,26.0,8646845.454545453,72.0
2025-04-17,입점,골프,864363.6363636362,5.0,1668836.3636363633,17.0
2025-04-17,입점,남성,69818.18181818181,0.0,3959809.090909091,45.0
2025-04-17,입점,리빙,533181.8181818181,6.0,2029999.999999999,16.0
2025-04-17,입점,명품,2198909.090909091,1.0,28249090.909090906,21.0
2025-04-17,입점,뷰티,796227.2727272727,10.0,1766927.2727272725,30.0
2025-04-17,입점,슈즈,187790.90909090906,2.0,664372.7272727272,5.0
2025-04-17,입점,스포츠,224663.63636363632,2.0,1752036.3636363633,24.0
2025-04-17,입점,아웃도어,369727.27272727265,2.0,3605909.0909090904,26.0
2025-04-17,입점,여성,553181.8181818181,7.0,689500.0,14.0
2025-04-17,입점,잡화,751727.2727272727,1.0,1896727.2727272725,14.0
2025-04-17,입점,키즈,97863.63636363635,2.0,1005663.6363636362,23.0
2025-04-17,정상,골프,526090.9090909091,2.0,1111518.1818181819,5.0
2025-04-17,정상,남성,-329627.2727272727,10.0,5012118.181818183,30.0
2025-04-17,정상,뷰티,91818.18181818181,2.0,46818.181818181816,2.0
2025-04-17,정상,슈즈,1058181.8181818181,9.0,1368318.1818181819,12.0
2025-04-17,정상,스포츠,0.0,0.0,266454.5454545454,3.0
2025-04-17,정상,여성,151999.99999999988,2.0,1730681.818181818,2.0
2025-04-17,정상,잡화,2684672.727272727,21.0,10004827.272727273,70.0
2025-04-18,이월,골프,1313554.5454545454,5.0,3711200.0000000005,23.0
2025-04-18,이월,남성,1816636.3636363635,14.0,14147672.727272727,86.0
2025-04-18,이월,슈즈,1284681.8181818181,12.0,5659881.818181817,49.0
2025-04-18,이월,스포츠,185454.54545454544,2.0,851000.0000000001,9.0
2025-04-18,이월,여성,2637409.09090909,10.0,19889763.636363637,75.0
2025-04-18,이월,잡화,1698090.9090909087,13.0,8553836.363636363,60.0
2025-04-18,입점,골프,623899.9999999998,5.0,4472945.454545454,38.0
2025-04-18,입점,남성,164181.81818181818,2.0,6641136.363636362,56.0
2025-04-18,입점,리빙,336000.0,7.0,1407818.1818181816,30.0
2025-04-18,입점,명품,-667181.8181818181,0.0,8909999.999999998,17.0
2025-04-18,입점,뷰티,1122954.5454545454,15.0,1035200.0,31.0
2025-04-18,입점,슈즈,195363.63636363635,2.0,-394545.4545454546,-1.0
2025-04-18,입점,스포츠,114999.99999999999,2.0,1192609.0909090908,23.0
2025-04-18,입점,아웃도어,12181.818181818187,-1.0,5348154.545454544,23.0
2025-04-18,입점,여성,206409.09090909088,1.0,2307809.090909091,36.0
2025-04-18,입점,잡화,-6363.63636363636,-1.0,-596727.2727272727,5.0
2025-04-18,입점,키즈,147909.0909090909,3.0,2032000.0,34.0
2025-04-18,정상,골프,-128681.81818181818,-1.0,1000954.5454545454,5.0
2025-04-18,정상,남성,2265345.4545454546,10.0,6632381.8181818165,29.0
2025-04-18,정상,뷰티,167954.54545454547,1.0,156363.63636363635,2.0
2025-04-18,정상,슈즈,577345.4545454545,7.0,2929190.9090909087,18.0
2025-04-18,정상,스포츠,0.0,0.0,406454.5454545454,3.0
2025-04-18,정상,여성,695909.0909090908,0.0,3827363.6363636367,9.0
2025-04-18,정상,잡화,2460954.5454545454,21.0,6050799.999999999,48.0
2025-04-19,이월,골프,1773781.8181818177,14.0,4931172.727272725,35.0
2025-04-19,이월,남성,2364409.0909090904,15.0,15580872.727272723,108.0
2025-04-19,이월,슈즈,1852581.8181818181,18.0,4997936.363636363,41.0
2025-04-19,이월,스포츠,183090.9090909091,3.0,610727.2727272727,8.0
2025-04-19,이월,여성,2449818.181818182,17.0,26749499.999999993,87.0
2025-04-19,이월,잡화,1879799.9999999995,18.0,10264563.636363635,60.0
2025-04-19,입점,골프,1608236.3636363633,12.0,10349081.818181818,92.0
2025-04-19,입점,남성,285818.18181818177,4.0,4666618.181818182,60.0
2025-04-19,입점,리빙,318727.2727272727,10.0,2512161.8181818184,50.0
2025-04-19,입점,명품,462727.2727272727,2.0,7381818.181818182,19.0
2025-04-19,입점,뷰티,418363.6363636363,9.0,2350318.181818181,30.0
2025-04-19,입점,슈즈,361818.18181818177,2.0,144545.45454545453,1.0
2025-04-19,입점,스포츠,1050545.4545454546,13.0,1551290.9090909092,25.0
2025-04-19,입점,아웃도어,145545.45454545453,2.0,2140145.454545454,22.0
2025-04-19,입점,여성,337272.7272727272,5.0,3714263.636363636,51.0
2025-04-19,입점,잡화,0.0,0.0,850772.7272727272,16.0
2025-04-19,입점,키즈,151818.18181818182,4.0,1361763.6363636358,25.0
2025-04-19,정상,골프,390227.2727272727,4.0,2994918.181818182,12.0
2025-04-19,정상,남성,2419881.818181818,12.0,9008054.545454545,38.0
2025-04-19,정상,뷰티,19636.363636363636,1.0,19636.363636363636,1.0
2025-04-19,정상,슈즈,1563745.4545454546,10.0,1706690.909090909,16.0
2025-04-19,정상,스포츠,0.0,0.0,-10000.0,1.0
2025-04-19,정상,여성,2089727.2727272725,7.0,1797090.909090908,26.0
2025-04-19,정상,잡화,2887009.0909090913,20.0,8084000.0,58.0
2025-04-20,이월,골프,1137000.0,10.0,6992300.0,46.0
2025-04-20,이월,남성,4191590.9090909087,27.0,27399809.09090908,161.0
2025-04-20,이월,슈즈,891109.0909090908,8.0,7049363.636363636,63.0
2025-04-20,이월,스포츠,84363.63636363635,2.0,1166636.3636363638,17.0
2025-04-20,이월,여성,1446136.3636363638,7.0,35281500.0,151.0
2025-04-20,이월,유니섹스,0.0,0.0,62363.63636363636,1.0
2025-04-20,이월,잡화,2413472.727272727,22.0,14251309.090909092,79.0
2025-04-20,입점,골프,1663754.5454545454,14.0,14908136.363636363,128.0
2025-04-20,입점,남성,182818.18181818182,3.0,8450090.909090908,91.0
2025-04-20,입점,리빙,312454.5454545454,5.0,2761527.2727272725,39.0
2025-04-20,입점,명품,1148818.1818181816,6.0,5813545.454545456,17.0
2025-04-20,입점,뷰티,275363.63636363635,9.0,2026909.090909091,41.0
2025-04-20,입점,슈즈,583636.3636363635,3.0,640818.1818181819,3.0
2025-04-20,입점,스포츠,900363.6363636362,9.0,2368254.5454545463,30.0
2025-04-20,입점,아웃도어,70000.0,2.0,1244836.3636363635,37.0
2025-04-20,입점,여성,549727.2727272727,8.0,3322309.0909090894,48.0
2025-04-20,입점,잡화,101499.99999999999,1.0,1102999.9999999998,12.0
2025-04-20,입점,키즈,87181.81818181818,2.0,1335581.818181818,24.0
2025-04-20,정상,골프,143200.0,1.0,2764336.3636363633,17.0
2025-04-20,정상,남성,2576290.909090909,21.0,14058781.818181818,74.0
2025-04-20,정상,뷰티,219090.9090909091,2.0,218181.81818181818,2.0
2025-04-20,정상,슈즈,1492000.0,11.0,5267999.999999999,30.0
2025-04-20,정상,스포츠,0.0,0.0,62727.27272727272,1.0
2025-04-20,정상,여성,941000.0,5.0,10829090.909090908,34.0
2025-04-20,정상,잡화,2354363.6363636362,13.0,10400499.999999998,65.0
2025-04-21,이월,골프,1233818.1818181819,6.0,6266009.090909091,31.0
2025-04-21,이월,남성,2378309.09090909,22.0,18169227.27272728,116.0
2025-04-21,이월,슈즈,1720327.272727273,14.0,4166290.9090909082,49.0
2025-04-21,이월,스포츠,338454.5454545454,4.0,1537545.4545454546,20.0
2025-04-21,이월,여성,1791272.7272727275,11.0,15696318.181818185,76.0
2025-04-21,이월,유니섹스,0.0,0.0,-62363.63636363636,-1.0
2025-04-21,이월,잡화,2605163.6363636362,17.0,11983618.181818185,75.0
2025-04-21,입점,골프,1119545.4545454546,8.0,6643336.363636363,41.0
2025-04-21,입점,남성,116227.2727272727,3.0,4155163.636363637,42.0
2025-04-21,입점,리빙,796045.4545454545,12.0,3009154.545454546,38.0
2025-04-21,입점,명품,551181.818181818,1.0,7462909.090909089,22.0
2025-04-21,입점,뷰티,674272.7272727272,9.0,2523263.6363636353,45.0
2025-04-21,입점,슈즈,91454.54545454547,0.0,772909.0909090908,6.0
2025-04-21,입점,스포츠,469181.8181818181,4.0,910600.0,17.0
2025-04-21,입점,아웃도어,350636.3636363636,5.0,1719154.5454545452,32.0
2025-04-21,입점,여성,336045.4545454546,9.0,1496113.636363636,15.0
2025-04-21,입점,잡화,155163.63636363635,3.0,1618872.7272727268,12.0
2025-04-21,입점,키즈,48454.545454545456,1.0,3778663.6363636344,51.0
2025-04-21,정상,골프,399727.2727272727,2.0,681618.1818181818,6.0
2025-04-21,정상,남성,164090.90909090918,10.0,10986618.181818182,62.0
2025-04-21,정상,뷰티,207636.36363636362,4.0,-38636.36363636363,0.0
2025-04-21,정상,슈즈,743809.0909090909,8.0,1872563.6363636365,18.0
2025-04-21,정상,여성,2595681.8181818174,9.0,5924090.909090908,26.0
2025-04-21,정상,잡화,5888154.545454546,30.0,10719563.636363639,68.0
2025-04-22,이월,골프,1228954.5454545454,7.0,3811381.818181819,29.0
2025-04-22,이월,남성,3153827.272727272,19.0,10868327.27272727,87.0
2025-04-22,이월,슈즈,2139945.454545454,15.0,1976390.9090909092,22.0
2025-04-22,이월,스포츠,390909.0909090909,3.0,1054181.8181818181,13.0
2025-04-22,이월,여성,-92045.45454545447,-1.0,7802363.636363636,61.0
2025-04-22,이월,잡화,3506672.7272727275,25.0,10689954.545454543,76.0
2025-04-22,입점,골프,1932163.6363636365,10.0,2669454.5454545454,33.0
2025-04-22,입점,남성,141636.36363636362,2.0,5324995.454545452,46.0
2025-04-22,입점,리빙,346363.63636363635,0.0,2218363.6363636362,20.0
2025-04-22,입점,명품,623727.2727272727,3.0,7916818.181818182,12.0
2025-04-22,입점,뷰티,1079181.8181818181,17.0,2080504.5454545456,34.0
2025-04-22,입점,슈즈,117272.72727272726,1.0,178999.99999999997,2.0
2025-04-22,입점,스포츠,392563.63636363635,6.0,1481772.727272727,25.0
2025-04-22,입점,아웃도어,1114454.5454545456,7.0,-1901509.0909090906,16.0
2025-04-22,입점,여성,-123454.54545454544,-2.0,-280063.6363636364,17.0
2025-04-22,입점,잡화,-32454.54545454544,1.0,-61590.909090909176,4.0
2025-04-22,입점,키즈,215272.72727272724,4.0,1737872.727272727,34.0
2025-04-22,정상,골프,1016245.4545454545,7.0,2202300.0,10.0
2025-04-22,정상,남성,725154.5454545454,6.0,13299354.545454547,63.0
2025-04-22,정상,뷰티,50181.81818181818,2.0,11999.999999999998,1.0
2025-04-22,정상,슈즈,576654.5454545454,4.0,2653454.545454545,23.0
2025-04-22,정상,스포츠,0.0,0.0,-221818.1818181818,-2.0
2025-04-22,정상,여성,604954.5454545454,3.0,5207181.818181817,20.0
2025-04-22,정상,잡화,3207145.4545454537,25.0,10593745.454545455,68.0
2025-04-23,이월,골프,1641327.272727273,8.0,5607609.090909091,34.0
2025-04-23,이월,남성,3706445.454545454,34.0,14732509.090909095,103.0
2025-04-23,이월,슈즈,1403181.8181818181,11.0,8111472.7272727275,74.0
2025-04-23,이월,스포츠,-237545.45454545453,2.0,1400090.9090909087,20.0
2025-04-23,이월,여성,998545.4545454546,8.0,13759727.272727273,82.0
2025-04-23,이월,잡화,2678190.909090909,27.0,8437327.27272727,54.0
2025-04-23,입점,골프,666818.1818181819,6.0,4843845.454545453,41.0
2025-04-23,입점,남성,499690.90909090894,4.0,3895236.3636363624,40.0
2025-04-23,입점,리빙,119818.18181818181,3.0,2205609.090909091,29.0
2025-04-23,입점,명품,589000.0,5.0,4940909.09090909,19.0
2025-04-23,입점,뷰티,498363.63636363635,10.0,3312390.909090909,31.0
2025-04-23,입점,슈즈,201818.18181818177,1.0,596363.6363636362,6.0
2025-04-23,입점,스포츠,838454.5454545454,7.0,2976272.727272727,37.0
2025-04-23,입점,아웃도어,337518.1818181818,3.0,1194936.3636363628,16.0
2025-04-23,입점,여성,1316836.3636363638,12.0,2924990.9090909087,39.0
2025-04-23,입점,잡화,135363.63636363635,2.0,844818.1818181819,12.0
2025-04-23,입점,키즈,110909.09090909088,2.0,2060545.4545454546,37.0
2025-04-23,정상,골프,930681.8181818181,4.0,2591918.181818181,18.0
2025-04-23,정상,남성,3773000.0,17.0,12027181.81818182,72.0
2025-04-23,정상,뷰티,30545.454545454544,1.0,234545.45454545453,2.0
2025-04-23,정상,슈즈,130536.36363636368,3.0,997100.0000000002,9.0
2025-04-23,정상,스포츠,-452727.2727272727,-1.0,0.0,0.0
2025-04-23,정상,여성,2155272.7272727275,9.0,131772.72727272715,7.0
2025-04-23,정상,잡화,4882281.8181818165,30.0,8058572.7272727275,62.0
2025-04-24,이월,골프,1590000.0,11.0,1277272.727272727,14.0
2025-04-24,이월,남성,1491154.5454545454,29.0,16799145.454545457,114.0
2025-04-24,이월,슈즈,1270090.9090909092,12.0,4503436.363636363,49.0
2025-04-24,이월,스포츠,318818.18181818177,2.0,428818.1818181818,6.0
2025-04-24,이월,여성,2372545.4545454546,19.0,18460499.999999993,74.0
2025-04-24,이월,잡화,1878672.7272727266,18.0,8277254.545454546,45.0
2025-04-24,입점,골프,439727.2727272727,6.0,1395118.1818181814,19.0
2025-04-24,입점,남성,195454.54545454544,1.0,2939963.6363636362,44.0
2025-04-24,입점,리빙,918909.0909090909,6.0,888818.1818181819,20.0
2025-04-24,입점,명품,6771363.636363637,8.0,5351090.909090907,23.0
2025-04-24,입점,뷰티,618909.0909090909,13.0,2501068.181818181,32.0
2025-04-24,입점,슈즈,369454.5454545454,3.0,37545.454545454515,2.0
2025-04-24,입점,스포츠,1454727.2727272727,10.0,1104163.636363636,19.0
2025-04-24,입점,아웃도어,940727.2727272727,9.0,3685509.0909090894,29.0
2025-04-24,입점,여성,1922036.3636363633,19.0,1981618.1818181816,14.0
2025-04-24,입점,잡화,417318.1818181818,3.0,3745281.8181818184,8.0
2025-04-24,입점,키즈,71454.54545454543,1.0,3104736.363636363,48.0
2025-04-24,정상,골프,500463.63636363635,6.0,-867463.6363636362,-1.0
2025-04-24,정상,남성,3640563.6363636362,16.0,9258172.727272727,57.0
2025-04-24,정상,뷰티,39272.72727272727,2.0,111999.99999999999,2.0
2025-04-24,정상,슈즈,1857472.7272727275,14.0,1948227.272727272,16.0
2025-04-24,정상,스포츠,0.0,0.0,158181.81818181818,0.0
2025-04-24,정상,여성,3093545.454545454,14.0,4525363.636363636,13.0
2025-04-24,정상,잡화,3052672.7272727275,22.0,8148990.909090909,69.0
2025-04-25,이월,골프,1168754.5454545452,9.0,6090272.7272727275,32.0
2025-04-25,이월,남성,5715745.454545454,38.0,11762709.09090909,76.0
2025-04-25,이월,슈즈,1326254.5454545454,12.0,3632336.3636363633,38.0
2025-04-25,이월,스포츠,126909.09090909091,2.0,811454.5454545454,11.0
2025-04-25,이월,여성,3332181.818181817,22.0,7925863.636363633,47.0
2025-04-25,이월,잡화,4601799.999999999,35.0,9144427.272727272,69.0
2025-04-25,입점,골프,92181.81818181819,1.0,2459799.9999999995,22.0
2025-04-25,입점,남성,566272.7272727272,6.0,2846245.4545454546,41.0
2025-04-25,입점,리빙,316818.18181818177,2.0,2007872.727272727,22.0
2025-04-25,입점,명품,439999.9999999999,5.0,3797727.2727272725,18.0
2025-04-25,입점,뷰티,525454.5454545454,9.0,2775550.0,28.0
2025-04-25,입점,슈즈,143636.36363636362,1.0,493363.63636363635,4.0
2025-04-25,입점,스포츠,324545.45454545453,4.0,1663072.7272727268,25.0
2025-04-25,입점,아웃도어,97363.63636363637,1.0,1066636.363636363,4.0
2025-04-25,입점,여성,455818.1818181819,7.0,1462491.818181818,19.0
2025-04-25,입점,잡화,236090.90909090906,6.0,284818.18181818177,7.0
2025-04-25,입점,키즈,268727.2727272727,5.0,1806236.3636363642,43.0
2025-04-25,정상,골프,311509.0909090909,2.0,2603136.3636363638,12.0
2025-04-25,정상,남성,2991299.9999999995,18.0,3765063.6363636353,29.0
2025-04-25,정상,뷰티,63181.81818181819,2.0,274090.90909090906,2.0
2025-04-25,정상,슈즈,1253745.4545454544,13.0,1398272.727272727,10.0
2025-04-25,정상,스포츠,0.0,0.0,188272.72727272726,2.0
2025-04-25,정상,여성,1163500.0,6.0,1271818.1818181814,6.0
2025-04-25,정상,잡화,4293418.181818182,35.0,4855754.545454545,42.0
2025-04-26,이월,골프,1654181.818181818,10.0,3726190.9090909087,29.0
2025-04-26,이월,남성,6894472.7272727275,47.0,18284081.81818182,105.0
2025-04-26,이월,슈즈,1036390.909090909,9.0,4078818.181818182,38.0
2025-04-26,이월,스포츠,145090.9090909091,2.0,951363.6363636362,11.0
2025-04-26,이월,여성,3750545.4545454555,22.0,15419454.545454547,82.0
2025-04-26,이월,잡화,1374381.818181818,11.0,9034399.999999998,63.0
2025-04-26,입점,골프,1318309.0909090906,8.0,8188381.818181818,70.0
2025-04-26,입점,남성,825181.8181818181,5.0,5436827.2727272725,60.0
2025-04-26,입점,리빙,458181.8181818181,1.0,2386560.0,18.0
2025-04-26,입점,명품,1040818.1818181818,6.0,9542272.727272727,19.0
2025-04-26,입점,뷰티,886509.0909090909,12.0,1514136.3636363635,29.0
2025-04-26,입점,슈즈,562181.8181818181,3.0,990209.0909090908,9.0
2025-04-26,입점,스포츠,744927.2727272726,9.0,1920454.545454545,25.0
2025-04-26,입점,아웃도어,245454.5454545454,4.0,1068745.4545454544,16.0
2025-04-26,입점,여성,889636.3636363635,11.0,1999272.7272727268,25.0
2025-04-26,입점,잡화,146481.81818181818,2.0,398454.5454545454,10.0
2025-04-26,입점,키즈,105499.99999999999,2.0,2369281.8181818184,47.0
2025-04-26,정상,골프,328618.18181818177,2.0,2968790.9090909087,10.0
2025-04-26,정상,남성,505363.6363636364,5.0,8472418.181818182,52.0
2025-04-26,정상,뷰티,0.0,0.0,39090.90909090909,1.0
2025-04-26,정상,슈즈,1148609.0909090908,15.0,2269700.0000000005,13.0
2025-04-26,정상,스포츠,0.0,0.0,298181.8181818182,2.0
2025-04-26,정상,여성,1160499.9999999998,4.0,3491590.909090908,17.0
2025-04-26,정상,잡화,2933127.272727273,19.0,5293263.636363636,45.0
2025-04-27,이월,골프,2381509.0909090904,14.0,7738381.818181817,51.0
2025-04-27,이월,남성,5658227.2727272725,39.0,40574572.72727272,212.0
2025-04-27,이월,슈즈,1098281.8181818184,9.0,5115600.0,43.0
2025-04-27,이월,스포츠,26818.181818181816,1.0,1160909.0909090908,8.0
2025-04-27,이월,여성,5554454.545454546,27.0,30405499.999999996,143.0
2025-04-27,이월,잡화,2970800.0,27.0,12147799.999999998,70.0
2025-04-27,입점,골프,284518.1818181818,4.0,7393209.09090909,68.0
2025-04-27,입점,남성,225727.2727272727,2.0,5275954.545454545,64.0
2025-04-27,입점,리빙,406818.1818181818,1.0,2658092.727272727,27.0
2025-04-27,입점,명품,1732181.818181818,8.0,5224090.909090909,28.0
2025-04-27,입점,뷰티,779636.3636363636,10.0,1840472.7272727273,25.0
2025-04-27,입점,슈즈,292727.2727272727,2.0,914454.5454545454,7.0
2025-04-27,입점,스포츠,913272.7272727273,9.0,2304218.181818182,49.0
2025-04-27,입점,아웃도어,800272.7272727272,4.0,1463318.1818181816,23.0
2025-04-27,입점,여성,791709.0909090908,5.0,2596427.272727273,40.0
2025-04-27,입점,잡화,250363.63636363635,4.0,123618.18181818187,17.0
2025-04-27,입점,키즈,56363.63636363637,1.0,2526100.0,40.0
2025-04-27,정상,골프,776636.3636363635,6.0,4133836.363636363,19.0
2025-04-27,정상,남성,1844863.636363636,13.0,15857609.090909086,76.0
2025-04-27,정상,뷰티,50090.90909090909,2.0,44363.63636363636,1.0
2025-04-27,정상,슈즈,2645254.545454545,22.0,2649545.454545454,19.0
2025-04-27,정상,스포츠,44545.454545454544,1.0,333636.3636363636,3.0
2025-04-27,정상,여성,3291909.0909090904,12.0,13915818.18181818,57.0
2025-04-27,정상,잡화,5657445.454545455,40.0,11891509.090909088,73.0
2025-04-28,이월,골프,1534909.0909090906,7.0,2619909.0909090918,16.0
2025-04-28,이월,남성,4082009.0909090904,28.0,16451918.18181818,114.0
2025-04-28,이월,슈즈,1593636.3636363635,14.0,2740763.636363636,22.0
2025-04-28,이월,스포츠,383636.3636363636,4.0,152000.00000000003,7.0
2025-04-28,이월,여성,4758727.272727273,26.0,18156090.909090906,107.0
2025-04-28,이월,잡화,3350636.3636363638,29.0,10182045.454545453,64.0
2025-04-28,입점,골프,814300.0,5.0,2160718.1818181816,18.0
2025-04-28,입점,남성,710500.0,7.0,4057418.1818181807,43.0
2025-04-28,입점,리빙,618043.6363636364,6.0,2768934.545454545,23.0
2025-04-28,입점,명품,951818.1818181818,0.0,10561454.545454547,19.0
2025-04-28,입점,뷰티,765900.0,15.0,1825181.8181818181,33.0
2025-04-28,입점,슈즈,-190909.09090909088,-1.0,623000.0,5.0
2025-04-28,입점,스포츠,242909.0909090909,4.0,1623290.9090909092,15.0
2025-04-28,입점,아웃도어,729454.5454545454,3.0,2189681.818181818,36.0
2025-04-28,입점,여성,227863.63636363635,3.0,3082527.2727272725,23.0
2025-04-28,입점,잡화,736499.9999999999,4.0,2504500.0,6.0
2025-04-28,입점,키즈,536145.4545454546,7.0,1093518.1818181819,26.0
2025-04-28,정상,골프,744872.7272727272,5.0,2443509.090909091,17.0
2025-04-28,정상,남성,211263.63636363624,18.0,10362263.636363637,64.0
2025-04-28,정상,뷰티,19636.363636363636,1.0,266000.0,2.0
2025-04-28,정상,슈즈,1418663.6363636362,14.0,2233136.3636363633,16.0
2025-04-28,정상,스포츠,0.0,0.0,370909.09090909094,2.0
2025-04-28,정상,여성,586545.4545454545,3.0,3972545.454545453,21.0
2025-04-28,정상,잡화,4687909.090909091,34.0,6524109.09090909,53.0
2025-04-29,이월,골프,1100418.1818181816,5.0,3035718.1818181816,14.0
2025-04-29,이월,남성,4385499.999999999,20.0,14969281.818181818,104.0
2025-04-29,이월,슈즈,949218.1818181816,11.0,3121572.7272727257,34.0
2025-04-29,이월,스포츠,89999.99999999999,2.0,1219727.2727272725,15.0
2025-04-29,이월,여성,1229318.1818181814,9.0,12794727.272727273,69.0
2025-04-29,이월,잡화,4124109.090909091,29.0,9662945.454545453,63.0
2025-04-29,입점,골프,1140181.8181818181,8.0,3849250.0,33.0
2025-04-29,입점,남성,555136.3636363636,3.0,4482309.090909089,46.0
2025-04-29,입점,리빙,604727.2727272727,6.0,2992007.2727272725,24.0
2025-04-29,입점,명품,116363.63636363635,1.0,5087909.090909091,8.0
2025-04-29,입점,뷰티,875436.3636363635,9.0,1626972.7272727273,31.0
2025-04-29,입점,슈즈,230909.09090909088,2.0,-165909.09090909088,0.0
2025-04-29,입점,스포츠,455945.4545454545,7.0,1386800.0,24.0
2025-04-29,입점,아웃도어,1286363.6363636362,5.0,1895354.5454545445,24.0
2025-04-29,입점,여성,331836.36363636365,6.0,3118499.999999999,64.0
2025-04-29,입점,잡화,0.0,0.0,1112545.4545454544,14.0
2025-04-29,입점,키즈,33818.181818181816,1.0,323581.8181818182,21.0
2025-04-29,정상,골프,597054.5454545455,6.0,1319436.3636363633,7.0
2025-04-29,정상,남성,2907645.454545454,23.0,9165290.90909091,48.0
2025-04-29,정상,뷰티,29999.999999999996,1.0,95999.99999999999,2.0
2025-04-29,정상,슈즈,997836.3636363636,11.0,2337863.6363636362,14.0
2025-04-29,정상,스포츠,451818.18181818177,3.0,179090.90909090912,3.0
2025-04-29,정상,여성,2711999.9999999995,13.0,5621045.454545456,21.0
2025-04-29,정상,잡화,5727718.181818181,44.0,8824090.90909091,54.0
2025-04-30,이월,골프,585763.6363636362,5.0,2447254.545454545,24.0
2025-04-30,이월,남성,5723418.181818181,37.0,20634636.36363636,123.0
2025-04-30,이월,슈즈,1115300.0,12.0,5690354.545454544,54.0
2025-04-30,이월,스포츠,245272.7272727273,4.0,724545.4545454544,13.0
2025-04-30,이월,여성,2781363.6363636353,15.0,10999454.545454545,66.0
2025-04-30,이월,잡화,4691436.363636363,34.0,7085572.727272728,55.0
2025-04-30,입점,골프,840254.5454545454,7.0,4232009.090909091,37.0
2025-04-30,입점,남성,464190.90909090906,5.0,2605036.363636364,23.0
2025-04-30,입점,리빙,525636.3636363636,5.0,1277179.9999999998,14.0
2025-04-30,입점,명품,3162090.9090909087,6.0,6268272.727272727,13.0
2025-04-30,입점,뷰티,646636.3636363638,8.0,2172318.1818181816,34.0
2025-04-30,입점,슈즈,-143636.36363636362,-1.0,203290.90909090906,0.0
2025-04-30,입점,스포츠,120727.27272727269,3.0,1893200.0,20.0
2025-04-30,입점,아웃도어,504636.3636363636,6.0,1540781.818181818,20.0
2025-04-30,입점,여성,554090.9090909091,8.0,762940.9090909092,19.0
2025-04-30,입점,잡화,387927.2727272727,3.0,322363.63636363635,4.0
2025-04-30,입점,키즈,7454.545454545456,1.0,1064909.0909090906,22.0
2025-04-30,정상,골프,1324090.909090909,5.0,1424890.9090909087,9.0
2025-04-30,정상,남성,2923818.1818181816,21.0,11894799.999999998,70.0
2025-04-30,정상,뷰티,205090.90909090906,3.0,109090.90909090909,1.0
2025-04-30,정상,슈즈,1684663.6363636362,26.0,1981545.4545454541,14.0
2025-04-30,정상,스포츠,0.0,0.0,0.0,0.0
2025-04-30,정상,여성,1865090.9090909092,10.0,10056227.27272727,35.0
2025-04-30,정상,잡화,5231509.090909091,42.0,8346799.999999999,64.0
2025-05-01,이월,골프,366636.36363636365,2.0,5366227.272727272,29.0
2025-05-01,이월,남성,7578345.454545455,37.0,24374963.636363626,133.0
2025-05-01,이월,슈즈,2719754.545454545,21.0,3876299.9999999995,42.0
2025-05-01,이월,스포츠,293727.2727272727,5.0,1063000.0,18.0
2025-05-01,이월,여성,2761954.545454546,17.0,23287363.636363633,114.0
2025-05-01,이월,잡화,3805872.7272727275,32.0,13198509.090909092,87.0
2025-05-01,입점,골프,3638381.8181818184,11.0,5458336.363636361,55.0
2025-05-01,입점,남성,426727.2727272727,4.0,3792809.090909091,38.0
2025-05-01,입점,리빙,313672.72727272724,3.0,3199014.545454546,29.0
2025-05-01,입점,명품,1539909.0909090906,5.0,17512545.454545453,32.0
2025-05-01,입점,뷰티,699272.7272727272,11.0,2723054.5454545454,40.0
2025-05-01,입점,슈즈,364181.81818181823,2.0,1188181.818181818,7.0
2025-05-01,입점,스포츠,429727.2727272727,6.0,2717709.090909091,40.0
2025-05-01,입점,아웃도어,313090.90909090906,4.0,3712227.2727272725,42.0
2025-05-01,입점,여성,2650909.0909090913,34.0,3993845.454545455,51.0
2025-05-01,입점,잡화,61818.181818181816,1.0,559454.5454545454,8.0
2025-05-01,입점,키즈,35454.54545454545,1.0,1050318.1818181816,19.0
2025-05-01,정상,골프,1417227.2727272725,9.0,1554963.636363636,15.0
2025-05-01,정상,남성,3965454.545454546,17.0,11087927.27272727,66.0
2025-05-01,정상,뷰티,51272.727272727265,2.0,43636.36363636363,2.0
2025-05-01,정상,슈즈,3011299.9999999995,30.0,3765554.5454545454,33.0
2025-05-01,정상,스포츠,0.0,0.0,71818.18181818181,1.0
2025-05-01,정상,여성,2672636.3636363633,7.0,12741136.363636361,49.0
2025-05-01,정상,잡화,4501745.454545455,34.0,10987127.272727275,65.0
2025-05-02,이월,골프,634309.0909090908,2.0,4042072.7272727275,13.0
2025-05-02,이월,남성,5233881.818181817,25.0,16393590.909090912,94.0
2025-05-02,이월,슈즈,2667063.6363636362,19.0,4193327.272727273,41.0
2025-05-02,이월,스포츠,517454.54545454547,8.0,1117000.0,13.0
2025-05-02,이월,여성,2013818.181818182,4.0,6442136.363636365,41.0
2025-05-02,이월,잡화,5484945.454545454,38.0,9530454.545454547,56.0
2025-05-02,입점,골프,23109.090909090883,1.0,2093490.9090909087,21.0
2025-05-02,입점,남성,483909.0909090909,4.0,1143600.0,12.0
2025-05-02,입점,리빙,814636.3636363635,6.0,2298927.2727272725,13.0
2025-05-02,입점,명품,1034363.6363636362,4.0,-5221909.090909089,5.0
2025-05-02,입점,뷰티,803090.909090909,16.0,3466699.9999999986,64.0
2025-05-02,입점,슈즈,373636.3636363636,3.0,1443818.1818181816,7.0
2025-05-02,입점,스포츠,291181.8181818181,3.0,478454.5454545455,7.0
2025-05-02,입점,아웃도어,577509.0909090908,5.0,2181345.4545454546,23.0
2025-05-02,입점,여성,-132545.4545454546,10.0,235418.18181818177,13.0
2025-05-02,입점,잡화,266363.63636363635,3.0,238727.27272727265,4.0
2025-05-02,입점,키즈,0.0,0.0,696181.8181818181,10.0
2025-05-02,정상,골프,677272.7272727273,5.0,2893172.7272727275,11.0
2025-05-02,정상,남성,2601318.1818181816,17.0,6049045.454545453,41.0
2025-05-02,정상,뷰티,89454.54545454544,3.0,0.0,0.0
2025-05-02,정상,슈즈,2075936.3636363633,22.0,1023718.1818181816,11.0
2025-05-02,정상,스포츠,0.0,0.0,90000.0,1.0
2025-05-02,정상,여성,3858272.727272727,11.0,2660590.9090909082,19.0
2025-05-02,정상,잡화,4436390.909090909,30.0,8431145.454545453,58.0
2025-05-03,이월,골프,2159645.4545454546,13.0,4026545.4545454537,24.0
2025-05-03,이월,남성,5713072.7272727275,23.0,20733300.0,97.0
2025-05-03,이월,슈즈,2436681.8181818174,23.0,2989272.7272727266,28.0
2025-05-03,이월,스포츠,101181.81818181818,1.0,613909.0909090908,11.0
2025-05-03,이월,여성,3174545.4545454537,15.0,26087090.909090918,101.0
2025-05-03,이월,잡화,3894709.090909091,33.0,8613418.18181818,63.0
2025-05-03,입점,골프,2092354.5454545452,17.0,4856581.818181818,52.0
2025-05-03,입점,남성,573000.0,5.0,2730672.727272726,30.0
2025-05-03,입점,리빙,510472.7272727272,7.0,1216545.4545454541,17.0
2025-05-03,입점,명품,1453636.3636363633,5.0,4307272.727272727,12.0
2025-05-03,입점,뷰티,1133727.2727272727,16.0,2808627.272727273,27.0
2025-05-03,입점,슈즈,0.0,0.0,329518.18181818177,4.0
2025-05-03,입점,스포츠,713090.909090909,8.0,1093090.909090909,13.0
2025-05-03,입점,아웃도어,515000.0,3.0,2895272.727272727,38.0
2025-05-03,입점,여성,1189545.4545454546,18.0,3060399.999999999,43.0
2025-05-03,입점,잡화,28181.81818181818,1.0,1114409.0909090908,10.0
2025-05-03,입점,키즈,261754.5454545454,2.0,794781.8181818181,15.0
2025-05-03,정상,골프,593181.8181818181,3.0,1856145.4545454541,8.0
2025-05-03,정상,남성,2014500.0,13.0,8372909.090909089,49.0
2025-05-03,정상,뷰티,157090.90909090906,3.0,78181.81818181818,1.0
2025-05-03,정상,슈즈,1094936.3636363635,15.0,893436.3636363636,9.0
2025-05-03,정상,스포츠,0.0,0.0,153636.36363636362,1.0
2025-05-03,정상,여성,1895136.3636363638,7.0,10080727.272727273,38.0
2025-05-03,정상,잡화,3189009.0909090904,22.0,8002418.181818182,58.0
2025-05-04,이월,골프,769299.9999999999,5.0,2990381.818181818,16.0
2025-05-04,이월,남성,3132863.6363636353,23.0,17992581.81818182,105.0
2025-05-04,이월,슈즈,1497272.727272727,13.0,3315572.727272727,32.0
2025-05-04,이월,스포츠,579181.8181818181,9.0,828090.9090909091,14.0
2025-05-04,이월,여성,5751000.0,22.0,18710545.454545446,85.0
2025-05-04,이월,잡화,3504709.09090909,29.0,8958563.636363637,70.0
2025-05-04,입점,골프,697736.3636363635,7.0,5449863.636363636,44.0
2025-05-04,입점,남성,238454.54545454535,2.0,1969154.5454545454,29.0
2025-05-04,입점,리빙,369818.18181818177,7.0,627454.5454545454,11.0
2025-05-04,입점,명품,2192636.3636363633,4.0,11797636.363636361,15.0
2025-05-04,입점,뷰티,1232090.9090909092,12.0,2417490.909090909,28.0
2025-05-04,입점,슈즈,270909.0909090909,2.0,490090.90909090906,3.0
2025-05-04,입점,스포츠,311545.45454545453,6.0,1709945.4545454544,17.0
2025-05-04,입점,아웃도어,119727.27272727274,3.0,3751399.9999999995,50.0
2025-05-04,입점,여성,447090.9090909091,4.0,2144309.090909091,37.0
2025-05-04,입점,잡화,0.0,0.0,3364972.727272727,8.0
2025-05-04,입점,키즈,135727.2727272727,2.0,869454.5454545454,16.0
2025-05-04,정상,골프,618363.6363636364,3.0,1739790.9090909087,10.0
2025-05-04,정상,남성,1227545.4545454544,11.0,8094045.454545454,50.0
2025-05-04,정상,뷰티,30545.454545454544,1.0,78181.81818181818,1.0
2025-05-04,정상,슈즈,2929718.1818181816,25.0,1580618.1818181819,18.0
2025-05-04,정상,스포츠,0.0,0.0,0.0,0.0
2025-05-04,정상,여성,977999.9999999999,5.0,9366954.545454547,36.0
2025-05-04,정상,잡화,2717472.727272727,20.0,8829699.999999998,63.0
2025-05-05,이월,골프,701545.4545454545,6.0,3950681.818181818,23.0
2025-05-05,이월,남성,4062590.9090909096,32.0,19724472.727272727,104.0
2025-05-05,이월,슈즈,1622636.3636363635,16.0,3158781.818181819,31.0
2025-05-05,이월,스포츠,343181.8181818182,4.0,1008272.7272727273,8.0
2025-05-05,이월,여성,3055272.7272727266,12.0,18824999.999999996,75.0
2025-05-05,이월,잡화,1359563.6363636362,11.0,13258490.909090906,76.0
2025-05-05,입점,골프,659663.6363636362,7.0,8293899.999999999,62.0
2025-05-05,입점,남성,250090.90909090906,3.0,2758681.818181818,40.0
2025-05-05,입점,리빙,267636.36363636365,3.0,1174370.9090909092,21.0
2025-05-05,입점,명품,355454.5454545454,1.0,4372818.181818182,13.0
2025-05-05,입점,뷰티,1242272.727272727,19.0,3656259.0909090904,40.0
2025-05-05,입점,슈즈,218181.81818181818,1.0,608509.0909090909,6.0
2025-05-05,입점,스포츠,9090.909090909103,0.0,1370818.1818181816,20.0
2025-05-05,입점,아웃도어,1237172.7272727273,10.0,10204554.545454545,63.0
2025-05-05,입점,여성,754636.3636363635,11.0,3510909.0909090904,53.0
2025-05-05,입점,잡화,59027.27272727272,2.0,1729690.909090909,12.0
2025-05-05,입점,키즈,-49545.454545454544,0.0,943499.9999999999,11.0
2025-05-05,정상,골프,988363.6363636364,7.0,2176281.8181818184,15.0
2025-05-05,정상,남성,1083318.1818181819,5.0,8719245.454545455,45.0
2025-05-05,정상,뷰티,167272.72727272726,4.0,29999.999999999996,1.0
2025-05-05,정상,슈즈,2602554.5454545454,26.0,1183781.8181818181,14.0
2025-05-05,정상,스포츠,0.0,0.0,-108181.81818181818,-1.0
2025-05-05,정상,여성,1364818.1818181816,6.0,4175227.272727272,20.0
2025-05-05,정상,잡화,2817072.727272727,22.0,9263063.636363637,51.0
2025-05-06,이월,골프,883999.9999999999,7.0,5528300.0,30.0
2025-05-06,이월,남성,1831763.6363636362,16.0,21477963.636363633,119.0
2025-05-06,이월,슈즈,1468318.1818181816,12.0,1434709.0909090904,18.0
2025-05-06,이월,스포츠,-27272.727272727265,0.0,840545.4545454546,12.0
2025-05-06,이월,여성,1473409.0909090906,8.0,23106181.818181828,91.0
2025-05-06,이월,잡화,1696272.7272727273,13.0,11588454.545454545,73.0
2025-05-06,입점,골프,1780190.9090909087,12.0,8386654.545454548,76.0
2025-05-06,입점,남성,265327.2727272727,5.0,5157843.636363634,34.0
2025-05-06,입점,리빙,125454.54545454544,1.0,2111465.454545454,24.0
2025-05-06,입점,명품,1357272.727272727,2.0,11108636.363636363,13.0
2025-05-06,입점,뷰티,1124636.3636363635,13.0,3597618.1818181807,64.0
2025-05-06,입점,슈즈,43209.090909090904,1.0,267681.8181818182,3.0
2025-05-06,입점,스포츠,432545.45454545453,6.0,2816563.6363636367,31.0
2025-05-06,입점,아웃도어,1185727.2727272725,4.0,10899845.454545448,86.0
2025-05-06,입점,여성,470136.36363636365,7.0,3136972.727272726,42.0
2025-05-06,입점,잡화,200281.81818181818,5.0,660454.5454545453,9.0
2025-05-06,입점,키즈,24545.454545454544,1.0,1552372.727272727,27.0
2025-05-06,정상,골프,116963.63636363635,1.0,2878827.272727272,18.0
2025-05-06,정상,남성,2930636.3636363638,14.0,12569409.090909084,66.0
2025-05-06,정상,뷰티,170181.81818181818,3.0,102545.45454545453,3.0
2025-05-06,정상,슈즈,716209.0909090908,12.0,2740954.5454545454,17.0
2025-05-06,정상,스포츠,0.0,-1.0,226363.63636363635,1.0
2025-05-06,정상,여성,1782181.8181818181,7.0,11244181.818181818,34.0
2025-05-06,정상,잡화,3599909.0909090913,29.0,11426118.18181818,81.0
2025-05-07,이월,골프,1945181.818181818,8.0,8519200.0,38.0
2025-05-07,이월,남성,6073609.09090909,35.0,13636990.909090905,76.0
2025-05-07,이월,슈즈,1699136.3636363635,19.0,3773554.545454545,31.0
2025-05-07,이월,스포츠,181181.81818181818,3.0,1902545.454545454,22.0
2025-05-07,이월,여성,3599636.3636363633,17.0,19327045.454545457,65.0
2025-05-07,이월,잡화,4382054.545454546,37.0,8207709.090909093,53.0
2025-05-07,입점,골프,984645.4545454545,5.0,1011709.0909090909,3.0
2025-05-07,입점,남성,-350999.99999999994,-1.0,941890.9090909095,11.0
2025-05-07,입점,리빙,300454.5454545454,5.0,698727.2727272726,17.0
2025-05-07,입점,명품,1932999.9999999998,4.0,1879181.8181818186,2.0
2025-05-07,입점,뷰티,1213827.2727272727,17.0,2487327.2727272725,39.0
2025-05-07,입점,슈즈,266000.0,1.0,920572.7272727272,5.0
2025-05-07,입점,스포츠,-80818.18181818178,-1.0,961527.2727272728,17.0
2025-05-07,입점,아웃도어,255999.99999999997,3.0,1536636.363636363,19.0
2025-05-07,입점,여성,353572.72727272724,4.0,-1116318.181818181,2.0
2025-05-07,입점,잡화,134500.0,3.0,1317272.727272727,11.0
2025-05-07,입점,키즈,50727.27272727273,2.0,763636.3636363634,6.0
2025-05-07,정상,골프,173272.72727272724,0.0,1826727.2727272727,11.0
2025-05-07,정상,남성,4632863.636363637,21.0,14931109.09090909,77.0
2025-05-07,정상,뷰티,167636.36363636365,5.0,32727.272727272724,1.0
2025-05-07,정상,슈즈,1329463.6363636362,20.0,1733581.8181818184,22.0
2025-05-07,정상,스포츠,144545.45454545453,1.0,0.0,0.0
2025-05-07,정상,여성,2604863.636363636,9.0,10200727.27272727,27.0
2025-05-07,정상,잡화,3606172.727272727,28.0,6097545.454545454,58.0
2025-05-08,이월,골프,389381.81818181823,5.0,3173281.818181819,22.0
2025-05-08,이월,남성,2899536.3636363624,20.0,20043618.18181818,95.0
2025-05-08,이월,리빙,0.0,0.0,25272.727272727272,1.0
2025-05-08,이월,슈즈,1534454.5454545456,12.0,3887454.545454543,35.0
2025-05-08,이월,스포츠,233681.81818181818,4.0,1267390.909090909,18.0
2025-05-08,이월,여성,1202500.0,10.0,14501227.272727275,43.0
2025-05-08,이월,잡화,5242436.363636362,38.0,8430236.363636363,38.0
2025-05-08,입점,골프,468300.0,7.0,3035054.545454546,31.0
2025-05-08,입점,남성,20727.272727272735,1.0,1100718.1818181816,18.0
2025-05-08,입점,리빙,1432272.7272727273,10.0,1747263.6363636367,23.0
2025-05-08,입점,명품,1655545.4545454546,4.0,7705636.363636363,15.0
2025-05-08,입점,뷰티,1654181.8181818181,12.0,2825054.545454544,42.0
2025-05-08,입점,슈즈,152727.2727272727,1.0,373063.63636363635,1.0
2025-05-08,입점,스포츠,617272.7272727272,7.0,1816463.6363636362,20.0
2025-05-08,입점,아웃도어,726827.2727272726,6.0,723936.3636363636,10.0
2025-05-08,입점,여성,-80454.54545454544,-2.0,-1456563.636363636,-9.0
2025-05-08,입점,잡화,498181.8181818181,1.0,371318.18181818177,3.0
2025-05-08,입점,키즈,60072.72727272727,2.0,182627.2727272727,1.0
2025-05-08,정상,골프,703581.8181818182,3.0,1777409.0909090908,12.0
2025-05-08,정상,남성,3919454.545454545,29.0,4882409.090909091,33.0
2025-05-08,정상,뷰티,386727.2727272727,6.0,23999.999999999996,1.0
2025-05-08,정상,슈즈,1480963.6363636362,21.0,1420590.9090909092,18.0
2025-05-08,정상,스포츠,80909.0909090909,1.0,0.0,0.0
2025-05-08,정상,여성,984363.6363636362,2.0,3431454.545454545,13.0
2025-05-08,정상,잡화,7153545.454545452,46.0,7362463.636363639,52.0
2025-05-09,이월,골프,465899.99999999994,2.0,2499527.272727272,15.0
2025-05-09,이월,남성,2472509.090909091,15.0,8324918.181818182,49.0
2025-05-09,이월,슈즈,1246800.0,12.0,2425772.727272727,19.0
2025-05-09,이월,스포츠,131000.00000000001,1.0,1508272.727272727,17.0
2025-05-09,이월,여성,3293409.0909090904,14.0,9968636.36363636,39.0
2025-05-09,이월,잡화,3048036.3636363638,18.0,6563963.636363636,46.0
2025-05-09,입점,골프,906727.2727272728,6.0,2140718.1818181816,14.0
2025-05-09,입점,남성,-66545.45454545453,-1.0,-89509.09090909077,2.0
2025-05-09,입점,리빙,799836.3636363635,5.0,1603727.2727272732,19.0
2025-05-09,입점,명품,429545.4545454545,2.0,-927909.0909090906,3.0
2025-05-09,입점,뷰티,1216781.8181818184,16.0,1835318.1818181816,32.0
2025-05-09,입점,슈즈,-152727.2727272727,-1.0,323636.36363636365,3.0
2025-05-09,입점,스포츠,158454.54545454553,2.0,1693618.1818181814,27.0
2025-05-09,입점,아웃도어,-459818.18181818165,-1.0,101999.99999999988,1.0
2025-05-09,입점,여성,292454.54545454547,4.0,1893363.6363636365,17.0
2025-05-09,입점,잡화,76154.54545454546,1.0,202272.72727272726,4.0
2025-05-09,입점,키즈,0.0,0.0,576872.7272727272,12.0
2025-05-09,정상,골프,16818.181818181823,1.0,1935581.818181818,12.0
2025-05-09,정상,남성,5468727.272727273,27.0,11144390.909090905,44.0
2025-05-09,정상,뷰티,0.0,0.0,226363.63636363635,2.0
2025-05-09,정상,슈즈,2381618.181818181,24.0,3564700.0,18.0
2025-05-09,정상,스포츠,153636.36363636362,1.0,161818.1818181818,2.0
2025-05-09,정상,여성,-629227.2727272727,2.0,1452363.636363636,4.0
2025-05-09,정상,잡화,4992199.999999999,29.0,8296454.545454546,63.0
2025-05-10,이월,골프,45818.18181818181,0.0,1857236.3636363635,14.0
2025-05-10,이월,남성,1066545.4545454541,9.0,11633518.18181818,62.0
2025-05-10,이월,슈즈,1092454.5454545454,10.0,2932727.2727272725,30.0
2025-05-10,이월,스포츠,330363.63636363635,4.0,1406418.1818181819,23.0
2025-05-10,이월,여성,843045.4545454545,10.0,11307136.363636363,69.0
2025-05-10,이월,잡화,1881072.727272727,12.0,7231581.818181818,44.0
2025-05-10,입점,골프,1507054.5454545454,14.0,9689818.181818184,72.0
2025-05-10,입점,남성,140727.2727272727,2.0,3080927.2727272725,38.0
2025-05-10,입점,리빙,1138181.8181818181,7.0,1900363.6363636362,24.0
2025-05-10,입점,명품,538181.8181818181,2.0,3713363.6363636362,11.0
2025-05-10,입점,뷰티,449709.0909090909,9.0,2330136.3636363633,34.0
2025-05-10,입점,슈즈,329999.99999999994,3.0,551454.5454545454,5.0
2025-05-10,입점,스포츠,317727.27272727265,5.0,1564763.6363636362,24.0
2025-05-10,입점,아웃도어,1041818.1818181816,4.0,970545.4545454544,15.0
2025-05-10,입점,여성,608363.6363636364,7.0,1633236.3636363633,26.0
2025-05-10,입점,잡화,173863.63636363632,3.0,390772.72727272724,8.0
2025-05-10,입점,키즈,196809.09090909088,4.0,639409.0909090909,13.0
2025-05-10,정상,골프,913618.1818181816,6.0,316254.54545454547,7.0
2025-05-10,정상,남성,2551727.2727272725,12.0,5481500.0,30.0
2025-05-10,정상,뷰티,108727.27272727272,2.0,0.0,0.0
2025-05-10,정상,슈즈,2652609.090909091,25.0,1594518.1818181816,23.0
2025-05-10,정상,스포츠,0.0,0.0,370818.18181818177,3.0
2025-05-10,정상,여성,4069863.636363636,13.0,5784500.0,35.0
2025-05-10,정상,잡화,2342527.2727272725,23.0,6712872.727272727,54.0
2025-05-11,이월,골프,1429936.3636363635,7.0,3072054.5454545445,21.0
2025-05-11,이월,남성,2282272.7272727275,16.0,27205527.27272727,135.0
2025-05-11,이월,슈즈,1764590.909090909,17.0,4324618.181818181,41.0
2025-05-11,이월,스포츠,575181.8181818181,9.0,2023481.8181818177,29.0
2025-05-11,이월,여성,2184409.0909090904,12.0,24160500.0,93.0
2025-05-11,이월,잡화,4017181.8181818174,15.0,11338799.999999994,52.0
2025-05-11,입점,골프,1452618.1818181819,8.0,5719927.2727272725,60.0
2025-05-11,입점,남성,342454.5454545454,5.0,4164136.3636363624,52.0
2025-05-11,입점,리빙,185454.54545454544,2.0,1264136.3636363635,17.0
2025-05-11,입점,명품,80909.0909090909,1.0,1595636.3636363633,10.0
2025-05-11,입점,뷰티,632363.6363636362,12.0,2721600.0,42.0
2025-05-11,입점,슈즈,-101818.18181818181,-1.0,920818.1818181818,5.0
2025-05-11,입점,스포츠,549363.6363636364,9.0,2065563.6363636362,40.0
2025-05-11,입점,아웃도어,142854.54545454544,3.0,987545.4545454546,17.0
2025-05-11,입점,여성,273136.3636363636,8.0,2575509.0909090904,39.0
2025-05-11,입점,잡화,147727.2727272727,2.0,467254.5454545454,11.0
2025-05-11,입점,키즈,328490.90909090906,4.0,471409.0909090909,11.0
2025-05-11,정상,골프,1610872.727272727,3.0,3402981.8181818184,14.0
2025-05-11,정상,남성,3213636.3636363633,19.0,10310636.363636361,64.0
2025-05-11,정상,뷰티,302727.2727272727,2.0,0.0,0.0
2025-05-11,정상,슈즈,2193018.1818181816,29.0,1679199.9999999998,29.0
2025-05-11,정상,스포츠,144545.45454545453,0.0,411090.90909090906,2.0
2025-05-11,정상,여성,5407909.090909091,16.0,16285818.181818182,60.0
2025-05-11,정상,잡화,2623163.6363636353,24.0,13453836.363636363,116.0
2025-05-12,이월,골프,1171636.3636363635,7.0,5095018.181818182,24.0
2025-05-12,이월,남성,3616372.7272727266,19.0,16821927.272727273,86.0
2025-05-12,이월,슈즈,1016181.8181818182,11.0,4552254.545454546,38.0
2025-05-12,이월,스포츠,714272.7272727273,9.0,2244454.5454545454,48.0
2025-05-12,이월,여성,3405727.2727272725,15.0,8547454.545454547,44.0
2025-05-12,이월,잡화,2281618.181818181,18.0,5991309.090909091,39.0
2025-05-12,입점,골프,219927.27272727265,4.0,61272.72727272731,7.0
2025-05-12,입점,남성,293909.0909090909,3.0,1757636.3636363638,27.0
2025-05-12,입점,리빙,797727.2727272727,2.0,5740852.727272728,33.0
2025-05-12,입점,명품,-49090.909090909,0.0,4358909.090909089,9.0
2025-05-12,입점,뷰티,1415363.6363636365,17.0,2997109.0909090918,45.0
2025-05-12,입점,슈즈,452545.45454545453,1.0,480727.27272727265,6.0
2025-05-12,입점,스포츠,678454.5454545454,4.0,1795918.1818181819,29.0
2025-05-12,입점,아웃도어,392727.2727272727,3.0,792027.2727272727,6.0
2025-05-12,입점,여성,685800.0,6.0,291945.4545454545,5.0
2025-05-12,입점,잡화,-306181.8181818182,2.0,685727.2727272726,7.0
2025-05-12,입점,키즈,0.0,0.0,589890.909090909,17.0
2025-05-12,정상,골프,367200.0,4.0,4143136.3636363633,10.0
2025-05-12,정상,남성,2121499.9999999995,15.0,6262627.272727272,39.0
2025-05-12,정상,뷰티,218363.63636363635,5.0,108727.27272727272,2.0
2025-05-12,정상,슈즈,2919163.636363636,25.0,2994309.090909091,31.0
2025-05-12,정상,스포츠,0.0,0.0,649454.5454545454,3.0
2025-05-12,정상,여성,1793772.727272727,5.0,9059772.727272727,20.0
2025-05-12,정상,잡화,5074690.909090907,34.0,15328500.000000006,136.0
2025-05-13,이월,골프,228781.81818181815,2.0,3318199.9999999995,35.0
2025-05-13,이월,남성,2722954.5454545454,18.0,13683436.363636361,83.0
2025-05-13,이월,슈즈,1178509.0909090906,16.0,3005627.2727272715,28.0
2025-05-13,이월,스포츠,118181.81818181816,2.0,1478754.545454545,22.0
2025-05-13,이월,여성,-157454.54545454532,7.0,2452772.727272727,24.0
2025-05-13,이월,잡화,3494327.272727272,18.0,7131590.909090908,41.0
2025-05-13,입점,골프,2027045.4545454546,12.0,3372636.3636363633,19.0
2025-05-13,입점,남성,674363.6363636364,8.0,2487218.181818181,33.0
2025-05-13,입점,리빙,575272.7272727273,5.0,2003545.4545454541,30.0
2025-05-13,입점,명품,1070545.4545454546,6.0,12010000.0,16.0
2025-05-13,입점,뷰티,674418.1818181818,14.0,2033263.6363636365,36.0
2025-05-13,입점,슈즈,370545.45454545453,3.0,-252727.2727272727,-2.0
2025-05-13,입점,스포츠,284072.72727272706,2.0,2170309.09090909,34.0
2025-05-13,입점,아웃도어,768609.0909090908,2.0,1173336.3636363633,13.0
2025-05-13,입점,여성,88809.09090909094,-1.0,896309.0909090907,10.0
2025-05-13,입점,잡화,35636.36363636363,1.0,513863.63636363624,6.0
2025-05-13,입점,키즈,77272.72727272726,1.0,677454.5454545452,18.0
2025-05-13,정상,골프,450781.8181818181,4.0,-133200.0,3.0
2025-05-13,정상,남성,4526072.7272727275,26.0,8531718.18181818,47.0
2025-05-13,정상,뷰티,208727.2727272727,4.0,58181.81818181818,2.0
2025-05-13,정상,슈즈,3310509.0909090904,29.0,6094063.636363636,54.0
2025-05-13,정상,스포츠,191181.81818181818,2.0,540818.1818181818,2.0
2025-05-13,정상,여성,1603818.1818181816,7.0,8417727.272727272,25.0
2025-05-13,정상,잡화,4452036.363636363,32.0,6929463.636363637,60.0
2025-05-14,이월,골프,1403627.2727272725,7.0,6187900.0,41.0
2025-05-14,이월,남성,4632972.7272727275,26.0,14096618.18181818,88.0
2025-05-14,이월,슈즈,1920427.2727272725,20.0,2389136.363636363,23.0
2025-05-14,이월,스포츠,145090.90909090906,2.0,1794909.0909090906,24.0
2025-05-14,이월,여성,5324090.909090909,22.0,12593727.272727272,47.0
2025-05-14,이월,잡화,3107236.3636363638,24.0,7541245.454545453,44.0
2025-05-14,입점,골프,877654.5454545454,2.0,3876481.8181818174,19.0
2025-05-14,입점,남성,626181.8181818181,3.0,3805945.454545455,41.0
2025-05-14,입점,리빙,360454.5454545454,5.0,1912809.0909090908,24.0
2025-05-14,입점,명품,1432545.4545454546,7.0,5306090.909090909,18.0
2025-05-14,입점,뷰티,836181.8181818181,16.0,1896854.5454545454,25.0
2025-05-14,입점,슈즈,53636.36363636365,1.0,73954.54545454541,1.0
2025-05-14,입점,스포츠,153181.81818181818,6.0,1998890.909090909,30.0
2025-05-14,입점,아웃도어,344454.5454545454,10.0,1318909.090909091,19.0
2025-05-14,입점,여성,164590.90909090906,2.0,2167893.6363636367,33.0
2025-05-14,입점,잡화,88072.72727272726,3.0,1440000.0000000002,11.0
2025-05-14,입점,키즈,167036.36363636362,2.0,658145.4545454547,9.0
2025-05-14,정상,골프,2282327.272727273,7.0,1272609.0909090908,11.0
2025-05-14,정상,남성,5427954.545454545,23.0,8374363.636363637,61.0
2025-05-14,정상,뷰티,306818.1818181818,1.0,87272.72727272726,2.0
2025-05-14,정상,슈즈,5617209.09090909,46.0,8085263.636363638,59.0
2025-05-14,정상,스포츠,161818.1818181818,2.0,398272.7272727273,1.0
2025-05-14,정상,여성,2468454.5454545454,9.0,5721499.999999998,22.0
2025-05-14,정상,잡화,4619454.545454545,36.0,9271509.09090909,57.0
2025-05-15,이월,골프,806727.2727272727,2.0,2321718.1818181807,14.0
2025-05-15,이월,남성,3529209.0909090904,26.0,8567345.454545455,65.0
2025-05-15,이월,슈즈,1569890.9090909085,14.0,4091418.1818181807,32.0
2025-05-15,이월,스포츠,-49545.454545454544,-1.0,1443454.5454545454,15.0
2025-05-15,이월,여성,4111000.0,23.0,8754181.81818182,54.0
2025-05-15,이월,잡화,3729263.636363636,29.0,5694599.999999999,38.0
2025-05-15,입점,골프,429745.4545454545,5.0,1412090.9090909087,18.0
2025-05-15,입점,남성,-70363.63636363635,1.0,1716018.1818181816,17.0
2025-05-15,입점,리빙,231818.1818181818,3.0,3100454.545454546,21.0
2025-05-15,입점,명품,-431272.7272727273,2.0,-9955181.818181818,4.0
2025-05-15,입점,뷰티,932936.3636363636,12.0,4500845.454545454,48.0
2025-05-15,입점,슈즈,126363.63636363635,1.0,212363.63636363635,3.0
2025-05-15,입점,스포츠,312109.0909090909,7.0,3202654.5454545454,39.0
2025-05-15,입점,아웃도어,251363.63636363632,1.0,1188772.7272727273,16.0
2025-05-15,입점,여성,127490.90909090906,2.0,633545.4545454545,14.0
2025-05-15,입점,잡화,12272.727272727272,1.0,400227.27272727265,3.0
2025-05-15,입점,키즈,78945.45454545454,1.0,1108609.0909090908,16.0
2025-05-15,정상,골프,302645.4545454545,2.0,1363327.2727272727,9.0
2025-05-15,정상,남성,2559818.181818181,21.0,6670909.090909089,50.0
2025-05-15,정상,뷰티,469999.99999999994,3.0,92727.27272727272,3.0
2025-05-15,정상,슈즈,4470245.454545453,33.0,8319681.818181819,60.0
2025-05-15,정상,스포츠,307272.72727272724,2.0,572909.0909090908,3.0
2025-05-15,정상,여성,3927863.6363636367,11.0,3788499.9999999995,21.0
2025-05-15,정상,잡화,3353836.363636363,30.0,7831409.090909091,56.0
2025-05-16,이월,골프,811590.909090909,5.0,2128727.2727272725,14.0
2025-05-16,이월,남성,2152427.272727272,12.0,9321772.727272725,76.0
2025-05-16,이월,슈즈,1554645.4545454544,13.0,3393027.2727272715,30.0
2025-05-16,이월,스포츠,367181.8181818182,7.0,1399636.3636363635,20.0
2025-05-16,이월,여성,2516545.4545454546,10.0,16574727.272727277,70.0
2025-05-16,이월,잡화,3776545.454545455,27.0,5920781.818181817,34.0
2025-05-16,입점,골프,1404890.909090909,11.0,3840554.545454546,22.0
2025-05-16,입점,남성,-27181.818181818147,1.0,1911790.9090909085,23.0
2025-05-16,입점,리빙,482636.3636363636,4.0,990327.2727272727,11.0
2025-05-16,입점,명품,448181.8181818181,1.0,7018090.909090908,11.0
2025-05-16,입점,뷰티,1331000.0,14.0,1102854.5454545454,21.0
2025-05-16,입점,슈즈,63109.090909090904,1.0,151363.63636363635,2.0
2025-05-16,입점,스포츠,106363.63636363635,2.0,4103018.1818181807,18.0
2025-05-16,입점,아웃도어,539727.2727272727,6.0,2552809.0909090904,19.0
2025-05-16,입점,여성,41181.81818181819,1.0,1393054.5454545454,18.0
2025-05-16,입점,잡화,144000.0,1.0,316272.72727272724,6.0
2025-05-16,입점,키즈,89909.0909090909,1.0,1232227.2727272725,21.0
2025-05-16,정상,골프,575945.4545454545,6.0,4581700.0,5.0
2025-05-16,정상,남성,2217063.6363636362,15.0,5717990.909090908,43.0
2025-05-16,정상,뷰티,0.0,0.0,64545.45454545454,2.0
2025-05-16,정상,슈즈,3270436.3636363638,32.0,3222890.9090909096,22.0
2025-05-16,정상,스포츠,0.0,0.0,81818.18181818182,1.0
2025-05-16,정상,여성,1780590.909090909,8.0,5531909.090909091,29.0
2025-05-16,정상,잡화,3530736.363636363,24.0,7677290.909090908,44.0
2025-05-17,이월,골프,1322781.8181818181,7.0,2257372.727272727,16.0
2025-05-17,이월,남성,5369245.454545454,20.0,16589909.090909088,82.0
2025-05-17,이월,슈즈,1489172.727272727,16.0,2217463.6363636362,23.0
2025-05-17,이월,스포츠,176909.09090909088,2.0,725909.0909090908,10.0
2025-05-17,이월,여성,1358363.6363636362,11.0,11811909.090909086,80.0
2025-05-17,이월,잡화,3306863.636363636,23.0,5179609.090909091,40.0
2025-05-17,입점,골프,902199.9999999999,10.0,3744090.9090909087,29.0
2025-05-17,입점,남성,240818.1818181818,4.0,3387909.0909090904,35.0
2025-05-17,입점,리빙,320727.2727272727,4.0,1956718.1818181819,19.0
2025-05-17,입점,명품,3207454.5454545454,3.0,7470681.818181817,19.0
2025-05-17,입점,뷰티,1599509.090909091,12.0,1579136.3636363638,19.0
2025-05-17,입점,슈즈,860181.8181818181,6.0,681999.9999999999,5.0
2025-05-17,입점,스포츠,214545.45454545453,4.0,3380800.0,19.0
2025-05-17,입점,아웃도어,288363.63636363635,2.0,1782345.4545454544,16.0
2025-05-17,입점,여성,310818.18181818177,5.0,1585690.9090909094,22.0
2025-05-17,입점,잡화,218209.09090909088,4.0,1257136.3636363635,16.0
2025-05-17,입점,키즈,0.0,0.0,829563.6363636364,16.0
2025-05-17,정상,골프,636545.4545454545,5.0,730454.5454545453,6.0
2025-05-17,정상,남성,3102272.727272727,23.0,7164190.909090908,33.0
2025-05-17,정상,뷰티,18181.81818181818,1.0,0.0,0.0
2025-05-17,정상,슈즈,2451863.6363636362,25.0,3136000.0,29.0
2025-05-17,정상,스포츠,0.0,0.0,54545.454545454544,0.0
2025-05-17,정상,여성,650136.3636363635,1.0,4816045.454545454,20.0
2025-05-17,정상,잡화,2746418.1818181816,20.0,6657090.909090909,36.0
2025-05-18,이월,골프,949727.2727272726,6.0,5796245.454545454,33.0
2025-05-18,이월,남성,3848372.7272727275,30.0,21850236.363636367,128.0
2025-05-18,이월,슈즈,2409436.3636363633,24.0,4368463.636363636,42.0
2025-05-18,이월,스포츠,117272.72727272726,1.0,733181.8181818181,10.0
2025-05-18,이월,여성,6516545.454545453,22.0,23986045.454545453,99.0
2025-05-18,이월,잡화,4040363.636363636,28.0,12978818.181818182,54.0
2025-05-18,입점,골프,615918.1818181818,9.0,5294900.0,54.0
2025-05-18,입점,남성,653181.8181818181,7.0,3649490.909090909,46.0
2025-05-18,입점,리빙,328181.8181818182,4.0,1594272.727272727,14.0
2025-05-18,입점,명품,1079090.909090909,3.0,4278999.999999999,17.0
2025-05-18,입점,뷰티,1207363.6363636362,14.0,2656790.9090909087,34.0
2025-05-18,입점,슈즈,211818.18181818182,2.0,391454.5454545454,3.0
2025-05-18,입점,스포츠,376727.2727272727,6.0,11167163.636363637,37.0
2025-05-18,입점,아웃도어,832999.9999999999,8.0,2786718.1818181816,29.0
2025-05-18,입점,여성,550272.7272727272,7.0,4006599.9999999995,31.0
2025-05-18,입점,잡화,183818.1818181818,4.0,1762318.181818182,19.0
2025-05-18,입점,키즈,0.0,0.0,1491800.0,26.0
2025-05-18,정상,골프,460181.8181818181,4.0,1201945.4545454544,11.0
2025-05-18,정상,남성,4343545.454545453,30.0,10878499.999999998,65.0
2025-05-18,정상,뷰티,0.0,0.0,112727.27272727272,2.0
2025-05-18,정상,슈즈,5271399.999999999,53.0,7037800.0,51.0
2025-05-18,정상,스포츠,153636.36363636362,1.0,180909.09090909088,1.0
2025-05-18,정상,여성,2511500.0,10.0,9360681.818181815,42.0
2025-05-18,정상,잡화,2836018.1818181816,22.0,7780781.8181818165,51.0
2025-05-19,이월,골프,552272.7272727272,6.0,2838918.1818181807,23.0
2025-05-19,이월,남성,5157881.818181818,29.0,5841963.636363635,79.0
2025-05-19,이월,리빙,0.0,0.0,25272.727272727272,1.0
2025-05-19,이월,슈즈,944754.5454545454,11.0,801390.9090909094,14.0
2025-05-19,이월,스포츠,528272.7272727273,7.0,1016363.6363636364,10.0
2025-05-19,이월,여성,823636.3636363633,5.0,12841727.272727273,54.0
2025-05-19,이월,잡화,3269790.9090909087,27.0,7258072.7272727275,38.0
2025-05-19,입점,골프,1638363.636363636,10.0,291136.3636363636,12.0
2025-05-19,입점,남성,845227.2727272726,11.0,1826105.4545454548,36.0
2025-05-19,입점,리빙,91636.36363636365,1.0,1130515.4545454544,14.0
2025-05-19,입점,명품,664090.9090909091,2.0,7346818.181818182,13.0
2025-05-19,입점,뷰티,1224636.3636363638,18.0,2999418.1818181816,36.0
2025-05-19,입점,슈즈,0.0,0.0,181936.36363636362,2.0
2025-05-19,입점,스포츠,218927.2727272727,4.0,-3043718.181818182,19.0
2025-05-19,입점,아웃도어,168399.9999999999,5.0,3703409.0909090913,22.0
2025-05-19,입점,여성,291527.2727272727,2.0,457681.81818181794,10.0
2025-05-19,입점,잡화,-82909.09090909093,0.0,2817545.454545454,10.0
2025-05-19,입점,키즈,120118.18181818182,4.0,225990.90909090906,3.0
2025-05-19,정상,골프,139290.90909090897,4.0,877309.0909090908,6.0
2025-05-19,정상,남성,3036545.454545454,23.0,7808390.909090909,45.0
2025-05-19,정상,뷰티,28181.81818181818,1.0,0.0,0.0
2025-05-19,정상,슈즈,920081.8181818182,15.0,-188954.5454545454,2.0
2025-05-19,정상,스포츠,0.0,0.0,-344545.45454545453,-1.0
2025-05-19,정상,여성,877090.9090909088,5.0,1557409.0909090906,7.0
2025-05-19,정상,잡화,2983290.9090909096,25.0,7093800.0,47.0
2025-05-20,이월,골프,1319490.9090909087,8.0,1520654.5454545452,12.0
2025-05-20,이월,남성,1275354.5454545452,14.0,9685963.636363637,70.0
2025-05-20,이월,슈즈,1697890.909090909,13.0,1760927.2727272727,17.0
2025-05-20,이월,스포츠,96181.81818181818,2.0,1178818.1818181819,20.0
2025-05-20,이월,여성,3121636.363636363,15.0,4768409.090909089,33.0
2025-05-20,이월,잡화,2672309.090909091,21.0,7208136.363636361,49.0
2025-05-20,입점,골프,944272.7272727273,5.0,127118.1818181818,9.0
2025-05-20,입점,남성,353636.3636363636,4.0,2850736.363636363,37.0
2025-05-20,입점,리빙,320000.0,3.0,1817827.2727272725,21.0
2025-05-20,입점,명품,1119909.0909090908,5.0,8205999.999999999,16.0
2025-05-20,입점,뷰티,877363.6363636362,14.0,1830672.7272727275,22.0
2025-05-20,입점,슈즈,137454.54545454544,2.0,396909.0909090908,2.0
2025-05-20,입점,스포츠,349636.3636363636,7.0,1242268.1818181814,19.0
2025-05-20,입점,아웃도어,512636.3636363636,7.0,776909.090909091,20.0
2025-05-20,입점,여성,-362363.63636363635,-4.0,-529872.7272727272,-8.0
2025-05-20,입점,잡화,181636.36363636362,3.0,2687409.090909091,16.0
2025-05-20,입점,키즈,277354.5454545454,5.0,1942272.7272727266,24.0
2025-05-20,정상,골프,1133981.8181818181,7.0,735063.6363636364,6.0
2025-05-20,정상,남성,3639636.3636363633,29.0,6224763.636363638,42.0
2025-05-20,정상,뷰티,95454.54545454544,2.0,21818.181818181816,1.0
2025-05-20,정상,슈즈,1089936.3636363635,8.0,-440700.0000000001,-2.0
2025-05-20,정상,스포츠,153636.36363636362,1.0,-186545.45454545453,-2.0
2025-05-20,정상,여성,-1466136.363636364,0.0,3724909.0909090913,9.0
2025-05-20,정상,잡화,3536463.6363636353,31.0,1168218.1818181816,16.0
2025-05-21,이월,골프,2202145.454545454,12.0,2835709.0909090904,24.0
2025-05-21,이월,남성,4959290.909090907,32.0,17516872.727272723,124.0
2025-05-21,이월,슈즈,3142218.1818181816,32.0,5064081.8181818165,48.0
2025-05-21,이월,스포츠,255363.63636363635,4.0,1497909.0909090908,15.0
2025-05-21,이월,여성,4251909.09090909,29.0,12332454.545454545,67.0
2025-05-21,이월,잡화,2592445.4545454546,21.0,7649690.909090907,42.0
2025-05-21,입점,골프,1177772.727272727,7.0,2020190.9090909087,18.0
2025-05-21,입점,남성,323681.8181818182,4.0,1290792.727272727,23.0
2025-05-21,입점,리빙,745181.8181818181,7.0,2114409.090909091,15.0
2025-05-21,입점,명품,2116636.3636363633,7.0,2376363.6363636367,7.0
2025-05-21,입점,뷰티,473545.45454545453,6.0,3186754.5454545454,35.0
2025-05-21,입점,슈즈,223636.36363636362,2.0,266181.8181818182,4.0
2025-05-21,입점,스포츠,466999.99999999994,6.0,1606872.727272727,23.0
2025-05-21,입점,아웃도어,281636.3636363636,6.0,1953927.2727272725,21.0
2025-05-21,입점,여성,530127.2727272726,8.0,1367395.4545454544,26.0
2025-05-21,입점,잡화,158090.90909090906,3.0,2703227.2727272725,20.0
2025-05-21,입점,키즈,571454.5454545455,7.0,2032936.3636363635,35.0
2025-05-21,정상,골프,-62999.99999999998,2.0,1867836.3636363635,12.0
2025-05-21,정상,남성,3897681.818181818,26.0,7917254.545454545,49.0
2025-05-21,정상,뷰티,171818.18181818182,2.0,21818.181818181816,1.0
2025-05-21,정상,슈즈,64454.54545454528,8.0,677690.9090909091,8.0
2025-05-21,정상,스포츠,153636.36363636362,1.0,0.0,0.0
2025-05-21,정상,여성,3002409.090909091,14.0,5293318.181818181,24.0
2025-05-21,정상,잡화,5769990.90909091,37.0,9758945.454545453,56.0
2025-05-22,이월,골프,684909.0909090909,7.0,4033463.6363636367,26.0
2025-05-22,이월,남성,3565009.0909090894,29.0,15000181.81818182,93.0
2025-05-22,이월,슈즈,2021181.818181818,18.0,2715109.090909091,32.0
2025-05-22,이월,스포츠,454818.18181818177,6.0,1086181.818181818,20.0
2025-05-22,이월,여성,3227909.0909090904,21.0,9327818.181818178,63.0
2025-05-22,이월,잡화,3597109.0909090904,30.0,6142436.363636362,48.0
2025-05-22,입점,골프,1326099.9999999998,13.0,2662500.0,22.0
2025-05-22,입점,남성,357954.5454545454,6.0,2354750.9090909087,35.0
2025-05-22,입점,리빙,1061254.5454545454,11.0,1509863.6363636362,23.0
2025-05-22,입점,명품,1587272.727272727,4.0,6366545.454545453,15.0
2025-05-22,입점,뷰티,1047863.6363636362,11.0,2154690.9090909082,26.0
2025-05-22,입점,슈즈,195181.81818181818,1.0,-207818.18181818177,-1.0
2025-05-22,입점,스포츠,834309.0909090909,6.0,364381.8181818181,13.0
2025-05-22,입점,아웃도어,459809.0909090908,8.0,1312590.9090909092,23.0
2025-05-22,입점,여성,97090.90909090909,0.0,1956331.8181818188,27.0
2025-05-22,입점,잡화,11727.272727272726,1.0,3958772.7272727266,18.0
2025-05-22,입점,키즈,379636.3636363636,5.0,1917281.8181818181,39.0
2025-05-22,정상,골프,2084672.727272727,13.0,1026127.2727272726,7.0
2025-05-22,정상,남성,2032236.3636363638,14.0,8002136.363636362,45.0
2025-05-22,정상,뷰티,31818.181818181816,1.0,154545.45454545453,2.0
2025-05-22,정상,슈즈,756600.0,8.0,668863.6363636364,6.0
2025-05-22,정상,스포츠,217272.72727272726,1.0,389090.90909090906,2.0
2025-05-22,정상,여성,2113363.6363636362,9.0,4506681.818181818,14.0
2025-05-22,정상,잡화,4304681.818181817,33.0,7638345.454545454,48.0
2025-05-23,이월,골프,957581.8181818181,9.0,2503418.181818182,20.0
2025-05-23,이월,남성,2828718.1818181816,30.0,11846381.818181818,87.0
2025-05-23,이월,슈즈,2438527.272727273,21.0,3025709.0909090904,29.0
2025-05-23,이월,스포츠,249636.36363636362,4.0,608727.2727272727,9.0
2025-05-23,이월,여성,2309545.454545454,22.0,10657545.45454545,62.0
2025-05-23,이월,잡화,3795236.363636363,24.0,5097845.454545454,45.0
2025-05-23,입점,골프,1432681.8181818181,9.0,2743727.2727272725,10.0
2025-05-23,입점,남성,250909.09090909088,3.0,2850781.8181818184,29.0
2025-05-23,입점,리빙,542181.8181818181,9.0,653000.0,16.0
2025-05-23,입점,명품,2404000.0,1.0,1758545.4545454541,8.0
2025-05-23,입점,뷰티,1238763.6363636362,17.0,1613736.3636363635,20.0
2025-05-23,입점,슈즈,151727.2727272727,2.0,483727.27272727265,6.0
2025-05-23,입점,스포츠,339272.72727272724,6.0,591218.1818181818,36.0
2025-05-23,입점,아웃도어,225636.36363636362,3.0,1185881.8181818181,9.0
2025-05-23,입점,여성,1025772.7272727273,7.0,1589822.7272727273,17.0
2025-05-23,입점,잡화,20454.545454545452,1.0,3910545.454545454,19.0
2025-05-23,입점,키즈,83545.45454545453,4.0,1595018.1818181816,23.0
2025-05-23,정상,골프,694572.7272727272,2.0,1691699.9999999998,6.0
2025-05-23,정상,남성,2953772.727272727,13.0,8722572.727272727,46.0
2025-05-23,정상,뷰티,276363.63636363635,6.0,52727.27272727272,2.0
2025-05-23,정상,슈즈,2157409.090909091,18.0,602772.7272727272,8.0
2025-05-23,정상,스포츠,360909.0909090909,3.0,125454.54545454544,1.0
2025-05-23,정상,여성,2190590.909090909,9.0,5195409.09090909,21.0
2025-05-23,정상,잡화,6319063.636363637,41.0,4980118.18181818,32.0
2025-05-24,이월,골프,1029227.2727272728,7.0,3484927.2727272725,28.0
2025-05-24,이월,남성,6853809.090909088,28.0,14813700.0,89.0
2025-05-24,이월,리빙,0.0,0.0,25272.727272727272,1.0
2025-05-24,이월,슈즈,2607109.090909091,24.0,2977636.363636363,25.0
2025-05-24,이월,스포츠,535727.2727272727,7.0,876090.9090909087,14.0
2025-05-24,이월,여성,1819954.5454545452,13.0,14009909.090909086,76.0
2025-05-24,이월,잡화,3204727.2727272734,26.0,9728672.727272725,56.0
2025-05-24,입점,골프,1437545.4545454544,10.0,4444200.0,37.0
2025-05-24,입점,남성,923272.7272727272,8.0,4149363.6363636362,51.0
2025-05-24,입점,리빙,1190818.1818181816,10.0,771454.5454545453,13.0
2025-05-24,입점,명품,563999.9999999999,3.0,8371181.818181819,16.0
2025-05-24,입점,뷰티,960363.6363636361,19.0,1900154.545454545,25.0
2025-05-24,입점,슈즈,248509.09090909088,2.0,256636.36363636362,3.0
2025-05-24,입점,스포츠,575945.4545454546,10.0,2618981.818181818,38.0
2025-05-24,입점,아웃도어,607363.6363636362,6.0,4456045.454545454,14.0
2025-05-24,입점,여성,674863.6363636365,9.0,4359350.0,39.0
2025-05-24,입점,잡화,828090.9090909091,3.0,652245.4545454545,11.0
2025-05-24,입점,키즈,473727.27272727265,6.0,1950636.3636363635,32.0
2025-05-24,정상,골프,972545.4545454545,8.0,-2354.545454545536,4.0
2025-05-24,정상,남성,2613681.8181818174,12.0,5868045.454545453,37.0
2025-05-24,정상,뷰티,26363.63636363636,1.0,3999.9999999999995,1.0
2025-05-24,정상,슈즈,1279954.5454545452,11.0,-5272.727272727308,3.0
2025-05-24,정상,스포츠,0.0,0.0,208181.81818181818,1.0
2025-05-24,정상,여성,2394863.6363636362,8.0,11646363.636363635,40.0
2025-05-24,정상,잡화,5012854.545454546,29.0,4708809.090909091,35.0
2025-05-25,이월,골프,1417863.6363636362,11.0,5917445.454545453,42.0
2025-05-25,이월,남성,4020799.9999999995,26.0,28376463.636363626,152.0
2025-05-25,이월,슈즈,2341545.4545454546,24.0,3038645.454545454,30.0
2025-05-25,이월,스포츠,580818.1818181818,6.0,2455454.5454545454,34.0
2025-05-25,이월,여성,6828545.454545454,29.0,22264590.909090906,99.0
2025-05-25,이월,잡화,3512963.6363636367,25.0,11278781.818181816,64.0
2025-05-25,입점,골프,2160818.1818181816,14.0,3597545.4545454546,33.0
2025-05-25,입점,남성,351454.5454545454,4.0,4100909.0909090904,51.0
2025-05-25,입점,리빙,723363.6363636362,6.0,2377310.9090909087,26.0
2025-05-25,입점,명품,3861818.181818181,8.0,9209999.999999998,18.0
2025-05-25,입점,뷰티,1369163.6363636362,14.0,3205090.9090909087,44.0
2025-05-25,입점,슈즈,230909.09090909088,2.0,563636.3636363635,3.0
2025-05-25,입점,스포츠,732390.9090909091,9.0,3263499.9999999995,57.0
2025-05-25,입점,아웃도어,148054.5454545454,2.0,172909.09090909088,8.0
2025-05-25,입점,여성,392454.5454545454,4.0,3821872.727272727,39.0
2025-05-25,입점,잡화,601627.2727272727,5.0,1232409.0909090904,15.0
2025-05-25,입점,키즈,210118.1818181818,3.0,2084990.9090909087,43.0
2025-05-25,정상,골프,328818.18181818177,3.0,3034254.5454545454,15.0
2025-05-25,정상,남성,3712000.0,21.0,11042572.727272727,57.0
2025-05-25,정상,뷰티,439999.99999999994,6.0,26363.63636363636,1.0
2025-05-25,정상,슈즈,1521454.5454545454,19.0,1121545.4545454546,9.0
2025-05-25,정상,스포츠,0.0,0.0,723545.4545454545,5.0
2025-05-25,정상,여성,2086272.7272727273,10.0,11851681.818181816,50.0
2025-05-25,정상,잡화,4032890.9090909082,29.0,5765427.272727273,35.0
2025-05-26,이월,골프,724681.8181818181,6.0,4977581.818181818,31.0
2025-05-26,이월,남성,3225890.9090909082,23.0,13780309.090909094,86.0
2025-05-26,이월,슈즈,1342700.0,13.0,2785254.545454545,25.0
2025-05-26,이월,스포츠,433818.18181818177,6.0,1313090.9090909085,18.0
2025-05-26,이월,여성,4210272.727272727,7.0,7323772.727272725,48.0
2025-05-26,이월,잡화,3062463.6363636367,27.0,10715009.090909092,80.0
2025-05-26,입점,골프,984045.4545454545,9.0,1547200.0,16.0
2025-05-26,입점,남성,1448090.9090909087,7.0,4336681.818181817,45.0
2025-05-26,입점,리빙,1038454.5454545452,6.0,2890347.2727272725,22.0
2025-05-26,입점,명품,1814545.4545454544,7.0,724499.9999999998,10.0
2025-05-26,입점,뷰티,1324263.6363636365,17.0,1610718.1818181816,32.0
2025-05-26,입점,슈즈,215181.81818181818,0.0,144654.54545454547,2.0
2025-05-26,입점,스포츠,175727.27272727274,5.0,1666036.3636363635,14.0
2025-05-26,입점,아웃도어,489909.0909090908,8.0,540636.3636363635,17.0
2025-05-26,입점,여성,867545.4545454546,15.0,1419268.1818181816,38.0
2025-05-26,입점,잡화,11472.727272727272,3.0,267472.7272727272,12.0
2025-05-26,입점,키즈,78363.63636363635,2.0,1383236.3636363635,27.0
2025-05-26,정상,골프,1189909.0909090908,5.0,1466618.1818181816,11.0
2025-05-26,정상,남성,5216909.090909092,26.0,8004045.454545453,47.0
2025-05-26,정상,뷰티,126909.0909090909,3.0,230272.72727272724,3.0
2025-05-26,정상,슈즈,1908818.181818182,20.0,1143272.727272727,8.0
2025-05-26,정상,스포츠,0.0,0.0,-121090.90909090909,0.0
2025-05-26,정상,여성,1769727.2727272727,8.0,6090909.090909093,27.0
2025-05-26,정상,잡화,3732299.999999999,28.0,3096363.636363636,37.0
2025-05-27,이월,골프,938963.6363636364,7.0,4625609.09090909,21.0
2025-05-27,이월,남성,2953718.1818181816,28.0,11322054.545454543,88.0
2025-05-27,이월,슈즈,1076936.3636363635,13.0,1678745.4545454546,20.0
2025-05-27,이월,스포츠,197818.1818181818,3.0,1374727.272727272,17.0
2025-05-27,이월,여성,1944454.5454545452,5.0,5359681.818181817,34.0
2025-05-27,이월,잡화,3137054.5454545445,25.0,8744572.727272728,57.0
2025-05-27,입점,골프,659890.9090909091,9.0,856899.9999999997,14.0
2025-05-27,입점,남성,999363.6363636364,9.0,3351890.9090909082,43.0
2025-05-27,입점,리빙,361909.0909090908,2.0,3320418.181818181,23.0
2025-05-27,입점,명품,4967963.636363637,13.0,10860909.090909086,15.0
2025-05-27,입점,뷰티,1293663.6363636362,17.0,1810472.727272727,38.0
2025-05-27,입점,슈즈,353636.36363636365,3.0,-68545.45454545453,0.0
2025-05-27,입점,스포츠,213927.27272727268,4.0,1404127.2727272725,14.0
2025-05-27,입점,아웃도어,173445.45454545453,3.0,-860754.5454545447,17.0
2025-05-27,입점,여성,215409.09090909088,4.0,496318.18181818165,12.0
2025-05-27,입점,잡화,72727.27272727272,2.0,1149000.0,7.0
2025-05-27,입점,키즈,306909.0909090909,7.0,784236.3636363635,20.0
2025-05-27,정상,골프,343454.5454545455,2.0,1863454.5454545454,15.0
2025-05-27,정상,남성,2056045.4545454541,16.0,5156672.727272724,45.0
2025-05-27,정상,뷰티,77272.72727272726,1.0,48727.27272727272,2.0
2025-05-27,정상,슈즈,1553363.6363636362,8.0,2479472.7272727275,18.0
2025-05-27,정상,스포츠,-80909.0909090909,-1.0,72727.27272727272,1.0
2025-05-27,정상,여성,2376363.6363636362,5.0,2277136.363636364,27.0
2025-05-27,정상,잡화,3239645.454545455,26.0,5633445.454545453,38.0
2025-05-28,이월,골프,1192209.0909090908,10.0,3875027.272727272,31.0
2025-05-28,이월,남성,3657827.272727273,23.0,9247409.09090909,59.0
2025-05-28,이월,리빙,0.0,0.0,0.0,0.0
2025-05-28,이월,슈즈,2079081.818181818,16.0,3601954.545454545,36.0
2025-05-28,이월,스포츠,443000.00000000006,6.0,1643272.7272727268,22.0
2025-05-28,이월,여성,2222318.181818182,9.0,4602818.18181818,20.0
2025-05-28,이월,잡화,2798672.727272727,25.0,8023009.090909088,56.0
2025-05-28,입점,골프,1495827.2727272725,12.0,1052772.727272727,15.0
2025-05-28,입점,남성,369545.4545454545,4.0,4896818.181818181,57.0
2025-05-28,입점,리빙,216363.63636363635,2.0,1789909.0909090908,22.0
2025-05-28,입점,명품,-170454.54545454553,1.0,6778818.181818182,23.0
2025-05-28,입점,뷰티,837254.5454545451,15.0,1953054.545454545,30.0
2025-05-28,입점,슈즈,0.0,0.0,641681.8181818182,4.0
2025-05-28,입점,스포츠,228727.2727272727,4.0,545813.6363636362,15.0
2025-05-28,입점,아웃도어,83999.99999999999,3.0,1492299.9999999998,25.0
2025-05-28,입점,여성,274090.90909090906,4.0,379272.7272727273,6.0
2025-05-28,입점,잡화,165454.54545454544,3.0,1365136.3636363635,13.0
2025-05-28,입점,키즈,44636.36363636364,1.0,1679699.9999999993,30.0
2025-05-28,정상,골프,625999.9999999999,2.0,1453236.3636363635,13.0
2025-05-28,정상,남성,3178954.545454546,20.0,6791818.181818182,45.0
2025-05-28,정상,뷰티,393181.8181818182,5.0,244363.63636363632,2.0
2025-05-28,정상,슈즈,2435727.2727272725,20.0,1875227.2727272725,14.0
2025-05-28,정상,스포츠,153636.36363636362,1.0,144545.45454545453,1.0
2025-05-28,정상,여성,361272.72727272724,1.0,575454.5454545454,13.0
2025-05-28,정상,잡화,2623127.272727273,21.0,5483618.181818181,37.0
2025-05-29,이월,골프,645636.3636363635,4.0,1101900.0,18.0
2025-05-29,이월,남성,5801336.363636363,32.0,6487536.363636362,58.0
2025-05-29,이월,리빙,0.0,0.0,50545.454545454544,1.0
2025-05-29,이월,슈즈,1061781.8181818181,10.0,5283045.454545454,59.0
2025-05-29,이월,스포츠,274545.4545454545,3.0,1086909.090909091,17.0
2025-05-29,이월,여성,4371636.363636364,15.0,3974000.0,25.0
2025-05-29,이월,잡화,2040936.3636363633,15.0,8704400.0,45.0
2025-05-29,입점,골프,1571454.5454545454,10.0,913409.0909090908,8.0
2025-05-29,입점,남성,770281.8181818181,7.0,3683872.7272727275,49.0
2025-05-29,입점,리빙,718818.1818181818,4.0,3118836.363636363,25.0
2025-05-29,입점,명품,1482727.2727272727,7.0,5104818.18181818,26.0
2025-05-29,입점,뷰티,1120809.0909090908,13.0,1997159.0909090908,34.0
2025-05-29,입점,슈즈,90909.0909090909,0.0,164545.45454545453,2.0
2025-05-29,입점,스포츠,135818.1818181818,3.0,1107954.5454545452,18.0
2025-05-29,입점,아웃도어,75918.1818181818,0.0,553327.2727272726,11.0
2025-05-29,입점,여성,1353545.4545454544,17.0,-522445.45454545453,5.0
2025-05-29,입점,잡화,33781.81818181818,2.0,566681.8181818181,6.0
2025-05-29,입점,키즈,216454.54545454544,4.0,1447290.909090909,21.0
2025-05-29,정상,골프,334818.1818181817,4.0,-432500.00000000006,7.0
2025-05-29,정상,남성,3840045.4545454546,18.0,6072100.0,46.0
2025-05-29,정상,뷰티,94363.63636363635,4.0,422090.90909090906,4.0
2025-05-29,정상,슈즈,2447454.5454545454,13.0,4290681.818181817,30.0
2025-05-29,정상,스포츠,0.0,0.0,279090.90909090906,3.0
2025-05-29,정상,여성,3647727.272727272,11.0,6760818.18181818,26.0
2025-05-29,정상,잡화,3919145.454545454,21.0,4823372.727272727,40.0
2025-05-30,이월,골프,830118.1818181819,3.0,2802545.454545454,27.0
2025-05-30,이월,남성,2470590.909090908,14.0,1025572.7272727268,41.0
2025-05-30,이월,리빙,0.0,0.0,50545.454545454544,1.0
2025-05-30,이월,슈즈,1482709.0909090908,14.0,3109772.727272727,30.0
2025-05-30,이월,스포츠,364454.5454545454,5.0,960409.0909090909,14.0
2025-05-30,이월,여성,1954590.909090909,10.0,5506227.272727274,43.0
2025-05-30,이월,잡화,2799845.4545454546,18.0,4814000.0,32.0
2025-05-30,입점,골프,1023918.1818181818,11.0,1277545.4545454544,13.0
2025-05-30,입점,남성,760954.5454545454,7.0,3592209.0909090918,38.0
2025-05-30,입점,리빙,672363.6363636362,4.0,2043272.7272727273,18.0
2025-05-30,입점,명품,-528636.3636363635,3.0,-3319181.818181818,8.0
2025-05-30,입점,뷰티,726254.5454545454,11.0,2426363.636363637,38.0
2025-05-30,입점,슈즈,-87272.72727272726,-1.0,132272.7272727273,1.0
2025-05-30,입점,스포츠,313709.0909090909,3.0,2320181.8181818174,22.0
2025-05-30,입점,아웃도어,131090.9090909091,4.0,662754.5454545453,8.0
2025-05-30,입점,여성,-17999.999999999978,5.0,396454.5454545453,3.0
2025-05-30,입점,잡화,-113309.09090909091,1.0,437000.0,4.0
2025-05-30,입점,키즈,199118.1818181818,6.0,1234854.5454545452,19.0
2025-05-30,정상,골프,123636.36363636363,1.0,1064818.1818181819,8.0
2025-05-30,정상,남성,1232181.8181818181,8.0,5249081.818181819,36.0
2025-05-30,정상,뷰티,70636.36363636363,1.0,371636.3636363636,1.0
2025-05-30,정상,슈즈,2548090.9090909087,18.0,6253727.272727271,38.0
2025-05-30,정상,스포츠,0.0,0.0,107272.72727272726,2.0
2025-05-30,정상,여성,674181.818181818,7.0,5166772.7272727275,23.0
2025-05-30,정상,잡화,2981090.909090909,26.0,5230418.181818183,39.0
2025-05-31,이월,골프,987081.8181818181,7.0,2888736.3636363633,19.0
2025-05-31,이월,남성,3300772.727272727,21.0,11517945.454545455,75.0
2025-05-31,이월,슈즈,1470572.7272727273,15.0,1844700.0,21.0
2025-05-31,이월,스포츠,922090.9090909091,10.0,773727.2727272727,15.0
2025-05-31,이월,여성,224090.90909090886,15.0,11221818.181818184,46.0
2025-05-31,이월,잡화,2796190.909090909,18.0,6068663.636363636,29.0
2025-05-31,입점,골프,1198554.5454545454,16.0,5247245.454545453,51.0
2025-05-31,입점,남성,308272.72727272724,3.0,3106172.7272727275,41.0
2025-05-31,입점,리빙,-109181.81818181818,1.0,2601454.5454545454,19.0
2025-05-31,입점,명품,20909.090909090908,1.0,15342818.18181818,28.0
2025-05-31,입점,뷰티,567999.9999999999,9.0,2121772.7272727266,24.0
2025-05-31,입점,슈즈,87272.72727272726,1.0,99090.90909090909,1.0
2025-05-31,입점,스포츠,532909.0909090908,7.0,1350536.3636363635,29.0
2025-05-31,입점,아웃도어,248818.1818181818,4.0,2495645.4545454546,19.0
2025-05-31,입점,여성,540727.2727272727,5.0,2489545.454545454,34.0
2025-05-31,입점,잡화,152545.45454545453,2.0,-249472.7272727273,5.0
2025-05-31,입점,키즈,441090.9090909091,4.0,819427.2727272727,21.0
2025-05-31,정상,골프,987363.6363636362,6.0,2029199.9999999998,12.0
2025-05-31,정상,남성,2813999.9999999995,13.0,6795772.7272727275,27.0
2025-05-31,정상,뷰티,270545.45454545453,4.0,0.0,0.0
2025-05-31,정상,슈즈,1527499.9999999995,13.0,5169272.727272727,36.0
2025-05-31,정상,스포츠,0.0,0.0,296363.63636363635,3.0
2025-05-31,정상,여성,184272.7272727273,3.0,4079954.5454545445,22.0
2025-05-31,정상,잡화,3100654.545454546,20.0,4766381.818181818,35.0
2025-06-01,이월,골프,677363.6363636362,5.0,5747745.454545454,39.0
2025-06-01,이월,남성,3588627.2727272725,27.0,21594990.9090909,133.0
2025-06-01,이월,슈즈,1793527.2727272725,18.0,4129063.6363636362,38.0
2025-06-01,이월,스포츠,781090.9090909091,7.0,1683909.0909090904,26.0
2025-06-01,이월,여성,2550363.636363636,15.0,20183272.727272734,92.0
2025-06-01,이월,잡화,2401581.818181819,19.0,10392400.000000002,64.0
2025-06-01,입점,골프,1502727.2727272722,16.0,3759154.545454545,40.0
2025-06-01,입점,남성,968454.5454545454,10.0,5643218.181818181,64.0
2025-06-01,입점,리빙,440818.18181818177,4.0,1808318.1818181816,18.0
2025-06-01,입점,명품,3578090.9090909087,5.0,6522590.909090908,22.0
2025-06-01,입점,뷰티,711272.7272727273,8.0,2392163.6363636353,31.0
2025-06-01,입점,슈즈,104545.45454545454,1.0,943272.7272727273,7.0
2025-06-01,입점,스포츠,670218.1818181819,11.0,1582827.2727272727,28.0
2025-06-01,입점,아웃도어,644363.6363636364,7.0,1987181.8181818177,27.0
2025-06-01,입점,여성,148090.9090909091,3.0,2242163.6363636367,35.0
2025-06-01,입점,잡화,160045.45454545453,4.0,85454.54545454541,6.0
2025-06-01,입점,키즈,207727.2727272727,3.0,1306463.636363636,25.0
2025-06-01,정상,골프,1995963.636363636,10.0,1486409.0909090908,10.0
2025-06-01,정상,남성,3749772.727272727,19.0,11604136.363636367,62.0
2025-06-01,정상,뷰티,384590.90909090906,2.0,31272.72727272727,1.0
2025-06-01,정상,슈즈,2839318.1818181816,25.0,6011181.818181818,40.0
2025-06-01,정상,스포츠,198181.81818181818,2.0,69545.45454545454,1.0
2025-06-01,정상,여성,3683090.909090909,15.0,11275863.636363637,47.0
2025-06-01,정상,잡화,4906345.454545455,34.0,8175245.454545454,61.0
2025-06-02,이월,골프,1459500.0,9.0,3340909.0909090904,23.0
2025-06-02,이월,남성,2241199.9999999986,15.0,11153527.27272727,85.0
2025-06-02,이월,슈즈,1304918.1818181816,12.0,2419599.9999999995,28.0
2025-06-02,이월,스포츠,-167818.1818181818,-1.0,839090.9090909091,9.0
2025-06-02,이월,여성,2589636.363636363,8.0,10356999.999999998,49.0
2025-06-02,이월,잡화,1635481.818181818,15.0,7935636.363636361,51.0
2025-06-02,입점,골프,1078299.9999999995,5.0,1517299.9999999998,27.0
2025-06-02,입점,남성,720545.4545454545,5.0,3524045.454545454,35.0
2025-06-02,입점,리빙,394999.99999999994,5.0,2402354.5454545454,23.0
2025-06-02,입점,명품,4294090.909090908,10.0,44818.18181818232,12.0
2025-06-02,입점,뷰티,943072.7272727272,16.0,2264436.3636363633,30.0
2025-06-02,입점,슈즈,101818.18181818181,1.0,319636.36363636365,0.0
2025-06-02,입점,스포츠,390781.8181818181,10.0,1063636.3636363635,10.0
2025-06-02,입점,아웃도어,294727.2727272727,4.0,6979890.909090911,36.0
2025-06-02,입점,여성,96954.54545454547,3.0,1373745.4545454546,16.0
2025-06-02,입점,잡화,355863.63636363635,6.0,1890718.1818181819,5.0
2025-06-02,입점,키즈,132636.36363636362,3.0,1178663.6363636365,15.0
2025-06-02,정상,골프,1047636.3636363636,5.0,339727.2727272727,7.0
2025-06-02,정상,남성,605272.7272727273,8.0,4812336.363636363,37.0
2025-06-02,정상,뷰티,30545.454545454544,1.0,67272.72727272726,2.0
2025-06-02,정상,슈즈,1697363.6363636362,15.0,804381.818181818,3.0
2025-06-02,정상,스포츠,0.0,0.0,9090.909090909088,0.0
2025-06-02,정상,여성,-117272.72727272735,2.0,5318681.8181818165,27.0
2025-06-02,정상,잡화,3533400.0000000005,25.0,7008690.909090908,47.0
2025-06-03,이월,골프,821636.3636363635,7.0,5789572.727272727,36.0
2025-06-03,이월,남성,4523109.090909091,26.0,19941018.181818187,122.0
2025-06-03,이월,슈즈,2717363.636363636,25.0,7599199.999999998,75.0
2025-06-03,이월,스포츠,323363.63636363635,4.0,1739909.0909090904,31.0
2025-06-03,이월,여성,3105727.272727272,18.0,16421727.27272727,93.0
2025-06-03,이월,잡화,3152381.8181818174,22.0,11743281.818181813,62.0
2025-06-03,입점,골프,1629718.1818181819,9.0,10113799.999999998,73.0
2025-06-03,입점,남성,823227.2727272726,4.0,5354545.454545456,58.0
2025-06-03,입점,리빙,1320545.4545454544,7.0,1972074.5454545459,30.0
2025-06-03,입점,명품,1590000.0,5.0,34524181.818181805,15.0
2025-06-03,입점,뷰티,1352745.4545454544,11.0,3216136.3636363633,48.0
2025-06-03,입점,슈즈,0.0,0.0,521909.0909090908,4.0
2025-06-03,입점,스포츠,296727.2727272727,7.0,3223272.727272726,42.0
2025-06-03,입점,아웃도어,1421363.636363636,9.0,6593909.090909091,45.0
2025-06-03,입점,여성,825000.0,15.0,5304118.181818181,88.0
2025-06-03,입점,잡화,268590.9090909091,5.0,729563.6363636364,15.0
2025-06-03,입점,키즈,206545.45454545453,4.0,927027.2727272726,21.0
2025-06-03,정상,골프,843727.2727272726,8.0,1608954.5454545452,12.0
2025-06-03,정상,남성,3495181.818181818,22.0,9919227.272727273,61.0
2025-06-03,정상,뷰티,16363.636363636375,2.0,63636.36363636363,3.0
2025-06-03,정상,슈즈,2426954.5454545454,21.0,7197909.09090909,56.0
2025-06-03,정상,스포츠,23727.272727272724,1.0,67363.63636363635,1.0
2025-06-03,정상,여성,3494590.9090909087,16.0,13591727.27272727,56.0
2025-06-03,정상,잡화,4535927.272727273,33.0,6399445.454545453,40.0
2025-06-04,이월,골프,1253272.7272727273,11.0,3673863.636363637,13.0
2025-06-04,이월,남성,3205272.7272727266,29.0,13335527.272727275,96.0
2025-06-04,이월,슈즈,803599.9999999998,10.0,2693581.818181818,34.0
2025-06-04,이월,스포츠,102545.45454545453,0.0,645545.4545454544,7.0
2025-06-04,이월,여성,602181.818181818,7.0,4020954.545454545,23.0
2025-06-04,이월,잡화,1373927.2727272727,10.0,8735509.090909092,42.0
2025-06-04,입점,골프,2501254.545454545,17.0,3696609.0909090913,28.0
2025-06-04,입점,남성,76545.45454545453,3.0,3618154.545454546,35.0
2025-06-04,입점,리빙,-39999.99999999999,3.0,2504772.727272727,28.0
2025-06-04,입점,명품,232727.2727272727,1.0,7257636.363636363,15.0
2025-06-04,입점,뷰티,260636.36363636365,6.0,2571536.3636363633,38.0
2025-06-04,입점,슈즈,0.0,0.0,161818.18181818182,2.0
2025-06-04,입점,스포츠,5606018.181818181,13.0,6601545.454545455,42.0
2025-06-04,입점,아웃도어,1146481.8181818181,6.0,15761272.727272728,42.0
2025-06-04,입점,여성,664290.909090909,7.0,4655427.272727273,63.0
2025-06-04,입점,잡화,1809.0909090909045,0.0,3219399.9999999995,18.0
2025-06-04,입점,키즈,44536.36363636363,2.0,288363.63636363635,7.0
2025-06-04,정상,골프,787927.2727272726,8.0,732845.4545454545,9.0
2025-06-04,정상,남성,88772.72727272764,15.0,9454936.363636363,75.0
2025-06-04,정상,뷰티,399318.18181818177,5.0,20000.0,1.0
2025-06-04,정상,슈즈,3048545.4545454546,31.0,3623590.9090909087,31.0
2025-06-04,정상,스포츠,0.0,0.0,173727.2727272727,3.0
2025-06-04,정상,여성,1302681.8181818181,4.0,5658454.545454544,33.0
2025-06-04,정상,잡화,5928027.2727272725,41.0,5060536.363636363,35.0
2025-06-05,이월,골프,657881.8181818182,5.0,1073336.3636363635,6.0
2025-06-05,이월,남성,366727.2727272727,10.0,13450818.18181818,84.0
2025-06-05,이월,슈즈,1578436.3636363635,14.0,3449618.1818181816,30.0
2025-06-05,이월,스포츠,56636.36363636363,1.0,984181.8181818178,25.0
2025-06-05,이월,여성,1087636.363636363,9.0,4335045.454545455,33.0
2025-06-05,이월,잡화,3049727.272727273,25.0,7813981.8181818165,42.0
2025-06-05,입점,골프,915581.8181818181,5.0,2656254.5454545445,18.0
2025-06-05,입점,남성,768854.5454545454,7.0,1666554.5454545456,23.0
2025-06-05,입점,리빙,651636.3636363636,3.0,2015818.1818181819,22.0
2025-06-05,입점,명품,4131636.3636363633,9.0,4499818.181818182,21.0
2025-06-05,입점,뷰티,986072.727272727,13.0,2022018.1818181814,25.0
2025-06-05,입점,슈즈,99090.90909090909,1.0,325818.1818181818,6.0
2025-06-05,입점,스포츠,862818.1818181816,16.0,1937218.1818181816,14.0
2025-06-05,입점,아웃도어,107609.0909090909,3.0,3258499.9999999986,37.0
2025-06-05,입점,여성,-66863.63636363638,0.0,712972.727272727,14.0
2025-06-05,입점,잡화,53181.81818181818,1.0,1813381.818181818,13.0
2025-06-05,입점,키즈,165136.36363636365,3.0,964527.2727272726,16.0
2025-06-05,정상,골프,698863.6363636364,5.0,1727236.3636363635,9.0
2025-06-05,정상,남성,4112354.545454545,23.0,8087018.181818183,64.0
2025-06-05,정상,리빙,0.0,0.0,13818.181818181816,1.0
2025-06-05,정상,뷰티,31818.181818181816,1.0,0.0,0.0
2025-06-05,정상,슈즈,824772.7272727273,12.0,2003090.9090909085,14.0
2025-06-05,정상,스포츠,234545.45454545453,2.0,216363.63636363635,2.0
2025-06-05,정상,여성,2831363.636363636,13.0,11641545.454545453,56.0
2025-06-05,정상,잡화,1513199.9999999998,15.0,2436818.1818181816,20.0
2025-06-06,이월,골프,856999.9999999999,6.0,4396863.636363636,30.0
2025-06-06,이월,남성,3414509.090909091,22.0,18731690.909090906,107.0
2025-06-06,이월,슈즈,1342027.2727272727,12.0,4734090.90909091,48.0
2025-06-06,이월,스포츠,59181.81818181818,2.0,1573272.727272727,33.0
2025-06-06,이월,여성,4015409.090909091,12.0,19104636.36363636,87.0
2025-06-06,이월,잡화,3583345.454545454,21.0,6530345.454545453,40.0
2025-06-06,입점,골프,476090.909090909,7.0,3591072.727272727,40.0
2025-06-06,입점,남성,559090.9090909091,7.0,4283027.2727272725,58.0
2025-06-06,입점,리빙,48018.181818181816,2.0,2625727.272727273,30.0
2025-06-06,입점,명품,1727272.727272727,6.0,5020636.363636363,14.0
2025-06-06,입점,뷰티,557000.0,8.0,1869072.7272727275,26.0
2025-06-06,입점,슈즈,227818.1818181818,1.0,501363.63636363635,4.0
2025-06-06,입점,스포츠,484363.6363636363,9.0,1324645.4545454546,18.0
2025-06-06,입점,아웃도어,602909.0909090908,7.0,6486909.09090909,39.0
2025-06-06,입점,여성,299272.72727272724,4.0,2828445.454545454,41.0
2025-06-06,입점,잡화,125500.0,4.0,2012672.727272727,14.0
2025-06-06,입점,키즈,163209.0909090909,5.0,1202245.4545454546,22.0
2025-06-06,정상,골프,433745.45454545453,3.0,1377490.909090909,15.0
2025-06-06,정상,남성,2793309.0909090904,22.0,9059709.09090909,57.0
2025-06-06,정상,뷰티,453818.1818181818,6.0,0.0,0.0
2025-06-06,정상,슈즈,1823409.0909090906,19.0,3992454.5454545445,31.0
2025-06-06,정상,스포츠,0.0,0.0,125454.54545454544,2.0
2025-06-06,정상,여성,3125863.636363636,18.0,16127136.363636363,69.0
2025-06-06,정상,잡화,2652090.909090909,17.0,4196127.272727273,32.0
2025-06-07,이월,골프,372490.909090909,4.0,4964918.181818181,31.0
2025-06-07,이월,남성,4684281.818181818,18.0,14001800.0,85.0
2025-06-07,이월,리빙,0.0,0.0,25272.727272727272,1.0
2025-06-07,이월,슈즈,1370736.3636363638,16.0,4156045.454545455,46.0
2025-06-07,이월,스포츠,215090.90909090906,3.0,1664727.2727272727,29.0
2025-06-07,이월,여성,173227.27272727285,5.0,3969500.0,28.0
2025-06-07,이월,잡화,1746509.0909090908,15.0,6686800.000000002,40.0
2025-06-07,입점,골프,1493081.818181818,12.0,3788499.9999999995,39.0
2025-06-07,입점,남성,493045.45454545453,6.0,3314636.363636363,49.0
2025-06-07,입점,리빙,206363.63636363635,2.0,2693145.4545454537,22.0
2025-06-07,입점,명품,4865636.363636364,9.0,7643090.909090907,18.0
2025-06-07,입점,뷰티,552781.8181818181,12.0,1529618.1818181814,30.0
2025-06-07,입점,슈즈,152727.2727272727,1.0,556363.6363636362,5.0
2025-06-07,입점,스포츠,945527.2727272726,15.0,3166781.818181817,30.0
2025-06-07,입점,아웃도어,709090.9090909091,11.0,6054172.727272726,52.0
2025-06-07,입점,여성,603027.2727272728,11.0,1458090.909090909,23.0
2025-06-07,입점,잡화,15363.636363636362,1.0,1136036.3636363633,15.0
2025-06-07,입점,키즈,197818.18181818177,5.0,517036.36363636353,13.0
2025-06-07,정상,골프,-48681.81818181818,2.0,1711072.7272727273,8.0
2025-06-07,정상,남성,3745454.5454545454,22.0,8439190.909090908,63.0
2025-06-07,정상,슈즈,1693363.6363636362,19.0,3279318.181818182,27.0
2025-06-07,정상,스포츠,0.0,0.0,134545.45454545453,2.0
2025-06-07,정상,여성,743818.1818181818,5.0,4737772.727272727,19.0
2025-06-07,정상,잡화,2738381.818181819,18.0,3670418.1818181816,29.0
2025-06-08,이월,골프,1383054.5454545456,7.0,4483590.909090909,31.0
2025-06-08,이월,남성,3016718.181818181,20.0,21254745.454545457,124.0
2025-06-08,이월,슈즈,1527145.4545454544,15.0,4690781.818181818,47.0
2025-06-08,이월,스포츠,0.0,0.0,1394909.0909090906,22.0
2025-06-08,이월,여성,3107136.3636363633,15.0,14504545.454545451,73.0
2025-06-08,이월,잡화,3301636.3636363633,22.0,9492399.999999994,53.0
2025-06-08,입점,골프,2463054.5454545445,9.0,3543336.3636363633,45.0
2025-06-08,입점,남성,294909.0909090909,3.0,3642909.0909090918,59.0
2025-06-08,입점,리빙,115863.63636363635,2.0,4083336.3636363633,31.0
2025-06-08,입점,명품,1739909.0909090908,5.0,8001454.545454545,18.0
2025-06-08,입점,뷰티,734999.9999999998,17.0,2545381.8181818184,33.0
2025-06-08,입점,슈즈,0.0,0.0,747927.2727272727,5.0
2025-06-08,입점,스포츠,1258745.4545454544,15.0,1600018.1818181816,31.0
2025-06-08,입점,아웃도어,1340636.3636363638,5.0,2990381.8181818184,51.0
2025-06-08,입점,여성,-83636.36363636362,0.0,2538027.2727272725,35.0
2025-06-08,입점,잡화,110363.63636363635,2.0,4544245.454545454,12.0
2025-06-08,입점,키즈,156545.45454545453,3.0,2284772.7272727275,33.0
2025-06-08,정상,골프,791454.5454545454,5.0,2281599.9999999995,17.0
2025-06-08,정상,남성,2999063.6363636367,24.0,12784081.818181816,87.0
2025-06-08,정상,뷰티,352363.6363636363,3.0,81818.18181818181,1.0
2025-06-08,정상,슈즈,1690000.0,18.0,7120590.909090908,40.0
2025-06-08,정상,스포츠,153636.36363636362,1.0,0.0,0.0
2025-06-08,정상,여성,3930318.1818181816,16.0,14573954.545454541,64.0
2025-06-08,정상,잡화,2227709.090909091,18.0,5322590.909090908,41.0
2025-06-09,이월,골프,752363.6363636364,6.0,2514463.6363636353,28.0
2025-06-09,이월,남성,4704300.0,23.0,10555027.272727272,70.0
2025-06-09,이월,슈즈,335772.72727272724,5.0,5323954.545454546,56.0
2025-06-09,이월,스포츠,-7181.8181818181765,0.0,1136272.727272727,12.0
2025-06-09,이월,여성,1614272.727272727,8.0,4401681.818181817,12.0
2025-06-09,이월,잡화,1895490.9090909087,16.0,7627109.090909091,43.0
2025-06-09,입점,골프,644063.6363636364,3.0,2372081.8181818184,21.0
2025-06-09,입점,남성,414136.3636363637,3.0,3507936.3636363638,38.0
2025-06-09,입점,리빙,773727.2727272727,1.0,1452363.636363636,12.0
2025-06-09,입점,명품,-88363.63636363635,5.0,4549636.363636364,19.0
2025-06-09,입점,뷰티,762181.818181818,16.0,2392409.0909090904,41.0
2025-06-09,입점,슈즈,221818.1818181818,2.0,871090.909090909,6.0
2025-06-09,입점,스포츠,1078400.0,14.0,3556963.636363635,19.0
2025-06-09,입점,아웃도어,784818.1818181818,6.0,2984300.0,17.0
2025-06-09,입점,여성,20727.272727272746,1.0,1214409.090909091,25.0
2025-06-09,입점,잡화,106636.36363636362,3.0,4177081.8181818184,8.0
2025-06-09,입점,키즈,116090.90909090909,2.0,1275890.9090909092,28.0
2025-06-09,정상,골프,579054.5454545455,5.0,2664554.5454545454,24.0
2025-06-09,정상,남성,2815181.818181818,19.0,4693927.272727273,43.0
2025-06-09,정상,뷰티,134181.81818181818,3.0,0.0,0.0
2025-06-09,정상,슈즈,158818.18181818185,8.0,1264727.272727273,16.0
2025-06-09,정상,스포츠,126363.63636363635,1.0,84090.90909090907,0.0
2025-06-09,정상,여성,1077681.8181818181,6.0,7854863.6363636395,19.0
2025-06-09,정상,잡화,2572027.272727272,20.0,4074872.727272728,32.0
2025-06-10,이월,골프,457799.99999999994,5.0,2189445.454545454,20.0
2025-06-10,이월,남성,3632699.9999999995,22.0,8059763.636363637,60.0
2025-06-10,이월,리빙,0.0,0.0,-25272.727272727272,-1.0
2025-06-10,이월,슈즈,1065472.727272727,9.0,3579845.454545455,33.0
2025-06-10,이월,스포츠,150727.2727272727,2.0,1113454.5454545452,21.0
2025-06-10,이월,여성,1585818.1818181816,10.0,9156772.72727273,35.0
2025-06-10,이월,잡화,3474909.090909091,21.0,5819145.454545454,33.0
2025-06-10,입점,골프,-225481.81818181823,-1.0,2845518.181818182,7.0
2025-06-10,입점,남성,526545.4545454546,7.0,1428410.909090909,27.0
2025-06-10,입점,리빙,44454.54545454545,2.0,1989172.7272727273,19.0
2025-06-10,입점,명품,665090.9090909091,3.0,6534999.999999998,14.0
2025-06-10,입점,뷰티,1004199.9999999999,17.0,4557699.999999997,59.0
2025-06-10,입점,슈즈,316000.0,2.0,-38272.727272727265,3.0
2025-06-10,입점,스포츠,441036.36363636365,6.0,1795081.818181818,21.0
2025-06-10,입점,아웃도어,166272.72727272724,3.0,332990.9090909092,10.0
2025-06-10,입점,여성,81772.7272727273,3.0,1613572.7272727273,21.0
2025-06-10,입점,잡화,-127954.54545454544,-1.0,-4603527.2727272725,13.0
2025-06-10,입점,키즈,148363.63636363635,3.0,1018054.5454545452,17.0
2025-06-10,정상,골프,3728409.090909091,1.0,1076018.1818181816,8.0
2025-06-10,정상,남성,2918709.0909090904,19.0,7618745.454545453,54.0
2025-06-10,정상,뷰티,31818.181818181816,1.0,0.0,0.0
2025-06-10,정상,슈즈,20363.636363636324,9.0,1068090.9090909092,10.0
2025-06-10,정상,스포츠,-23727.272727272724,-1.0,173590.90909090906,1.0
2025-06-10,정상,여성,1510090.9090909092,7.0,6885818.181818181,28.0
2025-06-10,정상,잡화,2378509.0909090904,20.0,7325463.636363637,55.0
2025-06-11,이월,골프,527727.2727272727,6.0,4224845.454545455,28.0
2025-06-11,이월,남성,5060336.363636361,34.0,12510527.27272727,82.0
2025-06-11,이월,슈즈,1770245.4545454544,16.0,4356109.09090909,46.0
2025-06-11,이월,스포츠,205545.4545454545,4.0,106909.09090909091,6.0
2025-06-11,이월,여성,1104272.727272727,13.0,5813909.090909089,34.0
2025-06-11,이월,잡화,2722036.3636363633,16.0,6036363.636363636,48.0
2025-06-11,입점,골프,1342154.5454545454,5.0,1083381.8181818181,11.0
2025-06-11,입점,남성,286272.72727272724,6.0,1479463.6363636362,17.0
2025-06-11,입점,리빙,406272.72727272724,3.0,1779863.6363636362,28.0
2025-06-11,입점,명품,1017454.5454545453,6.0,2274545.454545454,10.0
2025-06-11,입점,뷰티,560227.2727272726,14.0,3384136.363636364,47.0
2025-06-11,입점,슈즈,117454.54545454544,2.0,341727.2727272727,4.0
2025-06-11,입점,스포츠,410618.1818181819,5.0,1623663.636363636,13.0
2025-06-11,입점,아웃도어,438636.3636363636,5.0,612154.5454545453,14.0
2025-06-11,입점,여성,102772.72727272725,3.0,1130245.454545454,36.0
2025-06-11,입점,잡화,139245.45454545453,2.0,1251645.4545454546,9.0
2025-06-11,입점,키즈,-31000.0,0.0,287709.0909090908,13.0
2025-06-11,정상,골프,366181.8181818181,5.0,1816945.4545454544,10.0
2025-06-11,정상,남성,4451700.0,29.0,8090318.18181818,80.0
2025-06-11,정상,뷰티,100000.0,3.0,3999.9999999999995,1.0
2025-06-11,정상,슈즈,866727.2727272727,7.0,191409.0909090908,9.0
2025-06-11,정상,스포츠,0.0,0.0,480000.0,2.0
2025-06-11,정상,여성,2192499.9999999995,8.0,3624090.9090909096,23.0
2025-06-11,정상,잡화,2884090.9090909082,17.0,4816390.909090908,35.0
2025-06-12,이월,골프,324818.1818181818,3.0,3752690.9090909082,30.0
2025-06-12,이월,남성,4934000.000000001,28.0,10156781.81818182,69.0
2025-06-12,이월,슈즈,3108272.727272726,31.0,8344545.454545457,88.0
2025-06-12,이월,스포츠,80909.09090909091,1.0,1078545.4545454544,11.0
2025-06-12,이월,여성,2212545.4545454537,11.0,8738999.999999998,26.0
2025-06-12,이월,잡화,2240418.1818181816,20.0,10123172.727272727,51.0
2025-06-12,입점,골프,431363.6363636363,5.0,1327445.4545454544,10.0
2025-06-12,입점,남성,628454.5454545454,6.0,2551863.6363636362,34.0
2025-06-12,입점,리빙,177272.72727272724,3.0,1877165.4545454541,26.0
2025-06-12,입점,명품,570909.0909090908,5.0,7391727.272727273,17.0
2025-06-12,입점,뷰티,622499.9999999999,11.0,3670736.363636363,39.0
2025-06-12,입점,슈즈,101818.18181818181,1.0,312454.54545454547,1.0
2025-06-12,입점,스포츠,331636.3636363636,9.0,1616236.3636363635,23.0
2025-06-12,입점,아웃도어,1477545.4545454544,2.0,1082663.636363636,13.0
2025-06-12,입점,여성,582790.9090909092,14.0,1498099.9999999998,30.0
2025-06-12,입점,잡화,29090.90909090909,1.0,597690.9090909091,9.0
2025-06-12,입점,키즈,786854.5454545455,10.0,726181.818181818,9.0
2025-06-12,정상,골프,596354.5454545454,5.0,-238136.36363636353,0.0
2025-06-12,정상,남성,3781845.454545454,25.0,8814663.636363635,58.0
2025-06-12,정상,뷰티,30545.454545454544,1.0,32727.272727272724,1.0
2025-06-12,정상,슈즈,1691300.0,24.0,2872772.7272727275,29.0
2025-06-12,정상,여성,1472863.636363636,11.0,10187545.454545459,49.0
2025-06-12,정상,잡화,2968499.9999999995,28.0,5419409.090909092,39.0
2025-06-13,이월,골프,893999.9999999999,6.0,2417036.3636363633,23.0
2025-06-13,이월,남성,2316918.1818181816,18.0,6402800.0,59.0
2025-06-13,이월,슈즈,3593272.7272727266,37.0,7193254.545454546,79.0
2025-06-13,이월,스포츠,408090.90909090906,4.0,891363.6363636362,20.0
2025-06-13,이월,여성,1612545.4545454544,15.0,6817954.545454546,28.0
2025-06-13,이월,잡화,2975563.6363636367,18.0,5578009.090909092,41.0
2025-06-13,입점,골프,918990.909090909,6.0,1399218.1818181819,12.0
2025-06-13,입점,남성,455363.63636363635,3.0,1412027.2727272727,15.0
2025-06-13,입점,리빙,286454.5454545454,2.0,3315627.272727273,28.0
2025-06-13,입점,명품,-1829181.8181818186,2.0,5497363.636363635,15.0
2025-06-13,입점,뷰티,548000.0,11.0,1565754.5454545456,30.0
2025-06-13,입점,슈즈,257336.36363636362,3.0,1214590.909090909,5.0
2025-06-13,입점,스포츠,469945.4545454546,6.0,8074854.545454543,19.0
2025-06-13,입점,아웃도어,150363.63636363635,3.0,711909.0909090905,14.0
2025-06-13,입점,여성,606218.1818181819,18.0,882390.9090909091,15.0
2025-06-13,입점,잡화,71818.18181818181,1.0,795336.3636363635,9.0
2025-06-13,입점,키즈,-6545.454545454544,4.0,312181.8181818181,4.0
2025-06-13,정상,골프,970854.5454545453,9.0,1428836.3636363635,12.0
2025-06-13,정상,남성,2332772.727272728,22.0,5123181.8181818165,49.0
2025-06-13,정상,뷰티,107818.18181818182,1.0,54545.454545454544,1.0
2025-06-13,정상,슈즈,9289718.181818182,59.0,2902736.363636363,33.0
2025-06-13,정상,스포츠,144545.45454545453,1.0,62727.27272727272,1.0
2025-06-13,정상,여성,655818.1818181815,10.0,10062363.636363637,38.0
2025-06-13,정상,잡화,2422300.0,23.0,5235618.181818183,42.0
2025-06-14,이월,골프,2869363.6363636362,8.0,2317127.272727273,14.0
2025-06-14,이월,남성,2068527.2727272727,15.0,11671190.90909091,78.0
2025-06-14,이월,슈즈,1680363.6363636365,15.0,4941772.727272726,46.0
2025-06-14,이월,스포츠,422000.0,6.0,1266545.4545454541,21.0
2025-06-14,이월,여성,3120818.1818181816,19.0,8819999.999999996,46.0
2025-06-14,이월,잡화,2895363.6363636367,17.0,7666618.181818179,50.0
2025-06-14,입점,골프,1698090.909090909,11.0,4322981.8181818165,32.0
2025-06-14,입점,남성,234545.45454545453,3.0,2749090.909090909,36.0
2025-06-14,입점,리빙,320727.2727272727,2.0,2192600.0,48.0
2025-06-14,입점,명품,3036272.727272727,6.0,3482727.272727273,11.0
2025-06-14,입점,뷰티,1566127.272727273,18.0,1481963.636363636,24.0
2025-06-14,입점,슈즈,41427.27272727272,1.0,755745.4545454545,7.0
2025-06-14,입점,스포츠,605945.4545454545,12.0,1772909.0909090901,32.0
2025-06-14,입점,아웃도어,256909.09090909088,3.0,1530636.3636363635,16.0
2025-06-14,입점,여성,900490.9090909093,13.0,1614272.727272727,21.0
2025-06-14,입점,잡화,92409.0909090909,2.0,4015518.181818181,12.0
2025-06-14,입점,키즈,61545.454545454544,2.0,406709.09090909094,9.0
2025-06-14,정상,골프,-71454.54545454544,1.0,1651900.0,13.0
2025-06-14,정상,남성,1500863.6363636362,14.0,7358590.909090908,41.0
2025-06-14,정상,뷰티,26363.63636363636,1.0,63272.727272727265,2.0
2025-06-14,정상,슈즈,2992563.6363636362,42.0,4389945.454545454,34.0
2025-06-14,정상,스포츠,153636.36363636362,1.0,153636.36363636362,1.0
2025-06-14,정상,여성,2626272.7272727266,15.0,11807818.181818178,55.0
2025-06-14,정상,잡화,2290190.909090909,15.0,5179899.999999999,32.0
2025-06-15,이월,골프,1647636.3636363635,10.0,5864672.7272727275,40.0
2025-06-15,이월,남성,4641818.181818183,34.0,19386309.090909094,119.0
2025-06-15,이월,슈즈,1665954.5454545452,17.0,4014863.6363636353,47.0
2025-06-15,이월,스포츠,197363.63636363635,3.0,958636.3636363635,16.0
2025-06-15,이월,여성,7409045.454545455,18.0,21412636.36363636,93.0
2025-06-15,이월,잡화,4605818.181818182,26.0,11780554.545454547,70.0
2025-06-15,입점,골프,410109.0909090908,7.0,4491872.727272727,41.0
2025-06-15,입점,남성,448272.7272727272,3.0,4410381.818181817,50.0
2025-06-15,입점,리빙,365454.5454545454,5.0,2294465.4545454546,34.0
2025-06-15,입점,명품,1668545.4545454546,8.0,11706909.09090909,26.0
2025-06-15,입점,뷰티,712727.2727272726,8.0,2234636.3636363638,41.0
2025-06-15,입점,슈즈,770545.4545454546,4.0,925545.4545454545,7.0
2025-06-15,입점,스포츠,1270090.9090909092,19.0,1945727.2727272727,34.0
2025-06-15,입점,아웃도어,339318.18181818177,2.0,976818.1818181816,13.0
2025-06-15,입점,여성,494409.0909090908,5.0,2886118.1818181816,40.0
2025-06-15,입점,잡화,169090.9090909091,3.0,1034863.6363636361,13.0
2025-06-15,입점,키즈,289181.8181818181,8.0,873654.5454545453,20.0
2025-06-15,정상,골프,578854.5454545454,2.0,2718163.6363636362,24.0
2025-06-15,정상,남성,4581500.0,28.0,10540863.636363637,72.0
2025-06-15,정상,뷰티,108727.27272727272,2.0,20909.090909090908,1.0
2025-06-15,정상,슈즈,2833890.909090908,49.0,5002218.181818181,44.0
2025-06-15,정상,스포츠,35454.54545454545,1.0,0.0,0.0
2025-06-15,정상,여성,4229227.272727272,17.0,20346863.636363637,84.0
2025-06-15,정상,잡화,2387636.3636363633,22.0,6711672.7272727275,51.0
2025-06-16,이월,골프,1494636.3636363635,8.0,2886800.0,28.0
2025-06-16,이월,남성,4293718.18181818,18.0,14436109.090909097,93.0
2025-06-16,이월,슈즈,1389909.0909090908,10.0,4086200.0000000014,42.0
2025-06-16,이월,스포츠,59181.81818181818,2.0,997909.090909091,19.0
2025-06-16,이월,여성,2685727.272727273,18.0,9459727.272727268,35.0
2025-06-16,이월,잡화,2885672.727272726,26.0,7203290.909090909,41.0
2025-06-16,입점,골프,1035672.7272727273,8.0,4440918.181818181,24.0
2025-06-16,입점,남성,557090.9090909091,3.0,3070236.3636363624,31.0
2025-06-16,입점,리빙,306636.36363636365,2.0,2400872.727272727,29.0
2025-06-16,입점,명품,-1033272.7272727273,-2.0,3529227.2727272734,17.0
2025-06-16,입점,뷰티,935000.0,16.0,3669322.727272728,51.0
2025-06-16,입점,슈즈,87636.36363636362,2.0,765754.5454545454,6.0
2025-06-16,입점,스포츠,583909.0909090909,9.0,-3719690.9090909073,41.0
2025-06-16,입점,아웃도어,435636.36363636365,3.0,1932600.0,0.0
2025-06-16,입점,여성,330727.2727272727,7.0,2384513.6363636362,43.0
2025-06-16,입점,잡화,0.0,0.0,1688081.818181818,17.0
2025-06-16,입점,키즈,-35090.90909090909,-1.0,1157545.4545454544,18.0
2025-06-16,정상,골프,1600336.3636363635,12.0,2158709.090909091,16.0
2025-06-16,정상,남성,3512227.272727272,28.0,7645636.363636361,70.0
2025-06-16,정상,뷰티,123636.36363636362,2.0,53636.36363636363,2.0
2025-06-16,정상,슈즈,4479627.272727274,77.0,7601354.545454546,54.0
2025-06-16,정상,스포츠,0.0,0.0,0.0,0.0
2025-06-16,정상,여성,1489090.909090909,10.0,8922727.272727273,47.0
2025-06-16,정상,잡화,3052363.6363636362,28.0,7311854.545454546,42.0
2025-06-17,이월,골프,2136445.4545454546,12.0,1975072.727272727,15.0
2025-06-17,이월,남성,5069209.09090909,37.0,4913845.454545455,54.0
2025-06-17,이월,슈즈,1643227.2727272725,15.0,2008727.2727272727,21.0
2025-06-17,이월,스포츠,90000.00000000001,2.0,494000.0,6.0
2025-06-17,이월,여성,1714000.0,7.0,-622681.8181818181,11.0
2025-06-17,이월,잡화,2298272.7272727266,17.0,6017372.7272727275,32.0
2025-06-17,입점,골프,1316981.8181818181,7.0,2260127.272727273,25.0
2025-06-17,입점,남성,666227.2727272727,5.0,2496036.3636363638,40.0
2025-06-17,입점,리빙,384454.54545454547,4.0,3477636.363636363,31.0
2025-06-17,입점,명품,576363.6363636362,4.0,3660818.1818181803,18.0
2025-06-17,입점,뷰티,343181.8181818182,8.0,2535072.7272727275,36.0
2025-06-17,입점,슈즈,54545.454545454544,0.0,865818.1818181818,5.0
2025-06-17,입점,스포츠,584000.0,3.0,2196900.0000000005,28.0
2025-06-17,입점,아웃도어,565199.9999999999,8.0,831018.1818181819,8.0
2025-06-17,입점,여성,1295090.909090909,25.0,4154227.2727272715,63.0
2025-06-17,입점,잡화,136363.63636363635,2.0,2218518.181818182,16.0
2025-06-17,입점,키즈,368700.0,8.0,1204372.7272727273,23.0
2025-06-17,정상,골프,1217936.3636363633,8.0,1108518.1818181819,12.0
2025-06-17,정상,남성,3180454.5454545454,27.0,11875827.27272727,72.0
2025-06-17,정상,뷰티,309318.1818181818,4.0,20909.09090909091,1.0
2025-06-17,정상,슈즈,6470236.363636364,92.0,6692100.000000001,57.0
2025-06-17,정상,스포츠,0.0,0.0,-144545.45454545453,-1.0
2025-06-17,정상,여성,784181.818181818,6.0,2406999.9999999995,22.0
2025-06-17,정상,잡화,3738418.181818181,28.0,5932763.636363636,50.0
2025-06-18,이월,골프,1276090.909090909,8.0,4508336.363636361,30.0
2025-06-18,이월,남성,1701027.2727272727,11.0,10816427.272727272,89.0
2025-06-18,이월,슈즈,681045.4545454545,9.0,6784090.909090911,57.0
2025-06-18,이월,스포츠,33363.63636363637,1.0,977481.8181818181,15.0
2025-06-18,이월,여성,276954.5454545453,4.0,4294418.181818182,18.0
2025-06-18,이월,잡화,2005454.5454545454,17.0,7995354.545454544,58.0
2025-06-18,입점,골프,1514854.5454545452,5.0,6691299.999999999,42.0
2025-06-18,입점,남성,2434999.9999999995,14.0,20083581.818181816,155.0
2025-06-18,입점,리빙,174545.45454545456,1.0,2989954.5454545454,36.0
2025-06-18,입점,명품,1501727.2727272725,7.0,7800818.181818181,29.0
2025-06-18,입점,뷰티,950613.6363636362,14.0,4866427.2727272725,52.0
2025-06-18,입점,슈즈,646363.6363636364,4.0,330663.6363636364,4.0
2025-06-18,입점,스포츠,487181.81818181823,7.0,1514454.5454545452,34.0
2025-06-18,입점,아웃도어,182090.9090909091,3.0,117363.6363636363,13.0
2025-06-18,입점,여성,73863.63636363634,4.0,6785198.181818181,98.0
2025-06-18,입점,잡화,241745.4545454545,3.0,438727.2727272727,14.0
2025-06-18,입점,키즈,278272.7272727273,4.0,1336609.0909090906,25.0
2025-06-18,정상,골프,1320381.8181818181,7.0,3676518.1818181816,20.0
2025-06-18,정상,남성,3913227.272727273,30.0,7522927.272727272,64.0
2025-06-18,정상,뷰티,94545.45454545453,2.0,193818.18181818182,12.0
2025-06-18,정상,슈즈,7464245.454545454,79.0,10296190.909090905,87.0
2025-06-18,정상,스포츠,153636.36363636362,1.0,44545.454545454544,1.0
2025-06-18,정상,여성,73454.54545454541,3.0,13148454.545454545,59.0
2025-06-18,정상,잡화,2969199.9999999995,24.0,6189590.909090909,51.0
2025-06-19,이월,골프,1085672.7272727273,5.0,2057954.5454545447,14.0
2025-06-19,이월,남성,3577381.8181818184,21.0,13514827.272727273,90.0
2025-06-19,이월,슈즈,824909.0909090908,8.0,3689754.545454545,45.0
2025-06-19,이월,스포츠,78454.54545454544,1.0,1482363.636363636,21.0
2025-06-19,이월,여성,717681.818181818,2.0,9608454.545454543,37.0
2025-06-19,이월,잡화,3093272.7272727275,26.0,6682636.363636362,49.0
2025-06-19,입점,골프,796081.8181818181,2.0,2870336.3636363638,30.0
2025-06-19,입점,남성,502227.27272727276,8.0,2021900.0,22.0
2025-06-19,입점,리빙,635727.2727272727,6.0,3100254.545454545,42.0
2025-06-19,입점,명품,1666363.6363636365,6.0,12738727.272727272,28.0
2025-06-19,입점,뷰티,243545.45454545453,4.0,4826581.818181817,61.0
2025-06-19,입점,슈즈,83454.54545454544,0.0,391518.18181818177,2.0
2025-06-19,입점,스포츠,936527.2727272727,12.0,3631936.3636363638,39.0
2025-06-19,입점,아웃도어,247272.72727272724,3.0,1293372.7272727273,15.0
2025-06-19,입점,여성,421727.27272727276,6.0,3342918.181818182,50.0
2025-06-19,입점,잡화,58090.90909090909,3.0,1003472.7272727272,17.0
2025-06-19,입점,키즈,113272.72727272726,1.0,963163.6363636362,21.0
2025-06-19,정상,골프,254136.3636363636,2.0,1995927.2727272727,16.0
2025-06-19,정상,남성,2428745.454545454,20.0,13867872.727272727,93.0
2025-06-19,정상,뷰티,-30545.454545454544,-1.0,72909.09090909091,3.0
2025-06-19,정상,슈즈,4310500.0,57.0,6587318.181818181,60.0
2025-06-19,정상,스포츠,44545.454545454544,1.0,0.0,0.0
2025-06-19,정상,여성,1386136.3636363633,5.0,7946999.999999998,40.0
2025-06-19,정상,잡화,2891636.363636363,18.0,7306272.727272726,53.0
2025-06-20,이월,골프,989545.4545454545,5.0,2066909.0909090904,14.0
2025-06-20,이월,남성,3661554.545454545,18.0,10344972.72727273,57.0
2025-06-20,이월,슈즈,1206318.1818181816,10.0,3766409.090909091,43.0
2025-06-20,이월,스포츠,115272.72727272726,2.0,1268545.4545454546,17.0
2025-06-20,이월,여성,-128045.45454545438,3.0,9299500.0,49.0
2025-06-20,이월,잡화,2106027.2727272725,22.0,8384172.727272727,48.0
2025-06-20,입점,골프,2136345.4545454546,8.0,2230718.1818181816,19.0
2025-06-20,입점,남성,410818.1818181818,4.0,5565836.363636364,61.0
2025-06-20,입점,리빙,384818.1818181818,3.0,3716636.363636364,27.0
2025-06-20,입점,명품,787363.6363636362,5.0,6174272.727272727,17.0
2025-06-20,입점,뷰티,-330909.0909090909,8.0,1875627.272727272,36.0
2025-06-20,입점,슈즈,137272.72727272726,3.0,901545.4545454545,6.0
2025-06-20,입점,스포츠,950499.9999999999,12.0,1560763.6363636365,29.0
2025-06-20,입점,아웃도어,298000.0,3.0,630245.4545454545,8.0
2025-06-20,입점,여성,18454.545454545478,3.0,3211781.8181818184,36.0
2025-06-20,입점,잡화,353090.9090909091,7.0,1192554.5454545454,17.0
2025-06-20,입점,키즈,17454.545454545452,0.0,1310918.181818182,18.0
2025-06-20,정상,골프,363545.45454545453,3.0,2481636.3636363633,17.0
2025-06-20,정상,남성,1167681.8181818181,11.0,7906181.8181818165,51.0
2025-06-20,정상,뷰티,30545.454545454544,1.0,0.0,0.0
2025-06-20,정상,슈즈,5445600.000000002,64.0,5059090.909090911,64.0
2025-06-20,정상,스포츠,0.0,0.0,226363.63636363635,1.0
2025-06-20,정상,여성,2207272.727272727,10.0,12856681.81818182,50.0
2025-06-20,정상,잡화,3388409.0909090913,24.0,5787454.545454545,40.0
2025-06-21,이월,골프,1953890.909090909,11.0,2929954.545454545,20.0
2025-06-21,이월,남성,3466781.8181818184,17.0,13542654.545454547,71.0
2025-06-21,이월,슈즈,1139500.0000000002,12.0,4465909.090909091,59.0
2025-06-21,이월,스포츠,239818.18181818182,3.0,1238909.0909090906,18.0
2025-06-21,이월,여성,1644727.2727272727,6.0,15029863.636363635,54.0
2025-06-21,이월,잡화,2655318.1818181816,22.0,6595718.181818182,43.0
2025-06-21,입점,골프,1658181.8181818184,12.0,9156381.818181816,63.0
2025-06-21,입점,남성,522363.63636363635,5.0,4235609.09090909,56.0
2025-06-21,입점,리빙,161818.1818181818,1.0,3360363.636363636,34.0
2025-06-21,입점,명품,508181.8181818181,2.0,11492909.090909092,30.0
2025-06-21,입점,뷰티,143636.36363636362,3.0,1205636.3636363635,28.0
2025-06-21,입점,슈즈,58636.36363636363,1.0,918563.6363636364,6.0
2025-06-21,입점,스포츠,1258181.8181818184,23.0,1709145.4545454544,35.0
2025-06-21,입점,아웃도어,168181.81818181818,2.0,1733972.7272727268,19.0
2025-06-21,입점,여성,664227.2727272727,10.0,3811518.181818181,56.0
2025-06-21,입점,잡화,217399.99999999997,3.0,1428854.5454545452,14.0
2025-06-21,입점,키즈,302909.0909090909,5.0,1106454.5454545452,19.0
2025-06-21,정상,골프,750672.7272727273,7.0,2668081.8181818184,17.0
2025-06-21,정상,남성,2796772.727272727,22.0,9557500.0,74.0
2025-06-21,정상,뷰티,0.0,0.0,54545.454545454544,2.0
2025-06-21,정상,슈즈,5655209.090909092,61.0,10632063.636363633,84.0
2025-06-21,정상,여성,2358227.2727272725,7.0,9937363.636363635,44.0
2025-06-21,정상,잡화,1894763.6363636365,15.0,5419381.818181818,37.0
2025-06-22,이월,골프,1320163.6363636362,9.0,4217218.181818182,32.0
2025-06-22,이월,남성,4462118.181818183,30.0,24719736.363636345,130.0
2025-06-22,이월,슈즈,1309500.0,15.0,6224954.545454543,74.0
2025-06-22,이월,스포츠,58636.36363636363,1.0,1275590.9090909087,19.0
2025-06-22,이월,여성,2664227.2727272725,13.0,19353090.909090906,86.0
2025-06-22,이월,잡화,2546745.4545454537,21.0,11131618.181818185,83.0
2025-06-22,입점,골프,1963072.727272727,12.0,8982981.81818182,68.0
2025-06-22,입점,남성,417727.2727272727,3.0,5158627.272727273,66.0
2025-06-22,입점,리빙,744363.6363636364,5.0,3010801.818181818,38.0
2025-06-22,입점,명품,680636.3636363636,3.0,12390181.818181818,42.0
2025-06-22,입점,뷰티,601909.0909090908,14.0,2200063.636363636,48.0
2025-06-22,입점,슈즈,295363.63636363635,3.0,958500.0,10.0
2025-06-22,입점,스포츠,1000272.727272727,19.0,2851913.6363636367,47.0
2025-06-22,입점,아웃도어,301636.3636363636,6.0,964136.3636363634,14.0
2025-06-22,입점,여성,319136.36363636365,6.0,3874149.999999999,62.0
2025-06-22,입점,잡화,90372.72727272728,3.0,1028199.9999999999,19.0
2025-06-22,입점,키즈,271763.63636363635,6.0,2111981.8181818174,32.0
2025-06-22,정상,골프,346636.3636363636,3.0,2349363.6363636367,22.0
2025-06-22,정상,남성,2215227.2727272725,21.0,13666863.636363639,102.0
2025-06-22,정상,뷰티,241090.90909090906,2.0,296363.63636363635,3.0
2025-06-22,정상,슈즈,7196354.545454548,82.0,18309781.81818182,155.0
2025-06-22,정상,스포츠,0.0,0.0,79272.72727272726,1.0
2025-06-22,정상,여성,1216545.4545454546,6.0,22713454.54545455,96.0
2025-06-22,정상,잡화,4212690.909090908,27.0,8873572.727272725,68.0
2025-06-23,이월,골프,752936.3636363635,5.0,1691699.9999999993,12.0
2025-06-23,이월,남성,81918.1818181815,12.0,7696145.454545453,55.0
2025-06-23,이월,슈즈,2213409.090909091,21.0,6075636.363636363,67.0
2025-06-23,이월,스포츠,657545.4545454545,10.0,644454.5454545454,13.0
2025-06-23,이월,여성,898818.1818181815,5.0,4742863.636363635,41.0
2025-06-23,이월,잡화,2564327.272727272,19.0,10494472.727272727,53.0
2025-06-23,입점,골프,887781.8181818182,9.0,2041745.4545454537,27.0
2025-06-23,입점,남성,102681.81818181818,2.0,3474999.9999999995,41.0
2025-06-23,입점,리빙,180999.99999999997,4.0,1801367.272727273,29.0
2025-06-23,입점,명품,1753545.4545454546,5.0,-1954727.2727272727,17.0
2025-06-23,입점,뷰티,712963.6363636362,20.0,3258563.6363636362,45.0
2025-06-23,입점,슈즈,643272.7272727273,4.0,1148227.2727272725,7.0
2025-06-23,입점,스포츠,735718.1818181819,12.0,248054.5454545455,17.0
2025-06-23,입점,아웃도어,357045.45454545453,4.0,1953054.5454545454,9.0
2025-06-23,입점,여성,481463.6363636363,0.0,315181.81818181823,-2.0
2025-06-23,입점,잡화,0.0,0.0,1193463.6363636362,11.0
2025-06-23,입점,키즈,52545.454545454544,1.0,1067545.4545454546,27.0
2025-06-23,정상,골프,382909.0909090909,2.0,2900636.3636363633,16.0
2025-06-23,정상,남성,1832545.4545454544,14.0,7659045.454545453,69.0
2025-06-23,정상,뷰티,44545.454545454544,1.0,90727.27272727272,2.0
2025-06-23,정상,슈즈,2723427.2727272725,31.0,4694909.09090909,36.0
2025-06-23,정상,여성,1062136.3636363635,8.0,7764727.2727272725,37.0
2025-06-23,정상,잡화,2802463.6363636362,23.0,5662436.363636363,50.0
2025-06-24,이월,골프,1240254.5454545454,6.0,1106799.9999999998,7.0
2025-06-24,이월,남성,3798527.2727272715,11.0,8639872.727272725,62.0
2025-06-24,이월,슈즈,1480136.3636363633,17.0,4728590.909090908,39.0
2025-06-24,이월,스포츠,322363.63636363635,4.0,1097636.3636363635,13.0
2025-06-24,이월,여성,51409.090909091,3.0,3300227.272727272,13.0
2025-06-24,이월,잡화,1739781.818181818,11.0,8160963.636363634,43.0
2025-06-24,입점,골프,1645718.1818181819,7.0,1528881.818181818,11.0
2025-06-24,입점,남성,737818.1818181818,9.0,4049145.4545454537,40.0
2025-06-24,입점,리빙,227272.72727272726,1.0,3786345.4545454546,33.0
2025-06-24,입점,명품,317272.72727272724,0.0,3991227.272727273,15.0
2025-06-24,입점,뷰티,902709.0909090909,10.0,1246622.7272727273,17.0
2025-06-24,입점,슈즈,389481.8181818182,3.0,721500.0,6.0
2025-06-24,입점,스포츠,481218.18181818177,8.0,1331118.181818182,23.0
2025-06-24,입점,아웃도어,344181.8181818182,2.0,1928472.727272727,23.0
2025-06-24,입점,여성,310363.63636363635,3.0,714072.7272727272,9.0
2025-06-24,입점,잡화,28954.545454545452,1.0,1481963.6363636372,16.0
2025-06-24,입점,키즈,232636.3636363636,3.0,794681.8181818182,14.0
2025-06-24,정상,골프,208863.6363636364,3.0,2621054.545454545,21.0
2025-06-24,정상,남성,1541181.8181818181,12.0,6659700.000000001,62.0
2025-06-24,정상,뷰티,101818.18181818181,1.0,45454.54545454545,2.0
2025-06-24,정상,슈즈,1519736.3636363633,16.0,4880454.545454545,28.0
2025-06-24,정상,스포츠,0.0,0.0,96363.63636363634,1.0
2025-06-24,정상,여성,2433181.818181818,16.0,7954318.18181818,23.0
2025-06-24,정상,잡화,1337818.1818181819,16.0,6237881.818181819,47.0
2025-06-25,이월,골프,626181.8181818181,7.0,1841763.636363636,18.0
2025-06-25,이월,남성,3877545.4545454537,19.0,7458627.272727273,61.0
2025-06-25,이월,슈즈,691454.5454545454,11.0,3386818.1818181826,34.0
2025-06-25,이월,스포츠,117272.72727272726,2.0,1008454.5454545454,12.0
2025-06-25,이월,여성,2414409.0909090904,9.0,5327318.18181818,42.0
2025-06-25,이월,잡화,1501509.090909091,14.0,5622872.7272727275,34.0
2025-06-25,입점,골프,234272.72727272724,2.0,3686272.727272728,23.0
2025-06-25,입점,남성,525363.6363636364,7.0,4577790.909090908,53.0
2025-06-25,입점,리빙,361636.36363636365,4.0,1387481.818181818,27.0
2025-06-25,입점,명품,3662181.8181818174,6.0,4728454.545454546,12.0
2025-06-25,입점,뷰티,565727.2727272727,12.0,1660504.5454545459,30.0
2025-06-25,입점,슈즈,-109090.90909090909,0.0,355445.45454545453,1.0
2025-06-25,입점,스포츠,486818.18181818177,5.0,3215618.181818181,41.0
2025-06-25,입점,아웃도어,163636.36363636362,1.0,757727.2727272727,8.0
2025-06-25,입점,여성,278499.99999999994,5.0,1939818.1818181816,20.0
2025-06-25,입점,잡화,730636.3636363635,6.0,-162972.72727272724,4.0
2025-06-25,입점,키즈,-2818.18181818182,0.0,793636.3636363635,12.0
2025-06-25,정상,골프,288354.5454545454,2.0,1569518.1818181819,10.0
2025-06-25,정상,남성,2525181.818181818,19.0,10142272.727272727,61.0
2025-06-25,정상,뷰티,0.0,0.0,171818.1818181818,4.0
2025-06-25,정상,슈즈,2075645.4545454546,16.0,4150390.909090909,24.0
2025-06-25,정상,스포츠,80909.0909090909,1.0,198181.81818181818,2.0
2025-06-25,정상,여성,981454.5454545453,7.0,6785181.818181818,32.0
2025-06-25,정상,잡화,3044754.5454545445,17.0,4093754.5454545454,37.0
2025-06-26,이월,골프,-163036.3636363636,1.0,3219254.5454545454,18.0
2025-06-26,이월,남성,247454.54545454556,9.0,11606727.272727272,63.0
2025-06-26,이월,슈즈,2378445.4545454546,25.0,9236381.818181816,95.0
2025-06-26,이월,스포츠,344000.0,6.0,633181.8181818181,7.0
2025-06-26,이월,여성,869863.6363636364,5.0,6770909.090909091,37.0
2025-06-26,이월,잡화,2766000.0,23.0,8679199.999999998,52.0
2025-06-26,입점,골프,734436.3636363636,7.0,1476545.454545454,10.0
2025-06-26,입점,남성,201545.45454545453,7.0,2867509.0909090904,44.0
2025-06-26,입점,리빙,759000.0,6.0,3859636.3636363647,34.0
2025-06-26,입점,명품,2271909.090909091,6.0,4529818.181818183,9.0
2025-06-26,입점,뷰티,623954.5454545454,8.0,1505636.3636363635,30.0
2025-06-26,입점,슈즈,-181636.3636363636,0.0,602272.7272727272,4.0
2025-06-26,입점,스포츠,1195545.4545454546,15.0,5915099.999999997,85.0
2025-06-26,입점,아웃도어,-25363.63636363636,1.0,1038454.5454545453,11.0
2025-06-26,입점,여성,-610318.1818181819,-11.0,-25845.45454545456,-6.0
2025-06-26,입점,잡화,-63236.363636363625,-1.0,66881.8181818182,3.0
2025-06-26,입점,키즈,-5818.181818181832,4.0,739999.9999999998,22.0
2025-06-26,정상,골프,84227.27272727272,1.0,574272.7272727272,5.0
2025-06-26,정상,남성,1272681.818181818,12.0,6483681.818181818,63.0
2025-06-26,정상,뷰티,9000.0,1.0,-165818.18181818174,3.0
2025-06-26,정상,슈즈,1632745.4545454546,20.0,3234472.727272727,30.0
2025-06-26,정상,스포츠,153636.36363636362,1.0,0.0,0.0
2025-06-26,정상,여성,1061136.3636363635,8.0,1148999.9999999998,15.0
2025-06-26,정상,잡화,3567909.0909090913,24.0,5287072.727272727,44.0
2025-06-27,이월,골프,94518.18181818181,1.0,2346036.363636363,18.0
2025-06-27,이월,남성,2331627.2727272725,21.0,14501881.81818181,74.0
2025-06-27,이월,슈즈,3860672.727272728,41.0,10110681.81818182,118.0
2025-06-27,이월,스포츠,147909.09090909088,2.0,226636.36363636362,3.0
2025-06-27,이월,여성,2243772.727272727,13.0,11329772.727272734,71.0
2025-06-27,이월,잡화,3429145.454545454,30.0,8610018.181818182,54.0
2025-06-27,입점,골프,-198445.45454545447,-1.0,2412254.5454545445,17.0
2025-06-27,입점,남성,827954.5454545454,9.0,4363999.999999999,54.0
2025-06-27,입점,리빙,457999.99999999994,9.0,2618854.5454545454,30.0
2025-06-27,입점,명품,158181.81818181818,0.0,3162999.9999999995,11.0
2025-06-27,입점,뷰티,483190.90909090906,9.0,1261181.818181818,23.0
2025-06-27,입점,슈즈,96090.90909090907,1.0,630818.1818181816,6.0
2025-06-27,입점,스포츠,1097554.5454545456,14.0,7964272.727272728,59.0
2025-06-27,입점,아웃도어,0.0,0.0,444818.18181818177,8.0
2025-06-27,입점,여성,181881.81818181818,1.0,1023115.4545454544,15.0
2025-06-27,입점,잡화,80727.27272727272,2.0,1235854.5454545452,17.0
2025-06-27,입점,키즈,37545.454545454544,1.0,804318.1818181818,14.0
2025-06-27,정상,골프,464818.1818181818,4.0,501381.8181818181,2.0
2025-06-27,정상,남성,1749090.9090909087,16.0,6479954.545454547,50.0
2025-06-27,정상,뷰티,157454.54545454544,3.0,7181.818181818181,1.0
2025-06-27,정상,슈즈,3490381.8181818174,36.0,7915863.636363632,67.0
2025-06-27,정상,스포츠,126363.63636363635,1.0,216363.63636363635,1.0
2025-06-27,정상,여성,1944000.0000000002,11.0,6986636.363636362,39.0
2025-06-27,정상,잡화,1967909.0909090904,15.0,7715727.272727273,55.0
2025-06-28,이월,골프,1146545.4545454544,5.0,1846500.0,16.0
2025-06-28,이월,남성,2417409.090909091,19.0,11956181.818181815,96.0
2025-06-28,이월,슈즈,2291536.3636363633,25.0,5648254.545454543,65.0
2025-06-28,이월,스포츠,234181.81818181815,3.0,210181.81818181815,5.0
2025-06-28,이월,여성,480272.7272727273,9.0,17455772.727272727,98.0
2025-06-28,이월,잡화,1995272.727272727,15.0,10163309.09090909,61.0
2025-06-28,입점,골프,369181.8181818182,7.0,4213136.363636363,36.0
2025-06-28,입점,남성,414818.18181818177,6.0,4896309.09090909,61.0
2025-06-28,입점,리빙,490999.9999999998,7.0,3399518.1818181826,31.0
2025-06-28,입점,명품,1637363.6363636362,2.0,4289909.090909091,17.0
2025-06-28,입점,뷰티,273454.5454545454,8.0,1369518.1818181819,27.0
2025-06-28,입점,슈즈,287454.5454545454,4.0,1110381.818181818,10.0
2025-06-28,입점,스포츠,525272.7272727273,8.0,12400536.363636363,99.0
2025-06-28,입점,아웃도어,278818.18181818177,4.0,1440381.8181818181,11.0
2025-06-28,입점,여성,156045.45454545453,4.0,2655254.5454545454,31.0
2025-06-28,입점,잡화,36818.181818181816,1.0,2089009.090909091,21.0
2025-06-28,입점,키즈,107272.72727272726,2.0,2825945.454545454,28.0
2025-06-28,정상,골프,965663.6363636362,6.0,1619863.636363636,12.0
2025-06-28,정상,남성,1587272.727272727,14.0,9467636.363636363,64.0
2025-06-28,정상,뷰티,31818.181818181816,1.0,9000.0,1.0
2025-06-28,정상,슈즈,4716700.0,39.0,6811418.181818181,65.0
2025-06-28,정상,스포츠,0.0,0.0,0.0,0.0
2025-06-28,정상,여성,688909.0909090908,1.0,8839727.272727273,40.0
2025-06-28,정상,잡화,1993272.727272727,13.0,5616245.454545453,45.0
2025-06-29,이월,골프,498727.27272727276,5.0,4070500.0,34.0
2025-06-29,이월,남성,4712972.727272728,36.0,21214872.727272734,131.0
2025-06-29,이월,슈즈,2413118.1818181826,25.0,7221027.272727271,77.0
2025-06-29,이월,스포츠,228181.81818181818,3.0,1021090.9090909092,16.0
2025-06-29,이월,여성,1792909.0909090908,9.0,24100545.454545453,110.0
2025-06-29,이월,잡화,2621272.727272727,23.0,8637581.818181815,54.0
2025-06-29,입점,골프,1107000.0,9.0,5616472.727272728,51.0
2025-06-29,입점,남성,914454.5454545454,8.0,5085363.636363636,58.0
2025-06-29,입점,리빙,261363.63636363635,6.0,3584581.818181818,25.0
2025-06-29,입점,명품,2369090.9090909087,4.0,4131636.3636363633,22.0
2025-06-29,입점,뷰티,611436.3636363636,12.0,2112372.7272727275,28.0
2025-06-29,입점,슈즈,143636.36363636362,1.0,761272.7272727272,5.0
2025-06-29,입점,스포츠,1376636.3636363638,18.0,7502681.818181816,114.0
2025-06-29,입점,아웃도어,406636.36363636365,3.0,1367200.0,17.0
2025-06-29,입점,여성,29999.999999999996,1.0,4270909.09090909,40.0
2025-06-29,입점,잡화,157272.72727272726,2.0,1294318.1818181819,20.0
2025-06-29,입점,키즈,0.0,0.0,1755545.454545454,24.0
2025-06-29,정상,골프,734090.9090909091,1.0,3129718.1818181816,21.0
2025-06-29,정상,남성,3379454.5454545454,22.0,15275818.181818184,99.0
2025-06-29,정상,뷰티,76363.63636363635,2.0,288818.1818181818,3.0
2025-06-29,정상,슈즈,3937827.272727272,32.0,9729463.636363637,81.0
2025-06-29,정상,스포츠,144545.45454545453,1.0,98181.81818181818,2.0
2025-06-29,정상,여성,1500363.6363636362,8.0,15580590.909090906,74.0
2025-06-29,정상,잡화,3389181.8181818184,22.0,11510100.0,75.0
2025-06-30,이월,골프,193999.99999999997,3.0,2999327.2727272715,21.0
2025-06-30,이월,남성,1390163.6363636362,15.0,10886472.727272725,91.0
2025-06-30,이월,슈즈,1536709.0909090908,16.0,2819736.3636363633,32.0
2025-06-30,이월,스포츠,117272.72727272726,2.0,1466300.0,20.0
2025-06-30,이월,여성,570909.0909090908,4.0,8473590.90909091,59.0
2025-06-30,이월,잡화,2734581.8181818174,26.0,8142272.727272728,54.0
2025-06-30,입점,골프,506845.4545454546,7.0,703981.8181818181,7.0
2025-06-30,입점,남성,83636.36363636365,1.0,2636418.181818181,50.0
2025-06-30,입점,리빙,675363.6363636364,11.0,3760727.272727273,41.0
2025-06-30,입점,명품,573272.7272727273,2.0,6180318.181818182,19.0
2025-06-30,입점,뷰티,378636.3636363636,9.0,1783590.909090909,29.0
2025-06-30,입점,슈즈,187272.72727272726,2.0,-58090.90909090906,0.0
2025-06-30,입점,스포츠,547136.3636363635,10.0,4631804.545454545,64.0
2025-06-30,입점,아웃도어,135454.54545454544,2.0,1175736.3636363635,13.0
2025-06-30,입점,여성,2545.454545454566,0.0,1183545.4545454541,11.0
2025-06-30,입점,잡화,220909.0909090909,2.0,1776581.818181818,11.0
2025-06-30,입점,키즈,219090.90909090906,2.0,1341009.0909090908,33.0
2025-06-30,정상,골프,767772.7272727273,5.0,3192118.181818181,20.0
2025-06-30,정상,남성,2511090.9090909096,19.0,11048800.0,89.0
2025-06-30,정상,뷰티,26727.272727272724,1.0,263636.3636363636,1.0
2025-06-30,정상,슈즈,2378536.3636363633,17.0,1732627.2727272725,23.0
2025-06-30,정상,스포츠,153636.36363636362,1.0,153636.36363636362,1.0
2025-06-30,정상,여성,-151545.45454545453,-2.0,5231227.272727273,17.0
2025-06-30,정상,잡화,478981.8181818181,14.0,7718772.7272727275,56.0
2025-07-01,이월,골프,740036.3636363636,8.0,4518190.90909091,34.0
2025-07-01,이월,남성,5061518.181818181,20.0,10960381.818181813,98.0
2025-07-01,이월,슈즈,-1245.454545454515,0.0,1049436.3636363628,-7.0
2025-07-01,이월,스포츠,59909.090909090904,2.0,950454.5454545452,14.0
2025-07-01,이월,여성,752409.0909090908,6.0,8708636.363636363,49.0
2025-07-01,이월,잡화,3023945.454545455,22.0,10712618.181818178,65.0
2025-07-01,입점,골프,1387809.0909090908,5.0,2593400.0,26.0
2025-07-01,입점,남성,874545.4545454544,8.0,2536218.1818181807,32.0
2025-07-01,입점,리빙,2094199.9999999995,16.0,4492909.090909091,40.0
2025-07-01,입점,명품,1815909.0909090906,8.0,3107681.8181818193,12.0
2025-07-01,입점,뷰티,1519781.8181818184,23.0,2233404.545454546,38.0
2025-07-01,입점,슈즈,399599.99999999994,1.0,561545.4545454545,3.0
2025-07-01,입점,스포츠,576045.4545454546,9.0,4675909.090909092,76.0
2025-07-01,입점,아웃도어,678272.7272727272,7.0,1121631.818181818,8.0
2025-07-01,입점,여성,-53909.090909090904,-1.0,-53881.818181818264,-3.0
2025-07-01,입점,잡화,21363.636363636357,1.0,1190500.0,18.0
2025-07-01,입점,키즈,83363.63636363635,3.0,1466536.3636363635,26.0
2025-07-01,정상,골프,1158454.5454545452,11.0,2622027.272727272,20.0
2025-07-01,정상,남성,1842999.9999999998,15.0,11407027.272727273,79.0
2025-07-01,정상,뷰티,0.0,0.0,100909.0909090909,2.0
2025-07-01,정상,슈즈,2121863.6363636367,26.0,1054436.3636363638,21.0
2025-07-01,정상,스포츠,153636.36363636362,1.0,53636.36363636363,1.0
2025-07-01,정상,여성,301136.36363636353,2.0,-478863.63636363647,0.0
2025-07-01,정상,잡화,4790845.454545455,37.0,7037199.999999999,63.0
2025-07-02,이월,골프,2724709.090909091,14.0,3926172.727272728,29.0
2025-07-02,이월,남성,1656745.454545454,17.0,15982863.636363639,101.0
2025-07-02,이월,슈즈,796818.1818181818,14.0,1891690.9090909087,19.0
2025-07-02,이월,스포츠,565909.0909090909,8.0,415363.63636363624,5.0
2025-07-02,이월,여성,934090.9090909091,3.0,8875363.636363639,61.0
2025-07-02,이월,잡화,3358090.9090909082,30.0,12210872.727272727,67.0
2025-07-02,입점,골프,796627.2727272727,9.0,816836.3636363634,11.0
2025-07-02,입점,남성,139000.0,3.0,3860409.0909090904,43.0
2025-07-02,입점,리빙,892499.9999999999,16.0,2804636.3636363633,25.0
2025-07-02,입점,명품,981363.6363636362,8.0,2620681.818181819,13.0
2025-07-02,입점,뷰티,1292822.7272727273,22.0,2331172.7272727275,46.0
2025-07-02,입점,슈즈,80909.0909090909,1.0,500272.72727272724,5.0
2025-07-02,입점,스포츠,659454.5454545454,13.0,2604818.181818182,41.0
2025-07-02,입점,아웃도어,84363.63636363635,0.0,2207090.909090909,16.0
2025-07-02,입점,여성,345863.63636363635,6.0,920418.1818181816,15.0
2025-07-02,입점,잡화,0.0,0.0,2391427.272727272,13.0
2025-07-02,입점,키즈,472863.63636363635,6.0,435727.27272727253,11.0
2025-07-02,정상,골프,969454.5454545453,9.0,2694463.6363636367,18.0
2025-07-02,정상,남성,2118272.727272727,17.0,11522590.909090905,86.0
2025-07-02,정상,뷰티,0.0,0.0,110454.54545454543,2.0
2025-07-02,정상,슈즈,2764227.2727272725,29.0,3542209.090909091,25.0
2025-07-02,정상,스포츠,460909.0909090908,3.0,-215454.5454545454,-1.0
2025-07-02,정상,여성,172954.5454545454,2.0,-3117318.1818181816,-6.0
2025-07-02,정상,잡화,3109999.9999999995,29.0,6389527.2727272725,53.0
2025-07-03,이월,골프,412363.63636363635,3.0,3313536.3636363638,29.0
2025-07-03,이월,남성,-368254.5454545455,10.0,12236600.0,87.0
2025-07-03,이월,슈즈,946718.181818182,7.0,2185936.3636363633,33.0
2025-07-03,이월,스포츠,403454.5454545454,4.0,485727.27272727265,8.0
2025-07-03,이월,여성,663363.6363636365,5.0,4534409.090909091,30.0
2025-07-03,이월,잡화,2902145.454545455,23.0,9183090.909090908,53.0
2025-07-03,입점,골프,568727.2727272727,6.0,2269172.7272727266,21.0
2025-07-03,입점,남성,26727.272727272724,3.0,1759690.9090909096,28.0
2025-07-03,입점,리빙,1015909.0909090907,16.0,1409772.7272727273,28.0
2025-07-03,입점,명품,-1372363.6363636362,-1.0,4425954.545454546,18.0
2025-07-03,입점,뷰티,1064963.6363636362,14.0,3685518.181818182,37.0
2025-07-03,입점,슈즈,375336.36363636365,3.0,108318.18181818174,4.0
2025-07-03,입점,스포츠,304727.2727272727,7.0,2553318.1818181816,41.0
2025-07-03,입점,아웃도어,419454.54545454535,6.0,858800.0,8.0
2025-07-03,입점,여성,-182354.54545454544,-1.0,-14120.909090909088,6.0
2025-07-03,입점,잡화,971818.1818181818,1.0,1502218.1818181819,10.0
2025-07-03,입점,키즈,44545.454545454544,1.0,953190.909090909,19.0
2025-07-03,정상,골프,357890.90909090906,1.0,1707545.4545454544,20.0
2025-07-03,정상,남성,767818.1818181818,4.0,13191272.727272725,100.0
2025-07-03,정상,뷰티,0.0,0.0,110909.0909090909,2.0
2025-07-03,정상,슈즈,1755254.5454545456,17.0,2732090.9090909082,28.0
2025-07-03,정상,스포츠,0.0,0.0,0.0,0.0
2025-07-03,정상,여성,719681.818181818,2.0,1001272.727272727,-8.0
2025-07-03,정상,잡화,873636.3636363636,8.0,4502536.363636362,40.0
2025-07-04,이월,골프,219636.36363636362,1.0,3591854.545454545,27.0
2025-07-04,이월,남성,1993472.727272727,11.0,12671636.363636363,88.0
2025-07-04,이월,슈즈,980272.7272727271,10.0,3799609.0909090913,44.0
2025-07-04,이월,스포츠,407636.3636363636,6.0,1183181.8181818181,16.0
2025-07-04,이월,여성,1290909.0909090906,4.0,7673899.999999998,45.0
2025-07-04,이월,잡화,1196200.0,9.0,7347490.90909091,57.0
2025-07-04,입점,골프,1226181.8181818181,5.0,2433227.272727273,24.0
2025-07-04,입점,남성,608909.0909090908,3.0,2675127.272727272,33.0
2025-07-04,입점,리빙,1042872.7272727272,14.0,2521390.909090909,35.0
2025-07-04,입점,명품,628636.3636363635,3.0,4480909.09090909,14.0
2025-07-04,입점,뷰티,804177.2727272727,14.0,-195727.27272727294,14.0
2025-07-04,입점,슈즈,477472.7272727273,4.0,1348636.3636363635,5.0
2025-07-04,입점,스포츠,1052309.0909090908,15.0,3011545.454545455,43.0
2025-07-04,입점,아웃도어,80127.27272727274,1.0,643800.0,9.0
2025-07-04,입점,여성,91181.8181818182,1.0,-157263.63636363627,-3.0
2025-07-04,입점,잡화,0.0,0.0,842409.0909090907,11.0
2025-07-04,입점,키즈,120181.81818181818,3.0,475254.5454545454,11.0
2025-07-04,정상,골프,660736.3636363635,4.0,4354054.545454545,27.0
2025-07-04,정상,남성,2789681.818181818,19.0,9048500.0,62.0
2025-07-04,정상,뷰티,277454.5454545454,3.0,620909.0909090908,8.0
2025-07-04,정상,슈즈,1368554.5454545454,15.0,3773027.2727272725,30.0
2025-07-04,정상,스포츠,153636.36363636362,1.0,0.0,0.0
2025-07-04,정상,여성,644545.4545454545,3.0,6504818.181818182,22.0
2025-07-04,정상,잡화,3021372.7272727275,16.0,7976045.454545455,56.0
2025-07-05,이월,골프,362236.36363636365,1.0,1687036.3636363638,17.0
2025-07-05,이월,남성,1855718.1818181814,16.0,17630481.818181813,101.0
2025-07-05,이월,슈즈,1172409.0909090908,14.0,4011045.4545454546,48.0
2025-07-05,이월,스포츠,289272.72727272724,1.0,211636.3636363636,5.0
2025-07-05,이월,여성,1972000.0,9.0,18308390.909090906,84.0
2025-07-05,이월,잡화,1997236.3636363633,15.0,10339963.636363637,54.0
2025-07-05,입점,골프,824363.6363636362,3.0,8011009.090909093,70.0
2025-07-05,입점,남성,310272.72727272724,4.0,4025163.6363636362,58.0
2025-07-05,입점,리빙,360272.7272727273,8.0,1825636.3636363635,25.0
2025-07-05,입점,명품,1415454.5454545454,5.0,7169772.727272726,24.0
2025-07-05,입점,뷰티,486727.2727272727,8.0,1739163.6363636365,45.0
2025-07-05,입점,슈즈,0.0,0.0,1081272.727272727,8.0
2025-07-05,입점,스포츠,653818.1818181818,10.0,3240545.4545454546,52.0
2025-07-05,입점,아웃도어,348636.3636363636,3.0,1073163.6363636362,16.0
2025-07-05,입점,여성,44909.090909090904,1.0,933236.3636363633,19.0
2025-07-05,입점,잡화,17818.181818181816,1.0,825663.6363636361,15.0
2025-07-05,입점,키즈,75818.18181818181,1.0,1499500.0000000002,20.0
2025-07-05,정상,골프,627727.2727272727,3.0,2673845.454545455,21.0
2025-07-05,정상,남성,1879136.3636363628,14.0,7656636.363636361,62.0
2025-07-05,정상,뷰티,119999.99999999999,1.0,289818.18181818177,5.0
2025-07-05,정상,슈즈,2018763.6363636365,20.0,5493854.545454546,57.0
2025-07-05,정상,스포츠,307272.72727272724,2.0,0.0,0.0
2025-07-05,정상,여성,1360818.1818181816,8.0,13451000.0,42.0
2025-07-05,정상,잡화,2431454.545454545,19.0,8126081.818181816,64.0
2025-07-06,이월,골프,650999.9999999999,3.0,4947463.636363635,39.0
2025-07-06,이월,남성,1775800.0,14.0,25576236.363636352,155.0
2025-07-06,이월,슈즈,915363.6363636362,9.0,4969499.999999999,57.0
2025-07-06,이월,스포츠,101181.81818181818,1.0,809272.7272727273,13.0
2025-07-06,이월,여성,2177745.4545454546,11.0,24196363.636363637,121.0
2025-07-06,이월,잡화,2690127.2727272725,23.0,15530854.545454552,82.0
2025-07-06,입점,골프,1033636.3636363635,5.0,10669781.818181822,73.0
2025-07-06,입점,남성,720545.4545454546,7.0,6340000.000000001,78.0
2025-07-06,입점,리빙,1023545.4545454542,15.0,3528181.8181818184,46.0
2025-07-06,입점,명품,1221636.3636363638,3.0,9216545.454545453,24.0
2025-07-06,입점,뷰티,880272.7272727272,9.0,2277881.818181818,62.0
2025-07-06,입점,슈즈,-253272.72727272726,-1.0,1233109.090909091,11.0
2025-07-06,입점,스포츠,989545.4545454545,17.0,2862454.5454545445,47.0
2025-07-06,입점,아웃도어,294600.0,3.0,1526509.090909091,18.0
2025-07-06,입점,여성,163136.36363636362,3.0,2518554.5454545454,33.0
2025-07-06,입점,잡화,457818.18181818177,3.0,1915472.7272727268,19.0
2025-07-06,입점,키즈,248818.18181818182,3.0,1832181.8181818174,27.0
2025-07-06,정상,골프,0.0,0.0,3464863.636363636,30.0
2025-07-06,정상,남성,2394136.3636363633,19.0,15837681.818181813,128.0
2025-07-06,정상,뷰티,29999.999999999996,1.0,156909.0909090909,4.0
2025-07-06,정상,슈즈,2370709.0909090913,20.0,6024109.09090909,53.0
2025-07-06,정상,스포츠,62727.27272727272,1.0,0.0,0.0
2025-07-06,정상,여성,1471272.727272727,6.0,13664999.999999998,65.0
2025-07-06,정상,잡화,2524181.818181818,21.0,8869672.727272725,58.0
2025-07-07,이월,골프,530027.2727272727,2.0,5721599.999999998,32.0
2025-07-07,이월,남성,1764463.6363636362,14.0,11106809.09090909,94.0
2025-07-07,이월,슈즈,1786272.7272727268,13.0,3099272.7272727275,38.0
2025-07-07,이월,스포츠,396090.90909090906,5.0,757545.4545454545,8.0
2025-07-07,이월,여성,69999.99999999991,1.0,9213627.272727273,49.0
2025-07-07,이월,잡화,2546072.727272727,21.0,7148018.181818183,54.0
2025-07-07,입점,골프,1343127.2727272727,12.0,4077172.727272727,28.0
2025-07-07,입점,남성,623672.7272727273,6.0,3418954.545454545,49.0
2025-07-07,입점,리빙,1066640.909090909,25.0,2702612.7272727266,38.0
2025-07-07,입점,명품,-274545.4545454546,1.0,8904181.818181816,27.0
2025-07-07,입점,뷰티,723636.3636363635,10.0,2640045.4545454546,46.0
2025-07-07,입점,슈즈,130909.0909090909,1.0,940090.9090909092,9.0
2025-07-07,입점,스포츠,855000.0,10.0,1283499.9999999995,22.0
2025-07-07,입점,아웃도어,369000.0,4.0,783363.6363636364,6.0
2025-07-07,입점,여성,-94590.90909090909,-1.0,2179036.3636363638,17.0
2025-07-07,입점,잡화,1972.7272727272648,2.0,1823845.4545454544,15.0
2025-07-07,입점,키즈,312545.45454545453,5.0,623945.4545454545,13.0
2025-07-07,정상,골프,898190.9090909091,7.0,2877154.545454545,31.0
2025-07-07,정상,남성,4062045.454545454,22.0,10210318.181818184,79.0
2025-07-07,정상,뷰티,263272.72727272724,2.0,453999.9999999999,4.0
2025-07-07,정상,슈즈,38018.18181818185,4.0,2437390.9090909087,19.0
2025-07-07,정상,스포츠,523636.36363636353,3.0,328363.63636363635,2.0
2025-07-07,정상,여성,-578545.4545454545,-3.0,5884863.636363635,29.0
2025-07-07,정상,잡화,2164645.454545454,21.0,5797990.909090909,44.0
2025-07-08,이월,골프,340545.4545454546,3.0,3697000.0,25.0
2025-07-08,이월,남성,406309.0909090907,17.0,12372445.454545455,80.0
2025-07-08,이월,슈즈,798772.7272727271,7.0,3162854.5454545454,30.0
2025-07-08,이월,스포츠,309863.63636363635,5.0,580227.2727272726,3.0
2025-07-08,이월,여성,982272.7272727273,6.0,9228136.363636361,59.0
2025-07-08,이월,잡화,3045290.909090909,20.0,11959418.181818182,67.0
2025-07-08,입점,골프,531809.0909090908,5.0,1782527.2727272727,11.0
2025-07-08,입점,남성,-72854.54545454544,0.0,4047999.9999999995,43.0
2025-07-08,입점,리빙,1471090.9090909087,33.0,7171245.454545453,80.0
2025-07-08,입점,명품,1910727.272727273,9.0,9263454.545454545,31.0
2025-07-08,입점,뷰티,196363.63636363632,10.0,2304363.6363636362,40.0
2025-07-08,입점,슈즈,80909.0909090909,1.0,1539236.3636363635,11.0
2025-07-08,입점,스포츠,662727.2727272727,7.0,3814000.0,56.0
2025-07-08,입점,아웃도어,782463.6363636362,6.0,17630918.181818184,38.0
2025-07-08,입점,여성,168909.0909090909,4.0,1519775.4545454541,8.0
2025-07-08,입점,잡화,244363.63636363635,4.0,1169099.9999999998,10.0
2025-07-08,입점,키즈,272090.90909090906,3.0,471736.36363636365,11.0
2025-07-08,정상,골프,827209.0909090909,8.0,2932418.1818181826,17.0
2025-07-08,정상,남성,2236590.9090909087,18.0,10498000.000000004,64.0
2025-07-08,정상,뷰티,674545.4545454545,5.0,544909.0909090908,4.0
2025-07-08,정상,슈즈,1480790.909090909,18.0,6401400.000000001,67.0
2025-07-08,정상,스포츠,71818.18181818181,1.0,35636.36363636363,1.0
2025-07-08,정상,여성,1588045.4545454546,8.0,8753863.636363635,39.0
2025-07-08,정상,잡화,4124254.545454545,30.0,8721845.454545457,60.0
2025-07-09,이월,골프,1037109.0909090908,6.0,3425800.0,23.0
2025-07-09,이월,남성,2102518.1818181816,14.0,14594972.72727273,91.0
2025-07-09,이월,슈즈,-58863.63636363638,10.0,3467772.727272727,34.0
2025-07-09,이월,스포츠,626727.2727272727,6.0,526545.4545454546,9.0
2025-07-09,이월,여성,1535681.818181818,8.0,10909045.454545453,62.0
2025-07-09,이월,잡화,3090290.9090909087,23.0,7803363.636363636,56.0
2025-07-09,입점,골프,1192018.1818181816,14.0,5001018.181818181,43.0
2025-07-09,입점,남성,370090.90909090906,4.0,3398409.090909091,60.0
2025-07-09,입점,리빙,739272.7272727273,16.0,3911104.545454545,52.0
2025-07-09,입점,명품,583636.3636363635,3.0,19142545.454545453,40.0
2025-07-09,입점,뷰티,266818.1818181818,9.0,1719909.0909090906,44.0
2025-07-09,입점,슈즈,-22727.272727272706,-1.0,189927.27272727265,5.0
2025-07-09,입점,스포츠,3502818.1818181807,20.0,4216063.636363636,67.0
2025-07-09,입점,아웃도어,967490.909090909,14.0,5287481.8181818165,36.0
2025-07-09,입점,여성,75181.81818181818,2.0,3849330.0,44.0
2025-07-09,입점,잡화,1022445.4545454546,10.0,2003118.1818181816,19.0
2025-07-09,입점,키즈,60999.99999999999,1.0,951809.0909090907,17.0
2025-07-09,정상,골프,990281.8181818179,8.0,2804545.454545454,24.0
2025-07-09,정상,남성,2981227.2727272725,27.0,8245090.90909091,58.0
2025-07-09,정상,뷰티,81636.36363636363,2.0,122727.27272727272,2.0
2025-07-09,정상,슈즈,3731309.09090909,35.0,8489763.636363635,68.0
2025-07-09,정상,스포츠,351818.18181818177,3.0,424545.4545454546,3.0
2025-07-09,정상,여성,1948090.9090909087,11.0,9459818.18181818,45.0
2025-07-09,정상,잡화,4474763.636363636,37.0,7902945.454545452,68.0
2025-07-10,이월,골프,2251599.9999999995,11.0,4419327.2727272725,26.0
2025-07-10,이월,남성,2736945.4545454537,23.0,10743418.181818185,62.0
2025-07-10,이월,슈즈,2447681.8181818184,14.0,2633636.3636363638,34.0
2025-07-10,이월,스포츠,780090.9090909091,8.0,1718954.5454545454,19.0
2025-07-10,이월,여성,1165263.6363636362,8.0,5348772.727272725,44.0
2025-07-10,이월,잡화,2200127.2727272725,14.0,9978727.272727273,49.0
2025-07-10,입점,골프,617290.909090909,5.0,3046672.7272727257,30.0
2025-07-10,입점,남성,318363.6363636363,2.0,3809499.9999999995,42.0
2025-07-10,입점,리빙,1220363.6363636358,22.0,3494781.818181818,33.0
2025-07-10,입점,명품,1801818.1818181814,7.0,13022954.545454547,32.0
2025-07-10,입점,뷰티,566545.4545454545,14.0,1469486.3636363633,32.0
2025-07-10,입점,슈즈,432727.2727272727,2.0,344081.8181818181,5.0
2025-07-10,입점,스포츠,900545.4545454545,9.0,5284399.999999999,61.0
2025-07-10,입점,아웃도어,964545.4545454546,11.0,6967736.363636364,37.0
2025-07-10,입점,여성,385590.90909090906,9.0,2165852.7272727275,29.0
2025-07-10,입점,잡화,328181.8181818182,2.0,-566109.0909090908,12.0
2025-07-10,입점,키즈,190181.81818181818,5.0,693963.6363636364,13.0
2025-07-10,정상,골프,750499.9999999999,4.0,3090609.0909090918,16.0
2025-07-10,정상,남성,1266136.3636363635,19.0,7437909.09090909,57.0
2025-07-10,정상,뷰티,323636.36363636365,4.0,155636.36363636362,2.0
2025-07-10,정상,슈즈,3924254.5454545445,30.0,7186554.545454547,56.0
2025-07-10,정상,스포츠,614545.4545454545,4.0,225454.54545454544,2.0
2025-07-10,정상,여성,2125227.2727272725,8.0,11276999.999999994,39.0
2025-07-10,정상,잡화,6404327.2727272725,34.0,5748390.909090907,56.0
2025-07-11,이월,골프,779900.0,6.0,895263.6363636364,12.0
2025-07-11,이월,남성,-262754.5454545455,4.0,9147000.0,81.0
2025-07-11,이월,슈즈,877818.1818181818,11.0,3014263.636363636,33.0
2025-07-11,이월,스포츠,66590.90909090909,2.0,421636.36363636365,6.0
2025-07-11,이월,여성,941536.3636363635,5.0,8319272.72727272,34.0
2025-07-11,이월,잡화,3716000.0,27.0,7205154.545454545,46.0
2025-07-11,입점,골프,790727.2727272727,12.0,520745.4545454546,4.0
2025-07-11,입점,남성,-144000.0,-2.0,3097627.272727273,39.0
2025-07-11,입점,리빙,1774272.7272727268,32.0,1688290.9090909082,41.0
2025-07-11,입점,명품,1042727.2727272726,3.0,9155727.272727272,30.0
2025-07-11,입점,뷰티,1061454.5454545454,18.0,2144554.5454545445,45.0
2025-07-11,입점,슈즈,0.0,0.0,694200.0,6.0
2025-07-11,입점,스포츠,1466409.0909090908,18.0,2281381.8181818184,43.0
2025-07-11,입점,아웃도어,786009.0909090909,11.0,2476000.0,14.0
2025-07-11,입점,여성,64345.45454545454,2.0,1087949.090909091,20.0
2025-07-11,입점,잡화,-33545.45454545455,1.0,1005681.8181818181,14.0
2025-07-11,입점,키즈,-65090.90909090909,1.0,636109.0909090908,11.0
2025-07-11,정상,골프,517981.8181818181,5.0,3394927.2727272725,15.0
2025-07-11,정상,남성,824272.7272727274,10.0,3570318.181818181,38.0
2025-07-11,정상,뷰티,19090.90909090909,1.0,197636.36363636362,4.0
2025-07-11,정상,슈즈,1356890.909090909,20.0,5372099.999999999,51.0
2025-07-11,정상,스포츠,-153636.36363636362,-1.0,0.0,0.0
2025-07-11,정상,여성,1846863.6363636362,9.0,9656863.636363633,43.0
2025-07-11,정상,잡화,2735363.636363636,20.0,4882472.727272727,41.0
2025-07-12,이월,골프,799081.8181818184,4.0,4707409.090909091,34.0
2025-07-12,이월,남성,1870318.1818181812,15.0,9897363.636363631,79.0
2025-07-12,이월,슈즈,883545.4545454544,12.0,2529909.090909091,30.0
2025-07-12,이월,스포츠,116454.54545454544,2.0,617090.9090909091,9.0
2025-07-12,이월,여성,1079636.3636363635,3.0,10308363.63636364,58.0
2025-07-12,이월,잡화,1166363.6363636362,9.0,8013436.363636365,53.0
2025-07-12,입점,골프,616609.0909090908,5.0,6689972.727272726,49.0
2025-07-12,입점,남성,920454.5454545454,5.0,5093927.272727272,61.0
2025-07-12,입점,리빙,292636.36363636365,9.0,2260909.090909091,29.0
2025-07-12,입점,명품,2203636.3636363633,6.0,17282618.18181818,22.0
2025-07-12,입점,뷰티,199090.9090909091,8.0,2054954.545454545,53.0
2025-07-12,입점,슈즈,241454.5454545454,1.0,1128363.6363636362,7.0
2025-07-12,입점,스포츠,221545.45454545453,6.0,2852045.454545454,43.0
2025-07-12,입점,아웃도어,109090.90909090909,1.0,1331622.727272727,20.0
2025-07-12,입점,여성,264181.8181818182,6.0,1984936.3636363633,23.0
2025-07-12,입점,잡화,29999.999999999996,1.0,1192027.2727272727,12.0
2025-07-12,입점,키즈,75545.45454545454,2.0,1714499.9999999993,29.0
2025-07-12,정상,골프,574109.0909090909,5.0,1491627.2727272722,13.0
2025-07-12,정상,남성,2842590.9090909087,28.0,10523227.272727272,84.0
2025-07-12,정상,뷰티,343636.3636363636,2.0,385272.72727272724,3.0
2025-07-12,정상,슈즈,3425881.818181818,36.0,4938699.999999999,52.0
2025-07-12,정상,스포츠,153636.36363636362,1.0,271818.1818181818,1.0
2025-07-12,정상,여성,2676500.0,10.0,9679272.727272723,55.0
2025-07-12,정상,잡화,1490181.8181818184,14.0,5028300.0,46.0
2025-07-13,이월,골프,726181.8181818181,5.0,3439236.363636364,31.0
2025-07-13,이월,남성,2449699.9999999995,22.0,20385100.000000004,132.0
2025-07-13,이월,슈즈,1100727.2727272725,11.0,3902499.9999999995,45.0
2025-07-13,이월,스포츠,458727.2727272727,8.0,566727.2727272727,8.0
2025-07-13,이월,여성,2675181.818181818,13.0,22681454.545454543,102.0
2025-07-13,이월,잡화,3961145.454545454,30.0,14276690.909090908,85.0
2025-07-13,입점,골프,655745.4545454545,7.0,5439300.000000001,45.0
2025-07-13,입점,남성,253727.2727272727,4.0,4004181.8181818184,52.0
2025-07-13,입점,리빙,1459999.9999999995,17.0,3038681.818181818,44.0
2025-07-13,입점,명품,477181.8181818181,2.0,17529818.18181818,38.0
2025-07-13,입점,뷰티,136363.63636363635,6.0,2487250.0000000005,51.0
2025-07-13,입점,슈즈,511454.5454545454,3.0,1262109.0909090908,12.0
2025-07-13,입점,스포츠,732545.4545454545,12.0,3311909.090909091,58.0
2025-07-13,입점,아웃도어,1031727.2727272727,12.0,1535954.5454545452,25.0
2025-07-13,입점,여성,171227.2727272727,7.0,2563254.545454546,31.0
2025-07-13,입점,잡화,0.0,0.0,4331636.363636364,20.0
2025-07-13,입점,키즈,328000.0,5.0,1756590.9090909087,36.0
2025-07-13,정상,골프,235590.90909090906,3.0,5654254.545454544,39.0
2025-07-13,정상,남성,1924272.7272727268,21.0,14118181.818181818,114.0
2025-07-13,정상,뷰티,460909.0909090909,2.0,269090.90909090906,2.0
2025-07-13,정상,슈즈,2585936.3636363633,32.0,7449309.09090909,68.0
2025-07-13,정상,스포츠,153636.36363636362,1.0,62727.27272727272,1.0
2025-07-13,정상,여성,1451818.1818181816,10.0,18597954.545454543,80.0
2025-07-13,정상,잡화,2641099.9999999995,24.0,9413527.27272727,76.0
2025-07-14,이월,골프,1615327.2727272722,11.0,1149945.4545454544,15.0
2025-07-14,이월,남성,203363.63636363635,7.0,7152581.818181821,70.0
2025-07-14,이월,슈즈,1332772.727272727,11.0,2233863.6363636367,23.0
2025-07-14,이월,스포츠,249090.90909090906,3.0,742454.5454545454,6.0
2025-07-14,이월,여성,1306454.5454545454,10.0,8267899.999999999,37.0
2025-07-14,이월,잡화,2313054.5454545454,21.0,13559072.727272732,57.0
2025-07-14,입점,골프,784054.5454545453,10.0,4329890.909090908,19.0
2025-07-14,입점,남성,-228581.81818181812,4.0,1814999.9999999995,27.0
2025-07-14,입점,리빙,1442727.2727272722,19.0,2854090.909090908,36.0
2025-07-14,입점,명품,34545.454545454326,3.0,-5247981.818181817,4.0
2025-07-14,입점,뷰티,666363.6363636362,12.0,2424890.909090909,48.0
2025-07-14,입점,슈즈,-211818.1818181818,-2.0,145400.0,3.0
2025-07-14,입점,스포츠,-1995727.2727272725,1.0,2785272.727272728,29.0
2025-07-14,입점,아웃도어,687363.6363636362,6.0,52454.54545454538,2.0
2025-07-14,입점,여성,158727.2727272727,0.0,1329263.6363636365,3.0
2025-07-14,입점,잡화,2169545.4545454546,1.0,3077127.2727272734,19.0
2025-07-14,입점,키즈,184818.18181818177,3.0,749336.3636363634,19.0
2025-07-14,정상,골프,877163.6363636365,4.0,824727.2727272725,17.0
2025-07-14,정상,남성,2425681.818181818,13.0,8304181.818181818,61.0
2025-07-14,정상,뷰티,0.0,0.0,-64727.27272727272,-1.0
2025-07-14,정상,슈즈,664290.909090909,13.0,1991990.9090909085,23.0
2025-07-14,정상,스포츠,153636.36363636362,1.0,0.0,0.0
2025-07-14,정상,여성,576318.1818181816,5.0,3951090.909090909,14.0
2025-07-14,정상,잡화,2659909.090909091,19.0,5825236.363636363,44.0
2025-07-15,이월,골프,397181.8181818181,1.0,1592627.2727272725,11.0
2025-07-15,이월,남성,-150145.4545454546,8.0,4580772.727272726,40.0
2025-07-15,이월,슈즈,519999.99999999994,9.0,4111545.4545454555,46.0
2025-07-15,이월,스포츠,478636.3636363636,4.0,-63181.81818181816,0.0
2025-07-15,이월,여성,2360545.454545454,12.0,6562354.545454543,46.0
2025-07-15,이월,잡화,2351236.3636363633,20.0,12113399.999999994,61.0
2025-07-15,입점,골프,720909.0909090909,8.0,2226999.9999999995,13.0
2025-07-15,입점,남성,-88181.81818181815,3.0,3478454.545454545,30.0
2025-07-15,입점,리빙,577272.7272727273,15.0,1556427.2727272727,25.0
2025-07-15,입점,명품,891545.4545454545,5.0,9585272.727272728,27.0
2025-07-15,입점,뷰티,664113.6363636364,14.0,1690618.1818181807,45.0
2025-07-15,입점,슈즈,0.0,0.0,563600.0,5.0
2025-07-15,입점,스포츠,638909.0909090909,10.0,3299845.454545455,46.0
2025-07-15,입점,아웃도어,422636.3636363636,5.0,227927.27272727276,3.0
2025-07-15,입점,여성,33045.454545454544,-2.0,690863.6363636365,5.0
2025-07-15,입점,잡화,54318.18181818181,0.0,804181.818181818,13.0
2025-07-15,입점,키즈,341454.54545454547,4.0,500890.90909090906,11.0
2025-07-15,정상,골프,440181.8181818181,3.0,2125536.3636363633,19.0
2025-07-15,정상,남성,93727.27272727269,4.0,7432818.181818182,57.0
2025-07-15,정상,뷰티,21727.272727272724,1.0,55454.54545454545,1.0
2025-07-15,정상,슈즈,2332118.181818182,22.0,3847781.818181816,47.0
2025-07-15,정상,스포츠,0.0,0.0,0.0,0.0
2025-07-15,정상,여성,2303136.3636363638,8.0,10058272.727272725,32.0
2025-07-15,정상,잡화,3320981.8181818184,26.0,4869118.181818181,38.0
2025-07-16,이월,골프,657818.1818181818,6.0,1956090.9090909087,16.0
2025-07-16,이월,남성,3793472.7272727266,25.0,9207781.81818182,67.0
2025-07-16,이월,슈즈,575590.9090909091,11.0,6639636.363636364,63.0
2025-07-16,이월,스포츠,187545.45454545453,2.0,764090.9090909092,8.0
2025-07-16,이월,여성,1341681.8181818186,10.0,4427090.909090909,26.0
2025-07-16,이월,잡화,1937872.7272727273,19.0,8405236.363636363,50.0
2025-07-16,입점,골프,1967918.1818181819,9.0,3572745.4545454546,30.0
2025-07-16,입점,남성,168818.18181818182,2.0,2775481.818181819,24.0
2025-07-16,입점,리빙,1203636.3636363635,8.0,2743136.3636363638,29.0
2025-07-16,입점,명품,1367272.7272727273,4.0,4444545.454545454,28.0
2025-07-16,입점,뷰티,778318.1818181815,15.0,2254636.3636363633,60.0
2025-07-16,입점,슈즈,-27018.181818181816,0.0,73699.99999999994,4.0
2025-07-16,입점,스포츠,368909.0909090908,6.0,4167045.454545454,55.0
2025-07-16,입점,아웃도어,882909.090909091,6.0,1127727.2727272725,13.0
2025-07-16,입점,여성,200345.45454545453,5.0,1804057.2727272722,25.0
2025-07-16,입점,잡화,764545.4545454546,2.0,3099018.181818181,24.0
2025-07-16,입점,키즈,-35181.81818181818,0.0,318545.45454545453,9.0
2025-07-16,정상,골프,276363.63636363635,2.0,2135918.181818182,18.0
2025-07-16,정상,남성,1328636.3636363633,9.0,7931009.090909089,76.0
2025-07-16,정상,뷰티,0.0,0.0,163272.72727272726,3.0
2025-07-16,정상,슈즈,2135099.9999999995,32.0,4298381.818181817,64.0
2025-07-16,정상,스포츠,307272.72727272724,2.0,0.0,0.0
2025-07-16,정상,여성,234727.2727272726,4.0,8819045.454545455,42.0
2025-07-16,정상,잡화,1992481.818181818,18.0,7329754.545454543,63.0
2025-07-17,이월,골프,364363.63636363635,4.0,2940036.3636363633,22.0
2025-07-17,이월,남성,2057118.1818181816,9.0,5888863.636363636,63.0
2025-07-17,이월,슈즈,467136.3636363634,7.0,1998990.9090909094,30.0
2025-07-17,이월,스포츠,457363.6363636363,5.0,368090.9090909091,5.0
2025-07-17,이월,여성,2013454.545454545,10.0,7909863.636363636,44.0
2025-07-17,이월,잡화,2380618.1818181816,18.0,9022490.90909091,58.0
2025-07-17,입점,골프,976881.8181818181,6.0,919036.3636363635,21.0
2025-07-17,입점,남성,283954.54545454547,3.0,2348890.909090909,27.0
2025-07-17,입점,리빙,1449272.7272727273,19.0,1598345.4545454544,24.0
2025-07-17,입점,명품,279090.90909090906,-1.0,11298727.272727275,27.0
2025-07-17,입점,뷰티,195272.72727272726,3.0,2066309.0909090908,44.0
2025-07-17,입점,슈즈,143636.36363636362,1.0,1235863.636363636,10.0
2025-07-17,입점,스포츠,1707818.1818181816,4.0,2775645.454545455,26.0
2025-07-17,입점,아웃도어,354545.45454545453,5.0,1327200.0,14.0
2025-07-17,입점,여성,115954.54545454544,1.0,875572.7272727273,13.0
2025-07-17,입점,잡화,171681.81818181818,4.0,2103736.3636363633,18.0
2025-07-17,입점,키즈,-80000.0,1.0,581545.4545454545,10.0
2025-07-17,정상,골프,310836.3636363636,3.0,224081.81818181812,10.0
2025-07-17,정상,남성,1306954.5454545454,9.0,5287181.8181818165,39.0
2025-07-17,정상,뷰티,0.0,0.0,109727.27272727272,3.0
2025-07-17,정상,슈즈,2660072.7272727266,33.0,3947054.545454544,47.0
2025-07-17,정상,여성,2946272.727272727,7.0,15153090.909090905,36.0
2025-07-17,정상,잡화,2637672.727272727,22.0,4514427.272727272,41.0
2025-07-18,이월,골프,1000663.6363636362,9.0,3936054.545454545,18.0
2025-07-18,이월,남성,1730181.8181818181,13.0,6534699.999999999,36.0
2025-07-18,이월,슈즈,861772.7272727273,13.0,2469045.454545455,32.0
2025-07-18,이월,스포츠,153090.90909090906,3.0,219545.45454545453,3.0
2025-07-18,이월,여성,1467454.545454545,9.0,13088545.454545457,49.0
2025-07-18,이월,잡화,3095890.9090909087,21.0,7525745.454545455,61.0
2025-07-18,입점,골프,762281.8181818181,5.0,-124990.9090909092,6.0
2025-07-18,입점,남성,136818.18181818182,2.0,3409590.9090909087,27.0
2025-07-18,입점,리빙,593272.7272727271,12.0,2975272.7272727285,28.0
2025-07-18,입점,명품,3643636.3636363633,2.0,13739181.818181818,27.0
2025-07-18,입점,뷰티,581545.4545454545,9.0,1928045.4545454544,49.0
2025-07-18,입점,슈즈,0.0,0.0,115818.1818181818,0.0
2025-07-18,입점,스포츠,433909.0909090909,7.0,2602263.6363636362,33.0
2025-07-18,입점,아웃도어,25054.545454545456,1.0,862909.0909090908,10.0
2025-07-18,입점,여성,203181.81818181815,5.0,1764569.0909090908,13.0
2025-07-18,입점,잡화,193454.54545454544,4.0,1794181.8181818181,24.0
2025-07-18,입점,키즈,43181.818181818184,1.0,303463.6363636363,5.0
2025-07-18,정상,골프,328954.5454545454,5.0,2494227.2727272725,18.0
2025-07-18,정상,남성,2716272.727272727,20.0,10115454.545454543,66.0
2025-07-18,정상,뷰티,171999.99999999997,2.0,64545.45454545454,0.0
2025-07-18,정상,슈즈,1901772.727272727,20.0,3640627.272727272,44.0
2025-07-18,정상,스포츠,62727.272727272735,1.0,316363.63636363635,2.0
2025-07-18,정상,여성,1587909.0909090908,9.0,4833590.90909091,26.0
2025-07-18,정상,잡화,2384681.8181818174,16.0,5524663.636363637,38.0
2025-07-19,이월,골프,88090.90909090909,1.0,1441636.3636363635,8.0
2025-07-19,이월,남성,3546281.818181819,15.0,23352636.363636356,83.0
2025-07-19,이월,슈즈,968045.4545454544,13.0,2454090.9090909082,30.0
2025-07-19,이월,스포츠,31181.81818181818,1.0,692090.909090909,10.0
2025-07-19,이월,여성,1779045.4545454546,11.0,16592272.72727273,64.0
2025-07-19,이월,잡화,2897945.454545454,21.0,7090499.999999998,47.0
2025-07-19,입점,골프,457454.54545454535,8.0,4761372.7272727275,33.0
2025-07-19,입점,남성,295454.54545454547,4.0,4995709.09090909,49.0
2025-07-19,입점,리빙,541727.2727272727,6.0,1607636.363636363,24.0
2025-07-19,입점,명품,792636.3636363635,2.0,21202727.272727273,41.0
2025-07-19,입점,뷰티,798272.7272727273,13.0,2171545.4545454537,46.0
2025-07-19,입점,슈즈,95454.54545454544,1.0,1390063.6363636365,15.0
2025-07-19,입점,스포츠,907181.8181818181,7.0,3713590.9090909087,54.0
2025-07-19,입점,아웃도어,153181.81818181818,2.0,730690.909090909,12.0
2025-07-19,입점,여성,183181.81818181818,3.0,1431957.2727272727,19.0
2025-07-19,입점,잡화,180227.2727272727,3.0,2192590.9090909087,12.0
2025-07-19,입점,키즈,0.0,0.0,1515218.1818181816,21.0
2025-07-19,정상,골프,43636.36363636363,0.0,1478545.4545454544,13.0
2025-07-19,정상,남성,1112636.3636363635,12.0,7358681.818181818,53.0
2025-07-19,정상,뷰티,26363.63636363636,1.0,461090.90909090906,3.0
2025-07-19,정상,슈즈,2196318.1818181816,31.0,2821290.9090909087,35.0
2025-07-19,정상,스포츠,108363.63636363635,1.0,98181.81818181818,1.0
2025-07-19,정상,여성,1650545.4545454544,7.0,8136409.090909091,38.0
2025-07-19,정상,잡화,1436890.9090909094,13.0,8358581.8181818165,51.0
2025-07-20,이월,골프,700363.6363636364,5.0,2953172.7272727275,24.0
2025-07-20,이월,남성,2352609.090909091,15.0,19333136.363636363,118.0
2025-07-20,이월,슈즈,936999.9999999999,12.0,4614772.727272727,50.0
2025-07-20,이월,스포츠,860000.0,10.0,659818.1818181818,8.0
2025-07-20,이월,여성,2532909.0909090904,17.0,28165727.272727285,131.0
2025-07-20,이월,잡화,2326600.0,19.0,13648218.181818178,87.0
2025-07-20,입점,골프,175545.45454545453,5.0,3540163.6363636353,37.0
2025-07-20,입점,남성,117127.2727272727,2.0,4670800.0,57.0
2025-07-20,입점,리빙,276363.63636363635,7.0,2257872.727272728,27.0
2025-07-20,입점,명품,1534818.1818181819,6.0,14005454.545454543,49.0
2025-07-20,입점,뷰티,425545.4545454546,7.0,2022745.4545454546,41.0
2025-07-20,입점,슈즈,283545.45454545453,3.0,589545.4545454545,4.0
2025-07-20,입점,스포츠,1273318.1818181816,19.0,5966636.363636363,76.0
2025-07-20,입점,아웃도어,551818.1818181818,5.0,1561409.0909090908,22.0
2025-07-20,입점,여성,539636.3636363635,8.0,2419642.727272727,36.0
2025-07-20,입점,잡화,0.0,0.0,764190.9090909091,16.0
2025-07-20,입점,키즈,249090.90909090906,4.0,2124800.0000000005,23.0
2025-07-20,정상,골프,275218.18181818177,4.0,2989172.7272727266,24.0
2025-07-20,정상,남성,1913000.0,19.0,15175954.545454545,112.0
2025-07-20,정상,뷰티,325909.0909090909,3.0,61090.90909090909,1.0
2025-07-20,정상,슈즈,2841136.3636363633,31.0,6042436.363636363,54.0
2025-07-20,정상,여성,1778681.818181818,6.0,10265636.363636363,59.0
2025-07-20,정상,잡화,3794209.090909091,28.0,10370890.90909091,80.0
2025-07-21,이월,골프,1313218.1818181819,8.0,3616181.8181818193,25.0
2025-07-21,이월,남성,-399999.99999999994,5.0,10424099.999999987,68.0
2025-07-21,이월,슈즈,629363.6363636362,7.0,2034818.1818181819,24.0
2025-07-21,이월,스포츠,182090.9090909091,2.0,599545.4545454545,5.0
2025-07-21,이월,여성,1213500.0,5.0,9202136.363636363,51.0
2025-07-21,이월,잡화,2762381.818181818,18.0,9344636.363636367,56.0
2025-07-21,입점,골프,928900.0,6.0,1788454.5454545459,27.0
2025-07-21,입점,남성,177818.1818181818,3.0,2632590.9090909096,32.0
2025-07-21,입점,리빙,678454.5454545453,14.0,3256381.818181819,43.0
2025-07-21,입점,명품,289454.5454545455,5.0,1309318.1818181814,15.0
2025-07-21,입점,뷰티,558981.8181818181,12.0,1549327.272727273,44.0
2025-07-21,입점,슈즈,0.0,0.0,-67054.54545454544,-2.0
2025-07-21,입점,스포츠,5253818.181818182,17.0,6290754.545454545,91.0
2025-07-21,입점,아웃도어,114409.09090909094,-1.0,1663781.8181818174,10.0
2025-07-21,입점,여성,150909.0909090909,3.0,608081.8181818181,10.0
2025-07-21,입점,잡화,356572.7272727273,5.0,2108363.6363636367,17.0
2025-07-21,입점,키즈,212454.5454545454,3.0,1709009.0909090906,29.0
2025-07-21,정상,골프,592472.7272727272,7.0,2159790.9090909082,15.0
2025-07-21,정상,남성,1755636.3636363638,17.0,5068090.909090909,37.0
2025-07-21,정상,뷰티,28363.63636363636,1.0,41818.18181818181,2.0
2025-07-21,정상,슈즈,1319400.0,16.0,2027863.636363636,33.0
2025-07-21,정상,스포츠,153636.36363636362,1.0,161818.18181818182,2.0
2025-07-21,정상,여성,1093772.727272727,8.0,3590545.454545454,22.0
2025-07-21,정상,잡화,2126981.8181818184,17.0,5710381.818181819,48.0
2025-07-22,이월,골프,232036.36363636353,3.0,2099854.5454545454,21.0
2025-07-22,이월,남성,-51018.18181818184,5.0,12990681.818181818,71.0
2025-07-22,이월,슈즈,1251045.4545454544,15.0,1619818.1818181812,20.0
2025-07-22,이월,스포츠,175454.5454545454,2.0,927090.909090909,6.0
2025-07-22,이월,여성,3103454.5454545454,9.0,9704545.454545453,48.0
2025-07-22,이월,잡화,2225872.727272727,17.0,8635599.999999998,63.0
2025-07-22,입점,골프,1376227.2727272725,11.0,1658736.363636363,10.0
2025-07-22,입점,남성,240545.45454545453,3.0,1003545.4545454546,20.0
2025-07-22,입점,리빙,541945.4545454546,9.0,1647663.6363636362,28.0
2025-07-22,입점,명품,387272.72727272724,2.0,4176000.0000000005,17.0
2025-07-22,입점,뷰티,1100927.2727272727,14.0,2186563.6363636362,45.0
2025-07-22,입점,슈즈,474745.45454545453,4.0,1697545.4545454544,9.0
2025-07-22,입점,스포츠,457181.8181818181,11.0,4805681.818181818,89.0
2025-07-22,입점,아웃도어,1030100.0000000001,8.0,880590.9090909091,12.0
2025-07-22,입점,여성,196936.36363636362,3.0,-119927.27272727269,-3.0
2025-07-22,입점,잡화,628090.9090909091,4.0,254936.3636363636,-2.0
2025-07-22,입점,키즈,155818.18181818182,2.0,1175318.1818181816,17.0
2025-07-22,정상,골프,247454.54545454547,2.0,2274081.818181818,12.0
2025-07-22,정상,남성,1860818.1818181816,16.0,6114409.090909091,48.0
2025-07-22,정상,뷰티,156363.63636363635,2.0,699545.4545454546,7.0
2025-07-22,정상,슈즈,1272781.818181818,24.0,5311236.363636362,58.0
2025-07-22,정상,스포츠,0.0,0.0,207272.72727272724,2.0
2025-07-22,정상,여성,2516727.2727272725,11.0,9099227.272727268,38.0
2025-07-22,정상,잡화,2916563.6363636362,17.0,6809518.181818182,55.0
2025-07-23,이월,골프,1099818.1818181816,9.0,2077718.1818181814,17.0
2025-07-23,이월,남성,2149745.4545454546,13.0,15351772.727272721,91.0
2025-07-23,이월,슈즈,1086590.909090909,15.0,2972545.454545455,36.0
2025-07-23,이월,스포츠,-27272.727272727265,1.0,639000.0,6.0
2025-07-23,이월,여성,2319472.727272726,13.0,3979727.2727272734,33.0
2025-07-23,이월,잡화,2990581.818181818,26.0,10895345.454545457,66.0
2025-07-23,입점,골프,1804636.3636363635,8.0,2834245.4545454546,26.0
2025-07-23,입점,남성,321181.8181818182,5.0,495045.4545454545,21.0
2025-07-23,입점,리빙,492999.9999999999,8.0,2493818.1818181816,26.0
2025-07-23,입점,명품,1057272.727272727,5.0,8643545.454545453,23.0
2025-07-23,입점,뷰티,315090.90909090906,8.0,2246618.181818182,43.0
2025-07-23,입점,슈즈,35636.36363636363,1.0,357090.90909090906,4.0
2025-07-23,입점,스포츠,1142000.0,13.0,3642409.090909091,66.0
2025-07-23,입점,아웃도어,403818.18181818177,5.0,715036.3636363635,10.0
2025-07-23,입점,여성,4818.181818181816,0.0,850613.636363636,14.0
2025-07-23,입점,잡화,132681.81818181818,3.0,1156936.3636363635,10.0
2025-07-23,입점,키즈,167545.45454545453,3.0,59590.90909090909,3.0
2025-07-23,정상,골프,107636.36363636362,2.0,2187854.545454545,18.0
2025-07-23,정상,남성,1113545.4545454544,11.0,6729445.454545453,67.0
2025-07-23,정상,뷰티,-47272.727272727265,-1.0,200363.63636363635,4.0
2025-07-23,정상,슈즈,1450318.1818181816,28.0,5034627.272727271,57.0
2025-07-23,정상,스포츠,144545.45454545453,1.0,48272.72727272727,1.0
2025-07-23,정상,여성,-340272.7272727273,0.0,4888545.454545455,28.0
2025-07-23,정상,잡화,3793445.4545454546,28.0,5871727.272727273,40.0
2025-07-24,이월,골프,464727.2727272727,5.0,3108945.454545454,28.0
2025-07-24,이월,남성,782436.3636363635,8.0,7331845.454545456,59.0
2025-07-24,이월,슈즈,182454.54545454544,2.0,3004727.2727272725,32.0
2025-07-24,이월,스포츠,76818.18181818181,1.0,372818.1818181817,7.0
2025-07-24,이월,여성,1852318.1818181816,6.0,-2717500.0000000005,4.0
2025-07-24,이월,잡화,1670545.4545454544,15.0,6827172.7272727275,40.0
2025-07-24,입점,골프,583754.5454545455,5.0,2441390.9090909087,23.0
2025-07-24,입점,남성,263545.45454545453,3.0,2051590.9090909099,35.0
2025-07-24,입점,리빙,515818.18181818177,12.0,1209636.3636363635,17.0
2025-07-24,입점,명품,1494999.9999999998,7.0,6718363.636363636,22.0
2025-07-24,입점,뷰티,512909.0909090909,10.0,1239845.4545454544,35.0
2025-07-24,입점,슈즈,297000.0,2.0,-296909.0909090909,1.0
2025-07-24,입점,스포츠,1125454.5454545452,17.0,4996727.272727273,64.0
2025-07-24,입점,아웃도어,196990.90909090912,4.0,1886018.1818181816,17.0
2025-07-24,입점,여성,256000.0,0.0,1280881.8181818181,14.0
2025-07-24,입점,잡화,-43954.545454545456,0.0,4926427.2727272725,9.0
2025-07-24,입점,키즈,233454.54545454544,2.0,2621900.0000000005,21.0
2025-07-24,정상,골프,852190.9090909091,4.0,2307318.1818181816,13.0
2025-07-24,정상,남성,2342727.2727272725,8.0,9215318.181818184,53.0
2025-07-24,정상,뷰티,0.0,0.0,11999.999999999998,1.0
2025-07-24,정상,슈즈,512927.2727272727,16.0,6093418.181818183,61.0
2025-07-24,정상,스포츠,207272.72727272724,2.0,165545.45454545453,2.0
2025-07-24,정상,여성,643727.2727272727,4.0,2321090.9090909096,8.0
2025-07-24,정상,잡화,1037190.909090909,12.0,2289999.9999999986,23.0
2025-07-25,이월,골프,904090.9090909091,3.0,1139781.818181818,10.0
2025-07-25,이월,남성,2232436.3636363638,12.0,3091390.9090909087,55.0
2025-07-25,이월,슈즈,1007136.3636363635,11.0,2707136.363636363,37.0
2025-07-25,이월,스포츠,322000.0,4.0,229454.5454545454,6.0
2025-07-25,이월,여성,1472999.9999999998,4.0,7354809.090909092,31.0
2025-07-25,이월,잡화,2024945.4545454541,19.0,5564163.636363636,39.0
2025-07-25,입점,골프,1644036.3636363638,6.0,3167781.818181818,26.0
2025-07-25,입점,남성,364181.8181818182,4.0,3214672.7272727275,25.0
2025-07-25,입점,리빙,199818.1818181818,5.0,1951545.4545454541,25.0
2025-07-25,입점,명품,734454.5454545454,2.0,4267818.181818184,7.0
2025-07-25,입점,뷰티,601454.5454545454,6.0,1406400.0,34.0
2025-07-25,입점,슈즈,388818.1818181818,4.0,1188527.2727272727,8.0
2025-07-25,입점,스포츠,2099909.090909091,14.0,6569999.999999999,71.0
2025-07-25,입점,아웃도어,247000.0,2.0,-188327.27272727282,4.0
2025-07-25,입점,여성,221967.27272727274,3.0,589672.7272727272,6.0
2025-07-25,입점,잡화,39000.0,2.0,617627.2727272727,14.0
2025-07-25,입점,키즈,43909.09090909091,1.0,839754.5454545454,12.0
2025-07-25,정상,골프,-40700.00000000001,1.0,2587681.818181817,14.0
2025-07-25,정상,남성,2942909.090909091,23.0,4952363.636363638,42.0
2025-07-25,정상,뷰티,0.0,0.0,89454.54545454544,3.0
2025-07-25,정상,슈즈,3350272.727272726,50.0,5009927.272727273,55.0
2025-07-25,정상,스포츠,35454.54545454545,1.0,307954.5454545454,5.0
2025-07-25,정상,여성,1884636.3636363638,7.0,5460045.454545454,32.0
2025-07-25,정상,잡화,3032381.8181818184,18.0,4456936.363636364,35.0
2025-07-26,이월,골프,593272.7272727272,5.0,2327818.181818182,18.0
2025-07-26,이월,남성,3068181.818181818,17.0,8555863.636363639,80.0
2025-07-26,이월,슈즈,1312363.636363636,14.0,2413863.6363636362,29.0
2025-07-26,이월,스포츠,0.0,0.0,528181.8181818181,7.0
2025-07-26,이월,여성,1545863.6363636362,8.0,6231681.818181816,44.0
2025-07-26,이월,잡화,3680599.9999999995,24.0,7707436.363636363,46.0
2025-07-26,입점,골프,954299.9999999998,12.0,4009000.0,38.0
2025-07-26,입점,남성,249272.72727272726,4.0,3220990.909090909,35.0
2025-07-26,입점,리빙,492909.0909090909,6.0,2355181.8181818184,25.0
2025-07-26,입점,명품,1770090.909090909,7.0,7029363.636363637,22.0
2025-07-26,입점,뷰티,555645.4545454546,13.0,2397999.999999999,52.0
2025-07-26,입점,슈즈,287636.36363636365,3.0,976545.4545454545,6.0
2025-07-26,입점,스포츠,956454.5454545455,16.0,4999945.454545455,83.0
2025-07-26,입점,아웃도어,751481.818181818,7.0,1013545.4545454547,15.0
2025-07-26,입점,여성,142030.0,2.0,530509.0909090908,18.0
2025-07-26,입점,잡화,286909.0909090909,5.0,1943554.5454545452,15.0
2025-07-26,입점,키즈,287727.2727272727,3.0,871454.5454545453,15.0
2025-07-26,정상,골프,726427.2727272727,5.0,1312172.7272727273,14.0
2025-07-26,정상,남성,1032999.9999999998,8.0,9714045.454545453,66.0
2025-07-26,정상,뷰티,19000.0,1.0,221818.1818181818,2.0
2025-07-26,정상,슈즈,1806272.7272727275,24.0,3703972.7272727257,39.0
2025-07-26,정상,스포츠,224545.45454545453,2.0,53318.181818181816,1.0
2025-07-26,정상,여성,2131545.454545454,15.0,3892909.09090909,16.0
2025-07-26,정상,잡화,1167618.1818181816,10.0,3533290.9090909106,20.0
2025-07-27,이월,골프,393000.0,3.0,3649590.909090909,31.0
2025-07-27,이월,남성,1272381.8181818181,12.0,23417745.454545457,150.0
2025-07-27,이월,슈즈,1840472.727272727,19.0,5662000.0,58.0
2025-07-27,이월,스포츠,193727.2727272727,2.0,983272.7272727272,13.0
2025-07-27,이월,여성,3838409.09090909,20.0,15563827.27272727,70.0
2025-07-27,이월,잡화,3102181.818181818,18.0,11749890.90909091,67.0
2025-07-27,입점,골프,1282872.7272727273,10.0,6530972.7272727275,59.0
2025-07-27,입점,남성,279090.90909090906,4.0,5200772.727272727,66.0
2025-07-27,입점,리빙,313090.90909090906,8.0,2737454.545454545,27.0
2025-07-27,입점,명품,-90818.18181818182,1.0,10371363.636363635,20.0
2025-07-27,입점,뷰티,588781.8181818181,11.0,2148018.181818182,59.0
2025-07-27,입점,슈즈,90000.0,1.0,835818.1818181819,7.0
2025-07-27,입점,스포츠,958090.9090909091,15.0,6266363.636363635,107.0
2025-07-27,입점,아웃도어,285727.2727272727,5.0,1127345.4545454546,15.0
2025-07-27,입점,여성,143909.0909090909,3.0,2019918.1818181816,24.0
2025-07-27,입점,잡화,99681.81818181816,4.0,1379218.1818181816,21.0
2025-07-27,입점,키즈,426818.18181818177,5.0,1681072.7272727268,26.0
2025-07-27,정상,골프,153909.09090909088,2.0,3168909.0909090904,25.0
2025-07-27,정상,남성,1769545.4545454544,15.0,15844909.090909088,111.0
2025-07-27,정상,뷰티,38000.0,1.0,23999.999999999996,1.0
2025-07-27,정상,슈즈,2005136.3636363633,26.0,6143272.727272726,62.0
2025-07-27,정상,스포츠,153636.36363636362,1.0,203818.1818181818,1.0
2025-07-27,정상,여성,1601818.1818181816,9.0,18407590.90909091,80.0
2025-07-27,정상,잡화,2097409.090909091,17.0,7671018.181818182,54.0
2025-07-28,이월,골프,955581.818181818,9.0,2504545.454545454,23.0
2025-07-28,이월,남성,3798345.4545454546,16.0,10637781.818181816,83.0
2025-07-28,이월,슈즈,889818.1818181818,9.0,3708772.7272727257,38.0
2025-07-28,이월,스포츠,137090.9090909091,2.0,882363.6363636361,14.0
2025-07-28,이월,여성,5883000.0,15.0,5668518.181818182,38.0
2025-07-28,이월,잡화,3399163.6363636353,27.0,10534363.636363631,44.0
2025-07-28,입점,골프,198563.63636363635,1.0,872763.6363636361,11.0
2025-07-28,입점,남성,352863.63636363635,4.0,2322700.0,28.0
2025-07-28,입점,리빙,670181.8181818181,7.0,1416436.3636363638,29.0
2025-07-28,입점,명품,-191545.45454545447,3.0,4315181.818181818,21.0
2025-07-28,입점,뷰티,485363.6363636363,14.0,1597309.0909090915,42.0
2025-07-28,입점,슈즈,27181.818181818177,1.0,616272.7272727271,4.0
2025-07-28,입점,스포츠,518909.0909090908,9.0,2472999.9999999995,35.0
2025-07-28,입점,아웃도어,441090.90909090906,6.0,939818.1818181816,16.0
2025-07-28,입점,여성,-25709.090909090904,-1.0,1281781.8181818184,12.0
2025-07-28,입점,잡화,138181.81818181818,2.0,572954.5454545455,10.0
2025-07-28,입점,키즈,370363.6363636363,5.0,550136.3636363636,14.0
2025-07-28,정상,골프,1176536.3636363635,11.0,2387509.090909091,23.0
2025-07-28,정상,남성,1432363.6363636362,12.0,8213745.454545455,74.0
2025-07-28,정상,뷰티,235454.54545454544,0.0,26181.81818181818,1.0
2025-07-28,정상,슈즈,1857772.727272727,24.0,2935272.7272727266,34.0
2025-07-28,정상,스포츠,0.0,0.0,153636.36363636362,1.0
2025-07-28,정상,여성,2301045.4545454546,6.0,4216272.727272726,20.0
2025-07-28,정상,잡화,2429490.9090909087,20.0,6736763.636363636,49.0
2025-07-29,이월,골프,117545.45454545453,1.0,2826345.4545454546,25.0
2025-07-29,이월,남성,1735681.8181818184,17.0,9673500.0,78.0
2025-07-29,이월,슈즈,1149272.7272727268,14.0,5148636.363636362,50.0
2025-07-29,이월,스포츠,290545.4545454546,6.0,1200090.909090909,11.0
2025-07-29,이월,여성,-1079727.2727272727,6.0,12469845.454545455,39.0
2025-07-29,이월,잡화,2099545.4545454546,19.0,5984436.363636362,40.0
2025-07-29,입점,골프,596000.0,7.0,1356245.4545454541,17.0
2025-07-29,입점,남성,143181.81818181815,3.0,516654.54545454547,17.0
2025-07-29,입점,리빙,186272.72727272726,4.0,2088925.4545454544,24.0
2025-07-29,입점,명품,1276363.6363636365,5.0,4953636.363636363,20.0
2025-07-29,입점,뷰티,586545.4545454545,12.0,1740472.7272727278,43.0
2025-07-29,입점,슈즈,236272.72727272726,3.0,334136.3636363636,2.0
2025-07-29,입점,스포츠,463090.909090909,7.0,1078727.2727272727,15.0
2025-07-29,입점,아웃도어,606636.3636363635,8.0,252399.99999999994,10.0
2025-07-29,입점,여성,81181.81818181816,1.0,941181.8181818181,6.0
2025-07-29,입점,잡화,1445909.0909090908,6.0,1101427.2727272725,7.0
2025-07-29,입점,키즈,51909.0909090909,2.0,577999.9999999999,13.0
2025-07-29,정상,골프,940999.9999999999,5.0,151281.8181818182,5.0
2025-07-29,정상,남성,936090.9090909088,10.0,8072818.181818181,57.0
2025-07-29,정상,뷰티,121363.63636363635,3.0,45454.54545454545,1.0
2025-07-29,정상,슈즈,1579927.272727273,19.0,4610636.363636363,48.0
2025-07-29,정상,스포츠,144545.45454545453,1.0,-30409.090909090904,-1.0
2025-07-29,정상,여성,150818.18181818182,2.0,4028772.7272727275,20.0
2025-07-29,정상,잡화,3384272.7272727275,22.0,2149372.7272727266,24.0
2025-07-30,이월,골프,140000.0,2.0,2225863.6363636362,21.0
2025-07-30,이월,남성,637300.0,15.0,10269836.363636363,61.0
2025-07-30,이월,슈즈,1632772.7272727273,19.0,2833999.9999999995,41.0
2025-07-30,이월,스포츠,81272.72727272726,1.0,584818.1818181818,5.0
2025-07-30,이월,여성,552636.3636363635,5.0,10438945.454545455,55.0
2025-07-30,이월,잡화,4217599.999999999,23.0,9231527.272727273,53.0
2025-07-30,입점,골프,250354.54545454544,4.0,477572.7272727272,9.0
2025-07-30,입점,남성,344654.5454545454,3.0,2542300.0000000005,38.0
2025-07-30,입점,리빙,351363.6363636363,6.0,1401363.636363636,20.0
2025-07-30,입점,명품,2941999.9999999995,10.0,4807181.818181817,17.0
2025-07-30,입점,뷰티,409090.90909090906,11.0,1658581.8181818177,40.0
2025-07-30,입점,슈즈,127272.72727272726,1.0,55090.909090909074,3.0
2025-07-30,입점,스포츠,85000.00000000003,3.0,1612545.4545454546,32.0
2025-07-30,입점,아웃도어,517681.8181818182,6.0,1042136.3636363636,12.0
2025-07-30,입점,여성,408499.99999999994,6.0,1418090.9090909092,17.0
2025-07-30,입점,잡화,628227.2727272726,11.0,1539772.7272727273,21.0
2025-07-30,입점,키즈,322000.0,4.0,442227.27272727276,10.0
2025-07-30,정상,골프,123636.36363636363,1.0,985681.8181818181,10.0
2025-07-30,정상,남성,1179954.545454545,11.0,7411636.363636362,58.0
2025-07-30,정상,뷰티,23999.999999999996,1.0,0.0,0.0
2025-07-30,정상,슈즈,2131000.0,24.0,3462245.454545454,35.0
2025-07-30,정상,스포츠,28181.81818181819,0.0,226045.45454545456,1.0
2025-07-30,정상,여성,1661545.4545454546,11.0,7269090.909090908,34.0
2025-07-30,정상,잡화,2448454.5454545454,23.0,4517745.454545455,41.0
2025-07-31,이월,골프,813272.7272727272,10.0,3309172.7272727266,26.0
2025-07-31,이월,남성,656727.2727272727,11.0,5709909.090909092,80.0
2025-07-31,이월,슈즈,727772.7272727273,6.0,1669909.0909090906,14.0
2025-07-31,이월,스포츠,250000.0,4.0,201363.63636363632,2.0
2025-07-31,이월,여성,1338181.8181818184,13.0,6555499.999999999,41.0
2025-07-31,이월,잡화,883836.3636363638,13.0,8820109.090909088,50.0
2025-07-31,입점,골프,1287245.4545454546,9.0,1179109.0909090908,16.0
2025-07-31,입점,남성,326636.36363636365,2.0,1590445.4545454544,22.0
2025-07-31,입점,리빙,306363.63636363635,6.0,3178954.545454545,28.0
2025-07-31,입점,명품,330909.0909090908,2.0,8031181.818181817,16.0
2025-07-31,입점,뷰티,585636.3636363636,13.0,1535372.7272727273,40.0
2025-07-31,입점,슈즈,-91363.63636363635,-1.0,860818.1818181816,5.0
2025-07-31,입점,스포츠,460318.18181818177,5.0,511563.63636363624,15.0
2025-07-31,입점,아웃도어,617000.0,10.0,1200181.8181818184,11.0
2025-07-31,입점,여성,30136.363636363632,1.0,637197.2727272727,16.0
2025-07-31,입점,잡화,0.0,0.0,1579236.3636363635,13.0
2025-07-31,입점,키즈,53909.09090909091,4.0,526636.3636363635,10.0
2025-07-31,정상,골프,61327.27272727272,1.0,1798590.9090909082,11.0
2025-07-31,정상,남성,1955636.3636363635,14.0,5916000.000000001,46.0
2025-07-31,정상,뷰티,0.0,0.0,62727.27272727272,1.0
2025-07-31,정상,슈즈,1217636.3636363635,12.0,2364818.181818181,23.0
2025-07-31,정상,스포츠,117272.72727272726,1.0,107272.72727272726,0.0
2025-07-31,정상,여성,1972636.3636363633,13.0,4157272.727272728,29.0
2025-07-31,정상,잡화,2003654.5454545452,15.0,5558409.09090909,46.0
2025-08-01,이월,골프,639818.1818181818,5.0,2226090.9090909082,17.0
2025-08-01,이월,남성,2112636.3636363633,17.0,16231745.454545455,79.0
2025-08-01,이월,슈즈,139436.3636363636,2.0,1708090.9090909092,21.0
2025-08-01,이월,스포츠,202363.63636363635,2.0,764999.9999999999,13.0
2025-08-01,이월,여성,3584254.545454545,18.0,13640227.272727273,75.0
2025-08-01,이월,잡화,608945.4545454546,9.0,7517818.181818181,48.0
2025-08-01,입점,골프,1122654.5454545454,6.0,2637545.4545454546,15.0
2025-08-01,입점,남성,93909.09090909091,1.0,3244936.363636363,50.0
2025-08-01,입점,리빙,112727.27272727272,4.0,2777163.636363636,27.0
2025-08-01,입점,명품,1264454.5454545452,4.0,6472181.818181818,16.0
2025-08-01,입점,뷰티,428272.72727272724,9.0,1431090.9090909092,38.0
2025-08-01,입점,슈즈,143636.36363636362,1.0,837636.3636363635,6.0
2025-08-01,입점,스포츠,408909.0909090909,6.0,2917954.545454545,50.0
2025-08-01,입점,아웃도어,1304000.0,9.0,1912090.909090909,15.0
2025-08-01,입점,여성,79790.90909090909,1.0,303379.09090909094,4.0
2025-08-01,입점,잡화,164763.63636363635,4.0,2291490.909090909,8.0
2025-08-01,입점,키즈,25909.090909090908,1.0,1376536.3636363638,24.0
2025-08-01,정상,골프,46909.0909090909,3.0,1451036.3636363633,13.0
2025-08-01,정상,남성,1798681.818181818,15.0,9225681.818181818,60.0
2025-08-01,정상,뷰티,0.0,0.0,49454.545454545456,2.0
2025-08-01,정상,슈즈,-16272.727272727352,3.0,2925363.636363635,38.0
2025-08-01,정상,스포츠,-153636.36363636362,-1.0,153636.36363636362,1.0
2025-08-01,정상,여성,1630772.727272727,13.0,14367000.0,73.0
2025-08-01,정상,잡화,2080072.7272727268,15.0,6103536.363636363,45.0
2025-08-02,이월,골프,626090.9090909091,5.0,2753236.3636363638,20.0
2025-08-02,이월,남성,1100863.6363636362,9.0,13417590.909090906,78.0
2025-08-02,이월,슈즈,168818.18181818182,2.0,2072590.9090909087,19.0
2025-08-02,이월,스포츠,159818.18181818182,2.0,726000.0,12.0
2025-08-02,이월,여성,2382363.6363636367,10.0,20030363.63636363,74.0
2025-08-02,이월,잡화,2965563.6363636362,21.0,8717036.363636361,62.0
2025-08-02,입점,골프,410018.18181818177,6.0,4488627.272727272,35.0
2025-08-02,입점,남성,192909.09090909088,3.0,2810827.2727272725,36.0
2025-08-02,입점,리빙,73636.36363636363,1.0,1114272.7272727273,21.0
2025-08-02,입점,명품,778454.5454545454,2.0,9306363.636363637,31.0
2025-08-02,입점,뷰티,628363.6363636362,18.0,1794845.4545454546,50.0
2025-08-02,입점,슈즈,82090.90909090909,1.0,1530181.8181818184,10.0
2025-08-02,입점,스포츠,1568454.5454545454,15.0,7754818.181818178,78.0
2025-08-02,입점,아웃도어,421090.9090909091,7.0,1459354.5454545452,17.0
2025-08-02,입점,여성,213909.09090909088,3.0,2215258.1818181816,25.0
2025-08-02,입점,잡화,421818.18181818177,4.0,2783627.272727273,25.0
2025-08-02,입점,키즈,126363.63636363635,1.0,968863.636363636,21.0
2025-08-02,정상,골프,1259109.0909090908,7.0,2158536.3636363633,13.0
2025-08-02,정상,남성,1260818.1818181816,12.0,9630136.363636363,67.0
2025-08-02,정상,뷰티,0.0,0.0,65454.54545454545,2.0
2025-08-02,정상,슈즈,1844727.2727272725,23.0,3326818.1818181816,54.0
2025-08-02,정상,여성,1169045.4545454544,6.0,14625272.727272734,71.0
2025-08-02,정상,잡화,2757381.8181818184,19.0,6324572.727272727,42.0
2025-08-03,이월,골프,475363.63636363635,5.0,2894327.2727272725,28.0
2025-08-03,이월,남성,3492636.3636363633,16.0,17081690.90909091,111.0
2025-08-03,이월,슈즈,428045.45454545453,7.0,3229181.8181818174,33.0
2025-08-03,이월,스포츠,202363.63636363635,2.0,951181.8181818184,15.0
2025-08-03,이월,여성,1054409.0909090908,8.0,27731363.636363637,111.0
2025-08-03,이월,잡화,3715090.9090909087,22.0,14020363.636363633,81.0
2025-08-03,입점,골프,1403727.2727272725,13.0,5459109.090909091,36.0
2025-08-03,입점,남성,292972.7272727273,5.0,4469063.636363637,46.0
2025-08-03,입점,리빙,366499.99999999994,8.0,2289663.6363636362,20.0
2025-08-03,입점,명품,2070909.0909090908,5.0,17114045.45454545,30.0
2025-08-03,입점,뷰티,741545.4545454545,14.0,1768281.8181818177,52.0
2025-08-03,입점,슈즈,49909.090909090904,1.0,596454.5454545454,6.0
2025-08-03,입점,스포츠,1364272.7272727273,19.0,3948272.727272727,71.0
2025-08-03,입점,아웃도어,257818.18181818182,3.0,1476154.5454545452,24.0
2025-08-03,입점,여성,67563.63636363635,2.0,2576009.090909091,23.0
2025-08-03,입점,잡화,133636.36363636365,1.0,3879809.0909090904,23.0
2025-08-03,입점,키즈,229818.1818181818,3.0,1745699.9999999998,27.0
2025-08-03,정상,골프,120909.0909090909,1.0,1741609.0909090906,13.0
2025-08-03,정상,남성,1704090.9090909085,16.0,10665272.727272728,71.0
2025-08-03,정상,슈즈,1629000.0,21.0,6775681.818181817,65.0
2025-08-03,정상,스포츠,0.0,0.0,153636.36363636362,1.0
2025-08-03,정상,여성,2076409.0909090906,13.0,15866590.909090912,81.0
2025-08-03,정상,잡화,2238854.5454545454,15.0,7482390.909090911,58.0
2025-08-04,이월,골프,283999.99999999994,3.0,3325536.363636364,20.0
2025-08-04,이월,남성,1392500.0,13.0,16312500.0,95.0
2025-08-04,이월,슈즈,-184954.54545454547,0.0,1542181.8181818181,24.0
2025-08-04,이월,스포츠,214818.1818181818,2.0,874727.2727272727,15.0
2025-08-04,이월,여성,2065545.4545454544,3.0,12177772.727272723,45.0
2025-08-04,이월,잡화,3386436.3636363633,26.0,11604745.454545457,58.0
2025-08-04,입점,골프,456454.5454545454,3.0,901599.9999999997,10.0
2025-08-04,입점,남성,67818.18181818182,2.0,2717572.727272727,36.0
2025-08-04,입점,리빙,387490.909090909,7.0,3115636.3636363633,44.0
2025-08-04,입점,명품,1457727.2727272725,2.0,6350090.909090909,20.0
2025-08-04,입점,뷰티,731818.1818181818,14.0,1252745.4545454544,43.0
2025-08-04,입점,슈즈,-135818.1818181818,-1.0,1293545.4545454544,5.0
2025-08-04,입점,스포츠,951999.9999999999,14.0,3046572.7272727266,34.0
2025-08-04,입점,아웃도어,525727.2727272727,7.0,389000.00000000006,7.0
2025-08-04,입점,여성,252381.81818181815,3.0,1166715.4545454544,13.0
2025-08-04,입점,잡화,584636.3636363636,5.0,1119045.4545454546,19.0
2025-08-04,입점,키즈,127181.81818181815,3.0,1800045.4545454544,20.0
2025-08-04,정상,골프,360518.1818181818,4.0,2256299.999999999,19.0
2025-08-04,정상,남성,501999.99999999977,11.0,10818636.363636363,87.0
2025-08-04,정상,뷰티,242636.36363636362,2.0,80181.81818181818,2.0
2025-08-04,정상,슈즈,370090.9090909091,8.0,2342090.9090909096,19.0
2025-08-04,정상,스포츠,94227.27272727272,2.0,142409.09090909088,3.0
2025-08-04,정상,여성,1924500.0,9.0,11463681.818181816,60.0
2025-08-04,정상,잡화,2387172.727272727,19.0,5840727.272727272,36.0
2025-08-05,이월,골프,909545.4545454545,10.0,4560163.636363636,33.0
2025-08-05,이월,남성,2665681.818181818,15.0,15537700.0,87.0
2025-08-05,이월,슈즈,833363.6363636364,9.0,2153181.8181818174,20.0
2025-08-05,이월,스포츠,458181.81818181823,6.0,534545.4545454545,6.0
2025-08-05,이월,여성,5140545.454545453,16.0,13063209.090909088,65.0
2025-08-05,이월,잡화,1814345.4545454544,14.0,9844890.909090906,57.0
2025-08-05,입점,골프,3170618.1818181816,14.0,5148809.090909091,27.0
2025-08-05,입점,남성,-20272.727272727294,2.0,3626754.5454545454,39.0
2025-08-05,입점,리빙,541818.1818181818,10.0,1148363.636363636,23.0
2025-08-05,입점,명품,1681545.4545454546,7.0,7337272.727272726,12.0
2025-08-05,입점,뷰티,711454.5454545453,28.0,2991090.9090909096,61.0
2025-08-05,입점,슈즈,62727.27272727272,1.0,220672.72727272724,5.0
2025-08-05,입점,스포츠,1492545.4545454548,18.0,3807009.090909091,51.0
2025-08-05,입점,아웃도어,496272.7272727273,5.0,2641936.3636363633,23.0
2025-08-05,입점,여성,63372.727272727265,2.0,1462394.5454545454,16.0
2025-08-05,입점,잡화,200854.54545454544,2.0,2454527.272727273,20.0
2025-08-05,입점,키즈,94272.72727272726,3.0,2353018.1818181816,21.0
2025-08-05,정상,골프,653772.7272727273,7.0,3156981.818181818,21.0
2025-08-05,정상,남성,1685409.0909090908,14.0,8455999.999999998,75.0
2025-08-05,정상,뷰티,103636.36363636363,1.0,534545.4545454545,5.0
2025-08-05,정상,슈즈,1643363.6363636365,31.0,5689818.181818181,71.0
2025-08-05,정상,스포츠,153636.36363636362,1.0,0.0,0.0
2025-08-05,정상,여성,2161909.090909091,4.0,14580318.181818182,56.0
2025-08-05,정상,잡화,3707681.8181818174,23.0,6289545.454545455,42.0
2025-08-06,이월,골프,1630090.9090909092,10.0,5389581.818181819,33.0
2025-08-06,이월,남성,2675681.8181818184,17.0,16037163.636363639,93.0
2025-08-06,이월,슈즈,932999.9999999999,13.0,2552136.363636363,33.0
2025-08-06,이월,스포츠,456727.27272727265,6.0,577090.9090909091,4.0
2025-08-06,이월,여성,2812409.0909090904,10.0,15746090.909090908,71.0
2025-08-06,이월,잡화,2599381.8181818174,17.0,8169072.727272727,54.0
2025-08-06,입점,골프,733672.7272727272,6.0,2142545.454545454,21.0
2025-08-06,입점,남성,639654.5454545454,7.0,4410481.818181817,37.0
2025-08-06,입점,리빙,856818.1818181818,13.0,1426918.1818181819,21.0
2025-08-06,입점,명품,1281818.1818181816,3.0,16695727.272727277,27.0
2025-08-06,입점,뷰티,615000.0,24.0,2354936.363636363,61.0
2025-08-06,입점,슈즈,393272.7272727273,2.0,846454.5454545455,4.0
2025-08-06,입점,스포츠,1545727.2727272727,21.0,5963090.909090907,57.0
2025-08-06,입점,아웃도어,563818.1818181818,8.0,1041272.7272727272,12.0
2025-08-06,입점,여성,601254.5454545454,4.0,3086654.545454547,25.0
2025-08-06,입점,잡화,678863.6363636362,4.0,6617300.0,18.0
2025-08-06,입점,키즈,194181.81818181818,2.0,896381.8181818181,16.0
2025-08-06,정상,골프,302818.1818181818,3.0,2640427.2727272725,17.0
2025-08-06,정상,남성,2372318.1818181826,15.0,9369272.727272728,70.0
2025-08-06,정상,뷰티,224272.72727272724,3.0,722545.4545454545,4.0
2025-08-06,정상,슈즈,2900818.1818181816,38.0,6513909.090909087,69.0
2025-08-06,정상,스포츠,9090.909090909088,1.0,266909.0909090909,5.0
2025-08-06,정상,여성,2906727.272727273,15.0,6637772.727272728,37.0
2025-08-06,정상,잡화,2208927.272727272,22.0,9394863.636363637,60.0
2025-08-07,이월,골프,535818.1818181818,6.0,4125890.909090909,26.0
2025-08-07,이월,남성,2509727.2727272734,10.0,12217845.454545459,63.0
2025-08-07,이월,슈즈,500318.18181818177,9.0,2665909.090909091,30.0
2025-08-07,이월,스포츠,450454.5454545454,5.0,1302181.8181818184,19.0
2025-08-07,이월,여성,1361999.9999999998,8.0,13759681.818181818,57.0
2025-08-07,이월,잡화,3920727.272727272,22.0,9360999.999999998,46.0
2025-08-07,입점,골프,340636.3636363636,4.0,3082072.7272727275,18.0
2025-08-07,입점,남성,801172.7272727271,5.0,1589863.6363636367,29.0
2025-08-07,입점,리빙,393018.18181818177,8.0,1355090.9090909092,20.0
2025-08-07,입점,명품,402727.2727272727,2.0,5480999.999999999,21.0
2025-08-07,입점,뷰티,868072.7272727271,23.0,1595363.6363636362,33.0
2025-08-07,입점,슈즈,0.0,0.0,283181.81818181823,4.0
2025-08-07,입점,스포츠,1443999.9999999998,23.0,5364363.636363638,39.0
2025-08-07,입점,아웃도어,1624545.454545454,17.0,2295090.9090909082,25.0
2025-08-07,입점,여성,490181.8181818181,3.0,3134587.272727271,36.0
2025-08-07,입점,잡화,244154.5454545454,5.0,6175854.545454547,18.0
2025-08-07,입점,키즈,267090.90909090906,3.0,1809472.727272727,18.0
2025-08-07,정상,골프,418772.72727272724,4.0,1934027.2727272725,12.0
2025-08-07,정상,남성,2114272.7272727266,11.0,8929090.909090908,68.0
2025-08-07,정상,뷰티,23999.999999999996,1.0,0.0,0.0
2025-08-07,정상,슈즈,1494227.2727272722,19.0,2741136.363636364,36.0
2025-08-07,정상,스포츠,62727.27272727272,1.0,270909.0909090909,1.0
2025-08-07,정상,여성,935636.3636363638,2.0,6095863.636363635,10.0
2025-08-07,정상,잡화,4489590.909090908,29.0,6407163.636363637,37.0
2025-08-08,이월,골프,1323127.2727272725,9.0,954318.1818181816,7.0
2025-08-08,이월,남성,-196090.90909090883,2.0,5695227.272727273,50.0
2025-08-08,이월,슈즈,937727.2727272727,12.0,1647727.2727272725,21.0
2025-08-08,이월,스포츠,158090.90909090906,2.0,853272.7272727272,12.0
2025-08-08,이월,여성,2299545.4545454546,7.0,12902636.363636363,48.0
2025-08-08,이월,잡화,3056200.0,19.0,8188636.363636363,45.0
2025-08-08,입점,골프,399090.90909090906,5.0,3926527.2727272725,30.0
2025-08-08,입점,남성,763572.7272727272,6.0,3438518.1818181826,26.0
2025-08-08,입점,리빙,867000.0,10.0,1306600.0,27.0
2025-08-08,입점,명품,-144727.27272727265,1.0,10166909.090909092,27.0
2025-08-08,입점,뷰티,1074909.0909090908,18.0,2234345.4545454555,51.0
2025-08-08,입점,슈즈,279545.45454545453,2.0,624109.0909090908,5.0
2025-08-08,입점,스포츠,244045.4545454546,6.0,2438136.3636363624,39.0
2025-08-08,입점,아웃도어,280818.1818181818,5.0,2952272.7272727266,20.0
2025-08-08,입점,여성,704236.3636363636,3.0,2472772.727272727,16.0
2025-08-08,입점,잡화,517636.36363636365,6.0,370454.54545454535,9.0
2025-08-08,입점,키즈,16636.363636363636,1.0,647390.9090909091,13.0
2025-08-08,정상,골프,316636.36363636365,3.0,1218590.9090909092,8.0
2025-08-08,정상,남성,750363.6363636364,6.0,6499545.454545452,45.0
2025-08-08,정상,뷰티,23999.999999999996,1.0,278363.6363636363,4.0
2025-08-08,정상,슈즈,1505090.909090909,19.0,3480136.3636363624,41.0
2025-08-08,정상,스포츠,0.0,0.0,-44545.454545454544,-1.0
2025-08-08,정상,여성,1244000.0,4.0,8923409.09090909,47.0
2025-08-08,정상,잡화,1948154.5454545454,17.0,4842490.909090911,36.0
2025-08-09,이월,골프,368363.6363636363,3.0,2042945.4545454541,12.0
2025-08-09,이월,남성,632136.3636363635,10.0,17180463.636363637,85.0
2025-08-09,이월,슈즈,1054772.7272727273,14.0,1540136.3636363635,20.0
2025-08-09,이월,스포츠,233818.1818181818,3.0,697663.6363636365,12.0
2025-08-09,이월,여성,1678363.636363636,14.0,21049909.090909094,89.0
2025-08-09,이월,잡화,3274945.4545454546,19.0,7062400.000000002,45.0
2025-08-09,입점,골프,1970063.636363636,10.0,4613509.090909092,48.0
2025-08-09,입점,남성,294909.0909090909,6.0,3963081.818181818,51.0
2025-08-09,입점,리빙,632727.2727272726,16.0,2828899.999999999,39.0
2025-08-09,입점,명품,1656181.8181818181,6.0,7103318.181818179,19.0
2025-08-09,입점,뷰티,399618.1818181818,8.0,1262527.2727272727,33.0
2025-08-09,입점,슈즈,0.0,0.0,940363.6363636362,7.0
2025-08-09,입점,스포츠,662181.8181818181,11.0,5432901.818181817,84.0
2025-08-09,입점,아웃도어,491636.3636363636,6.0,1658000.0,19.0
2025-08-09,입점,여성,181127.27272727268,2.0,1968736.3636363635,19.0
2025-08-09,입점,잡화,144545.45454545453,3.0,2336272.727272727,15.0
2025-08-09,입점,키즈,217499.99999999997,5.0,533954.5454545454,11.0
2025-08-09,정상,골프,905272.7272727272,3.0,1208790.9090909087,9.0
2025-08-09,정상,남성,796181.818181818,4.0,8022318.18181818,52.0
2025-08-09,정상,뷰티,0.0,0.0,422727.2727272727,3.0
2025-08-09,정상,슈즈,387454.5454545454,4.0,-693681.818181818,-5.0
2025-08-09,정상,스포츠,197863.63636363635,2.0,0.0,0.0
2025-08-09,정상,여성,725954.5454545454,4.0,11156681.818181818,50.0
2025-08-09,정상,잡화,2000654.545454545,20.0,3961381.818181817,36.0
2025-08-10,이월,골프,-28636.363636363632,0.0,2601636.3636363638,19.0
2025-08-10,이월,남성,2238227.2727272725,16.0,22189936.36363636,120.0
2025-08-10,이월,슈즈,867954.5454545454,12.0,3771727.2727272715,40.0
2025-08-10,이월,스포츠,239272.72727272724,3.0,325727.2727272727,7.0
2025-08-10,이월,여성,1267181.8181818181,7.0,25220363.63636364,104.0
2025-08-10,이월,잡화,2736436.3636363633,19.0,12258545.45454545,85.0
2025-08-10,입점,골프,1070527.2727272727,11.0,6359954.545454547,54.0
2025-08-10,입점,남성,654636.3636363636,5.0,8528345.454545457,72.0
2025-08-10,입점,리빙,521545.45454545453,9.0,1926236.363636364,31.0
2025-08-10,입점,명품,4821000.0,4.0,9449772.727272727,31.0
2025-08-10,입점,뷰티,790690.9090909093,16.0,1898009.0909090906,48.0
2025-08-10,입점,슈즈,216363.63636363635,1.0,852545.4545454545,7.0
2025-08-10,입점,스포츠,435345.4545454544,7.0,6677590.90909091,109.0
2025-08-10,입점,아웃도어,740272.7272727272,11.0,2009181.8181818184,19.0
2025-08-10,입점,여성,474345.4545454545,4.0,2051563.6363636362,26.0
2025-08-10,입점,잡화,488227.2727272727,5.0,4618509.09090909,20.0
2025-08-10,입점,키즈,471327.27272727265,6.0,1184818.1818181816,20.0
2025-08-10,정상,골프,272181.8181818181,3.0,3073309.090909091,24.0
2025-08-10,정상,남성,2502090.9090909087,18.0,11598136.363636365,79.0
2025-08-10,정상,뷰티,90909.0909090909,1.0,-149090.90909090906,0.0
2025-08-10,정상,슈즈,689272.7272727272,9.0,1957818.1818181816,17.0
2025-08-10,정상,스포츠,252727.2727272727,1.0,0.0,0.0
2025-08-10,정상,여성,3098863.636363636,12.0,14100545.454545451,76.0
2025-08-10,정상,잡화,2308654.5454545454,17.0,6816927.272727273,53.0
2025-08-11,이월,골프,369272.72727272724,1.0,312009.09090909077,6.0
2025-08-11,이월,남성,1187409.0909090908,13.0,8843863.636363635,73.0
2025-08-11,이월,슈즈,995818.1818181816,13.0,1339181.8181818184,22.0
2025-08-11,이월,스포츠,24818.181818181816,1.0,826363.6363636364,10.0
2025-08-11,이월,여성,2201545.454545454,7.0,5008363.636363636,29.0
2025-08-11,이월,잡화,3809872.7272727275,26.0,8827909.090909092,50.0
2025-08-11,입점,골프,341045.4545454545,4.0,5645709.09090909,27.0
2025-08-11,입점,남성,542663.6363636364,5.0,3102099.9999999995,32.0
2025-08-11,입점,리빙,183909.0909090909,6.0,1315054.5454545454,25.0
2025-08-11,입점,명품,2685181.8181818184,7.0,11668836.36363636,14.0
2025-08-11,입점,뷰티,1216181.8181818181,23.0,1867445.4545454541,42.0
2025-08-11,입점,슈즈,190909.09090909088,1.0,1178745.4545454544,10.0
2025-08-11,입점,스포츠,-122818.18181818182,-1.0,-1858227.272727273,37.0
2025-08-11,입점,아웃도어,667454.5454545454,6.0,1307104.5454545452,14.0
2025-08-11,입점,여성,217490.90909090906,2.0,-828127.2727272725,5.0
2025-08-11,입점,잡화,104545.45454545454,3.0,654372.7272727271,13.0
2025-08-11,입점,키즈,188818.1818181818,3.0,889272.7272727272,15.0
2025-08-11,정상,골프,905863.6363636364,7.0,1313609.0909090908,10.0
2025-08-11,정상,남성,1589454.5454545456,14.0,4788272.7272727275,41.0
2025-08-11,정상,뷰티,18090.90909090909,1.0,142090.9090909091,3.0
2025-08-11,정상,슈즈,538499.9999999999,3.0,-874727.2727272726,-12.0
2025-08-11,정상,스포츠,0.0,0.0,70909.0909090909,1.0
2025-08-11,정상,여성,1053727.2727272727,6.0,5787318.181818181,32.0
2025-08-11,정상,잡화,3368836.3636363633,21.0,7311236.363636361,46.0
2025-08-12,이월,골프,318636.3636363636,2.0,2190463.6363636362,19.0
2025-08-12,이월,남성,2191272.727272727,11.0,8972518.18181818,68.0
2025-08-12,이월,슈즈,2734363.636363636,31.0,4451000.0,48.0
2025-08-12,이월,스포츠,-28363.636363636353,1.0,224090.90909090903,1.0
2025-08-12,이월,여성,462181.8181818182,3.0,5676272.727272727,24.0
2025-08-12,이월,잡화,2478563.636363636,16.0,7625618.1818181835,48.0
2025-08-12,입점,골프,1675409.0909090908,4.0,2748363.6363636362,18.0
2025-08-12,입점,남성,-25727.27272727272,1.0,112990.90909090935,12.0
2025-08-12,입점,리빙,397454.54545454535,9.0,1787418.1818181819,23.0
2025-08-12,입점,명품,-648727.2727272727,0.0,11166545.454545451,27.0
2025-08-12,입점,뷰티,666327.2727272727,10.0,923790.909090909,20.0
2025-08-12,입점,슈즈,85272.72727272726,0.0,353909.09090909094,3.0
2025-08-12,입점,스포츠,613454.5454545454,8.0,2532227.272727272,36.0
2025-08-12,입점,아웃도어,556818.1818181818,-1.0,2116586.3636363638,17.0
2025-08-12,입점,여성,-81099.99999999997,-1.0,489719.99999999994,3.0
2025-08-12,입점,잡화,46363.63636363636,2.0,703718.1818181816,10.0
2025-08-12,입점,키즈,20272.72727272728,0.0,122090.90909090909,4.0
2025-08-12,정상,골프,353454.5454545454,3.0,1000754.5454545454,11.0
2025-08-12,정상,남성,891627.2727272727,12.0,7270490.909090909,42.0
2025-08-12,정상,뷰티,31999.999999999996,2.0,158454.54545454544,4.0
2025-08-12,정상,슈즈,-89909.09090909093,-1.0,310454.54545454535,3.0
2025-08-12,정상,여성,1248772.727272727,4.0,7938772.7272727275,29.0
2025-08-12,정상,잡화,3255799.9999999995,21.0,6045481.818181817,47.0
2025-08-13,이월,골프,758636.3636363635,7.0,2334736.3636363633,16.0
2025-08-13,이월,남성,1365227.2727272725,13.0,8833481.818181816,45.0
2025-08-13,이월,슈즈,1923863.6363636365,26.0,10734636.363636361,127.0
2025-08-13,이월,스포츠,-74818.18181818181,-1.0,314818.1818181818,5.0
2025-08-13,이월,여성,-1442727.2727272725,0.0,8031818.181818181,29.0
2025-08-13,이월,잡화,2144800.0000000005,17.0,9285399.999999998,46.0
2025-08-13,입점,골프,1139636.3636363635,8.0,2313709.0909090904,24.0
2025-08-13,입점,남성,464427.2727272727,6.0,2403936.3636363638,25.0
2025-08-13,입점,리빙,199818.18181818182,7.0,1717636.3636363638,31.0
2025-08-13,입점,명품,128181.81818181816,1.0,9479000.000000002,19.0
2025-08-13,입점,뷰티,532145.4545454545,11.0,1164854.5454545452,31.0
2025-08-13,입점,슈즈,54454.54545454545,1.0,-280090.90909090906,1.0
2025-08-13,입점,스포츠,317318.18181818177,7.0,3291836.3636363633,40.0
2025-08-13,입점,아웃도어,-112181.81818181815,2.0,765213.6363636362,4.0
2025-08-13,입점,여성,195318.1818181818,3.0,837263.6363636362,17.0
2025-08-13,입점,잡화,-139545.45454545453,-2.0,5082281.818181818,12.0
2025-08-13,입점,키즈,-125454.54545454544,-1.0,410472.7272727272,0.0
2025-08-13,정상,골프,462818.18181818177,5.0,2051790.9090909087,15.0
2025-08-13,정상,남성,464954.54545454547,7.0,3400172.7272727275,33.0
2025-08-13,정상,뷰티,0.0,0.0,478545.4545454545,3.0
2025-08-13,정상,슈즈,1655290.909090909,19.0,7615672.727272727,112.0
2025-08-13,정상,스포츠,106636.36363636363,2.0,484818.1818181818,4.0
2025-08-13,정상,여성,-244636.36363636365,1.0,4908545.454545453,17.0
2025-08-13,정상,잡화,3868163.6363636362,21.0,3472436.3636363633,28.0
2025-08-14,이월,골프,866363.6363636362,7.0,2867581.818181819,22.0
2025-08-14,이월,남성,975090.9090909091,11.0,8872590.909090908,65.0
2025-08-14,이월,슈즈,2443545.454545454,35.0,4758954.545454547,64.0
2025-08-14,이월,스포츠,230363.63636363635,3.0,363272.72727272724,6.0
2025-08-14,이월,여성,1059818.1818181816,7.0,20077136.36363636,65.0
2025-08-14,이월,잡화,1892854.545454545,16.0,6098327.272727271,44.0
2025-08-14,입점,골프,880018.1818181816,3.0,2510336.3636363633,18.0
2025-08-14,입점,남성,-87945.4545454545,0.0,2311672.727272727,30.0
2025-08-14,입점,리빙,533074.5454545453,13.0,1828181.818181818,32.0
2025-08-14,입점,명품,-156636.36363636365,1.0,8332909.090909091,14.0
2025-08-14,입점,뷰티,318390.9090909091,11.0,529118.1818181818,19.0
2025-08-14,입점,슈즈,129909.09090909091,2.0,436454.5454545454,3.0
2025-08-14,입점,스포츠,226272.72727272726,4.0,681863.6363636364,19.0
2025-08-14,입점,아웃도어,660181.8181818181,8.0,-7636.363636363589,2.0
2025-08-14,입점,여성,146636.36363636365,2.0,545363.6363636365,4.0
2025-08-14,입점,잡화,222872.72727272726,0.0,-417081.81818181835,13.0
2025-08-14,입점,키즈,181000.0,2.0,512245.4545454545,8.0
2025-08-14,정상,골프,367590.90909090906,4.0,1486363.6363636362,9.0
2025-08-14,정상,남성,1356272.7272727273,9.0,6927218.18181818,46.0
2025-08-14,정상,뷰티,127090.90909090907,2.0,-298909.0909090909,0.0
2025-08-14,정상,슈즈,1072927.2727272725,12.0,2166327.272727272,23.0
2025-08-14,정상,여성,1783090.9090909092,10.0,8696227.272727273,38.0
2025-08-14,정상,잡화,1973890.9090909087,15.0,4741999.999999999,28.0
2025-08-15,이월,골프,847727.2727272727,4.0,4536727.272727273,32.0
2025-08-15,이월,남성,4383999.999999999,13.0,22411727.272727277,103.0
2025-08-15,이월,슈즈,1309772.7272727273,17.0,5812681.818181819,66.0
2025-08-15,이월,스포츠,530181.8181818182,5.0,415090.909090909,6.0
2025-08-15,이월,여성,2308545.4545454546,13.0,24492000.000000004,103.0
2025-08-15,이월,잡화,3904145.4545454546,26.0,13212490.90909091,80.0
2025-08-15,입점,골프,249272.72727272724,4.0,4390709.09090909,38.0
2025-08-15,입점,남성,101181.81818181818,1.0,2221472.7272727275,25.0
2025-08-15,입점,리빙,127181.81818181818,3.0,1196363.6363636365,19.0
2025-08-15,입점,명품,756363.6363636362,2.0,3179727.272727272,12.0
2025-08-15,입점,뷰티,1032981.8181818182,14.0,1054090.909090909,21.0
2025-08-15,입점,슈즈,136636.36363636365,2.0,1491727.2727272725,11.0
2025-08-15,입점,스포츠,786636.3636363635,9.0,2382272.7272727266,38.0
2025-08-15,입점,아웃도어,53636.36363636363,1.0,893309.0909090909,10.0
2025-08-15,입점,여성,0.0,0.0,2174536.3636363638,28.0
2025-08-15,입점,잡화,72227.27272727272,3.0,1457636.3636363635,14.0
2025-08-15,입점,키즈,62727.27272727272,1.0,213436.36363636356,4.0
2025-08-15,정상,골프,477454.5454545454,3.0,1879000.0,15.0
2025-08-15,정상,남성,1107000.0,10.0,7523218.181818181,53.0
2025-08-15,정상,뷰티,175999.99999999997,1.0,164000.0,4.0
2025-08-15,정상,슈즈,1771081.8181818177,19.0,4465781.818181817,40.0
2025-08-15,정상,스포츠,224227.2727272727,3.0,389090.90909090906,4.0
2025-08-15,정상,여성,828181.818181818,3.0,14726727.272727272,66.0
2025-08-15,정상,잡화,2179436.3636363633,14.0,6905963.636363638,50.0
2025-08-16,이월,골프,931818.1818181818,7.0,3895636.3636363633,17.0
2025-08-16,이월,남성,1881818.1818181816,15.0,6831163.636363633,66.0
2025-08-16,이월,슈즈,772272.7272727273,11.0,3494090.909090909,42.0
2025-08-16,이월,스포츠,69363.63636363635,1.0,1184454.5454545454,14.0
2025-08-16,이월,여성,569772.7272727272,10.0,19310272.72727273,78.0
2025-08-16,이월,잡화,2473527.2727272725,19.0,9251745.454545455,48.0
2025-08-16,입점,골프,720454.5454545454,6.0,5424954.545454545,47.0
2025-08-16,입점,남성,106272.72727272726,2.0,2645136.3636363638,34.0
2025-08-16,입점,리빙,524090.90909090906,11.0,2785909.09090909,29.0
2025-08-16,입점,명품,221818.1818181818,1.0,10295636.363636363,19.0
2025-08-16,입점,뷰티,214499.99999999997,10.0,1655881.8181818181,29.0
2025-08-16,입점,슈즈,-18818.181818181816,0.0,504181.8181818181,3.0
2025-08-16,입점,스포츠,374709.0909090908,6.0,3988390.909090909,67.0
2025-08-16,입점,아웃도어,488636.3636363636,6.0,1415518.1818181812,25.0
2025-08-16,입점,여성,38181.81818181818,1.0,1567254.5454545454,20.0
2025-08-16,입점,잡화,55909.090909090904,2.0,1916063.6363636362,11.0
2025-08-16,입점,키즈,0.0,0.0,712300.0000000001,14.0
2025-08-16,정상,골프,194181.81818181818,3.0,742454.5454545454,9.0
2025-08-16,정상,남성,1416990.9090909092,8.0,6300490.909090908,37.0
2025-08-16,정상,뷰티,630454.5454545454,5.0,90909.0909090909,1.0
2025-08-16,정상,슈즈,840363.6363636362,8.0,3622654.545454545,37.0
2025-08-16,정상,스포츠,0.0,0.0,-53318.181818181816,-1.0
2025-08-16,정상,여성,562272.7272727273,8.0,11458590.909090903,26.0
2025-08-16,정상,잡화,2213600.0,15.0,6326572.727272727,38.0
2025-08-17,이월,골프,890909.0909090908,9.0,7260181.818181817,38.0
2025-08-17,이월,남성,2424045.4545454546,15.0,20415727.27272727,106.0
2025-08-17,이월,슈즈,339590.9090909091,4.0,5247727.2727272725,53.0
2025-08-17,이월,스포츠,49545.454545454544,1.0,983545.4545454544,12.0
2025-08-17,이월,여성,1240000.0,7.0,30093681.818181794,117.0
2025-08-17,이월,잡화,3935654.5454545445,25.0,10654672.727272727,69.0
2025-08-17,입점,골프,1572263.6363636365,12.0,6000923.636363637,53.0
2025-08-17,입점,남성,485499.99999999994,4.0,3065454.545454546,39.0
2025-08-17,입점,리빙,688727.2727272726,11.0,2142872.727272727,29.0
2025-08-17,입점,명품,869999.9999999999,1.0,10341545.454545451,26.0
2025-08-17,입점,뷰티,606909.0909090908,16.0,2062763.6363636362,36.0
2025-08-17,입점,슈즈,125454.54545454544,1.0,1339654.5454545452,9.0
2025-08-17,입점,스포츠,473727.2727272727,9.0,7105227.272727274,76.0
2025-08-17,입점,아웃도어,577909.0909090909,2.0,1914154.5454545452,17.0
2025-08-17,입점,여성,103554.54545454546,2.0,1988954.545454545,15.0
2025-08-17,입점,잡화,65072.727272727265,3.0,2146772.727272727,14.0
2025-08-17,입점,키즈,374818.18181818177,4.0,1874999.9999999995,20.0
2025-08-17,정상,골프,376636.36363636365,2.0,2922681.8181818174,19.0
2025-08-17,정상,남성,2300136.3636363638,19.0,11350481.81818182,71.0
2025-08-17,정상,뷰티,152000.0,3.0,-43272.727272727265,0.0
2025-08-17,정상,슈즈,1787463.6363636358,25.0,5275081.818181817,46.0
2025-08-17,정상,스포츠,179681.81818181818,2.0,40909.090909090904,1.0
2025-08-17,정상,여성,1557909.0909090908,8.0,15286181.81818182,75.0
2025-08-17,정상,잡화,2290754.5454545454,16.0,8875272.727272727,63.0
2025-08-18,이월,골프,389581.8181818181,4.0,1790827.2727272725,15.0
2025-08-18,이월,남성,1702363.6363636362,7.0,9005099.999999996,51.0
2025-08-18,이월,슈즈,648500.0,9.0,1161136.3636363635,31.0
2025-08-18,이월,스포츠,134727.2727272727,2.0,810754.5454545452,11.0
2025-08-18,이월,여성,1480818.1818181814,4.0,9600181.818181818,38.0
2025-08-18,이월,잡화,1323109.0909090908,6.0,8909709.090909092,48.0
2025-08-18,입점,골프,1226909.0909090908,10.0,3531427.272727273,21.0
2025-08-18,입점,남성,-74181.81818181818,0.0,4941790.909090911,34.0
2025-08-18,입점,리빙,375181.8181818182,9.0,1874818.1818181816,40.0
2025-08-18,입점,명품,3539272.727272727,2.0,202000.0000000003,7.0
2025-08-18,입점,뷰티,702727.2727272726,18.0,1323336.3636363635,29.0
2025-08-18,입점,슈즈,257181.81818181818,2.0,-384999.99999999994,-2.0
2025-08-18,입점,스포츠,798909.090909091,10.0,3040154.5454545454,35.0
2025-08-18,입점,아웃도어,205818.1818181818,5.0,1107909.0909090906,22.0
2025-08-18,입점,여성,372027.27272727276,5.0,322027.27272727294,12.0
2025-08-18,입점,잡화,160090.9090909091,4.0,138227.2727272727,5.0
2025-08-18,입점,키즈,102999.99999999999,2.0,1141181.8181818184,21.0
2025-08-18,정상,골프,114727.2727272727,2.0,2253727.2727272725,13.0
2025-08-18,정상,남성,1961909.090909091,18.0,6073254.545454547,44.0
2025-08-18,정상,뷰티,15999.999999999998,1.0,-136727.27272727274,-1.0
2025-08-18,정상,슈즈,2404554.545454545,24.0,4792600.0,51.0
2025-08-18,정상,스포츠,62727.27272727272,1.0,117272.72727272726,1.0
2025-08-18,정상,여성,-177727.27272727268,-1.0,7605636.363636363,23.0
2025-08-18,정상,잡화,1831218.1818181816,13.0,6289154.545454543,39.0
2025-08-19,이월,골프,139090.9090909091,1.0,2584690.9090909087,22.0
2025-08-19,이월,남성,1325318.1818181816,11.0,9003618.181818184,57.0
2025-08-19,이월,슈즈,298181.8181818181,6.0,1554590.9090909092,19.0
2025-08-19,이월,스포츠,0.0,0.0,575454.5454545454,4.0
2025-08-19,이월,여성,1746363.6363636362,6.0,2616181.818181817,20.0
2025-08-19,이월,잡화,828145.4545454545,6.0,7083236.363636364,36.0
2025-08-19,입점,골프,727636.3636363635,4.0,846272.7272727271,2.0
2025-08-19,입점,남성,-147136.3636363636,-1.0,1851181.8181818186,11.0
2025-08-19,입점,리빙,967545.4545454545,19.0,2084818.1818181814,26.0
2025-08-19,입점,명품,1010545.4545454545,3.0,7197863.636363634,11.0
2025-08-19,입점,뷰티,891145.4545454545,15.0,1505318.1818181819,29.0
2025-08-19,입점,슈즈,0.0,0.0,363518.1818181818,2.0
2025-08-19,입점,스포츠,360036.36363636365,4.0,2387181.818181819,10.0
2025-08-19,입점,아웃도어,-6181.8181818181765,1.0,-550272.7272727273,8.0
2025-08-19,입점,여성,-55927.27272727272,0.0,180145.45454545453,8.0
2025-08-19,입점,잡화,0.0,0.0,1573354.5454545452,14.0
2025-08-19,입점,키즈,21090.90909090909,1.0,1310072.727272727,23.0
2025-08-19,정상,골프,826181.8181818182,5.0,1465181.8181818174,8.0
2025-08-19,정상,남성,1081400.0,10.0,5788745.454545455,45.0
2025-08-19,정상,뷰티,94545.45454545453,2.0,78181.81818181818,1.0
2025-08-19,정상,슈즈,2451554.5454545454,31.0,6516399.999999999,72.0
2025-08-19,정상,스포츠,153636.36363636362,1.0,215454.54545454544,3.0
2025-08-19,정상,여성,454363.63636363624,3.0,3107727.2727272734,15.0
2025-08-19,정상,잡화,1747072.7272727273,17.0,3252663.6363636362,23.0
2025-08-20,이월,골프,900909.0909090908,7.0,3519181.8181818174,24.0
2025-08-20,이월,남성,768090.909090909,8.0,1600209.0909090908,59.0
2025-08-20,이월,슈즈,525181.8181818181,6.0,504045.45454545435,0.0
2025-08-20,이월,스포츠,99090.90909090909,1.0,145363.63636363632,5.0
2025-08-20,이월,여성,4254499.999999999,6.0,-1678318.1818181826,18.0
2025-08-20,이월,잡화,2585836.3636363633,19.0,11737145.454545455,49.0
2025-08-20,입점,골프,1966154.5454545454,4.0,-40390.90909090871,12.0
2025-08-20,입점,남성,446327.2727272727,4.0,1081554.5454545452,12.0
2025-08-20,입점,리빙,369999.99999999994,10.0,2766618.181818181,32.0
2025-08-20,입점,명품,-661090.909090909,-1.0,7981999.999999998,19.0
2025-08-20,입점,뷰티,427127.2727272727,9.0,1168427.2727272727,23.0
2025-08-20,입점,슈즈,123636.36363636363,1.0,-133545.45454545453,-3.0
2025-08-20,입점,스포츠,513454.54545454547,5.0,3869000.0,31.0
2025-08-20,입점,아웃도어,276090.90909090906,4.0,1224236.3636363635,12.0
2025-08-20,입점,여성,179063.63636363638,2.0,881836.3636363636,20.0
2025-08-20,입점,잡화,183818.1818181818,2.0,1292372.7272727273,11.0
2025-08-20,입점,키즈,64727.27272727272,1.0,1967863.6363636362,22.0
2025-08-20,정상,골프,565045.4545454546,4.0,1922909.090909091,13.0
2025-08-20,정상,남성,44000.00000000007,2.0,5702890.909090907,30.0
2025-08-20,정상,뷰티,19000.0,1.0,0.0,0.0
2025-08-20,정상,슈즈,2406990.9090909087,29.0,4117881.818181818,60.0
2025-08-20,정상,스포츠,106636.36363636363,2.0,505136.3636363636,4.0
2025-08-20,정상,여성,2956363.6363636362,11.0,5423636.363636362,18.0
2025-08-20,정상,잡화,1290945.4545454541,9.0,2753127.2727272725,14.0
2025-08-21,이월,골프,813636.3636363636,6.0,3296854.5454545454,16.0
2025-08-21,이월,남성,1912454.5454545454,17.0,7685936.363636361,55.0
2025-08-21,이월,슈즈,348045.45454545453,7.0,1542909.0909090904,21.0
2025-08-21,이월,스포츠,189454.54545454544,4.0,466272.72727272724,7.0
2025-08-21,이월,여성,4480500.0,13.0,-2566136.363636362,9.0
2025-08-21,이월,잡화,4038618.1818181807,20.0,4688418.181818181,31.0
2025-08-21,입점,골프,64727.272727272706,-2.0,678236.3636363632,9.0
2025-08-21,입점,남성,469836.3636363636,6.0,1058145.4545454546,4.0
2025-08-21,입점,리빙,454909.0909090908,12.0,3801427.2727272725,36.0
2025-08-21,입점,명품,452636.36363636365,3.0,4305290.909090909,10.0
2025-08-21,입점,뷰티,108290.9090909091,4.0,1008418.1818181818,22.0
2025-08-21,입점,슈즈,256090.90909090906,2.0,708118.1818181816,4.0
2025-08-21,입점,스포츠,536363.6363636364,10.0,2897318.181818181,36.0
2025-08-21,입점,아웃도어,378272.72727272724,5.0,1592690.909090909,10.0
2025-08-21,입점,여성,-27181.81818181818,-1.0,884663.6363636361,20.0
2025-08-21,입점,잡화,134590.9090909091,3.0,1996027.2727272727,6.0
2025-08-21,입점,키즈,91636.36363636363,0.0,1414781.8181818181,30.0
2025-08-21,정상,골프,432636.3636363636,3.0,270772.7272727273,4.0
2025-08-21,정상,남성,1573454.5454545454,10.0,4957090.909090909,44.0
2025-08-21,정상,뷰티,40272.72727272727,1.0,12636.363636363636,1.0
2025-08-21,정상,슈즈,1301790.9090909094,10.0,4551209.09090909,55.0
2025-08-21,정상,스포츠,227272.7272727273,0.0,184454.54545454544,3.0
2025-08-21,정상,여성,1971181.8181818181,5.0,1003818.1818181815,4.0
2025-08-21,정상,잡화,1111427.2727272727,11.0,3616545.4545454537,23.0
2025-08-22,이월,골프,875000.0,5.0,2846181.8181818193,11.0
2025-08-22,이월,남성,1111727.2727272725,15.0,6140136.363636363,29.0
2025-08-22,이월,슈즈,121909.09090909093,3.0,764181.8181818182,11.0
2025-08-22,이월,스포츠,148909.09090909088,4.0,222909.09090909088,4.0
2025-08-22,이월,여성,1154136.3636363635,7.0,10838000.0,33.0
2025-08-22,이월,잡화,1162854.5454545454,9.0,6178236.363636362,36.0
2025-08-22,입점,골프,232954.54545454544,5.0,1089500.0000000002,10.0
2025-08-22,입점,남성,93109.09090909088,0.0,630490.9090909092,5.0
2025-08-22,입점,리빙,518227.27272727276,5.0,2299836.3636363633,34.0
2025-08-22,입점,명품,-221818.1818181818,-1.0,6534090.909090909,18.0
2025-08-22,입점,뷰티,229418.18181818177,6.0,1210072.7272727273,20.0
2025-08-22,입점,슈즈,32090.909090909117,0.0,54545.45454545456,0.0
2025-08-22,입점,스포츠,642909.0909090908,11.0,1988545.4545454546,36.0
2025-08-22,입점,아웃도어,-594272.7272727272,0.0,1338809.0909090908,13.0
2025-08-22,입점,여성,-4000.0,0.0,348809.09090909094,11.0
2025-08-22,입점,잡화,0.0,0.0,224681.81818181815,8.0
2025-08-22,입점,키즈,70909.0909090909,1.0,574536.3636363636,16.0
2025-08-22,정상,골프,294245.45454545453,4.0,800936.3636363636,4.0
2025-08-22,정상,남성,514727.27272727276,4.0,5693545.454545453,40.0
2025-08-22,정상,슈즈,2217690.9090909082,27.0,2779300.0,31.0
2025-08-22,정상,스포츠,243636.36363636362,2.0,-63636.36363636362,0.0
2025-08-22,정상,여성,417909.0909090909,3.0,7343727.272727271,25.0
2025-08-22,정상,잡화,3171363.6363636362,22.0,3055745.454545454,16.0
2025-08-23,이월,골프,687454.5454545454,5.0,1623818.1818181816,12.0
2025-08-23,이월,남성,1689181.818181818,13.0,18714954.545454547,87.0
2025-08-23,이월,슈즈,804227.2727272727,13.0,2696272.727272728,41.0
2025-08-23,이월,스포츠,58636.36363636363,1.0,435454.5454545454,5.0
2025-08-23,이월,여성,-432818.1818181819,2.0,12170545.454545455,43.0
2025-08-23,이월,잡화,2520945.454545454,19.0,8369236.363636362,44.0
2025-08-23,입점,골프,312818.18181818177,5.0,3083818.181818182,28.0
2025-08-23,입점,남성,501818.18181818177,4.0,1992709.0909090906,23.0
2025-08-23,입점,리빙,428999.99999999994,8.0,1710892.727272727,27.0
2025-08-23,입점,명품,126999.99999999999,1.0,8229409.090909092,27.0
2025-08-23,입점,뷰티,601718.1818181818,9.0,930963.6363636362,22.0
2025-08-23,입점,슈즈,90000.0,1.0,372727.2727272727,2.0
2025-08-23,입점,스포츠,614909.0909090908,11.0,3592245.4545454546,57.0
2025-08-23,입점,아웃도어,126363.63636363635,1.0,753872.7272727273,12.0
2025-08-23,입점,여성,505345.4545454545,4.0,2388809.0909090913,23.0
2025-08-23,입점,잡화,0.0,0.0,848690.909090909,13.0
2025-08-23,입점,키즈,379727.2727272727,2.0,811363.6363636365,15.0
2025-08-23,정상,골프,708590.909090909,6.0,669245.4545454544,8.0
2025-08-23,정상,남성,648818.1818181818,7.0,10783945.45454545,58.0
2025-08-23,정상,뷰티,0.0,0.0,76363.63636363635,1.0
2025-08-23,정상,슈즈,1922309.0909090904,20.0,5420745.454545454,57.0
2025-08-23,정상,스포츠,0.0,0.0,160590.90909090906,3.0
2025-08-23,정상,여성,676818.1818181818,3.0,7715045.454545452,33.0
2025-08-23,정상,잡화,695709.0909090908,6.0,3932963.6363636362,31.0
2025-08-24,이월,골프,725090.909090909,6.0,2532454.545454545,23.0
2025-08-24,이월,남성,5285318.181818182,20.0,24347909.0909091,117.0
2025-08-24,이월,슈즈,508363.63636363635,7.0,2374363.636363636,31.0
2025-08-24,이월,스포츠,0.0,0.0,568000.0,8.0
2025-08-24,이월,여성,5032636.363636363,14.0,21996590.909090906,88.0
2025-08-24,이월,잡화,1904945.4545454544,15.0,10066109.090909088,62.0
2025-08-24,입점,골프,852745.4545454545,8.0,3802504.5454545454,43.0
2025-08-24,입점,남성,81000.0,1.0,4465699.999999999,24.0
2025-08-24,입점,리빙,487181.8181818181,11.0,3591727.2727272725,48.0
2025-08-24,입점,명품,548181.8181818181,3.0,13285999.999999996,41.0
2025-08-24,입점,뷰티,1116263.6363636362,20.0,1880854.5454545454,33.0
2025-08-24,입점,슈즈,502363.6363636363,4.0,167818.18181818177,3.0
2025-08-24,입점,스포츠,994272.7272727272,12.0,4750818.18181818,60.0
2025-08-24,입점,아웃도어,108922.72727272726,3.0,1041800.0,16.0
2025-08-24,입점,여성,67727.27272727272,1.0,2295727.2727272734,24.0
2025-08-24,입점,잡화,53636.36363636363,1.0,1455272.727272727,7.0
2025-08-24,입점,키즈,71818.18181818181,1.0,1661272.727272727,19.0
2025-08-24,정상,골프,669109.0909090909,3.0,2288654.545454545,19.0
2025-08-24,정상,남성,2315772.7272727266,15.0,9400645.454545451,52.0
2025-08-24,정상,슈즈,1570845.4545454546,21.0,5839645.454545455,57.0
2025-08-24,정상,여성,1520727.2727272727,8.0,11652318.181818178,56.0
2025-08-24,정상,잡화,2274200.0,15.0,4389400.000000002,32.0
2025-08-25,이월,골프,978636.3636363635,8.0,1165727.2727272725,8.0
2025-08-25,이월,남성,1960318.1818181816,13.0,13115863.636363631,55.0
2025-08-25,이월,슈즈,265909.0909090909,5.0,-138818.18181818177,4.0
2025-08-25,이월,스포츠,45000.0,1.0,11000.0,2.0
2025-08-25,이월,여성,-611545.4545454545,2.0,6477727.2727272725,37.0
2025-08-25,이월,잡화,2446636.3636363633,18.0,11826145.454545453,51.0
2025-08-25,입점,골프,503409.0909090909,4.0,739236.3636363635,8.0
2025-08-25,입점,남성,90000.0,1.0,757154.5454545455,21.0
2025-08-25,입점,리빙,479454.54545454547,13.0,3793090.909090909,51.0
2025-08-25,입점,명품,-313636.3636363636,-1.0,12574636.363636363,20.0
2025-08-25,입점,뷰티,433118.18181818177,8.0,1560118.1818181816,41.0
2025-08-25,입점,슈즈,0.0,0.0,-176636.36363636365,-1.0
2025-08-25,입점,스포츠,191363.63636363635,4.0,1406554.545454545,34.0
2025-08-25,입점,아웃도어,387636.36363636365,5.0,720836.3636363635,6.0
2025-08-25,입점,여성,120136.36363636362,1.0,1454854.5454545452,11.0
2025-08-25,입점,잡화,454545.4545454545,1.0,807772.7272727271,14.0
2025-08-25,입점,키즈,248854.5454545454,3.0,1180181.8181818181,18.0
2025-08-25,정상,골프,1425181.8181818184,4.0,2607809.090909091,18.0
2025-08-25,정상,남성,1647136.363636363,16.0,7595618.181818181,56.0
2025-08-25,정상,뷰티,0.0,0.0,32727.272727272724,1.0
2025-08-25,정상,슈즈,762336.3636363636,12.0,1192563.6363636362,18.0
2025-08-25,정상,스포츠,0.0,0.0,-337863.63636363635,-4.0
2025-08-25,정상,여성,2227681.818181818,3.0,8316772.727272725,34.0
2025-08-25,정상,잡화,3237654.5454545454,22.0,8442509.090909092,46.0
2025-08-26,이월,골프,930909.0909090908,4.0,2125454.5454545454,15.0
2025-08-26,이월,남성,1135181.818181818,11.0,3968618.1818181835,49.0
2025-08-26,이월,슈즈,370227.27272727276,8.0,1383545.4545454546,21.0
2025-08-26,이월,스포츠,160636.36363636362,2.0,228545.45454545453,3.0
2025-08-26,이월,여성,2962636.3636363633,9.0,6300772.727272723,43.0
2025-08-26,이월,잡화,1176509.0909090908,10.0,11102199.999999998,59.0
2025-08-26,입점,골프,487381.8181818181,0.0,2100554.545454546,18.0
2025-08-26,입점,남성,100381.81818181818,1.0,1312318.1818181814,1.0
2025-08-26,입점,리빙,185454.54545454544,3.0,1215772.727272727,22.0
2025-08-26,입점,명품,368181.8181818181,2.0,12377000.000000002,18.0
2025-08-26,입점,뷰티,261427.27272727274,9.0,1329600.0,24.0
2025-08-26,입점,슈즈,165454.54545454544,1.0,949199.9999999999,7.0
2025-08-26,입점,스포츠,813590.909090909,11.0,1069890.9090909092,23.0
2025-08-26,입점,아웃도어,243727.2727272727,2.0,3677090.9090909087,21.0
2025-08-26,입점,여성,62618.181818181816,1.0,614854.5454545455,10.0
2025-08-26,입점,잡화,96718.18181818181,3.0,1263218.1818181816,14.0
2025-08-26,입점,키즈,241363.63636363635,3.0,608399.9999999999,10.0
2025-08-26,정상,골프,383272.7272727273,3.0,2077454.5454545445,19.0
2025-08-26,정상,남성,2172409.090909091,11.0,6754136.363636363,30.0
2025-08-26,정상,뷰티,19000.0,1.0,90181.81818181818,2.0
2025-08-26,정상,슈즈,657772.7272727272,11.0,2523336.363636364,34.0
2025-08-26,정상,스포츠,90000.0,1.0,0.0,0.0
2025-08-26,정상,여성,859545.4545454545,4.0,4710363.636363634,26.0
2025-08-26,정상,잡화,3411381.818181818,25.0,6525618.181818181,41.0
2025-08-27,이월,골프,-106636.36363636363,-2.0,4554272.727272727,32.0
2025-08-27,이월,남성,2168772.7272727266,14.0,9296854.545454543,45.0
2025-08-27,이월,슈즈,244636.3636363636,1.0,788954.5454545454,12.0
2025-08-27,이월,스포츠,-159818.18181818182,-2.0,453090.9090909091,6.0
2025-08-27,이월,여성,4188181.8181818184,18.0,16573545.454545453,74.0
2025-08-27,이월,잡화,3030927.2727272725,20.0,10571636.363636361,62.0
2025-08-27,입점,골프,114545.45454545453,1.0,1416727.2727272725,11.0
2025-08-27,입점,남성,87181.81818181818,1.0,765181.8181818181,7.0
2025-08-27,입점,리빙,893000.0,10.0,1461500.0,22.0
2025-08-27,입점,명품,1163000.0,5.0,6421909.090909092,17.0
2025-08-27,입점,뷰티,433136.36363636353,12.0,524800.0,18.0
2025-08-27,입점,슈즈,0.0,0.0,701045.4545454546,4.0
2025-08-27,입점,스포츠,533181.8181818181,5.0,4339227.2727272725,33.0
2025-08-27,입점,아웃도어,-32272.72727272727,-1.0,-311545.4545454544,9.0
2025-08-27,입점,여성,79090.90909090909,2.0,466245.4545454545,6.0
2025-08-27,입점,잡화,110036.36363636362,3.0,1982636.3636363633,21.0
2025-08-27,입점,키즈,28636.363636363632,1.0,757145.4545454546,11.0
2025-08-27,정상,골프,417090.9090909091,6.0,915163.6363636362,9.0
2025-08-27,정상,남성,1847672.7272727273,12.0,3143718.181818182,21.0
2025-08-27,정상,뷰티,0.0,0.0,320636.36363636365,5.0
2025-08-27,정상,슈즈,608454.5454545455,8.0,216518.181818182,10.0
2025-08-27,정상,스포츠,99090.90909090909,1.0,144545.45454545453,1.0
2025-08-27,정상,여성,1416227.272727273,5.0,1427090.9090909087,14.0
2025-08-27,정상,잡화,2741709.0909090904,23.0,6146809.090909091,39.0
2025-08-28,이월,골프,662727.2727272727,4.0,1778909.0909090906,14.0
2025-08-28,이월,남성,3628509.090909091,20.0,6615281.818181818,52.0
2025-08-28,이월,슈즈,1024318.1818181818,13.0,2569318.1818181816,34.0
2025-08-28,이월,스포츠,40454.54545454545,1.0,728181.818181818,8.0
2025-08-28,이월,여성,-443454.5454545456,10.0,10081090.90909091,63.0
2025-08-28,이월,잡화,3008454.545454545,22.0,8971836.36363636,56.0
2025-08-28,입점,골프,276654.5454545454,4.0,1104172.727272727,12.0
2025-08-28,입점,남성,54545.45454545453,1.0,482590.90909090894,7.0
2025-08-28,입점,리빙,964090.909090909,12.0,2392363.6363636362,27.0
2025-08-28,입점,명품,2362909.090909091,3.0,11348999.999999998,15.0
2025-08-28,입점,뷰티,87390.90909090909,5.0,1064454.5454545454,22.0
2025-08-28,입점,슈즈,0.0,0.0,1364545.4545454546,7.0
2025-08-28,입점,스포츠,637727.2727272727,8.0,2684681.818181818,36.0
2025-08-28,입점,아웃도어,386472.72727272724,3.0,386272.72727272724,12.0
2025-08-28,입점,여성,90363.63636363635,2.0,639465.4545454545,6.0
2025-08-28,입점,잡화,361818.18181818177,1.0,2147563.6363636362,12.0
2025-08-28,입점,키즈,35454.54545454545,1.0,1628590.9090909087,21.0
2025-08-28,정상,골프,241999.99999999997,3.0,1629990.9090909092,13.0
2025-08-28,정상,남성,1345136.3636363638,9.0,6963554.545454542,41.0
2025-08-28,정상,뷰티,53636.36363636363,2.0,85818.18181818182,2.0
2025-08-28,정상,슈즈,1087400.0,16.0,2501281.8181818184,33.0
2025-08-28,정상,스포츠,53318.181818181816,1.0,477272.7272727273,5.0
2025-08-28,정상,여성,594999.9999999999,2.0,2370045.454545454,14.0
2025-08-28,정상,잡화,3584654.5454545445,24.0,6340172.727272727,40.0
2025-08-29,이월,골프,485454.5454545454,4.0,2770409.090909091,14.0
2025-08-29,이월,남성,1437799.9999999998,14.0,8796054.545454545,74.0
2025-08-29,이월,슈즈,667818.1818181818,10.0,989363.6363636362,12.0
2025-08-29,이월,스포츠,109818.1818181818,2.0,668454.5454545453,8.0
2025-08-29,이월,여성,5023363.636363636,11.0,16011954.54545455,69.0
2025-08-29,이월,잡화,2930545.454545454,24.0,10270436.363636361,71.0
2025-08-29,입점,골프,2264699.9999999995,10.0,1952209.0909090908,21.0
2025-08-29,입점,남성,237000.0,3.0,1528290.9090909085,17.0
2025-08-29,입점,리빙,903818.1818181816,18.0,3569590.909090909,52.0
2025-08-29,입점,명품,1033636.3636363635,3.0,7941181.8181818165,22.0
2025-08-29,입점,뷰티,399999.99999999994,14.0,1013927.2727272726,22.0
2025-08-29,입점,슈즈,0.0,0.0,1132999.9999999998,5.0
2025-08-29,입점,스포츠,349181.8181818181,4.0,931136.3636363636,20.0
2025-08-29,입점,아웃도어,-11454.54545454547,2.0,947109.0909090909,16.0
2025-08-29,입점,여성,430000.0,5.0,1174472.7272727275,12.0
2025-08-29,입점,잡화,430272.72727272724,3.0,372427.27272727265,7.0
2025-08-29,입점,키즈,241363.63636363638,3.0,1009709.0909090906,16.0
2025-08-29,정상,골프,-560772.7272727273,2.0,2330190.909090909,9.0
2025-08-29,정상,남성,2440272.7272727275,13.0,6673818.181818181,42.0
2025-08-29,정상,뷰티,62818.181818181816,2.0,46181.81818181818,2.0
2025-08-29,정상,슈즈,693754.5454545454,9.0,2779554.545454545,23.0
2025-08-29,정상,스포츠,106636.36363636363,1.0,53318.181818181816,1.0
2025-08-29,정상,여성,-23590.909090909176,3.0,5793227.272727273,19.0
2025-08-29,정상,잡화,1042227.2727272726,10.0,6342345.454545454,45.0
2025-08-30,이월,골프,1021636.3636363635,4.0,1273118.1818181816,13.0
2025-08-30,이월,남성,2981863.6363636367,19.0,11800254.545454545,75.0
2025-08-30,이월,슈즈,558818.1818181818,10.0,1231090.9090909087,18.0
2025-08-30,이월,스포츠,290727.2727272727,6.0,287727.27272727265,6.0
2025-08-30,이월,여성,6662772.727272727,19.0,34994181.81818183,101.0
2025-08-30,이월,잡화,3092181.818181819,24.0,5981799.999999999,43.0
2025-08-30,입점,골프,1092427.2727272725,5.0,6350954.545454545,39.0
2025-08-30,입점,남성,745818.1818181816,8.0,1412200.0,17.0
2025-08-30,입점,리빙,712636.3636363635,11.0,1749999.9999999998,17.0
2025-08-30,입점,명품,1426363.6363636362,6.0,9574572.727272727,17.0
2025-08-30,입점,뷰티,551727.2727272726,17.0,991027.2727272725,27.0
2025-08-30,입점,슈즈,0.0,0.0,2251636.3636363633,11.0
2025-08-30,입점,스포츠,462636.36363636353,7.0,3110954.5454545445,51.0
2025-08-30,입점,아웃도어,488636.36363636365,6.0,1140999.9999999998,20.0
2025-08-30,입점,여성,501954.5454545454,10.0,3757354.545454546,28.0
2025-08-30,입점,잡화,782727.2727272726,5.0,3045127.2727272725,16.0
2025-08-30,입점,키즈,85818.18181818181,2.0,906454.5454545454,15.0
2025-08-30,정상,골프,195636.36363636362,2.0,2367209.090909091,14.0
2025-08-30,정상,남성,2936445.454545454,17.0,11448172.727272728,59.0
2025-08-30,정상,뷰티,42272.72727272727,2.0,370545.45454545453,3.0
2025-08-30,정상,슈즈,644363.6363636364,7.0,2416663.6363636362,22.0
2025-08-30,정상,스포츠,0.0,0.0,360590.90909090906,3.0
2025-08-30,정상,여성,4276454.545454545,7.0,5191818.18181818,30.0
2025-08-30,정상,잡화,1606890.9090909094,15.0,4228745.454545453,32.0
2025-08-31,이월,골프,372727.2727272727,3.0,1694454.5454545452,11.0
2025-08-31,이월,남성,7430390.909090908,31.0,15841290.909090914,97.0
2025-08-31,이월,슈즈,683636.3636363635,11.0,1052136.3636363635,12.0
2025-08-31,이월,스포츠,203181.81818181818,3.0,846872.7272727274,10.0
2025-08-31,이월,여성,2761727.272727272,14.0,30129818.181818172,108.0
2025-08-31,이월,잡화,1887309.0909090906,15.0,9444272.727272725,57.0
2025-08-31,입점,골프,1016909.0909090908,9.0,4698663.636363636,40.0
2025-08-31,입점,남성,174363.63636363635,3.0,3007909.0909090913,27.0
2025-08-31,입점,리빙,1142818.1818181816,18.0,2893454.5454545445,29.0
2025-08-31,입점,명품,4589254.545454545,6.0,10417136.363636363,31.0
2025-08-31,입점,뷰티,670072.7272727272,21.0,1398309.090909091,31.0
2025-08-31,입점,슈즈,143636.36363636362,1.0,2397181.8181818174,12.0
2025-08-31,입점,스포츠,690909.0909090908,14.0,5452109.090909092,72.0
2025-08-31,입점,아웃도어,141090.9090909091,4.0,2472209.090909091,27.0
2025-08-31,입점,여성,487645.45454545453,4.0,2446499.9999999995,27.0
2025-08-31,입점,잡화,242290.9090909091,2.0,3987272.7272727266,12.0
2025-08-31,입점,키즈,211181.81818181815,6.0,1780745.4545454544,28.0
2025-08-31,정상,골프,497636.3636363636,5.0,3330436.3636363633,20.0
2025-08-31,정상,남성,3939027.2727272725,15.0,15251481.818181816,76.0
2025-08-31,정상,뷰티,118181.81818181818,2.0,78181.81818181818,1.0
2025-08-31,정상,슈즈,791054.5454545453,10.0,2147027.2727272725,16.0
2025-08-31,정상,스포츠,153636.36363636362,1.0,270909.0909090909,1.0
2025-08-31,정상,여성,972136.3636363636,5.0,9609499.999999998,33.0
2025-08-31,정상,잡화,3438318.181818181,20.0,5875554.545454545,44.0
2025-09-01,이월,골프,890990.9090909091,6.0,2496454.5454545454,16.0
2025-09-01,이월,남성,7536663.636363637,32.0,19122590.90909092,90.0
2025-09-01,이월,슈즈,422999.99999999994,6.0,855318.1818181819,9.0
2025-09-01,이월,스포츠,257090.90909090906,4.0,703663.6363636362,9.0
2025-09-01,이월,여성,5503136.363636363,22.0,29396772.727272738,122.0
2025-09-01,이월,잡화,2393909.090909091,19.0,10568509.090909092,57.0
2025-09-01,입점,골프,1336363.6363636362,6.0,3730927.272727273,39.0
2025-09-01,입점,남성,117272.72727272726,1.0,1330999.9999999998,35.0
2025-09-01,입점,리빙,503636.36363636365,11.0,5496309.090909092,61.0
2025-09-01,입점,명품,1625290.909090909,4.0,7171363.636363635,8.0
2025-09-01,입점,뷰티,507818.1818181818,16.0,1387636.3636363633,40.0
2025-09-01,입점,슈즈,336363.63636363635,2.0,1437818.1818181819,9.0
2025-09-01,입점,스포츠,1199636.3636363635,20.0,4002500.0,57.0
2025-09-01,입점,아웃도어,381090.90909090906,5.0,3120581.8181818174,25.0
2025-09-01,입점,여성,-178190.90909090903,0.0,2753990.9090909082,19.0
2025-09-01,입점,잡화,568727.2727272727,3.0,5194863.636363638,19.0
2025-09-01,입점,키즈,548454.5454545454,8.0,1327136.3636363638,25.0
2025-09-01,정상,골프,822790.9090909091,6.0,3186572.727272727,23.0
2025-09-01,정상,남성,2937399.999999999,25.0,12115227.27272727,70.0
2025-09-01,정상,뷰티,15454.545454545454,1.0,826090.909090909,8.0
2025-09-01,정상,슈즈,846890.9090909091,10.0,1599954.5454545454,19.0
2025-09-01,정상,스포츠,0.0,0.0,342727.2727272727,2.0
2025-09-01,정상,여성,1255636.3636363633,7.0,6260318.181818181,26.0
2025-09-01,정상,잡화,2984390.909090909,24.0,7875572.727272726,50.0
2025-09-02,이월,골프,1349000.0,8.0,4496718.181818182,29.0
2025-09-02,이월,남성,5631245.454545453,33.0,17714381.818181813,102.0
2025-09-02,이월,슈즈,603727.2727272727,7.0,1437772.727272727,20.0
2025-09-02,이월,스포츠,606000.0,10.0,891272.7272727273,9.0
2025-09-02,이월,여성,4900272.7272727275,24.0,17068727.272727277,81.0
2025-09-02,이월,잡화,3126436.363636363,21.0,9748290.90909091,56.0
2025-09-02,입점,골프,926236.3636363634,8.0,2029927.2727272725,23.0
2025-09-02,입점,남성,755681.8181818181,7.0,2324381.8181818174,16.0
2025-09-02,입점,리빙,665454.5454545454,12.0,2975181.8181818184,47.0
2025-09-02,입점,명품,6293454.545454545,11.0,4243454.545454546,19.0
2025-09-02,입점,뷰티,1355090.909090909,33.0,2403609.0909090913,47.0
2025-09-02,입점,슈즈,-115090.90909090909,0.0,742000.0,7.0
2025-09-02,입점,스포츠,321863.63636363635,6.0,3662909.090909091,37.0
2025-09-02,입점,아웃도어,411454.5454545454,8.0,3754681.818181818,33.0
2025-09-02,입점,여성,242563.63636363635,3.0,3819254.545454544,32.0
2025-09-02,입점,잡화,34863.63636363636,1.0,930909.0909090909,11.0
2025-09-02,입점,키즈,248090.90909090906,4.0,1255599.9999999998,19.0
2025-09-02,정상,골프,0.0,0.0,2029600.0000000002,14.0
2025-09-02,정상,남성,2367590.909090909,14.0,5150409.090909092,53.0
2025-09-02,정상,뷰티,109999.99999999999,2.0,61454.54545454546,1.0
2025-09-02,정상,슈즈,1289172.7272727273,17.0,3295972.7272727275,42.0
2025-09-02,정상,스포츠,379090.90909090906,3.0,307272.72727272724,1.0
2025-09-02,정상,여성,549409.0909090908,4.0,2326500.0,5.0
2025-09-02,정상,잡화,4177054.545454545,34.0,9436800.0,50.0
2025-09-03,이월,골프,692090.9090909091,5.0,5216609.09090909,40.0
2025-09-03,이월,남성,6316590.909090912,31.0,14088290.909090912,76.0
2025-09-03,이월,슈즈,682090.9090909091,10.0,915772.7272727271,11.0
2025-09-03,이월,스포츠,306363.63636363635,5.0,1304272.727272727,13.0
2025-09-03,이월,여성,8835909.090909092,35.0,11146681.818181813,54.0
2025-09-03,이월,잡화,3082781.818181818,21.0,9756981.818181816,63.0
2025-09-03,입점,골프,2339609.0909090904,10.0,4409672.727272726,35.0
2025-09-03,입점,남성,71545.45454545453,3.0,4381509.090909092,34.0
2025-09-03,입점,리빙,1794818.1818181814,23.0,3512636.363636364,45.0
2025-09-03,입점,명품,2859909.090909091,7.0,-67454.54545454535,16.0
2025-09-03,입점,뷰티,1187663.6363636362,35.0,1512290.9090909092,29.0
2025-09-03,입점,슈즈,0.0,0.0,1331181.818181818,8.0
2025-09-03,입점,스포츠,417454.5454545454,6.0,2889000.0,47.0
2025-09-03,입점,아웃도어,739363.6363636365,9.0,5544545.454545456,37.0
2025-09-03,입점,여성,389809.0909090909,5.0,2003754.5454545454,25.0
2025-09-03,입점,잡화,1059918.1818181819,5.0,212727.2727272727,2.0
2025-09-03,입점,키즈,335818.18181818177,6.0,1401736.3636363638,16.0
2025-09-03,정상,골프,226272.72727272724,2.0,1807836.3636363635,13.0
2025-09-03,정상,남성,1675645.4545454544,14.0,3936499.999999999,39.0
2025-09-03,정상,뷰티,165454.54545454544,3.0,193272.72727272724,4.0
2025-09-03,정상,슈즈,1300654.5454545454,15.0,3885518.1818181816,46.0
2025-09-03,정상,스포츠,0.0,0.0,125772.72727272726,2.0
2025-09-03,정상,여성,837545.4545454545,4.0,-356681.8181818181,-2.0
2025-09-03,정상,잡화,2896699.9999999995,28.0,3049418.181818182,26.0
2025-09-04,이월,골프,2596090.9090909082,19.0,7227945.454545453,36.0
2025-09-04,이월,남성,2014681.818181818,29.0,19908090.909090918,108.0
2025-09-04,이월,슈즈,739454.5454545453,14.0,2761545.454545455,36.0
2025-09-04,이월,스포츠,247363.63636363635,3.0,1831363.6363636365,15.0
2025-09-04,이월,여성,3143909.0909090918,17.0,17519727.272727277,72.0
2025-09-04,이월,잡화,2659509.0909090913,16.0,8902690.909090908,54.0
2025-09-04,입점,골프,2010472.727272727,11.0,1787945.454545454,25.0
2025-09-04,입점,남성,874454.5454545454,7.0,2598381.818181817,25.0
2025-09-04,입점,리빙,969545.4545454544,16.0,4233254.545454544,39.0
2025-09-04,입점,명품,3157181.8181818174,9.0,1649363.6363636358,13.0
2025-09-04,입점,뷰티,812045.4545454544,27.0,1143127.2727272725,36.0
2025-09-04,입점,슈즈,236427.2727272727,2.0,1113636.3636363635,5.0
2025-09-04,입점,스포츠,397909.0909090909,10.0,2700536.3636363633,38.0
2025-09-04,입점,아웃도어,835909.0909090907,6.0,1976454.545454545,22.0
2025-09-04,입점,여성,286227.27272727265,4.0,1273409.0909090908,13.0
2025-09-04,입점,잡화,2371181.818181818,3.0,861118.1818181818,15.0
2025-09-04,입점,키즈,167363.63636363635,2.0,1980318.1818181819,18.0
2025-09-04,정상,골프,233000.0,1.0,1080790.9090909092,10.0
2025-09-04,정상,남성,3067499.999999999,15.0,4469909.09090909,37.0
2025-09-04,정상,뷰티,200818.1818181818,4.0,391454.54545454535,6.0
2025-09-04,정상,슈즈,2196063.6363636362,26.0,3452190.909090909,47.0
2025-09-04,정상,스포츠,0.0,0.0,676363.6363636364,2.0
2025-09-04,정상,여성,1743999.9999999995,5.0,1149363.6363636365,7.0
2025-09-04,정상,잡화,2339890.909090909,16.0,5648509.090909092,41.0
2025-09-05,이월,골프,1490999.9999999998,9.0,6417845.454545454,30.0
2025-09-05,이월,남성,3560899.999999998,26.0,19228390.909090906,85.0
2025-09-05,이월,슈즈,490181.8181818181,4.0,1564863.6363636362,21.0
2025-09-05,이월,스포츠,318363.63636363635,4.0,268181.8181818182,4.0
2025-09-05,이월,여성,12096954.545454541,38.0,20489772.727272727,90.0
2025-09-05,이월,잡화,4495945.454545454,31.0,7711799.999999997,51.0
2025-09-05,입점,골프,1055545.4545454546,7.0,2944272.727272727,29.0
2025-09-05,입점,남성,619000.0,5.0,3822718.1818181807,20.0
2025-09-05,입점,리빙,941090.9090909091,10.0,2940090.9090909087,39.0
2025-09-05,입점,명품,-71818.18181818188,2.0,23036272.727272727,34.0
2025-09-05,입점,뷰티,540690.9090909091,11.0,968327.2727272728,26.0
2025-09-05,입점,슈즈,362727.2727272727,1.0,296363.63636363635,2.0
2025-09-05,입점,스포츠,-350636.36363636365,0.0,1734363.6363636355,21.0
2025-09-05,입점,아웃도어,505454.5454545454,5.0,2056909.0909090906,13.0
2025-09-05,입점,여성,218999.99999999997,3.0,-569336.3636363636,6.0
2025-09-05,입점,잡화,-2106954.5454545454,0.0,2469181.818181818,6.0
2025-09-05,입점,키즈,5636.363636363636,1.0,682381.8181818179,20.0
2025-09-05,정상,골프,164818.1818181818,1.0,1067209.0909090908,8.0
2025-09-05,정상,남성,2033409.0909090908,12.0,3678863.6363636362,32.0
2025-09-05,정상,뷰티,390181.8181818182,7.0,458818.18181818177,5.0
2025-09-05,정상,슈즈,1571827.2727272727,17.0,2630700.0,32.0
2025-09-05,정상,스포츠,370000.0,3.0,-35454.54545454545,-1.0
2025-09-05,정상,여성,1606499.9999999995,4.0,3989136.3636363624,18.0
2025-09-05,정상,잡화,3835527.272727272,28.0,4124272.727272728,31.0
2025-09-06,이월,골프,2494109.090909091,16.0,5486272.727272727,38.0
2025-09-06,이월,남성,5202318.181818182,41.0,22745536.36363637,129.0
2025-09-06,이월,슈즈,350181.8181818181,6.0,1953045.4545454544,24.0
2025-09-06,이월,스포츠,288145.45454545453,4.0,874454.5454545454,9.0
2025-09-06,이월,여성,6627727.272727274,26.0,27223272.727272727,112.0
2025-09-06,이월,잡화,2899690.9090909087,24.0,6428727.272727273,46.0
2025-09-06,입점,골프,1337272.727272727,8.0,5414290.909090908,39.0
2025-09-06,입점,남성,526863.6363636364,5.0,2071563.636363636,25.0
2025-09-06,입점,리빙,868636.3636363635,7.0,1822363.6363636362,34.0
2025-09-06,입점,명품,4483636.363636363,9.0,8114999.999999998,20.0
2025-09-06,입점,뷰티,919727.2727272728,19.0,1244227.2727272725,25.0
2025-09-06,입점,슈즈,287272.72727272724,1.0,646181.8181818181,5.0
2025-09-06,입점,스포츠,961636.3636363635,13.0,1172472.727272727,19.0
2025-09-06,입점,아웃도어,830054.5454545455,11.0,1961636.3636363635,19.0
2025-09-06,입점,여성,145545.45454545453,1.0,2120818.1818181816,16.0
2025-09-06,입점,잡화,19854.545454545452,1.0,2325236.3636363633,15.0
2025-09-06,입점,키즈,496545.4545454545,2.0,874636.3636363635,16.0
2025-09-06,정상,골프,131563.63636363635,2.0,1484663.6363636362,14.0
2025-09-06,정상,남성,1374727.2727272722,9.0,7679599.999999999,28.0
2025-09-06,정상,뷰티,169090.90909090906,2.0,291090.90909090906,2.0
2025-09-06,정상,슈즈,1131909.0909090908,17.0,2426090.909090909,31.0
2025-09-06,정상,스포츠,280000.0,2.0,289090.90909090906,2.0
2025-09-06,정상,여성,1081545.4545454544,5.0,6211727.2727272725,23.0
2025-09-06,정상,잡화,4328509.090909091,25.0,4710663.636363636,25.0
2025-09-07,이월,골프,1061181.818181818,7.0,7911154.545454545,51.0
2025-09-07,이월,남성,4466590.909090909,30.0,38179481.81818181,198.0
2025-09-07,이월,슈즈,696000.0,8.0,1171772.7272727273,16.0
2025-09-07,이월,스포츠,371090.90909090906,4.0,1118818.1818181819,10.0
2025-09-07,이월,여성,6235500.0,25.0,51920772.72727273,179.0
2025-09-07,이월,잡화,1332927.272727273,12.0,10792981.818181818,76.0
2025-09-07,입점,골프,841836.3636363636,5.0,5729554.545454545,42.0
2025-09-07,입점,남성,308000.0,5.0,4641727.272727273,41.0
2025-09-07,입점,리빙,1128772.727272727,20.0,3447472.7272727275,37.0
2025-09-07,입점,명품,-969818.1818181819,1.0,9214781.818181818,27.0
2025-09-07,입점,뷰티,976990.9090909092,14.0,1678372.7272727275,35.0
2025-09-07,입점,슈즈,116909.09090909091,2.0,1674181.8181818181,9.0
2025-09-07,입점,스포츠,712090.909090909,9.0,2243545.454545454,43.0
2025-09-07,입점,아웃도어,169727.2727272727,3.0,3112190.909090909,35.0
2025-09-07,입점,여성,313545.45454545453,3.0,3027227.272727272,30.0
2025-09-07,입점,잡화,315663.6363636363,4.0,1894009.0909090908,22.0
2025-09-07,입점,키즈,188181.81818181818,2.0,1403509.0909090906,20.0
2025-09-07,정상,골프,79272.72727272726,1.0,1905790.909090909,9.0
2025-09-07,정상,남성,2799545.454545454,14.0,6100999.999999999,47.0
2025-09-07,정상,뷰티,1191272.7272727268,9.0,918818.1818181819,13.0
2025-09-07,정상,슈즈,1185690.9090909092,16.0,3406627.2727272725,39.0
2025-09-07,정상,스포츠,0.0,0.0,0.0,0.0
2025-09-07,정상,여성,569363.6363636364,3.0,7629636.363636364,28.0
2025-09-07,정상,잡화,3454063.636363636,20.0,7577872.727272727,52.0
2025-09-08,이월,골프,768409.0909090908,8.0,3857772.727272727,25.0
2025-09-08,이월,남성,3659436.3636363638,28.0,13403263.636363639,101.0
2025-09-08,이월,슈즈,149090.90909090906,1.0,1576818.181818182,14.0
2025-09-08,이월,스포츠,-70363.63636363635,-1.0,115000.00000000001,4.0
2025-09-08,이월,여성,1000636.3636363633,9.0,16681954.545454541,84.0
2025-09-08,이월,잡화,2248109.090909091,19.0,8700527.272727272,65.0
2025-09-08,입점,골프,247472.7272727273,7.0,665763.636363636,12.0
2025-09-08,입점,남성,511727.2727272727,4.0,4427927.272727272,34.0
2025-09-08,입점,리빙,724909.0909090908,10.0,2032590.909090909,32.0
2025-09-08,입점,명품,1278636.3636363635,4.0,1787909.0909090908,8.0
2025-09-08,입점,뷰티,578599.9999999999,11.0,1339045.4545454544,29.0
2025-09-08,입점,슈즈,-252727.2727272727,-1.0,1158545.4545454546,8.0
2025-09-08,입점,스포츠,61954.545454545456,1.0,2573781.818181817,4.0
2025-09-08,입점,아웃도어,-199454.5454545454,0.0,1399236.3636363638,15.0
2025-09-08,입점,여성,261363.63636363632,2.0,-308318.1818181818,-3.0
2025-09-08,입점,잡화,0.0,0.0,-191327.27272727265,4.0
2025-09-08,입점,키즈,131545.45454545453,1.0,359163.63636363635,20.0
2025-09-08,정상,골프,-5690.909090909103,0.0,1448454.5454545454,11.0
2025-09-08,정상,남성,2076363.6363636362,15.0,3919454.5454545454,31.0
2025-09-08,정상,뷰티,406090.90909090906,7.0,445909.0909090909,4.0
2025-09-08,정상,슈즈,955590.9090909091,13.0,440200.0,14.0
2025-09-08,정상,스포츠,0.0,0.0,126363.63636363635,1.0
2025-09-08,정상,여성,417727.2727272726,0.0,1701409.0909090908,10.0
2025-09-08,정상,잡화,3212409.090909091,25.0,5178690.909090909,35.0
2025-09-09,이월,골프,629636.3636363636,5.0,5799536.363636362,33.0
2025-09-09,이월,남성,1666500.0,18.0,19893245.454545457,116.0
2025-09-09,이월,슈즈,601136.3636363636,8.0,2695318.1818181816,30.0
2025-09-09,이월,스포츠,177272.72727272724,2.0,128999.99999999997,2.0
2025-09-09,이월,여성,319409.090909091,12.0,17512909.090909094,75.0
2025-09-09,이월,잡화,2572581.818181819,17.0,6487127.2727272725,47.0
2025-09-09,입점,골프,964109.0909090908,9.0,4774954.545454545,26.0
2025-09-09,입점,남성,-217318.18181818182,0.0,3038090.909090909,24.0
2025-09-09,입점,리빙,799272.7272727272,16.0,1715781.8181818184,29.0
2025-09-09,입점,명품,817454.5454545452,-1.0,5372000.0,15.0
2025-09-09,입점,뷰티,531363.6363636364,13.0,1550781.8181818177,31.0
2025-09-09,입점,슈즈,183181.81818181818,2.0,843636.3636363635,3.0
2025-09-09,입점,스포츠,-155136.36363636362,0.0,253000.00000000017,-4.0
2025-09-09,입점,아웃도어,1210090.9090909092,10.0,3159999.999999999,21.0
2025-09-09,입점,여성,156000.0,1.0,2334463.6363636362,28.0
2025-09-09,입점,잡화,1589090.9090909092,3.0,5047636.363636363,14.0
2025-09-09,입점,키즈,43636.36363636363,1.0,1293309.090909091,24.0
2025-09-09,정상,골프,12845.454545454544,0.0,1643627.2727272727,13.0
2025-09-09,정상,남성,1492772.7272727278,10.0,3949363.636363636,29.0
2025-09-09,정상,뷰티,19090.90909090909,1.0,120909.0909090909,3.0
2025-09-09,정상,슈즈,443863.63636363624,4.0,2988700.0,34.0
2025-09-09,정상,스포츠,153636.36363636362,1.0,-35454.54545454544,-1.0
2025-09-09,정상,여성,16681.81818181812,3.0,2372636.3636363633,6.0
2025-09-09,정상,잡화,4420018.181818182,30.0,7109090.909090907,46.0
2025-09-10,이월,골프,978763.6363636364,4.0,5568945.454545452,37.0
2025-09-10,이월,남성,3743881.818181818,17.0,17834490.909090914,112.0
2025-09-10,이월,슈즈,869363.6363636362,9.0,3819772.7272727266,57.0
2025-09-10,이월,스포츠,138000.0,2.0,255090.90909090903,5.0
2025-09-10,이월,여성,5017136.363636363,29.0,18593636.36363636,81.0
2025-09-10,이월,잡화,3268000.0000000005,21.0,8585090.909090908,57.0
2025-09-10,입점,골프,765954.5454545454,8.0,1725163.6363636376,15.0
2025-09-10,입점,남성,178818.1818181818,3.0,4642145.454545453,25.0
2025-09-10,입점,리빙,1072727.2727272727,13.0,2647927.272727272,21.0
2025-09-10,입점,명품,39181.81818181812,1.0,7777681.818181817,16.0
2025-09-10,입점,뷰티,710636.3636363635,15.0,547327.2727272727,23.0
2025-09-10,입점,슈즈,218181.81818181818,1.0,337272.72727272724,1.0
2025-09-10,입점,스포츠,201363.63636363635,3.0,2698709.090909091,14.0
2025-09-10,입점,아웃도어,4363.636363636375,1.0,3038454.545454545,20.0
2025-09-10,입점,여성,-130545.45454545453,1.0,1560900.0,27.0
2025-09-10,입점,잡화,323636.3636363636,1.0,5221381.818181817,13.0
2025-09-10,입점,키즈,52727.27272727272,1.0,1005890.9090909091,21.0
2025-09-10,정상,골프,658681.8181818181,3.0,1118981.8181818181,9.0
2025-09-10,정상,남성,1941636.3636363635,14.0,808999.9999999993,28.0
2025-09-10,정상,뷰티,142727.2727272727,3.0,0.0,0.0
2025-09-10,정상,슈즈,760527.2727272727,10.0,3784936.3636363638,40.0
2025-09-10,정상,스포츠,180000.0,2.0,-45454.54545454544,0.0
2025-09-10,정상,여성,1391727.2727272727,6.0,4340727.2727272725,17.0
2025-09-10,정상,잡화,5158363.636363635,38.0,9220227.272727275,62.0
2025-09-11,이월,골프,1008327.2727272726,6.0,4887527.272727272,35.0
2025-09-11,이월,남성,5435799.999999999,33.0,19140854.545454543,109.0
2025-09-11,이월,슈즈,160636.36363636365,2.0,3065636.363636363,37.0
2025-09-11,이월,스포츠,368545.45454545453,3.0,568727.2727272727,5.0
2025-09-11,이월,여성,1299409.0909090908,15.0,17295363.636363637,82.0
2025-09-11,이월,잡화,2835727.272727272,17.0,6275854.545454545,48.0
2025-09-11,입점,골프,972018.1818181815,6.0,1857290.9090909092,20.0
2025-09-11,입점,남성,1038909.0909090908,10.0,4371227.2727272725,24.0
2025-09-11,입점,리빙,917090.9090909091,11.0,3195636.363636364,27.0
2025-09-11,입점,명품,1889090.909090909,4.0,4381225.454545453,6.0
2025-09-11,입점,뷰티,649781.818181818,15.0,1548999.9999999998,24.0
2025-09-11,입점,슈즈,127272.72727272726,1.0,86363.63636363632,2.0
2025-09-11,입점,스포츠,-98909.0909090909,-1.0,3224363.6363636362,25.0
2025-09-11,입점,아웃도어,-4909.090909090941,1.0,1955845.4545454546,16.0
2025-09-11,입점,여성,-165363.63636363635,-2.0,1322918.1818181816,9.0
2025-09-11,입점,잡화,426363.63636363635,1.0,21481881.81818182,30.0
2025-09-11,입점,키즈,245636.36363636365,4.0,1157727.2727272727,18.0
2025-09-11,정상,골프,2718909.090909091,0.0,5367763.636363635,10.0
2025-09-11,정상,남성,30045.45454545453,4.0,2206727.272727272,19.0
2025-09-11,정상,뷰티,27090.90909090909,1.0,22727.272727272724,1.0
2025-09-11,정상,슈즈,601081.8181818181,8.0,1947027.2727272727,18.0
2025-09-11,정상,스포츠,153636.36363636362,1.0,425454.5454545454,2.0
2025-09-11,정상,여성,15590.909090909117,1.0,1910863.6363636367,11.0
2025-09-11,정상,잡화,5259681.818181818,37.0,5664409.090909089,47.0
2025-09-12,이월,골프,912209.0909090908,5.0,5698036.363636361,31.0
2025-09-12,이월,남성,3250818.181818181,21.0,19347309.090909082,95.0
2025-09-12,이월,슈즈,231272.72727272726,1.0,698454.5454545451,3.0
2025-09-12,이월,스포츠,145363.63636363635,2.0,160363.63636363635,1.0
2025-09-12,이월,여성,7009181.818181817,29.0,23774181.818181824,118.0
2025-09-12,이월,잡화,4223090.90909091,29.0,6219163.636363636,39.0
2025-09-12,입점,골프,2813954.5454545454,7.0,3030609.0909090904,29.0
2025-09-12,입점,남성,592545.4545454545,3.0,3656999.999999999,31.0
2025-09-12,입점,리빙,80454.54545454544,3.0,3457227.2727272725,28.0
2025-09-12,입점,명품,640727.2727272727,2.0,11570090.909090908,17.0
2025-09-12,입점,뷰티,982454.5454545453,17.0,1124127.2727272725,23.0
2025-09-12,입점,슈즈,71818.18181818181,1.0,72909.09090909088,-1.0
2025-09-12,입점,스포츠,-88272.72727272726,0.0,676090.9090909092,17.0
2025-09-12,입점,아웃도어,114909.09090909088,2.0,2002909.0909090908,20.0
2025-09-12,입점,여성,404636.3636363636,4.0,5611709.09090909,42.0
2025-09-12,입점,잡화,217181.81818181815,2.0,-16975827.27272727,-2.0
2025-09-12,입점,키즈,125454.54545454544,1.0,674218.1818181819,13.0
2025-09-12,정상,골프,489545.4545454545,3.0,1397063.636363636,6.0
2025-09-12,정상,남성,5517500.0,17.0,8033409.09090909,40.0
2025-09-12,정상,뷰티,0.0,0.0,157909.09090909088,4.0
2025-09-12,정상,슈즈,156009.09090909088,-1.0,68572.7272727273,-7.0
2025-09-12,정상,스포츠,62727.27272727272,1.0,0.0,0.0
2025-09-12,정상,여성,873227.2727272729,4.0,2830363.6363636362,5.0
2025-09-12,정상,잡화,3990327.2727272734,31.0,7136545.454545453,40.0
2025-09-13,이월,골프,937154.5454545455,6.0,5714163.636363636,31.0
2025-09-13,이월,남성,4005499.999999999,25.0,24748599.999999996,130.0
2025-09-13,이월,슈즈,-21181.81818181819,0.0,1814363.6363636365,10.0
2025-09-13,이월,스포츠,124636.36363636362,3.0,452454.5454545454,5.0
2025-09-13,이월,여성,8193636.363636364,32.0,39004545.454545446,137.0
2025-09-13,이월,잡화,4088018.1818181807,20.0,9416909.090909092,69.0
2025-09-13,입점,골프,1778854.5454545454,6.0,5554772.727272727,41.0
2025-09-13,입점,남성,1269272.727272727,10.0,12371163.636363635,68.0
2025-09-13,입점,리빙,180772.72727272724,3.0,1012818.1818181816,16.0
2025-09-13,입점,명품,2115454.5454545454,6.0,6585727.272727273,19.0
2025-09-13,입점,뷰티,734818.1818181818,14.0,1767872.727272727,30.0
2025-09-13,입점,슈즈,80909.0909090909,1.0,835636.3636363636,7.0
2025-09-13,입점,스포츠,470000.0,7.0,3409500.0000000005,35.0
2025-09-13,입점,아웃도어,1334100.0,9.0,6130545.454545455,28.0
2025-09-13,입점,여성,248845.45454545453,3.0,6133899.999999999,47.0
2025-09-13,입점,잡화,287109.0909090909,4.0,1803272.727272727,15.0
2025-09-13,입점,키즈,0.0,0.0,1149090.909090909,21.0
2025-09-13,정상,골프,194909.09090909088,2.0,2453318.1818181816,13.0
2025-09-13,정상,남성,5517045.454545454,14.0,13594863.636363637,51.0
2025-09-13,정상,뷰티,279090.90909090906,3.0,96181.81818181818,2.0
2025-09-13,정상,슈즈,42390.909090909096,0.0,-139836.36363636365,-4.0
2025-09-13,정상,스포츠,153636.36363636362,1.0,0.0,0.0
2025-09-13,정상,여성,1316545.4545454541,5.0,8150454.545454547,16.0
2025-09-13,정상,잡화,1873818.1818181814,19.0,6423309.090909091,35.0
2025-09-14,이월,골프,1151181.818181818,10.0,8379563.636363634,49.0
2025-09-14,이월,남성,6233272.727272725,26.0,44359327.27272726,215.0
2025-09-14,이월,슈즈,454909.0909090909,4.0,426954.5454545454,6.0
2025-09-14,이월,스포츠,71727.27272727272,2.0,470454.54545454535,9.0
2025-09-14,이월,여성,6379090.909090907,29.0,47402909.09090909,185.0
2025-09-14,이월,잡화,3073654.5454545445,26.0,10436181.81818182,64.0
2025-09-14,입점,골프,176545.45454545447,4.0,11308681.818181813,60.0
2025-09-14,입점,남성,389454.5454545454,3.0,6877045.454545453,56.0
2025-09-14,입점,리빙,258545.4545454545,4.0,3271636.3636363647,42.0
2025-09-14,입점,명품,1018181.8181818181,3.0,12396090.909090908,33.0
2025-09-14,입점,뷰티,969118.1818181814,24.0,2077427.2727272725,38.0
2025-09-14,입점,슈즈,0.0,0.0,121818.18181818182,3.0
2025-09-14,입점,스포츠,417272.7272727272,7.0,2599999.9999999995,44.0
2025-09-14,입점,아웃도어,435681.8181818181,6.0,2106636.3636363638,18.0
2025-09-14,입점,여성,530954.5454545454,4.0,5091881.8181818165,42.0
2025-09-14,입점,잡화,202481.81818181818,3.0,1318127.2727272727,21.0
2025-09-14,입점,키즈,254000.0,5.0,2690318.181818182,31.0
2025-09-14,정상,골프,360454.5454545454,3.0,1513954.5454545454,14.0
2025-09-14,정상,남성,2713363.6363636362,13.0,25150545.454545453,80.0
2025-09-14,정상,뷰티,260818.18181818182,3.0,56181.81818181818,2.0
2025-09-14,정상,슈즈,441818.18181818177,3.0,349363.63636363635,1.0
2025-09-14,정상,스포츠,0.0,0.0,298181.8181818182,2.0
2025-09-14,정상,여성,1373363.636363636,6.0,12575999.999999998,39.0
2025-09-14,정상,잡화,5375763.636363637,34.0,9424572.727272727,65.0
2025-09-15,이월,골프,1646099.9999999998,13.0,2955127.2727272725,23.0
2025-09-15,이월,남성,5134181.818181818,26.0,20145190.90909091,90.0
2025-09-15,이월,슈즈,58636.36363636363,1.0,-135909.09090909082,-5.0
2025-09-15,이월,스포츠,63181.81818181818,1.0,842363.6363636364,9.0
2025-09-15,이월,여성,4528045.454545454,19.0,15439318.181818184,91.0
2025-09-15,이월,잡화,2563290.9090909082,21.0,6792545.454545452,46.0
2025-09-15,입점,골프,161654.54545454547,3.0,5407290.909090907,24.0
2025-09-15,입점,남성,767963.6363636362,8.0,3759063.6363636367,36.0
2025-09-15,입점,리빙,2072909.0909090908,9.0,4846590.909090909,42.0
2025-09-15,입점,명품,778090.9090909092,3.0,1733181.818181818,16.0
2025-09-15,입점,뷰티,532836.3636363635,14.0,1024063.6363636362,26.0
2025-09-15,입점,슈즈,70200.0,1.0,684181.8181818182,3.0
2025-09-15,입점,스포츠,322681.81818181823,5.0,949045.4545454545,14.0
2025-09-15,입점,아웃도어,1393909.0909090906,10.0,3028390.9090909082,23.0
2025-09-15,입점,여성,-266909.0909090909,-1.0,1310781.8181818181,19.0
2025-09-15,입점,잡화,484181.8181818181,3.0,11740163.636363633,12.0
2025-09-15,입점,키즈,330909.0909090909,2.0,1771636.363636364,35.0
2025-09-15,정상,골프,115636.36363636363,1.0,1089545.4545454546,10.0
2025-09-15,정상,남성,2882136.3636363638,13.0,4790454.545454545,26.0
2025-09-15,정상,뷰티,0.0,0.0,81454.54545454544,3.0
2025-09-15,정상,슈즈,401536.36363636353,2.0,-397609.09090909094,-9.0
2025-09-15,정상,스포츠,153636.36363636362,1.0,587272.7272727272,3.0
2025-09-15,정상,여성,1548954.5454545454,8.0,7591954.545454544,24.0
2025-09-15,정상,잡화,3758072.727272728,28.0,4400663.636363636,34.0
2025-09-16,이월,골프,1539118.1818181816,13.0,5720209.090909089,42.0
2025-09-16,이월,남성,3284309.0909090904,24.0,19359436.363636363,93.0
2025-09-16,이월,슈즈,-141000.0,0.0,658818.1818181818,1.0
2025-09-16,이월,스포츠,173818.18181818182,5.0,844727.2727272727,12.0
2025-09-16,이월,여성,1960499.9999999995,18.0,19809590.90909089,93.0
2025-09-16,이월,잡화,3805381.8181818184,21.0,5153472.7272727275,38.0
2025-09-16,입점,골프,2466200.0,13.0,2097854.5454545454,10.0
2025-09-16,입점,남성,690218.1818181818,2.0,469818.18181818153,8.0
2025-09-16,입점,리빙,518454.5454545454,8.0,2355136.3636363633,33.0
2025-09-16,입점,명품,1249999.9999999995,3.0,11926783.636363635,27.0
2025-09-16,입점,뷰티,562636.3636363636,17.0,1429663.636363636,29.0
2025-09-16,입점,슈즈,0.0,0.0,-285209.0909090909,0.0
2025-09-16,입점,스포츠,255954.5454545454,5.0,1614909.0909090906,21.0
2025-09-16,입점,아웃도어,725454.5454545455,7.0,1204636.3636363638,13.0
2025-09-16,입점,여성,-17672.727272727272,-1.0,1498427.2727272727,18.0
2025-09-16,입점,잡화,2106500.0,8.0,-1615581.8181818181,13.0
2025-09-16,입점,키즈,279509.0909090909,6.0,1398499.9999999998,19.0
2025-09-16,정상,골프,484272.72727272724,4.0,1710972.727272727,9.0
2025-09-16,정상,남성,2985999.999999999,14.0,5493772.727272726,31.0
2025-09-16,정상,뷰티,13545.454545454544,1.0,9000.0,1.0
2025-09-16,정상,슈즈,107818.18181818182,1.0,-327390.9090909092,-5.0
2025-09-16,정상,스포츠,805454.5454545454,3.0,-203636.36363636365,0.0
2025-09-16,정상,여성,1060090.909090909,5.0,3780318.1818181816,17.0
2025-09-16,정상,잡화,4543572.727272727,35.0,2847163.6363636362,30.0
2025-09-17,이월,골프,844181.8181818181,5.0,6269445.454545453,43.0
2025-09-17,이월,남성,4530499.999999999,37.0,16966363.636363633,76.0
2025-09-17,이월,슈즈,92545.45454545456,1.0,446590.909090909,10.0
2025-09-17,이월,스포츠,196454.54545454544,2.0,591454.5454545454,7.0
2025-09-17,이월,여성,3242363.6363636362,25.0,13785863.636363637,70.0
2025-09-17,이월,잡화,2593400.0,23.0,8646927.27272727,58.0
2025-09-17,입점,골프,1794636.3636363638,12.0,4244054.545454545,29.0
2025-09-17,입점,남성,53727.27272727271,1.0,1255981.818181818,26.0
2025-09-17,입점,리빙,393454.5454545454,7.0,4802372.7272727275,44.0
2025-09-17,입점,명품,-180181.81818181797,5.0,24821181.81818182,34.0
2025-09-17,입점,뷰티,929272.7272727271,19.0,1079318.1818181816,30.0
2025-09-17,입점,슈즈,-24272.727272727294,1.0,1155927.2727272727,8.0
2025-09-17,입점,스포츠,336454.5454545454,8.0,1541972.7272727268,26.0
2025-09-17,입점,아웃도어,616181.8181818182,8.0,1707272.7272727268,21.0
2025-09-17,입점,여성,59000.0,2.0,3789709.09090909,25.0
2025-09-17,입점,잡화,94545.45454545456,1.0,21728090.909090914,26.0
2025-09-17,입점,키즈,-97272.72727272726,0.0,809645.4545454546,21.0
2025-09-17,정상,골프,696554.5454545454,6.0,852772.7272727274,7.0
2025-09-17,정상,남성,1980318.1818181816,17.0,6299227.272727271,35.0
2025-09-17,정상,뷰티,136272.72727272726,5.0,226090.9090909091,4.0
2025-09-17,정상,슈즈,594545.4545454544,4.0,-157709.0909090909,-2.0
2025-09-17,정상,스포츠,108181.81818181818,1.0,0.0,0.0
2025-09-17,정상,여성,2450181.818181818,11.0,3335181.8181818184,14.0
2025-09-17,정상,잡화,5414363.636363636,33.0,6393272.7272727275,45.0
2025-09-18,이월,골프,1541300.0,10.0,7040081.818181818,54.0
2025-09-18,이월,남성,3973363.6363636362,23.0,9196918.181818184,66.0
2025-09-18,이월,슈즈,-234636.36363636365,0.0,735636.3636363636,7.0
2025-09-18,이월,스포츠,277818.18181818177,5.0,382909.0909090908,5.0
2025-09-18,이월,여성,4326272.727272727,27.0,8208818.181818183,60.0
2025-09-18,이월,잡화,2865418.1818181826,16.0,7612054.545454547,54.0
2025-09-18,입점,골프,1837900.0,8.0,6799500.0,35.0
2025-09-18,입점,남성,-36000.00000000001,0.0,-558163.6363636364,7.0
2025-09-18,입점,리빙,788454.5454545453,14.0,3523190.9090909087,36.0
2025-09-18,입점,명품,70636.36363636362,3.0,-6141727.272727273,21.0
2025-09-18,입점,뷰티,855136.3636363635,12.0,784172.7272727272,19.0
2025-09-18,입점,슈즈,503636.36363636353,2.0,429272.7272727273,5.0
2025-09-18,입점,스포츠,672772.7272727271,11.0,1252090.9090909096,26.0
2025-09-18,입점,아웃도어,1156454.5454545454,16.0,1410427.2727272727,19.0
2025-09-18,입점,여성,522509.09090909094,1.0,923227.2727272725,6.0
2025-09-18,입점,잡화,107727.27272727274,2.0,5291090.909090908,11.0
2025-09-18,입점,키즈,227281.81818181818,5.0,384245.4545454545,7.0
2025-09-18,정상,골프,1209636.3636363635,5.0,1293318.1818181816,9.0
2025-09-18,정상,남성,921136.3636363638,8.0,7413545.454545454,32.0
2025-09-18,정상,뷰티,44545.454545454544,2.0,129090.90909090909,2.0
2025-09-18,정상,슈즈,90000.0,1.0,749727.2727272727,3.0
2025-09-18,정상,스포츠,0.0,0.0,53636.36363636363,1.0
2025-09-18,정상,여성,951409.0909090908,3.0,6101227.2727272725,14.0
2025-09-18,정상,잡화,2296372.727272727,20.0,5964936.363636362,43.0
2025-09-19,이월,골프,2126272.727272727,14.0,6897481.818181816,34.0
2025-09-19,이월,남성,4230727.2727272725,23.0,20966190.90909091,92.0
2025-09-19,이월,슈즈,836727.2727272727,4.0,111136.36363636368,1.0
2025-09-19,이월,스포츠,196818.1818181818,3.0,1238909.0909090908,13.0
2025-09-19,이월,여성,6151681.8181818165,34.0,18137999.999999993,81.0
2025-09-19,이월,잡화,2761799.9999999995,19.0,10190981.818181818,66.0
2025-09-19,입점,골프,435818.1818181818,5.0,4075945.4545454546,29.0
2025-09-19,입점,남성,383727.2727272727,5.0,537354.5454545451,14.0
2025-09-19,입점,리빙,819481.818181818,11.0,1868603.6363636362,33.0
2025-09-19,입점,명품,1693454.545454545,4.0,10215181.81818182,21.0
2025-09-19,입점,뷰티,1215009.0909090908,19.0,791990.9090909091,20.0
2025-09-19,입점,슈즈,-200909.09090909088,-2.0,1520181.8181818181,7.0
2025-09-19,입점,스포츠,282090.90909090906,5.0,2042045.4545454548,29.0
2025-09-19,입점,아웃도어,897727.2727272727,13.0,2847181.818181817,31.0
2025-09-19,입점,여성,243109.09090909088,4.0,3180154.5454545463,19.0
2025-09-19,입점,잡화,292909.0909090909,1.0,9694263.636363633,13.0
2025-09-19,입점,키즈,220909.09090909085,6.0,791227.2727272726,16.0
2025-09-19,정상,골프,113909.0909090909,1.0,499027.27272727276,4.0
2025-09-19,정상,남성,1467500.0,15.0,7917636.363636362,34.0
2025-09-19,정상,뷰티,196090.90909090906,3.0,148454.54545454544,3.0
2025-09-19,정상,슈즈,1449254.5454545452,2.0,1421954.5454545456,6.0
2025-09-19,정상,스포츠,36363.63636363635,0.0,460909.0909090908,2.0
2025-09-19,정상,여성,1875636.3636363633,4.0,3908727.272727272,20.0
2025-09-19,정상,잡화,4003027.272727272,30.0,4752254.545454546,40.0
2025-09-20,이월,골프,2194900.0,17.0,7035009.09090909,38.0
2025-09-20,이월,남성,9018690.909090906,41.0,27002554.545454547,128.0
2025-09-20,이월,슈즈,0.0,0.0,1114545.4545454546,7.0
2025-09-20,이월,스포츠,439936.36363636365,7.0,697363.6363636364,9.0
2025-09-20,이월,여성,7423954.545454543,26.0,30429045.45454546,132.0
2025-09-20,이월,잡화,3361327.2727272725,22.0,11138727.272727273,55.0
2025-09-20,입점,골프,1471681.818181818,10.0,7245354.545454547,55.0
2025-09-20,입점,남성,294818.18181818177,3.0,4882818.181818183,39.0
2025-09-20,입점,리빙,613272.7272727272,11.0,3008836.363636363,30.0
2025-09-20,입점,명품,7714545.454545452,3.0,9364545.454545453,24.0
2025-09-20,입점,뷰티,1265836.3636363638,19.0,1628172.7272727268,29.0
2025-09-20,입점,슈즈,227818.1818181818,1.0,1234454.5454545454,9.0
2025-09-20,입점,스포츠,934272.7272727272,13.0,1928227.2727272727,31.0
2025-09-20,입점,아웃도어,870181.818181818,16.0,4498454.545454547,29.0
2025-09-20,입점,여성,178863.63636363635,2.0,3827509.0909090913,37.0
2025-09-20,입점,잡화,35454.54545454545,1.0,3438454.5454545445,15.0
2025-09-20,입점,키즈,558454.5454545454,8.0,1610463.6363636358,27.0
2025-09-20,정상,골프,687572.7272727273,4.0,2249381.818181818,9.0
2025-09-20,정상,남성,1487681.818181818,13.0,10961090.909090906,41.0
2025-09-20,정상,뷰티,409909.0909090909,4.0,184272.72727272724,5.0
2025-09-20,정상,슈즈,594545.4545454546,4.0,1745727.2727272725,7.0
2025-09-20,정상,스포츠,53636.36363636362,1.0,126363.63636363635,1.0
2025-09-20,정상,여성,3990999.999999999,16.0,8741545.454545453,30.0
2025-09-20,정상,잡화,4421536.363636363,25.0,6586018.181818181,40.0
2025-09-21,이월,골프,1635181.818181818,7.0,10806290.909090906,56.0
2025-09-21,이월,남성,7462654.545454545,46.0,43822936.36363635,197.0
2025-09-21,이월,슈즈,155181.81818181818,2.0,840000.0,5.0
2025-09-21,이월,스포츠,295818.18181818177,3.0,1442909.0909090906,16.0
2025-09-21,이월,여성,10915772.727272725,39.0,60613636.36363636,223.0
2025-09-21,이월,잡화,5999090.909090909,35.0,14466236.363636365,73.0
2025-09-21,입점,골프,1244563.6363636362,11.0,9559990.909090906,75.0
2025-09-21,입점,남성,144381.81818181818,1.0,5536054.545454544,46.0
2025-09-21,입점,리빙,1918181.818181818,21.0,6252805.454545453,50.0
2025-09-21,입점,명품,6470636.363636362,8.0,11272545.454545451,36.0
2025-09-21,입점,뷰티,1321054.5454545452,21.0,1260900.0000000002,27.0
2025-09-21,입점,슈즈,180000.0,1.0,674018.1818181818,6.0
2025-09-21,입점,스포츠,560136.3636363636,7.0,3140454.545454546,51.0
2025-09-21,입점,아웃도어,1494727.2727272725,12.0,3020090.9090909087,32.0
2025-09-21,입점,여성,401545.45454545453,4.0,5325527.2727272725,51.0
2025-09-21,입점,잡화,777272.7272727272,4.0,7171954.545454545,16.0
2025-09-21,입점,키즈,612209.0909090908,8.0,3011263.636363636,41.0
2025-09-21,정상,골프,181690.9090909091,2.0,1496236.3636363633,10.0
2025-09-21,정상,남성,4223090.909090909,24.0,13750999.999999996,64.0
2025-09-21,정상,뷰티,0.0,0.0,339090.90909090906,4.0
2025-09-21,정상,슈즈,325454.5454545454,2.0,756636.3636363636,5.0
2025-09-21,정상,스포츠,0.0,0.0,153636.36363636362,1.0
2025-09-21,정상,여성,2620045.454545454,8.0,14851409.09090909,46.0
2025-09-21,정상,잡화,3772109.0909090904,23.0,8546636.363636363,55.0
2025-09-22,이월,골프,2542136.3636363633,12.0,10284599.999999998,51.0
2025-09-22,이월,남성,7338781.818181818,33.0,18361090.90909091,92.0
2025-09-22,이월,슈즈,559272.7272727272,6.0,1810036.363636363,23.0
2025-09-22,이월,스포츠,672636.3636363635,4.0,-96181.8181818182,-1.0
2025-09-22,이월,여성,2328636.3636363633,19.0,19181090.90909091,75.0
2025-09-22,이월,잡화,3872872.7272727275,31.0,9066254.545454545,62.0
2025-09-22,입점,골프,801818.1818181819,7.0,3312490.9090909082,21.0
2025-09-22,입점,남성,1446454.5454545452,10.0,3983663.6363636367,33.0
2025-09-22,입점,리빙,1277599.9999999995,15.0,6811090.909090908,46.0
2025-09-22,입점,명품,-1166272.7272727268,3.0,4248590.909090909,17.0
2025-09-22,입점,뷰티,924236.3636363635,17.0,1186227.2727272722,27.0
2025-09-22,입점,슈즈,258090.90909090906,3.0,110909.0909090909,3.0
2025-09-22,입점,스포츠,388500.0,6.0,2231772.727272727,34.0
2025-09-22,입점,아웃도어,1917131.818181818,11.0,2748627.2727272725,26.0
2025-09-22,입점,여성,524381.8181818181,5.0,3484600.000000001,18.0
2025-09-22,입점,잡화,112181.81818181818,2.0,8378500.0,9.0
2025-09-22,입점,키즈,765909.0909090908,10.0,2516781.8181818184,31.0
2025-09-22,정상,골프,758636.3636363635,5.0,3203209.0909090904,15.0
2025-09-22,정상,남성,3055500.0,23.0,6628500.0,35.0
2025-09-22,정상,뷰티,117909.0909090909,3.0,136818.18181818182,3.0
2025-09-22,정상,슈즈,1730990.909090909,10.0,5091872.7272727275,41.0
2025-09-22,정상,스포츠,144545.45454545453,1.0,35454.54545454541,1.0
2025-09-22,정상,여성,1451590.909090909,4.0,8492045.454545455,27.0
2025-09-22,정상,잡화,6123672.727272726,32.0,6893745.454545453,40.0
2025-09-23,이월,골프,89636.3636363636,2.0,7891681.8181818165,48.0
2025-09-23,이월,남성,4832909.090909091,31.0,20998999.999999996,101.0
2025-09-23,이월,슈즈,162636.36363636362,2.0,3972309.090909091,52.0
2025-09-23,이월,스포츠,216090.90909090906,2.0,953818.1818181816,9.0
2025-09-23,이월,여성,2336863.636363636,21.0,9317818.181818184,59.0
2025-09-23,이월,잡화,2522563.6363636367,18.0,9628127.272727272,66.0
2025-09-23,입점,골프,1713518.1818181816,6.0,1340136.3636363633,23.0
2025-09-23,입점,남성,346545.4545454545,4.0,4120009.09090909,21.0
2025-09-23,입점,리빙,773400.0,11.0,3419560.0,39.0
2025-09-23,입점,명품,3062454.5454545454,6.0,22398727.27272727,29.0
2025-09-23,입점,뷰티,1054363.6363636362,9.0,1724090.909090909,27.0
2025-09-23,입점,슈즈,237999.99999999997,2.0,288636.36363636365,2.0
2025-09-23,입점,스포츠,4615818.181818182,9.0,848200.0,32.0
2025-09-23,입점,아웃도어,3610727.2727272725,10.0,2114818.181818182,20.0
2025-09-23,입점,여성,491545.4545454546,6.0,4768518.181818182,32.0
2025-09-23,입점,잡화,949363.6363636364,4.0,3496363.636363636,14.0
2025-09-23,입점,키즈,-63636.36363636362,-1.0,1437000.0,18.0
2025-09-23,정상,골프,944090.909090909,6.0,3799681.818181818,17.0
2025-09-23,정상,남성,2462763.636363636,15.0,7605263.636363636,54.0
2025-09-23,정상,뷰티,28090.90909090909,2.0,0.0,0.0
2025-09-23,정상,슈즈,1425645.4545454544,16.0,4884700.0,50.0
2025-09-23,정상,스포츠,298181.8181818181,2.0,144545.45454545453,1.0
2025-09-23,정상,여성,2738181.818181818,9.0,4242818.181818182,19.0
2025-09-23,정상,잡화,3498127.272727273,35.0,5234218.1818181835,53.0
2025-09-24,이월,골프,1663090.9090909092,11.0,3494718.181818182,26.0
2025-09-24,이월,남성,6914236.363636362,26.0,19621136.363636363,82.0
2025-09-24,이월,슈즈,702636.3636363635,7.0,4855909.09090909,56.0
2025-09-24,이월,스포츠,58909.090909090926,1.0,809454.5454545453,11.0
2025-09-24,이월,여성,3668999.9999999995,21.0,10996954.545454545,33.0
2025-09-24,이월,잡화,4279890.909090909,24.0,10449418.18181818,53.0
2025-09-24,입점,골프,841227.2727272726,3.0,3096854.545454545,20.0
2025-09-24,입점,남성,27790.909090909117,1.0,3790654.545454545,35.0
2025-09-24,입점,리빙,938936.3636363634,19.0,4081618.1818181826,38.0
2025-09-24,입점,명품,2878181.818181818,4.0,11493454.545454545,36.0
2025-09-24,입점,뷰티,1217481.8181818181,26.0,1289481.8181818181,32.0
2025-09-24,입점,슈즈,0.0,0.0,1173909.0909090908,6.0
2025-09-24,입점,스포츠,737409.0909090907,12.0,1760018.1818181819,29.0
2025-09-24,입점,아웃도어,1151454.5454545454,12.0,752000.0000000001,24.0
2025-09-24,입점,여성,749145.4545454546,3.0,4868509.090909089,51.0
2025-09-24,입점,잡화,331054.5454545454,6.0,7630918.181818182,15.0
2025-09-24,입점,키즈,547045.4545454545,7.0,1629027.2727272725,26.0
2025-09-24,정상,골프,-26318.181818181823,0.0,2081400.0,14.0
2025-09-24,정상,남성,2925363.6363636353,16.0,9592609.09090909,39.0
2025-09-24,정상,뷰티,78181.81818181818,1.0,194818.1818181818,6.0
2025-09-24,정상,슈즈,682145.4545454545,8.0,4283709.090909091,43.0
2025-09-24,정상,스포츠,451818.18181818177,3.0,0.0,0.0
2025-09-24,정상,여성,1690681.8181818184,5.0,4634590.909090908,16.0
2025-09-24,정상,잡화,4799881.818181817,36.0,7066309.090909092,46.0
2025-09-25,이월,골프,897909.0909090908,5.0,3160736.363636363,23.0
2025-09-25,이월,남성,1848109.0909090908,16.0,19770109.090909097,100.0
2025-09-25,이월,슈즈,15818.181818181823,4.0,5440636.363636363,62.0
2025-09-25,이월,스포츠,218363.63636363635,2.0,677999.9999999998,7.0
2025-09-25,이월,여성,3275636.3636363638,12.0,14624272.727272723,75.0
2025-09-25,이월,잡화,2163909.090909091,16.0,10692072.727272727,57.0
2025-09-25,입점,골프,2086636.3636363635,14.0,5991318.181818182,31.0
2025-09-25,입점,남성,603654.5454545454,2.0,3025109.0909090904,19.0
2025-09-25,입점,리빙,1195027.2727272725,16.0,3175754.5454545445,41.0
2025-09-25,입점,명품,2965363.6363636362,5.0,53528172.72727273,41.0
2025-09-25,입점,뷰티,826781.8181818181,18.0,1481927.2727272725,27.0
2025-09-25,입점,슈즈,177454.5454545454,2.0,59545.45454545453,0.0
2025-09-25,입점,스포츠,962409.0909090908,11.0,1583518.1818181819,28.0
2025-09-25,입점,아웃도어,726454.5454545453,8.0,4565581.818181817,40.0
2025-09-25,입점,여성,-419709.0909090909,1.0,4278863.636363636,39.0
2025-09-25,입점,잡화,-40636.36363636363,0.0,3304090.909090909,10.0
2025-09-25,입점,키즈,365818.18181818177,5.0,715118.181818182,19.0
2025-09-25,정상,골프,237636.36363636362,2.0,2418990.909090909,13.0
2025-09-25,정상,남성,2517863.6363636367,10.0,8725263.636363637,39.0
2025-09-25,정상,뷰티,172454.5454545454,4.0,351818.18181818177,1.0
2025-09-25,정상,슈즈,1089781.8181818181,13.0,5245200.0,55.0
2025-09-25,정상,스포츠,153636.36363636362,0.0,289090.90909090906,2.0
2025-09-25,정상,여성,4007454.545454546,13.0,8421545.454545453,27.0
2025-09-25,정상,잡화,5914109.090909092,35.0,6607036.363636365,48.0
2025-09-26,이월,골프,-397499.9999999999,3.0,6905572.727272727,31.0
2025-09-26,이월,남성,7118200.000000001,34.0,18459436.36363636,81.0
2025-09-26,이월,슈즈,161727.2727272727,2.0,3693409.09090909,35.0
2025-09-26,이월,스포츠,-74427.2727272727,1.0,686818.1818181818,7.0
2025-09-26,이월,여성,4950318.181818182,13.0,4440090.90909091,30.0
2025-09-26,이월,잡화,2550836.3636363638,18.0,9079636.363636361,53.0
2025-09-26,입점,골프,1122772.7272727273,9.0,2928890.9090909087,23.0
2025-09-26,입점,남성,-45454.545454545456,0.0,1916318.1818181814,13.0
2025-09-26,입점,리빙,376636.36363636365,8.0,3319818.181818182,30.0
2025-09-26,입점,명품,689727.2727272727,7.0,20144181.81818182,26.0
2025-09-26,입점,뷰티,824636.3636363635,12.0,1014736.3636363635,27.0
2025-09-26,입점,슈즈,0.0,0.0,-246909.0909090909,2.0
2025-09-26,입점,스포츠,670318.1818181816,10.0,1903772.7272727275,32.0
2025-09-26,입점,아웃도어,929272.7272727273,6.0,3347527.272727273,30.0
2025-09-26,입점,여성,68099.99999999999,2.0,4584763.636363637,43.0
2025-09-26,입점,잡화,197345.45454545453,2.0,2856090.9090909087,15.0
2025-09-26,입점,키즈,418863.63636363624,8.0,527109.0909090908,10.0
2025-09-26,정상,골프,407972.7272727273,4.0,943309.0909090908,8.0
2025-09-26,정상,남성,1730581.8181818184,10.0,2154909.090909091,21.0
2025-09-26,정상,뷰티,215000.0,4.0,382636.3636363636,4.0
2025-09-26,정상,슈즈,1179490.909090909,16.0,2393518.1818181816,24.0
2025-09-26,정상,스포츠,0.0,0.0,62727.27272727272,1.0
2025-09-26,정상,여성,3061045.4545454546,9.0,4298409.090909091,16.0
2025-09-26,정상,잡화,4418272.727272727,25.0,6785745.454545455,32.0
2025-09-27,이월,골프,1014545.4545454544,6.0,7897854.545454545,33.0
2025-09-27,이월,남성,4119845.4545454537,17.0,23714363.636363637,104.0
2025-09-27,이월,슈즈,376454.5454545454,3.0,1837545.4545454544,22.0
2025-09-27,이월,스포츠,227181.81818181818,3.0,228545.45454545453,4.0
2025-09-27,이월,여성,5270363.636363636,20.0,18459409.090909094,66.0
2025-09-27,이월,잡화,3758218.1818181807,20.0,5336318.181818182,35.0
2025-09-27,입점,골프,760763.6363636364,8.0,6484854.545454545,43.0
2025-09-27,입점,남성,627336.3636363636,6.0,3825672.7272727266,38.0
2025-09-27,입점,리빙,933281.8181818181,13.0,3916659.999999999,31.0
2025-09-27,입점,명품,2228181.8181818184,6.0,25319945.454545457,46.0
2025-09-27,입점,뷰티,1339454.5454545454,17.0,1473190.9090909082,17.0
2025-09-27,입점,슈즈,47072.727272727265,0.0,1732363.6363636365,11.0
2025-09-27,입점,스포츠,555272.7272727273,9.0,4853436.363636364,31.0
2025-09-27,입점,아웃도어,1416090.9090909092,13.0,1792818.181818182,24.0
2025-09-27,입점,여성,306727.2727272727,2.0,6825754.545454545,50.0
2025-09-27,입점,잡화,17727.272727272724,1.0,2130545.454545454,9.0
2025-09-27,입점,키즈,128081.81818181816,2.0,1059109.0909090908,15.0
2025-09-27,정상,골프,366672.72727272724,4.0,413963.63636363635,5.0
2025-09-27,정상,남성,4355909.090909091,18.0,6886000.0,34.0
2025-09-27,정상,뷰티,201818.1818181818,2.0,12727.272727272726,1.0
2025-09-27,정상,슈즈,575072.7272727273,7.0,1959027.2727272727,24.0
2025-09-27,정상,스포츠,0.0,0.0,144545.45454545453,1.0
2025-09-27,정상,여성,3343409.0909090913,11.0,11443045.454545455,27.0
2025-09-27,정상,잡화,4303481.818181817,29.0,8741754.545454545,50.0
2025-09-28,이월,골프,1578363.6363636362,10.0,12186409.090909086,58.0
2025-09-28,이월,남성,7508445.454545454,41.0,38402227.272727266,155.0
2025-09-28,이월,슈즈,215727.2727272727,4.0,2752272.727272727,21.0
2025-09-28,이월,스포츠,254999.99999999997,4.0,1198818.1818181816,11.0
2025-09-28,이월,여성,6683818.181818181,29.0,35397409.09090908,146.0
2025-09-28,이월,잡화,2898345.454545454,21.0,11575272.727272728,68.0
2025-09-28,입점,골프,694290.909090909,11.0,5603109.09090909,50.0
2025-09-28,입점,남성,121636.36363636362,2.0,5383236.363636363,44.0
2025-09-28,입점,리빙,1185790.909090909,12.0,2980520.0,44.0
2025-09-28,입점,명품,3867272.7272727275,6.0,16660136.363636365,34.0
2025-09-28,입점,뷰티,1894372.7272727268,21.0,2018772.727272727,26.0
2025-09-28,입점,슈즈,399636.36363636365,2.0,1189181.818181818,9.0
2025-09-28,입점,스포츠,560636.3636363635,10.0,4923463.636363636,55.0
2025-09-28,입점,아웃도어,1999000.0,9.0,2890636.363636364,34.0
2025-09-28,입점,여성,599909.0909090908,6.0,5575439.999999999,54.0
2025-09-28,입점,잡화,211818.1818181818,3.0,4119822.7272727266,12.0
2025-09-28,입점,키즈,915999.9999999999,9.0,1569727.2727272727,31.0
2025-09-28,정상,골프,806427.2727272727,6.0,1209000.0,9.0
2025-09-28,정상,남성,2903590.909090909,17.0,15340627.27272727,60.0
2025-09-28,정상,뷰티,247272.72727272724,3.0,347636.3636363636,6.0
2025-09-28,정상,슈즈,1236381.8181818181,10.0,4055800.0,38.0
2025-09-28,정상,스포츠,153636.36363636362,1.0,325454.5454545454,1.0
2025-09-28,정상,여성,753590.9090909091,4.0,16943272.72727273,53.0
2025-09-28,정상,잡화,4633400.0,30.0,8324800.000000001,49.0
2025-09-29,이월,골프,3048290.9090909082,16.0,5010909.090909089,36.0
2025-09-29,이월,남성,6238099.999999998,43.0,22700936.363636367,131.0
2025-09-29,이월,슈즈,-7454.54545454547,3.0,1739754.5454545452,18.0
2025-09-29,이월,스포츠,603090.9090909092,5.0,908545.4545454545,11.0
2025-09-29,이월,여성,4813681.818181818,16.0,15930136.36363636,64.0
2025-09-29,이월,잡화,3028145.454545454,21.0,11395072.727272728,74.0
2025-09-29,입점,골프,1111836.3636363633,7.0,566609.0909090908,3.0
2025-09-29,입점,남성,41981.81818181819,2.0,4080081.818181819,33.0
2025-09-29,입점,리빙,561909.0909090908,11.0,2872914.545454545,23.0
2025-09-29,입점,명품,-500181.8181818183,0.0,3144909.0909090913,7.0
2025-09-29,입점,뷰티,1194181.8181818181,13.0,1429272.727272727,23.0
2025-09-29,입점,슈즈,-140000.0,-1.0,-412636.3636363636,-4.0
2025-09-29,입점,스포츠,-2000.0,0.0,-2865181.8181818174,9.0
2025-09-29,입점,아웃도어,140636.36363636365,5.0,457454.5454545453,2.0
2025-09-29,입점,여성,231781.81818181818,4.0,-1183336.3636363638,0.0
2025-09-29,입점,잡화,0.0,0.0,1281090.909090909,13.0
2025-09-29,입점,키즈,309681.81818181806,6.0,1053954.5454545454,13.0
2025-09-29,정상,골프,587863.6363636364,4.0,1439790.909090909,11.0
2025-09-29,정상,남성,5570181.818181818,22.0,9674090.909090908,54.0
2025-09-29,정상,뷰티,96181.81818181818,3.0,114545.45454545454,0.0
2025-09-29,정상,슈즈,820263.6363636364,12.0,442609.0909090908,7.0
2025-09-29,정상,스포츠,451818.18181818177,3.0,126363.63636363635,1.0
2025-09-29,정상,여성,4157909.0909090894,10.0,769909.0909090908,5.0
2025-09-29,정상,잡화,6982018.18181818,49.0,7176109.0909090955,50.0
2025-09-30,이월,골프,1901409.0909090908,16.0,6268400.0,37.0
2025-09-30,이월,남성,4251236.363636361,28.0,22238536.36363636,105.0
2025-09-30,이월,슈즈,315363.63636363635,5.0,1972136.3636363633,23.0
2025-09-30,이월,스포츠,99545.45454545454,1.0,1037181.8181818181,10.0
2025-09-30,이월,여성,3922181.8181818174,20.0,14716772.727272727,70.0
2025-09-30,이월,잡화,1925136.3636363633,17.0,6249881.8181818165,44.0
2025-09-30,입점,골프,970790.9090909091,4.0,1439872.727272727,16.0
2025-09-30,입점,남성,123090.90909090912,-1.0,1974354.545454545,20.0
2025-09-30,입점,리빙,444463.6363636364,9.0,2615396.363636364,25.0
2025-09-30,입점,명품,2552818.1818181816,8.0,284727.27272727323,8.0
2025-09-30,입점,뷰티,814181.8181818182,13.0,888818.1818181818,10.0
2025-09-30,입점,슈즈,178181.81818181818,1.0,576909.0909090908,3.0
2025-09-30,입점,스포츠,663818.1818181816,8.0,1881772.727272727,16.0
2025-09-30,입점,아웃도어,1288909.0909090908,9.0,5259254.545454546,25.0
2025-09-30,입점,여성,451800.0,4.0,1034590.909090909,14.0
2025-09-30,입점,잡화,-131818.1818181818,-1.0,8377818.181818182,14.0
2025-09-30,입점,키즈,258727.27272727276,2.0,927527.2727272726,16.0
2025-09-30,정상,골프,784290.909090909,3.0,791654.5454545453,7.0
2025-09-30,정상,남성,2219454.5454545454,16.0,8810763.636363639,48.0
2025-09-30,정상,뷰티,13545.454545454544,1.0,321272.7272727273,4.0
2025-09-30,정상,슈즈,1896245.4545454546,23.0,3717418.1818181816,40.0
2025-09-30,정상,스포츠,715454.5454545454,2.0,442727.27272727265,3.0
2025-09-30,정상,여성,943454.5454545453,4.0,7754818.181818179,23.0
2025-09-30,정상,잡화,6807454.545454546,44.0,11261599.999999996,68.0
2025-10-01,이월,골프,1299000.0,7.0,6811590.909090909,32.0
2025-10-01,이월,남성,3306427.2727272715,17.0,23233754.545454547,113.0
2025-10-01,이월,슈즈,-109863.63636363635,-1.0,2590818.181818181,14.0
2025-10-01,이월,스포츠,296272.72727272724,4.0,561636.3636363636,8.0
2025-10-01,이월,여성,2974772.7272727266,15.0,20491772.727272727,90.0
2025-10-01,이월,잡화,2006218.1818181819,14.0,12536309.090909092,70.0
2025-10-01,입점,골프,-150727.2727272727,1.0,1341381.8181818177,24.0
2025-10-01,입점,남성,-19899.999999999996,0.0,2305036.3636363638,16.0
2025-10-01,입점,리빙,368654.5454545454,6.0,1223545.4545454544,16.0
2025-10-01,입점,명품,3615272.727272727,6.0,12981363.636363639,14.0
2025-10-01,입점,뷰티,715645.4545454545,9.0,654818.1818181818,12.0
2025-10-01,입점,슈즈,-262545.45454545453,-2.0,590909.0909090908,6.0
2025-10-01,입점,스포츠,323272.7272727273,10.0,1437209.090909091,23.0
2025-10-01,입점,아웃도어,536090.9090909092,4.0,-1206309.0909090906,-5.0
2025-10-01,입점,여성,-31818.181818181816,-1.0,1327954.5454545456,8.0
2025-10-01,입점,잡화,705272.7272727272,3.0,286863.63636363635,10.0
2025-10-01,입점,키즈,112681.81818181818,3.0,540790.9090909091,8.0
2025-10-01,정상,골프,675263.6363636364,4.0,1349554.5454545452,9.0
2025-10-01,정상,남성,3320500.0000000005,17.0,3159909.0909090904,30.0
2025-10-01,정상,뷰티,9000.0,1.0,306363.63636363635,5.0
2025-10-01,정상,슈즈,198427.2727272728,5.0,366463.63636363624,4.0
2025-10-01,정상,스포츠,289090.90909090906,2.0,487272.72727272724,4.0
2025-10-01,정상,여성,460272.7272727272,0.0,4213818.181818182,12.0
2025-10-01,정상,잡화,4670163.636363636,32.0,3763490.909090909,40.0
2025-10-02,이월,골프,1061981.818181818,5.0,3242799.999999999,21.0
2025-10-02,이월,남성,2923454.5454545445,24.0,23031681.818181816,91.0
2025-10-02,이월,슈즈,186454.54545454547,2.0,1031181.8181818181,6.0
2025-10-02,이월,스포츠,229000.0,2.0,493454.5454545454,7.0
2025-10-02,이월,여성,3331272.7272727266,23.0,13684863.636363635,44.0
2025-10-02,이월,잡화,2726654.5454545454,16.0,5653490.909090911,27.0
2025-10-02,입점,골프,426363.63636363635,4.0,2372409.0909090913,19.0
2025-10-02,입점,남성,530000.0,5.0,3657772.7272727275,16.0
2025-10-02,입점,리빙,904872.7272727271,9.0,1740500.0,23.0
2025-10-02,입점,명품,2737909.090909091,6.0,1378181.818181818,8.0
2025-10-02,입점,뷰티,518818.1818181818,9.0,366727.27272727265,10.0
2025-10-02,입점,슈즈,-161818.1818181818,-1.0,153909.0909090909,-2.0
2025-10-02,입점,스포츠,-10727.27272727272,6.0,588636.3636363635,13.0
2025-10-02,입점,아웃도어,305909.0909090909,5.0,1941181.8181818184,16.0
2025-10-02,입점,여성,-6481.8181818181765,1.0,205663.6363636364,4.0
2025-10-02,입점,잡화,10909.090909090908,1.0,-298272.7272727273,5.0
2025-10-02,입점,키즈,-72272.72727272726,-1.0,1843072.7272727273,25.0
2025-10-02,정상,골프,115636.36363636363,1.0,1793727.2727272727,7.0
2025-10-02,정상,남성,674999.9999999998,6.0,5923772.727272727,15.0
2025-10-02,정상,뷰티,87181.81818181818,2.0,125636.36363636363,3.0
2025-10-02,정상,슈즈,851899.9999999999,5.0,528236.3636363636,5.0
2025-10-02,정상,여성,-3031454.5454545454,-6.0,295863.63636363565,0.0
2025-10-02,정상,잡화,2791500.0,17.0,5323845.454545452,34.0
2025-10-03,이월,골프,1374845.4545454544,8.0,6665981.818181815,39.0
2025-10-03,이월,남성,4027263.636363635,30.0,26185509.09090909,116.0
2025-10-03,이월,슈즈,-225636.36363636365,-1.0,320772.7272727272,-2.0
2025-10-03,이월,스포츠,-6727.272727272713,1.0,455181.81818181823,7.0
2025-10-03,이월,여성,1881181.818181818,21.0,39414636.36363635,133.0
2025-10-03,이월,잡화,3262399.9999999995,19.0,7918345.454545452,42.0
2025-10-03,입점,골프,714636.3636363636,7.0,3754718.181818181,41.0
2025-10-03,입점,남성,-433454.54545454547,-1.0,3668827.2727272725,21.0
2025-10-03,입점,리빙,442418.18181818177,8.0,1215109.0909090908,20.0
2025-10-03,입점,명품,2384818.181818181,6.0,7011181.818181818,20.0
2025-10-03,입점,뷰티,571727.2727272727,9.0,1223727.2727272727,17.0
2025-10-03,입점,슈즈,250909.09090909088,2.0,981999.9999999999,5.0
2025-10-03,입점,스포츠,184636.36363636362,4.0,922954.5454545454,14.0
2025-10-03,입점,아웃도어,1537272.727272727,15.0,2525954.545454545,21.0
2025-10-03,입점,여성,1105036.3636363635,11.0,1843418.1818181816,25.0
2025-10-03,입점,잡화,0.0,0.0,291727.2727272727,7.0
2025-10-03,입점,키즈,243136.3636363636,3.0,942736.3636363635,14.0
2025-10-03,정상,골프,93818.18181818181,1.0,1527227.272727273,5.0
2025-10-03,정상,남성,3994818.1818181816,14.0,3649590.909090908,19.0
2025-10-03,정상,뷰티,150000.0,1.0,97272.72727272726,2.0
2025-10-03,정상,슈즈,136172.72727272726,1.0,-412200.0,-6.0
2025-10-03,정상,스포츠,0.0,0.0,442727.27272727265,3.0
2025-10-03,정상,여성,-1109999.9999999998,0.0,3373090.9090909087,9.0
2025-10-03,정상,잡화,3157709.090909091,24.0,5116854.545454545,30.0
2025-10-04,이월,골프,1402727.2727272727,9.0,9690436.363636361,53.0
2025-10-04,이월,남성,3516909.0909090913,21.0,29464881.818181813,130.0
2025-10-04,이월,슈즈,541318.1818181819,2.0,1415545.4545454544,9.0
2025-10-04,이월,스포츠,360181.8181818182,4.0,803363.6363636361,7.0
2025-10-04,이월,여성,1458272.7272727273,11.0,40469181.81818183,141.0
2025-10-04,이월,잡화,466236.3636363636,5.0,6710090.90909091,38.0
2025-10-04,입점,골프,427272.72727272724,4.0,4938090.90909091,34.0
2025-10-04,입점,남성,0.0,0.0,2832336.3636363638,21.0
2025-10-04,입점,리빙,140090.9090909091,3.0,1513745.4545454544,13.0
2025-10-04,입점,명품,1265181.8181818181,2.0,11090690.909090908,21.0
2025-10-04,입점,뷰티,461627.2727272727,10.0,534163.6363636365,8.0
2025-10-04,입점,슈즈,101636.36363636363,1.0,702090.9090909092,4.0
2025-10-04,입점,스포츠,335636.36363636365,6.0,538572.7272727272,13.0
2025-10-04,입점,아웃도어,156418.1818181818,4.0,1414227.2727272727,12.0
2025-10-04,입점,여성,3818.1818181818126,0.0,1720463.6363636358,23.0
2025-10-04,입점,잡화,594954.5454545454,4.0,1494699.9999999998,14.0
2025-10-04,입점,키즈,-39954.54545454544,1.0,1206999.9999999998,14.0
2025-10-04,정상,골프,0.0,0.0,2047272.7272727273,10.0
2025-10-04,정상,남성,2256181.818181818,7.0,7060999.999999998,25.0
2025-10-04,정상,뷰티,9000.0,1.0,0.0,0.0
2025-10-04,정상,슈즈,415454.5454545454,3.0,597454.5454545454,3.0
2025-10-04,정상,스포츠,162727.2727272727,1.0,0.0,0.0
2025-10-04,정상,여성,0.0,0.0,9334999.999999998,18.0
2025-10-04,정상,잡화,2178727.2727272725,14.0,5793654.545454545,32.0
2025-10-05,이월,골프,2126572.727272727,10.0,9170445.454545453,36.0
2025-10-05,이월,남성,4468809.090909089,27.0,27500190.909090906,115.0
2025-10-05,이월,슈즈,188045.45454545453,2.0,437363.63636363635,4.0
2025-10-05,이월,스포츠,18181.818181818184,2.0,905636.3636363635,9.0
2025-10-05,이월,여성,3882818.181818181,16.0,26342045.454545453,94.0
2025-10-05,이월,잡화,1020818.1818181819,7.0,7998509.090909092,44.0
2025-10-05,입점,골프,658818.1818181818,7.0,6431272.727272727,32.0
2025-10-05,입점,남성,126363.63636363635,2.0,3432681.818181818,24.0
2025-10-05,입점,리빙,311281.8181818182,7.0,1976536.3636363638,19.0
2025-10-05,입점,명품,1445454.5454545454,5.0,5405818.181818181,13.0
2025-10-05,입점,뷰티,329436.3636363636,9.0,548181.8181818181,9.0
2025-10-05,입점,슈즈,124545.45454545453,1.0,1236909.0909090908,6.0
2025-10-05,입점,스포츠,338563.63636363635,5.0,984181.818181818,16.0
2025-10-05,입점,아웃도어,441636.36363636365,7.0,2610309.0909090904,20.0
2025-10-05,입점,여성,238145.45454545453,3.0,1804109.0909090908,16.0
2025-10-05,입점,잡화,164363.63636363635,3.0,3349272.7272727275,9.0
2025-10-05,입점,키즈,393854.5454545454,4.0,1301909.0909090908,21.0
2025-10-05,정상,골프,0.0,0.0,305063.63636363635,3.0
2025-10-05,정상,남성,1373045.4545454546,6.0,8844090.90909091,28.0
2025-10-05,정상,뷰티,0.0,0.0,66363.63636363635,2.0
2025-10-05,정상,슈즈,-19090.90909090909,0.0,715545.4545454545,3.0
2025-10-05,정상,스포츠,144545.45454545453,1.0,144545.45454545453,1.0
2025-10-05,정상,여성,97363.63636363635,1.0,5519272.7272727275,13.0
2025-10-05,정상,잡화,2281236.3636363633,13.0,6699781.818181818,32.0
2025-10-06,이월,골프,1832818.1818181816,11.0,5570172.727272727,35.0
2025-10-06,이월,남성,1313090.909090909,9.0,23848263.636363633,90.0
2025-10-06,이월,슈즈,314727.2727272727,2.0,1128545.4545454546,7.0
2025-10-06,이월,스포츠,251090.90909090906,3.0,672454.5454545454,9.0
2025-10-06,이월,여성,4799409.090909091,19.0,29245636.36363636,99.0
2025-10-06,이월,잡화,2013927.272727273,14.0,6953181.818181816,46.0
2025-10-06,입점,골프,114800.0,3.0,4167763.6363636344,33.0
2025-10-06,입점,남성,448818.18181818177,4.0,3487572.7272727266,22.0
2025-10-06,입점,리빙,433090.909090909,6.0,944918.1818181816,11.0
2025-10-06,입점,명품,327272.72727272724,2.0,7679181.818181818,15.0
2025-10-06,입점,뷰티,1099745.4545454544,18.0,517372.72727272724,10.0
2025-10-06,입점,슈즈,253818.1818181818,1.0,1111818.1818181816,6.0
2025-10-06,입점,스포츠,270181.8181818181,5.0,1213954.5454545454,12.0
2025-10-06,입점,아웃도어,509454.5454545454,6.0,3011090.9090909087,27.0
2025-10-06,입점,여성,285454.5454545454,2.0,1657181.8181818184,15.0
2025-10-06,입점,잡화,62181.81818181818,1.0,-272090.90909090906,2.0
2025-10-06,입점,키즈,63181.81818181818,1.0,491881.8181818182,9.0
2025-10-06,정상,골프,0.0,0.0,673909.0909090908,3.0
2025-10-06,정상,남성,1464363.6363636362,6.0,11243818.181818182,38.0
2025-10-06,정상,뷰티,62727.27272727273,4.0,0.0,0.0
2025-10-06,정상,슈즈,432727.2727272727,3.0,765545.4545454545,3.0
2025-10-06,정상,스포츠,-144545.45454545453,-1.0,80909.0909090909,1.0
2025-10-06,정상,여성,718727.2727272727,1.0,5449181.818181818,11.0
2025-10-06,정상,잡화,2402272.727272727,15.0,5096763.636363636,34.0
2025-10-07,이월,골프,2538590.9090909087,12.0,10516499.999999996,57.0
2025-10-07,이월,남성,8053209.09090909,24.0,32870554.54545454,126.0
2025-10-07,이월,슈즈,234909.09090909088,3.0,872727.2727272727,8.0
2025-10-07,이월,스포츠,0.0,0.0,1102181.8181818181,11.0
2025-10-07,이월,여성,2845909.090909091,13.0,30565454.545454547,116.0
2025-10-07,이월,잡화,1734327.2727272727,7.0,8674872.727272727,50.0
2025-10-07,입점,골프,1016290.909090909,9.0,4519654.545454544,38.0
2025-10-07,입점,남성,458236.3636363636,3.0,4179927.2727272725,25.0
2025-10-07,입점,리빙,233636.36363636362,6.0,5308372.727272727,39.0
2025-10-07,입점,명품,1047181.8181818181,2.0,16407181.818181818,22.0
2025-10-07,입점,뷰티,164690.9090909091,5.0,763536.3636363635,18.0
2025-10-07,입점,슈즈,0.0,0.0,684927.2727272727,6.0
2025-10-07,입점,스포츠,-100454.54545454543,0.0,1486318.181818182,25.0
2025-10-07,입점,아웃도어,677818.1818181818,5.0,3789572.727272727,29.0
2025-10-07,입점,여성,351836.3636363636,3.0,2605054.5454545454,21.0
2025-10-07,입점,잡화,211654.54545454544,2.0,451545.4545454546,8.0
2025-10-07,입점,키즈,29727.272727272724,1.0,1377772.7272727273,18.0
2025-10-07,정상,골프,310000.0,2.0,2010818.1818181816,13.0
2025-10-07,정상,남성,1433000.0,6.0,7570227.272727272,32.0
2025-10-07,정상,뷰티,38181.81818181818,1.0,366181.8181818182,5.0
2025-10-07,정상,슈즈,523636.36363636365,4.0,2212145.454545454,17.0
2025-10-07,정상,스포츠,307272.72727272724,2.0,117272.72727272726,1.0
2025-10-07,정상,여성,2338000.0,4.0,5887454.545454545,15.0
2025-10-07,정상,잡화,1245072.727272727,9.0,4855799.999999999,41.0
2025-10-08,이월,골프,1208818.1818181816,6.0,11905336.36363636,55.0
2025-10-08,이월,남성,3103590.909090909,16.0,34108818.18181818,137.0
2025-10-08,이월,슈즈,58636.36363636363,1.0,649045.4545454545,11.0
2025-10-08,이월,스포츠,207545.45454545453,3.0,834181.8181818181,8.0
2025-10-08,이월,여성,3496636.3636363638,13.0,37910090.90909092,147.0
2025-10-08,이월,잡화,1474200.0,14.0,8937163.636363637,56.0
2025-10-08,입점,골프,788836.3636363635,9.0,4308281.818181817,35.0
2025-10-08,입점,남성,84909.09090909091,2.0,4052481.8181818184,33.0
2025-10-08,입점,리빙,434363.63636363635,8.0,2272854.5454545454,36.0
2025-10-08,입점,명품,1204545.4545454544,3.0,9885027.272727273,18.0
2025-10-08,입점,뷰티,499872.72727272724,12.0,1057927.2727272725,21.0
2025-10-08,입점,슈즈,0.0,0.0,1200272.7272727273,9.0
2025-10-08,입점,스포츠,423636.36363636365,6.0,1072090.9090909092,19.0
2025-10-08,입점,아웃도어,133818.18181818177,3.0,4211118.181818181,28.0
2025-10-08,입점,여성,109218.18181818181,2.0,1450181.8181818184,22.0
2025-10-08,입점,잡화,1777999.9999999998,2.0,1099990.909090909,13.0
2025-10-08,입점,키즈,32545.454545454544,1.0,1315899.9999999995,23.0
2025-10-08,정상,골프,0.0,0.0,765881.8181818181,7.0
2025-10-08,정상,남성,1156818.1818181819,5.0,8475272.727272727,28.0
2025-10-08,정상,뷰티,36000.0,3.0,18000.0,2.0
2025-10-08,정상,슈즈,351818.18181818177,3.0,1563900.0,12.0
2025-10-08,정상,스포츠,-153636.36363636362,-1.0,197272.7272727273,3.0
2025-10-08,정상,여성,1798454.545454545,8.0,10892090.909090906,26.0
2025-10-08,정상,잡화,1868818.181818182,15.0,7207800.0,56.0
2025-10-09,이월,골프,4172090.909090909,10.0,13883618.18181818,53.0
2025-10-09,이월,남성,6927390.909090908,35.0,33970972.72727273,116.0
2025-10-09,이월,슈즈,56181.81818181818,1.0,1840590.909090909,11.0
2025-10-09,이월,스포츠,164818.1818181818,1.0,1409363.636363636,17.0
2025-10-09,이월,여성,2942090.909090909,2.0,33262681.818181824,97.0
2025-10-09,이월,잡화,702727.2727272727,5.0,15398836.363636365,48.0
2025-10-09,입점,골프,4292045.454545453,17.0,9189872.727272728,50.0
2025-10-09,입점,남성,326945.4545454545,2.0,4336590.909090908,37.0
2025-10-09,입점,리빙,568636.3636363636,7.0,2588636.3636363638,40.0
2025-10-09,입점,명품,1998909.0909090908,4.0,24613127.272727273,31.0
2025-10-09,입점,뷰티,1075245.4545454544,16.0,1781363.6363636362,33.0
2025-10-09,입점,슈즈,266000.0,0.0,960545.4545454544,6.0
2025-10-09,입점,스포츠,1158863.6363636362,11.0,2190781.8181818184,29.0
2025-10-09,입점,아웃도어,952581.818181818,5.0,3898545.4545454537,42.0
2025-10-09,입점,여성,261545.4545454545,2.0,1740909.0909090904,28.0
2025-10-09,입점,잡화,329254.5454545454,0.0,27216590.90909091,14.0
2025-10-09,입점,키즈,100454.54545454544,2.0,1822454.5454545456,27.0
2025-10-09,정상,골프,788363.6363636362,5.0,1706909.0909090908,11.0
2025-10-09,정상,남성,1463645.4545454544,4.0,8077145.454545454,38.0
2025-10-09,정상,뷰티,207363.63636363635,4.0,18000.0,2.0
2025-10-09,정상,슈즈,-232409.0909090909,-2.0,876054.5454545454,10.0
2025-10-09,정상,스포츠,0.0,0.0,270909.0909090909,2.0
2025-10-09,정상,여성,-936454.5454545452,0.0,2145636.3636363624,11.0
2025-10-09,정상,잡화,4331327.2727272725,26.0,11692927.272727272,62.0
2025-10-10,이월,골프,1884181.8181818181,12.0,11359054.545454547,55.0
2025-10-10,이월,남성,9051054.545454545,40.0,35610118.18181818,128.0
2025-10-10,이월,슈즈,475363.63636363635,3.0,1830954.5454545456,30.0
2025-10-10,이월,스포츠,77545.45454545454,2.0,1853545.4545454544,17.0
2025-10-10,이월,여성,7425454.545454545,16.0,43885909.09090908,133.0
2025-10-10,이월,잡화,1306509.0909090908,12.0,7431927.2727272725,47.0
2025-10-10,입점,골프,767727.2727272727,8.0,1016545.4545454546,21.0
2025-10-10,입점,남성,371981.8181818181,2.0,4474472.7272727275,28.0
2025-10-10,입점,리빙,596218.1818181816,9.0,3272063.6363636362,43.0
2025-10-10,입점,명품,796818.1818181818,4.0,-13463818.18181818,-1.0
2025-10-10,입점,뷰티,798618.1818181818,13.0,958527.2727272726,21.0
2025-10-10,입점,슈즈,162818.18181818182,0.0,180181.81818181823,2.0
2025-10-10,입점,스포츠,450681.8181818182,8.0,3838645.454545455,8.0
2025-10-10,입점,아웃도어,298090.9090909091,3.0,424772.7272727272,13.0
2025-10-10,입점,여성,124381.81818181818,2.0,3332100.000000001,8.0
2025-10-10,입점,잡화,-111309.09090909091,0.0,5410518.181818182,6.0
2025-10-10,입점,키즈,126272.72727272726,3.0,1868609.0909090913,29.0
2025-10-10,정상,골프,0.0,0.0,823454.5454545454,6.0
2025-10-10,정상,남성,2505999.9999999995,10.0,11240318.181818184,40.0
2025-10-10,정상,뷰티,9000.0,1.0,22727.272727272724,1.0
2025-10-10,정상,슈즈,170790.9090909091,2.0,3369954.5454545454,26.0
2025-10-10,정상,스포츠,0.0,0.0,53636.36363636363,1.0
2025-10-10,정상,여성,600000.0,1.0,7898954.545454545,25.0
2025-10-10,정상,잡화,1729000.0,13.0,12611200.0,51.0
2025-10-11,이월,골프,1874727.2727272727,11.0,7805845.454545454,35.0
2025-10-11,이월,남성,5991754.545454544,28.0,31379500.0,136.0
2025-10-11,이월,슈즈,181909.09090909088,3.0,739000.0,10.0
2025-10-11,이월,스포츠,394909.0909090909,3.0,2309363.636363636,21.0
2025-10-11,이월,여성,-506727.2727272727,5.0,34957818.18181819,114.0
2025-10-11,이월,잡화,1421472.7272727273,10.0,7662345.454545452,54.0
2025-10-11,입점,골프,1188445.4545454546,10.0,5374663.636363635,42.0
2025-10-11,입점,남성,231336.36363636362,3.0,5926881.818181817,46.0
2025-10-11,입점,리빙,343909.0909090909,7.0,4757196.363636361,47.0
2025-10-11,입점,명품,4279363.636363636,8.0,12567272.727272727,21.0
2025-10-11,입점,뷰티,1024081.8181818181,21.0,1490272.7272727266,26.0
2025-10-11,입점,슈즈,27181.81818181818,1.0,725290.9090909091,4.0
2025-10-11,입점,스포츠,805045.4545454545,10.0,1487772.727272727,23.0
2025-10-11,입점,아웃도어,347272.7272727273,5.0,2532754.5454545454,30.0
2025-10-11,입점,여성,90363.63636363635,2.0,3700318.181818181,34.0
2025-10-11,입점,잡화,214709.09090909088,2.0,583954.5454545454,9.0
2025-10-11,입점,키즈,384636.36363636365,5.0,1276500.0000000002,25.0
2025-10-11,정상,골프,118545.45454545453,2.0,1460009.0909090908,7.0
2025-10-11,정상,남성,2442818.181818182,11.0,10445363.636363633,33.0
2025-10-11,정상,뷰티,41272.72727272727,3.0,78181.81818181818,1.0
2025-10-11,정상,슈즈,121390.90909090906,0.0,2304654.5454545454,22.0
2025-10-11,정상,여성,2111272.727272727,5.0,8327727.2727272725,25.0
2025-10-11,정상,잡화,1985163.6363636365,15.0,4970418.181818182,28.0
2025-10-12,이월,골프,2357000.0,10.0,16692309.090909094,73.0
2025-10-12,이월,남성,6055572.727272726,30.0,48549590.909090914,177.0
2025-10-12,이월,슈즈,1182045.4545454544,9.0,1890909.090909091,18.0
2025-10-12,이월,스포츠,166999.99999999997,2.0,1047909.0909090908,13.0
2025-10-12,이월,여성,5147545.454545454,20.0,56270227.27272727,176.0
2025-10-12,이월,잡화,3283618.1818181816,21.0,11619918.18181818,63.0
2025-10-12,입점,골프,1756127.2727272727,12.0,7943100.000000001,67.0
2025-10-12,입점,남성,544090.9090909091,4.0,8672281.818181815,42.0
2025-10-12,입점,리빙,1078918.1818181816,15.0,4004987.272727273,43.0
2025-10-12,입점,명품,3134818.181818181,10.0,17988718.181818184,30.0
2025-10-12,입점,뷰티,592809.0909090908,16.0,1855372.7272727268,39.0
2025-10-12,입점,슈즈,113636.36363636363,1.0,1156863.6363636362,7.0
2025-10-12,입점,스포츠,864227.2727272727,10.0,3098145.454545454,46.0
2025-10-12,입점,아웃도어,427090.90909090906,7.0,2981518.181818182,27.0
2025-10-12,입점,여성,546909.0909090908,4.0,3723127.2727272734,45.0
2025-10-12,입점,잡화,213936.36363636362,3.0,904445.4545454544,12.0
2025-10-12,입점,키즈,134636.36363636362,1.0,2273409.0909090913,34.0
2025-10-12,정상,골프,171818.1818181818,1.0,2654300.0,18.0
2025-10-12,정상,남성,882090.909090909,4.0,15108454.545454536,53.0
2025-10-12,정상,뷰티,244454.54545454544,2.0,91727.27272727272,2.0
2025-10-12,정상,슈즈,90000.0,1.0,1924345.4545454546,19.0
2025-10-12,정상,스포츠,144545.45454545453,1.0,144545.45454545453,1.0
2025-10-12,정상,여성,387545.45454545453,2.0,12274909.090909088,35.0
2025-10-12,정상,잡화,3442081.818181818,20.0,11230790.90909091,63.0
2025-10-13,이월,골프,1172581.8181818181,6.0,11004390.909090905,48.0
2025-10-13,이월,남성,5230299.999999999,29.0,10556472.727272727,71.0
2025-10-13,이월,슈즈,367454.5454545454,4.0,84318.1818181817,-2.0
2025-10-13,이월,스포츠,63181.81818181818,1.0,1485545.4545454541,6.0
2025-10-13,이월,여성,2026772.7272727261,12.0,12145545.454545459,38.0
2025-10-13,이월,잡화,2000309.0909090906,14.0,7924872.72727273,34.0
2025-10-13,입점,골프,2389609.0909090904,13.0,10267581.818181816,61.0
2025-10-13,입점,남성,165436.3636363636,2.0,2075718.1818181812,27.0
2025-10-13,입점,리빙,813592.7272727272,12.0,2515581.818181818,45.0
2025-10-13,입점,명품,1395454.5454545454,5.0,-1165899.9999999995,10.0
2025-10-13,입점,뷰티,1106872.727272727,23.0,1997799.9999999998,46.0
2025-10-13,입점,슈즈,-41818.18181818182,0.0,-626927.2727272727,-5.0
2025-10-13,입점,스포츠,-131363.63636363632,5.0,2291518.181818181,11.0
2025-10-13,입점,아웃도어,458909.0909090909,7.0,2212072.727272726,13.0
2025-10-13,입점,여성,223409.09090909088,1.0,1659081.8181818174,9.0
2025-10-13,입점,잡화,119318.18181818181,2.0,3700272.727272727,12.0
2025-10-13,입점,키즈,351954.5454545454,5.0,5085868.181818181,24.0
2025-10-13,정상,골프,294754.5454545454,2.0,2095418.1818181814,13.0
2025-10-13,정상,남성,1369363.6363636365,3.0,6766636.363636362,21.0
2025-10-13,정상,뷰티,-44000.0,5.0,-32181.818181818177,2.0
2025-10-13,정상,슈즈,151481.81818181818,0.0,258954.5454545454,2.0
2025-10-13,정상,스포츠,0.0,0.0,180000.0,2.0
2025-10-13,정상,여성,399272.7272727273,1.0,10386999.999999998,21.0
2025-10-13,정상,잡화,3355145.454545453,17.0,8042218.181818181,53.0
2025-10-14,이월,골프,2461136.3636363633,17.0,5874663.636363637,32.0
2025-10-14,이월,남성,4478745.454545453,34.0,23666363.636363637,130.0
2025-10-14,이월,슈즈,331272.72727272724,4.0,2264909.090909091,11.0
2025-10-14,이월,스포츠,271909.0909090909,3.0,1463090.9090909087,16.0
2025-10-14,이월,여성,4760090.909090908,16.0,21949636.36363636,80.0
2025-10-14,이월,잡화,2035381.818181818,15.0,7976936.363636364,51.0
2025-10-14,입점,골프,3020418.181818182,18.0,3812390.9090909082,20.0
2025-10-14,입점,남성,802545.4545454544,4.0,3860490.9090909073,19.0
2025-10-14,입점,리빙,1276272.7272727273,13.0,1627645.454545454,31.0
2025-10-14,입점,명품,83363.63636363647,6.0,6135818.181818182,13.0
2025-10-14,입점,뷰티,1184518.1818181816,20.0,1150554.5454545456,30.0
2025-10-14,입점,슈즈,421272.7272727272,2.0,882363.6363636364,2.0
2025-10-14,입점,스포츠,-290545.45454545453,-2.0,1233190.9090909087,19.0
2025-10-14,입점,아웃도어,193136.3636363636,2.0,2158090.9090909082,18.0
2025-10-14,입점,여성,-221600.0,-1.0,2253054.545454545,17.0
2025-10-14,입점,잡화,75363.63636363635,2.0,55433736.36363636,32.0
2025-10-14,입점,키즈,393090.9090909092,5.0,2758663.6363636362,26.0
2025-10-14,정상,골프,130090.90909090907,1.0,311690.909090909,2.0
2025-10-14,정상,남성,1623454.5454545454,7.0,649227.272727273,-1.0
2025-10-14,정상,뷰티,279545.45454545453,6.0,72272.72727272726,5.0
2025-10-14,정상,슈즈,-165218.18181818185,-3.0,294209.0909090909,2.0
2025-10-14,정상,스포츠,451818.18181818177,2.0,0.0,0.0
2025-10-14,정상,여성,-1304727.2727272727,-2.0,3030818.181818181,8.0
2025-10-14,정상,잡화,6455354.545454544,35.0,9754563.636363639,57.0
2025-10-15,이월,골프,2705681.8181818174,12.0,11431445.454545453,57.0
2025-10-15,이월,남성,10034981.818181815,57.0,41655727.27272724,195.0
2025-10-15,이월,슈즈,120863.63636363635,1.0,547545.4545454545,4.0
2025-10-15,이월,스포츠,210545.45454545453,2.0,1746636.3636363638,17.0
2025-10-15,이월,여성,6825863.636363637,30.0,23287090.909090918,116.0
2025-10-15,이월,잡화,4934327.272727272,32.0,10972009.09090909,58.0
2025-10-15,입점,골프,964909.0909090908,13.0,1906481.8181818184,26.0
2025-10-15,입점,남성,319272.72727272724,1.0,3411800.000000001,24.0
2025-10-15,입점,리빙,1048654.5454545454,12.0,4470981.818181818,41.0
2025-10-15,입점,명품,6232272.727272727,11.0,7277909.090909092,17.0
2025-10-15,입점,뷰티,699800.0,20.0,1213390.909090909,30.0
2025-10-15,입점,슈즈,203936.36363636362,2.0,118909.09090909088,1.0
2025-10-15,입점,스포츠,455818.1818181817,8.0,741727.2727272725,9.0
2025-10-15,입점,아웃도어,724181.8181818182,9.0,1482454.5454545454,12.0
2025-10-15,입점,여성,93063.63636363634,1.0,1862981.8181818181,9.0
2025-10-15,입점,잡화,504636.36363636353,3.0,5886727.2727272725,16.0
2025-10-15,입점,키즈,114363.63636363635,1.0,2061742.727272727,26.0
2025-10-15,정상,골프,411181.8181818181,3.0,1522472.727272727,8.0
2025-10-15,정상,남성,4290318.181818181,16.0,3507872.727272728,17.0
2025-10-15,정상,뷰티,261545.45454545453,5.0,199000.0,4.0
2025-10-15,정상,슈즈,586363.6363636364,5.0,-465590.90909090906,-2.0
2025-10-15,정상,스포츠,0.0,0.0,-27272.727272727265,0.0
2025-10-15,정상,여성,1349818.1818181816,6.0,4130818.1818181793,13.0
2025-10-15,정상,잡화,3412818.1818181816,22.0,5284627.272727273,44.0
2025-10-16,이월,골프,2983181.8181818184,14.0,10545727.27272727,56.0
2025-10-16,이월,남성,7935263.636363635,45.0,35462654.54545453,159.0
2025-10-16,이월,슈즈,670590.9090909091,6.0,928590.9090909088,8.0
2025-10-16,이월,스포츠,530999.9999999999,4.0,553454.5454545454,6.0
2025-10-16,이월,여성,8630272.727272727,42.0,27340409.090909068,106.0
2025-10-16,이월,잡화,3158345.4545454546,26.0,9280690.90909091,54.0
2025-10-16,입점,골프,2087409.0909090908,17.0,3778563.636363635,35.0
2025-10-16,입점,남성,260709.09090909094,5.0,3373209.0909090904,21.0
2025-10-16,입점,리빙,1577109.0909090908,10.0,2109354.5454545445,31.0
2025-10-16,입점,명품,150909.09090909106,0.0,14549618.181818182,20.0
2025-10-16,입점,뷰티,1037781.8181818182,30.0,1034654.5454545454,30.0
2025-10-16,입점,슈즈,1331272.7272727273,1.0,-339554.54545454565,-1.0
2025-10-16,입점,스포츠,125909.0909090909,4.0,2332181.8181818174,14.0
2025-10-16,입점,아웃도어,1137272.727272727,14.0,2808727.2727272734,19.0
2025-10-16,입점,여성,-18509.09090909092,2.0,2722581.8181818174,5.0
2025-10-16,입점,잡화,5617727.2727272725,6.0,17336781.818181816,18.0
2025-10-16,입점,키즈,273645.4545454545,6.0,1785515.4545454544,26.0
2025-10-16,정상,골프,424709.09090909094,5.0,1961009.0909090908,7.0
2025-10-16,정상,남성,6866636.363636362,20.0,5676500.0,37.0
2025-10-16,정상,뷰티,27000.0,2.0,69545.45454545454,2.0
2025-10-16,정상,슈즈,1201090.9090909092,7.0,505236.36363636365,1.0
2025-10-16,정상,스포츠,433636.36363636365,3.0,289090.90909090906,2.0
2025-10-16,정상,여성,-374181.81818181806,2.0,1672272.7272727278,3.0
2025-10-16,정상,잡화,4088636.363636363,34.0,10789472.727272727,61.0
2025-10-17,이월,골프,398727.27272727276,8.0,6523763.636363635,35.0
2025-10-17,이월,남성,11767754.545454547,53.0,41621263.63636363,137.0
2025-10-17,이월,슈즈,-43863.63636363641,1.0,560090.9090909092,2.0
2025-10-17,이월,스포츠,595727.2727272727,6.0,580818.1818181816,8.0
2025-10-17,이월,여성,6655954.545454544,29.0,35610000.0,124.0
2025-10-17,이월,잡화,3849599.999999999,22.0,9337763.636363635,57.0
2025-10-17,입점,골프,2814409.0909090904,18.0,2999490.9090909096,23.0
2025-10-17,입점,남성,1203272.7272727273,3.0,2556545.4545454546,28.0
2025-10-17,입점,리빙,780463.6363636364,9.0,2165554.5454545454,21.0
2025-10-17,입점,명품,1375090.909090909,5.0,7753899.999999998,18.0
2025-10-17,입점,뷰티,745336.3636363635,17.0,797963.636363636,21.0
2025-10-17,입점,슈즈,43545.454545454544,1.0,559818.1818181819,2.0
2025-10-17,입점,스포츠,365818.18181818177,4.0,1489381.8181818181,23.0
2025-10-17,입점,아웃도어,1211909.0909090906,10.0,2011999.9999999998,19.0
2025-10-17,입점,여성,267181.8181818182,2.0,3233827.272727272,33.0
2025-10-17,입점,잡화,2644636.3636363633,5.0,11660227.272727272,18.0
2025-10-17,입점,키즈,326090.90909090906,5.0,2406863.6363636362,22.0
2025-10-17,정상,골프,174663.63636363635,2.0,639790.9090909091,5.0
2025-10-17,정상,남성,3256863.636363636,12.0,7616909.090909093,33.0
2025-10-17,정상,뷰티,87181.81818181818,2.0,241545.4545454545,4.0
2025-10-17,정상,슈즈,495454.5454545454,5.0,270463.63636363647,-3.0
2025-10-17,정상,스포츠,144545.45454545453,1.0,470909.0909090909,2.0
2025-10-17,정상,여성,3031090.909090909,5.0,6466636.363636364,19.0
2025-10-17,정상,잡화,3044709.09090909,19.0,3655272.727272726,32.0
2025-10-18,이월,골프,2099863.6363636362,11.0,13577245.454545453,62.0
2025-10-18,이월,남성,21185572.727272727,60.0,49742863.636363626,202.0
2025-10-18,이월,슈즈,124090.90909090909,3.0,1032818.1818181818,5.0
2025-10-18,이월,스포츠,598909.0909090908,5.0,1333181.818181818,14.0
2025-10-18,이월,여성,7854954.545454546,33.0,28128636.363636363,98.0
2025-10-18,이월,잡화,2361309.090909091,18.0,5421063.636363636,39.0
2025-10-18,입점,골프,2511645.454545454,8.0,12647099.999999996,83.0
2025-10-18,입점,남성,1036045.4545454545,7.0,5318981.818181817,37.0
2025-10-18,입점,리빙,761545.4545454545,6.0,4243109.090909091,30.0
2025-10-18,입점,명품,2441818.1818181816,7.0,12812636.363636361,20.0
2025-10-18,입점,뷰티,1126872.727272727,17.0,489209.09090909077,13.0
2025-10-18,입점,슈즈,259999.99999999997,2.0,77436.36363636366,2.0
2025-10-18,입점,스포츠,508500.0,10.0,4260090.909090907,42.0
2025-10-18,입점,아웃도어,435454.5454545455,8.0,2377409.090909091,24.0
2025-10-18,입점,여성,196572.7272727273,4.0,9666172.727272728,67.0
2025-10-18,입점,잡화,5677181.8181818165,8.0,12815454.545454543,19.0
2025-10-18,입점,키즈,963818.1818181819,7.0,1644299.9999999995,24.0
2025-10-18,정상,골프,0.0,0.0,1782909.0909090908,8.0
2025-10-18,정상,남성,11639999.999999998,40.0,28875181.81818182,88.0
2025-10-18,정상,뷰티,0.0,0.0,100909.0909090909,2.0
2025-10-18,정상,슈즈,735409.0909090908,5.0,710999.9999999999,3.0
2025-10-18,정상,스포츠,451818.18181818177,3.0,-53636.36363636363,-1.0
2025-10-18,정상,여성,5331727.2727272725,13.0,14500272.727272721,37.0
2025-10-18,정상,잡화,5706690.909090909,32.0,7846445.454545458,40.0
2025-10-19,이월,골프,4646136.363636362,18.0,15768854.54545454,82.0
2025-10-19,이월,남성,15749054.545454545,64.0,66539718.18181818,262.0
2025-10-19,이월,슈즈,318590.90909090906,4.0,1227045.4545454546,6.0
2025-10-19,이월,스포츠,200727.2727272727,2.0,1103909.090909091,13.0
2025-10-19,이월,여성,8026999.999999998,33.0,66398136.36363636,217.0
2025-10-19,이월,잡화,3382290.909090909,24.0,12596481.818181816,78.0
2025-10-19,입점,골프,4741281.818181818,19.0,7815318.181818182,78.0
2025-10-19,입점,남성,1874527.2727272725,11.0,7809481.818181819,60.0
2025-10-19,입점,리빙,594127.2727272726,13.0,3779100.0,35.0
2025-10-19,입점,명품,3703727.272727273,7.0,13916272.727272727,29.0
2025-10-19,입점,뷰티,819036.3636363636,20.0,1837245.4545454541,34.0
2025-10-19,입점,슈즈,146363.63636363635,1.0,2365727.2727272725,16.0
2025-10-19,입점,스포츠,1331318.1818181819,12.0,6058000.000000001,40.0
2025-10-19,입점,아웃도어,48727.27272727271,3.0,2885490.90909091,32.0
2025-10-19,입점,여성,742818.1818181818,8.0,9047745.454545453,86.0
2025-10-19,입점,잡화,5254545.454545453,9.0,6426590.909090908,13.0
2025-10-19,입점,키즈,606727.2727272727,6.0,5013627.2727272725,65.0
2025-10-19,정상,골프,162818.1818181818,1.0,2970045.454545454,14.0
2025-10-19,정상,남성,4019636.3636363638,14.0,24264227.27272727,89.0
2025-10-19,정상,뷰티,216454.54545454544,5.0,9000.0,1.0
2025-10-19,정상,슈즈,505454.5454545454,4.0,299090.90909090906,2.0
2025-10-19,정상,스포츠,153636.36363636362,1.0,307272.72727272724,2.0
2025-10-19,정상,여성,2118818.1818181816,5.0,13993090.909090908,36.0
2025-10-19,정상,잡화,6043654.545454546,31.0,11753800.0,64.0
2025-10-20,이월,골프,116472.72727272724,2.0,12345654.545454545,52.0
2025-10-20,이월,남성,14079899.999999998,61.0,44236545.45454546,195.0
2025-10-20,이월,슈즈,26409.090909090955,2.0,1238318.1818181819,6.0
2025-10-20,이월,스포츠,387545.4545454545,3.0,1481209.0909090908,14.0
2025-10-20,이월,여성,8963636.363636363,24.0,17734454.545454543,72.0
2025-10-20,이월,잡화,1788490.9090909092,16.0,9820909.090909094,54.0
2025-10-20,입점,골프,1172654.5454545454,14.0,8899481.818181816,77.0
2025-10-20,입점,남성,530927.2727272727,0.0,5232399.999999999,66.0
2025-10-20,입점,리빙,1049520.0,12.0,3792716.363636363,47.0
2025-10-20,입점,명품,4804363.636363635,6.0,8624363.636363631,24.0
2025-10-20,입점,뷰티,1207018.1818181816,21.0,2210536.3636363633,46.0
2025-10-20,입점,슈즈,532999.9999999999,4.0,50363.63636363637,2.0
2025-10-20,입점,스포츠,741990.9090909091,13.0,5055845.454545455,23.0
2025-10-20,입점,아웃도어,1826000.0000000002,19.0,4651481.818181817,39.0
2025-10-20,입점,여성,118463.63636363635,5.0,5579827.272727273,52.0
2025-10-20,입점,잡화,-1172663.6363636362,1.0,2953081.8181818184,17.0
2025-10-20,입점,키즈,448672.7272727272,5.0,3717245.4545454537,50.0
2025-10-20,정상,골프,537481.8181818181,4.0,2438781.818181818,12.0
2025-10-20,정상,남성,5119363.636363636,26.0,25396318.181818165,92.0
2025-10-20,정상,뷰티,101818.18181818181,1.0,121727.27272727272,3.0
2025-10-20,정상,슈즈,740909.0909090908,4.0,-303336.3636363636,0.0
2025-10-20,정상,스포츠,0.0,0.0,0.0,0.0
2025-10-20,정상,여성,1526545.4545454546,2.0,13341909.09090909,28.0
2025-10-20,정상,잡화,8177390.909090909,41.0,7140181.8181818165,48.0
2025-10-21,이월,골프,-387872.72727272706,9.0,10498918.181818182,41.0
2025-10-21,이월,남성,11990281.818181815,43.0,42972636.36363637,156.0
2025-10-21,이월,슈즈,241272.72727272718,2.0,1006318.1818181819,7.0
2025-10-21,이월,스포츠,237545.45454545453,3.0,697999.9999999998,9.0
2025-10-21,이월,여성,4907772.7272727275,20.0,37426499.99999999,98.0
2025-10-21,이월,잡화,2539127.2727272725,15.0,5542290.909090908,47.0
2025-10-21,입점,골프,3524763.636363636,11.0,3441918.1818181816,35.0
2025-10-21,입점,남성,1202818.1818181816,8.0,7926190.909090907,61.0
2025-10-21,입점,리빙,1400663.6363636362,15.0,2045327.2727272722,39.0
2025-10-21,입점,명품,2433454.545454545,6.0,3865999.999999999,7.0
2025-10-21,입점,뷰티,504572.7272727272,9.0,1683018.1818181819,37.0
2025-10-21,입점,슈즈,-337636.36363636365,-2.0,1363454.5454545454,7.0
2025-10-21,입점,스포츠,297318.1818181818,7.0,1510636.3636363638,35.0
2025-10-21,입점,아웃도어,1878454.5454545454,10.0,2985909.09090909,39.0
2025-10-21,입점,여성,180909.0909090909,1.0,5373454.545454547,24.0
2025-10-21,입점,잡화,335727.2727272727,3.0,15912727.27272727,9.0
2025-10-21,입점,키즈,682500.0,9.0,3731509.0909090913,50.0
2025-10-21,정상,골프,222090.90909090906,2.0,1818754.545454545,11.0
2025-10-21,정상,남성,2960863.6363636362,11.0,21245909.090909086,79.0
2025-10-21,정상,뷰티,0.0,0.0,30636.363636363632,2.0
2025-10-21,정상,슈즈,1464727.2727272727,9.0,364772.7272727272,4.0
2025-10-21,정상,스포츠,153636.36363636362,1.0,0.0,0.0
2025-10-21,정상,여성,4033909.0909090904,9.0,13458000.0,33.0
2025-10-21,정상,잡화,6011609.090909089,38.0,7413009.090909091,57.0
2025-10-22,이월,골프,2157227.272727273,12.0,5777381.818181819,32.0
2025-10-22,이월,남성,7413572.727272727,39.0,27003909.09090909,133.0
2025-10-22,이월,슈즈,367818.18181818177,5.0,248818.18181818188,1.0
2025-10-22,이월,스포츠,159272.72727272724,3.0,489454.54545454535,5.0
2025-10-22,이월,여성,6739999.999999997,28.0,45381090.9090909,100.0
2025-10-22,이월,잡화,2595454.545454545,20.0,7734336.363636362,41.0
2025-10-22,입점,골프,1283209.0909090908,8.0,7594609.090909086,59.0
2025-10-22,입점,남성,164027.2727272727,5.0,2649490.9090909087,35.0
2025-10-22,입점,리빙,803090.909090909,16.0,1511927.2727272732,26.0
2025-10-22,입점,명품,5053090.909090909,12.0,14347181.818181818,35.0
2025-10-22,입점,뷰티,1142063.6363636362,26.0,543681.818181818,19.0
2025-10-22,입점,슈즈,243636.36363636362,1.0,449545.45454545453,4.0
2025-10-22,입점,스포츠,565518.1818181816,7.0,2309518.181818182,41.0
2025-10-22,입점,아웃도어,1511000.0,16.0,5389181.81818182,38.0
2025-10-22,입점,여성,151054.54545454544,2.0,4967809.090909089,48.0
2025-10-22,입점,잡화,-373727.27272727265,-1.0,1529409.0909090906,19.0
2025-10-22,입점,키즈,329363.6363636364,2.0,1706190.9090909087,24.0
2025-10-22,정상,골프,1210054.5454545454,7.0,2100500.0,12.0
2025-10-22,정상,남성,9524954.545454547,36.0,16920318.181818176,64.0
2025-10-22,정상,뷰티,379090.90909090906,3.0,80727.27272727272,2.0
2025-10-22,정상,슈즈,361999.9999999999,2.0,436963.63636363635,3.0
2025-10-22,정상,스포츠,379090.90909090906,3.0,560000.0,4.0
2025-10-22,정상,여성,2045318.1818181819,8.0,7800636.363636362,18.0
2025-10-22,정상,잡화,4773090.909090909,31.0,6137109.090909091,46.0
2025-10-23,이월,골프,1509727.2727272725,7.0,9389918.181818182,41.0
2025-10-23,이월,남성,10293836.363636363,52.0,13979509.090909086,94.0
2025-10-23,이월,슈즈,58636.36363636363,1.0,828818.1818181816,1.0
2025-10-23,이월,스포츠,277454.5454545454,4.0,647818.1818181819,5.0
2025-10-23,이월,여성,6768636.363636362,28.0,37477590.909090914,96.0
2025-10-23,이월,잡화,1629981.818181818,12.0,5724072.727272726,39.0
2025-10-23,입점,골프,686136.3636363636,8.0,3895554.545454545,39.0
2025-10-23,입점,남성,-727000.0,7.0,5366145.454545456,42.0
2025-10-23,입점,리빙,461827.2727272727,5.0,2740090.909090909,26.0
2025-10-23,입점,명품,2895090.909090909,8.0,8724636.363636363,22.0
2025-10-23,입점,뷰티,1062181.818181818,15.0,1386509.0909090908,25.0
2025-10-23,입점,슈즈,0.0,0.0,505454.5454545454,2.0
2025-10-23,입점,스포츠,260890.90909090912,6.0,931663.6363636361,20.0
2025-10-23,입점,아웃도어,1237909.0909090908,9.0,3224818.181818182,28.0
2025-10-23,입점,여성,486927.2727272727,6.0,6856994.545454544,51.0
2025-10-23,입점,잡화,-770909.0909090908,0.0,5451927.2727272725,7.0
2025-10-23,입점,키즈,54636.36363636365,5.0,1512718.1818181814,20.0
2025-10-23,정상,골프,224018.18181818182,4.0,2380881.8181818184,19.0
2025-10-23,정상,남성,6928181.818181817,27.0,15971954.545454547,54.0
2025-10-23,정상,뷰티,87181.81818181818,2.0,244454.54545454544,2.0
2025-10-23,정상,슈즈,964545.4545454544,9.0,97909.09090909088,1.0
2025-10-23,정상,스포츠,489090.90909090906,2.0,144545.45454545453,1.0
2025-10-23,정상,여성,3454727.2727272725,6.0,6296181.818181816,20.0
2025-10-23,정상,잡화,5004018.181818182,30.0,9863309.09090909,58.0
2025-10-24,이월,골프,1957045.4545454544,10.0,7974418.181818182,37.0
2025-10-24,이월,남성,7973609.090909091,50.0,20137218.181818187,87.0
2025-10-24,이월,슈즈,227909.09090909088,3.0,1078636.3636363635,7.0
2025-10-24,이월,스포츠,-57272.72727272726,0.0,397545.45454545453,4.0
2025-10-24,이월,여성,3640272.7272727266,19.0,25408090.909090906,62.0
2025-10-24,이월,잡화,3037199.9999999995,14.0,4725909.09090909,36.0
2025-10-24,입점,골프,1813236.3636363635,8.0,6300227.2727272725,38.0
2025-10-24,입점,남성,996045.4545454544,9.0,2546263.6363636367,21.0
2025-10-24,입점,리빙,623029.0909090909,6.0,5274736.363636363,21.0
2025-10-24,입점,명품,6613272.727272727,11.0,7578581.8181818165,15.0
2025-10-24,입점,뷰티,731354.5454545454,15.0,860363.6363636362,18.0
2025-10-24,입점,슈즈,291318.1818181818,2.0,1522909.0909090908,8.0
2025-10-24,입점,스포츠,285818.18181818177,3.0,2001472.7272727266,31.0
2025-10-24,입점,아웃도어,682045.4545454546,8.0,4345018.181818182,27.0
2025-10-24,입점,여성,446845.4545454546,5.0,4735745.454545455,26.0
2025-10-24,입점,잡화,712018.1818181816,6.0,1202590.909090909,13.0
2025-10-24,입점,키즈,410545.4545454545,3.0,84409.09090909094,11.0
2025-10-24,정상,골프,599590.9090909091,2.0,1647845.4545454541,12.0
2025-10-24,정상,남성,7755227.2727272725,25.0,13563863.636363635,58.0
2025-10-24,정상,뷰티,114181.81818181818,3.0,127999.99999999999,2.0
2025-10-24,정상,슈즈,189090.9090909091,2.0,-90909.09090909091,0.0
2025-10-24,정상,스포츠,144545.45454545453,1.0,706363.6363636362,4.0
2025-10-24,정상,여성,417454.54545454547,5.0,7461181.818181817,18.0
2025-10-24,정상,잡화,4492618.181818181,31.0,5040018.181818181,32.0
2025-10-25,이월,골프,2423545.4545454546,12.0,6345427.272727273,30.0
2025-10-25,이월,남성,8421390.90909091,45.0,34382327.27272727,117.0
2025-10-25,이월,슈즈,96318.18181818181,1.0,638409.0909090909,2.0
2025-10-25,이월,스포츠,265363.63636363635,3.0,96090.90909090907,1.0
2025-10-25,이월,여성,5658863.636363637,18.0,32794909.090909086,90.0
2025-10-25,이월,잡화,1518563.636363636,13.0,7155763.636363635,52.0
2025-10-25,입점,골프,1236554.5454545452,11.0,9015072.727272728,60.0
2025-10-25,입점,남성,545454.5454545454,3.0,5884690.909090908,41.0
2025-10-25,입점,리빙,1403400.0000000002,15.0,2278363.636363636,27.0
2025-10-25,입점,명품,5004181.818181817,7.0,12320363.636363635,22.0
2025-10-25,입점,뷰티,888281.818181818,17.0,931272.7272727273,17.0
2025-10-25,입점,슈즈,0.0,0.0,1209636.3636363635,4.0
2025-10-25,입점,스포츠,791999.9999999998,13.0,2496909.090909091,38.0
2025-10-25,입점,아웃도어,2009999.9999999998,15.0,4015200.0000000005,28.0
2025-10-25,입점,여성,461909.0909090909,5.0,5379320.909090906,42.0
2025-10-25,입점,잡화,9090.909090909088,0.0,7768299.999999999,11.0
2025-10-25,입점,키즈,296309.0909090909,4.0,769909.0909090908,14.0
2025-10-25,정상,골프,198909.0909090909,1.0,635027.2727272727,5.0
2025-10-25,정상,남성,3814636.3636363638,11.0,11914863.636363633,39.0
2025-10-25,정상,뷰티,0.0,0.0,22727.272727272724,1.0
2025-10-25,정상,슈즈,831818.1818181818,5.0,157045.45454545453,2.0
2025-10-25,정상,스포츠,27272.727272727265,0.0,666363.6363636362,3.0
2025-10-25,정상,여성,2944727.2727272725,5.0,5508999.999999998,1.0
2025-10-25,정상,잡화,6023836.363636363,33.0,5865854.545454544,38.0
2025-10-26,이월,골프,3486409.09090909,14.0,13418836.36363636,64.0
2025-10-26,이월,남성,13040127.272727273,56.0,56818818.18181818,203.0
2025-10-26,이월,슈즈,0.0,0.0,1700090.9090909092,7.0
2025-10-26,이월,스포츠,221272.72727272724,3.0,1255454.5454545454,13.0
2025-10-26,이월,여성,6536863.636363635,21.0,56053227.27272727,158.0
2025-10-26,이월,잡화,2100818.1818181816,14.0,10497745.454545459,67.0
2025-10-26,입점,골프,3592454.5454545454,13.0,14470818.181818178,100.0
2025-10-26,입점,남성,230600.0,4.0,5660009.090909091,58.0
2025-10-26,입점,리빙,303272.72727272724,6.0,-263763.6363636361,19.0
2025-10-26,입점,명품,1263545.4545454544,6.0,17638545.454545453,27.0
2025-10-26,입점,뷰티,1030263.636363636,23.0,1117300.0,31.0
2025-10-26,입점,슈즈,0.0,0.0,778363.6363636362,4.0
2025-10-26,입점,스포츠,747045.4545454544,12.0,3802772.7272727275,56.0
2025-10-26,입점,아웃도어,521454.54545454535,8.0,5029736.363636362,45.0
2025-10-26,입점,여성,543400.0,6.0,8178819.090909092,62.0
2025-10-26,입점,잡화,32727.272727272724,1.0,20223363.636363633,23.0
2025-10-26,입점,키즈,296363.63636363635,4.0,1530063.6363636362,23.0
2025-10-26,정상,골프,218954.5454545454,2.0,551200.0,5.0
2025-10-26,정상,남성,6263045.454545455,23.0,23959272.72727273,82.0
2025-10-26,정상,뷰티,267272.7272727273,2.0,68181.81818181818,1.0
2025-10-26,정상,슈즈,360909.0909090909,3.0,796363.6363636364,4.0
2025-10-26,정상,스포츠,460909.0909090908,3.0,280909.0909090909,1.0
2025-10-26,정상,여성,1589090.909090909,3.0,8064454.545454545,18.0
2025-10-26,정상,잡화,3771345.454545454,31.0,7308790.909090908,46.0
2025-10-27,이월,골프,1851463.6363636365,15.0,11639509.090909088,52.0
2025-10-27,이월,남성,10392227.272727272,53.0,31207809.090909086,139.0
2025-10-27,이월,슈즈,366818.18181818177,2.0,1289363.6363636362,4.0
2025-10-27,이월,스포츠,392818.18181818177,3.0,1396727.2727272725,14.0
2025-10-27,이월,여성,4328499.999999998,12.0,21813500.0,79.0
2025-10-27,이월,잡화,2134727.2727272725,18.0,9671818.181818182,58.0
2025-10-27,입점,OFM,0.0,0.0,244545.45454545453,1.0
2025-10-27,입점,골프,1365363.6363636362,11.0,9501027.272727272,57.0
2025-10-27,입점,남성,364818.1818181818,3.0,2001609.0909090906,33.0
2025-10-27,입점,리빙,825918.1818181818,11.0,1560499.9999999995,37.0
2025-10-27,입점,명품,-551272.7272727275,1.0,10737945.454545453,31.0
2025-10-27,입점,뷰티,432345.4545454545,13.0,1095427.2727272727,22.0
2025-10-27,입점,슈즈,-53272.727272727294,1.0,781772.7272727271,5.0
2025-10-27,입점,스포츠,866181.8181818181,5.0,1860499.9999999995,22.0
2025-10-27,입점,아웃도어,1121272.727272727,8.0,9123454.545454543,58.0
2025-10-27,입점,여성,512836.3636363635,3.0,1511209.090909091,19.0
2025-10-27,입점,잡화,1039190.9090909091,4.0,11069318.18181818,13.0
2025-10-27,입점,키즈,477399.99999999994,6.0,2008227.2727272722,27.0
2025-10-27,정상,골프,434999.99999999994,5.0,2717754.545454545,15.0
2025-10-27,정상,남성,1293272.727272727,12.0,11946727.272727268,40.0
2025-10-27,정상,뷰티,98818.18181818181,3.0,299727.2727272727,3.0
2025-10-27,정상,슈즈,-154727.2727272727,0.0,305163.63636363635,0.0
2025-10-27,정상,스포츠,252727.2727272727,2.0,433636.3636363636,3.0
2025-10-27,정상,여성,-190090.9090909091,1.0,-3140090.9090909096,-12.0
2025-10-27,정상,잡화,3677699.9999999995,32.0,6393963.636363635,52.0
2025-10-28,이월,골프,3423545.4545454537,13.0,8338354.545454544,41.0
2025-10-28,이월,남성,11851181.818181816,55.0,26390609.09090908,104.0
2025-10-28,이월,슈즈,689227.2727272727,5.0,1866363.6363636365,11.0
2025-10-28,이월,스포츠,0.0,0.0,2118818.1818181816,16.0
2025-10-28,이월,여성,8547409.09090909,19.0,13726136.36363636,40.0
2025-10-28,이월,잡화,2999981.818181818,18.0,8014172.7272727275,61.0
2025-10-28,입점,골프,793899.9999999999,7.0,4501354.545454545,40.0
2025-10-28,입점,남성,848909.0909090909,7.0,4455027.2727272725,26.0
2025-10-28,입점,리빙,381381.8181818181,7.0,2782727.2727272725,28.0
2025-10-28,입점,명품,1855272.727272727,7.0,15628181.818181813,33.0
2025-10-28,입점,뷰티,1100545.4545454544,19.0,1392699.9999999998,30.0
2025-10-28,입점,슈즈,0.0,0.0,1346945.4545454546,6.0
2025-10-28,입점,스포츠,481863.63636363635,6.0,3084727.272727272,43.0
2025-10-28,입점,아웃도어,1501818.1818181816,11.0,7015645.454545455,68.0
2025-10-28,입점,여성,800263.6363636364,10.0,-996645.4545454552,3.0
2025-10-28,입점,잡화,-2320909.090909091,-1.0,-3033627.2727272725,12.0
2025-10-28,입점,키즈,648709.0909090908,7.0,2722100.0000000005,27.0
2025-10-28,정상,골프,332509.0909090909,3.0,-227872.7272727273,-1.0
2025-10-28,정상,남성,2332090.9090909087,7.0,556272.7272727274,8.0
2025-10-28,정상,뷰티,150909.09090909088,2.0,187181.81818181815,3.0
2025-10-28,정상,슈즈,902727.2727272727,7.0,637636.3636363636,4.0
2025-10-28,정상,스포츠,543636.3636363635,2.0,389999.99999999994,1.0
2025-10-28,정상,여성,2487909.090909091,1.0,-966545.4545454546,-4.0
2025-10-28,정상,잡화,5733690.909090908,41.0,10171118.181818184,76.0
2025-10-29,이월,골프,1954090.909090909,8.0,12275472.727272725,63.0
2025-10-29,이월,남성,8161499.999999999,36.0,33632109.090909086,139.0
2025-10-29,이월,슈즈,29409.09090909091,0.0,1804863.6363636362,10.0
2025-10-29,이월,스포츠,107545.45454545453,1.0,238545.45454545453,6.0
2025-10-29,이월,여성,11856954.545454543,27.0,17577772.72727273,57.0
2025-10-29,이월,잡화,2061200.0,15.0,6788181.818181819,45.0
2025-10-29,입점,골프,886781.8181818182,7.0,4887590.909090908,44.0
2025-10-29,입점,남성,124300.0,6.0,44554.54545454541,29.0
2025-10-29,입점,리빙,251727.2727272727,4.0,2622418.181818181,35.0
2025-10-29,입점,명품,9663909.09090909,12.0,11267545.454545455,22.0
2025-10-29,입점,뷰티,632272.7272727272,12.0,1433063.6363636362,26.0
2025-10-29,입점,슈즈,425727.2727272727,2.0,608363.6363636365,2.0
2025-10-29,입점,스포츠,626409.0909090909,4.0,2287181.8181818184,23.0
2025-10-29,입점,아웃도어,215636.36363636365,7.0,2888927.2727272725,38.0
2025-10-29,입점,여성,128563.63636363638,1.0,68636.36363636363,3.0
2025-10-29,입점,잡화,62727.27272727272,1.0,4307409.090909091,16.0
2025-10-29,입점,키즈,402454.5454545454,2.0,2634272.7272727266,36.0
2025-10-29,정상,골프,1304145.4545454544,6.0,2717263.636363636,12.0
2025-10-29,정상,남성,6490681.818181818,22.0,11185681.818181816,52.0
2025-10-29,정상,뷰티,78181.81818181818,1.0,514545.4545454545,3.0
2025-10-29,정상,슈즈,0.0,0.0,444954.5454545454,2.0
2025-10-29,정상,스포츠,212727.2727272727,2.0,190909.09090909088,1.0
2025-10-29,정상,여성,-1360000.0,-1.0,486999.9999999998,-3.0
2025-10-29,정상,잡화,3734018.181818181,32.0,5741881.8181818165,54.0
2025-10-30,이월,골프,2509409.0909090904,13.0,7885054.545454545,35.0
2025-10-30,이월,남성,8428272.727272725,41.0,17991690.90909091,74.0
2025-10-30,이월,슈즈,802181.8181818181,4.0,508318.1818181819,4.0
2025-10-30,이월,스포츠,202363.63636363635,2.0,211909.09090909088,1.0
2025-10-30,이월,여성,4142636.363636363,17.0,5923045.454545453,29.0
2025-10-30,이월,잡화,1919781.818181818,17.0,4388272.727272726,34.0
2025-10-30,입점,골프,1697454.5454545452,14.0,8356536.363636364,55.0
2025-10-30,입점,남성,214363.63636363635,4.0,5078672.727272727,30.0
2025-10-30,입점,리빙,1202047.2727272727,16.0,3718090.9090909082,44.0
2025-10-30,입점,명품,3668090.9090909087,8.0,16614454.545454543,17.0
2025-10-30,입점,뷰티,331300.0,7.0,1094090.9090909092,22.0
2025-10-30,입점,슈즈,180000.0,1.0,424818.18181818177,4.0
2025-10-30,입점,스포츠,16909.090909090966,1.0,1477363.6363636367,28.0
2025-10-30,입점,아웃도어,824090.909090909,6.0,1862045.4545454546,19.0
2025-10-30,입점,여성,315463.63636363635,1.0,965227.2727272728,11.0
2025-10-30,입점,잡화,1041545.4545454545,5.0,1785881.818181818,11.0
2025-10-30,입점,키즈,-57636.36363636359,-2.0,2749409.090909091,29.0
2025-10-30,정상,골프,138318.1818181818,1.0,1814836.3636363635,7.0
2025-10-30,정상,남성,3638136.3636363633,23.0,11178499.999999994,47.0
2025-10-30,정상,뷰티,98181.81818181818,2.0,271818.18181818177,2.0
2025-10-30,정상,슈즈,274363.63636363635,2.0,189454.54545454547,2.0
2025-10-30,정상,스포츠,68181.81818181818,1.0,-389999.99999999994,-1.0
2025-10-30,정상,여성,3790909.090909091,2.0,3070454.545454545,5.0
2025-10-30,정상,잡화,3856118.1818181816,28.0,4806072.727272727,39.0
2025-10-31,이월,골프,2420272.7272727266,10.0,11977109.090909094,51.0
2025-10-31,이월,남성,10470309.09090909,35.0,23560245.454545457,78.0
2025-10-31,이월,슈즈,194454.5454545454,2.0,106590.90909090909,3.0
2025-10-31,이월,스포츠,177545.45454545453,2.0,1507727.2727272727,10.0
2025-10-31,이월,여성,5377227.272727272,13.0,21486545.454545457,57.0
2025-10-31,이월,잡화,2339736.3636363638,16.0,7034745.454545455,48.0
2025-10-31,입점,골프,1212900.0,9.0,5558654.545454545,39.0
2025-10-31,입점,남성,660754.5454545453,5.0,1850000.0000000005,20.0
2025-10-31,입점,리빙,483354.5454545454,1.0,1198045.4545454541,29.0
2025-10-31,입점,명품,-1114363.6363636358,2.0,3179636.363636363,6.0
2025-10-31,입점,뷰티,359963.63636363635,12.0,549199.9999999999,14.0
2025-10-31,입점,슈즈,151818.1818181818,1.0,-298909.0909090909,1.0
2025-10-31,입점,스포츠,765954.5454545454,10.0,856545.4545454547,12.0
2025-10-31,입점,아웃도어,720181.8181818181,7.0,2521499.9999999995,37.0
2025-10-31,입점,여성,393409.0909090908,5.0,2410345.454545454,11.0
2025-10-31,입점,잡화,2244472.727272727,4.0,9793727.27272727,7.0
2025-10-31,입점,키즈,442454.54545454547,1.0,532818.1818181818,12.0
2025-10-31,정상,골프,423818.1818181818,4.0,1704872.7272727275,15.0
2025-10-31,정상,남성,11216545.454545455,15.0,13919772.727272725,36.0
2025-10-31,정상,뷰티,0.0,0.0,97181.81818181818,2.0
2025-10-31,정상,슈즈,604545.4545454546,4.0,777090.9090909091,6.0
2025-10-31,정상,스포츠,0.0,0.0,9090.909090909088,0.0
2025-10-31,정상,여성,3115545.4545454546,4.0,5847363.636363637,8.0
2025-10-31,정상,잡화,4666236.363636363,20.0,4898127.2727272725,37.0
2025-11-01,이월,골프,3862263.636363636,18.0,12899118.181818182,61.0
2025-11-01,이월,남성,13138454.545454545,52.0,33920899.99999999,125.0
2025-11-01,이월,슈즈,564590.9090909091,3.0,370181.8181818181,3.0
2025-11-01,이월,스포츠,392818.18181818177,3.0,1122545.4545454546,12.0
2025-11-01,이월,여성,7071545.454545453,27.0,44053272.727272734,134.0
2025-11-01,이월,잡화,4295745.454545453,29.0,6722263.636363637,44.0
2025-11-01,입점,골프,1523945.4545454546,9.0,4784272.727272728,43.0
2025-11-01,입점,남성,609309.0909090908,4.0,3976027.272727273,27.0
2025-11-01,입점,리빙,1037181.8181818182,15.0,3560590.9090909082,37.0
2025-11-01,입점,명품,4519636.363636363,12.0,13416363.636363635,27.0
2025-11-01,입점,뷰티,1011636.3636363635,15.0,1244690.9090909092,30.0
2025-11-01,입점,슈즈,285363.6363636363,3.0,1214681.818181818,8.0
2025-11-01,입점,스포츠,712590.9090909092,13.0,1795954.5454545454,28.0
2025-11-01,입점,아웃도어,1056954.5454545454,12.0,9031436.363636361,66.0
2025-11-01,입점,여성,76181.81818181818,1.0,3652663.6363636362,31.0
2025-11-01,입점,잡화,249390.90909090906,3.0,770772.7272727273,6.0
2025-11-01,입점,키즈,-259109.0909090909,2.0,2040799.9999999998,22.0
2025-11-01,정상,골프,544954.5454545454,4.0,2704718.181818181,13.0
2025-11-01,정상,남성,6766863.636363635,24.0,25096772.72727272,77.0
2025-11-01,정상,뷰티,148000.0,2.0,90909.0909090909,1.0
2025-11-01,정상,슈즈,126363.63636363635,1.0,316727.2727272727,2.0
2025-11-01,정상,스포츠,0.0,0.0,131090.9090909091,1.0
2025-11-01,정상,여성,1714545.4545454548,4.0,14598363.636363633,23.0
2025-11-01,정상,잡화,3983236.3636363633,22.0,6550681.818181818,40.0
2025-11-02,이월,골프,4372409.090909091,17.0,15978245.454545448,72.0
2025-11-02,이월,남성,21138599.999999996,71.0,78416536.36363631,217.0
2025-11-02,이월,슈즈,576090.909090909,4.0,1359272.727272727,8.0
2025-11-02,이월,스포츠,164818.1818181818,1.0,1712727.2727272727,17.0
2025-11-02,이월,여성,11094136.363636365,34.0,70010545.45454545,163.0
2025-11-02,이월,잡화,2615127.2727272725,22.0,11625054.545454547,57.0
2025-11-02,입점,골프,1596309.0909090908,9.0,9521545.454545453,75.0
2025-11-02,입점,남성,226999.99999999997,3.0,4816081.818181818,49.0
2025-11-02,입점,리빙,845363.6363636364,12.0,3847654.5454545445,50.0
2025-11-02,입점,명품,1718181.818181818,5.0,12638818.181818182,25.0
2025-11-02,입점,뷰티,942536.3636363638,22.0,2444672.7272727266,47.0
2025-11-02,입점,슈즈,122727.27272727272,1.0,847418.1818181818,3.0
2025-11-02,입점,스포츠,932363.6363636364,11.0,2618372.7272727266,42.0
2025-11-02,입점,아웃도어,1360754.5454545454,14.0,8791690.909090906,70.0
2025-11-02,입점,여성,365454.5454545453,4.0,5234145.454545455,42.0
2025-11-02,입점,잡화,1496681.8181818181,4.0,95854.54545454544,8.0
2025-11-02,입점,키즈,436454.54545454547,5.0,2848200.0,36.0
2025-11-02,정상,골프,1392000.0,6.0,3370681.818181818,18.0
2025-11-02,정상,남성,7641045.454545455,22.0,24172454.545454543,81.0
2025-11-02,정상,뷰티,18000.0,2.0,113636.36363636362,2.0
2025-11-02,정상,슈즈,737318.1818181818,4.0,704000.0,4.0
2025-11-02,정상,스포츠,324545.45454545453,2.0,0.0,0.0
2025-11-02,정상,여성,2800000.0,6.0,16842545.45454545,32.0
2025-11-02,정상,잡화,7977772.7272727275,50.0,10728581.818181818,77.0
2025-11-03,이월,골프,2789318.181818181,12.0,9044236.363636363,50.0
2025-11-03,이월,남성,10672918.18181818,36.0,18913972.72727273,84.0
2025-11-03,이월,슈즈,69363.63636363635,1.0,648181.8181818181,6.0
2025-11-03,이월,스포츠,149727.2727272727,1.0,136454.54545454544,2.0
2025-11-03,이월,여성,8327909.09090909,27.0,22924590.909090906,61.0
2025-11-03,이월,잡화,4121654.545454545,32.0,10764563.636363635,65.0
2025-11-03,입점,OFM,0.0,0.0,-244545.45454545453,-1.0
2025-11-03,입점,골프,3746363.6363636353,13.0,3556290.9090909087,39.0
2025-11-03,입점,남성,313318.18181818177,4.0,5407154.545454546,44.0
2025-11-03,입점,리빙,504536.3636363636,10.0,4018563.6363636353,44.0
2025-11-03,입점,명품,5254454.545454546,11.0,9285818.18181818,16.0
2025-11-03,입점,뷰티,788354.5454545456,16.0,1738518.1818181814,31.0
2025-11-03,입점,슈즈,69181.81818181818,1.0,599200.0,4.0
2025-11-03,입점,스포츠,-398227.2727272727,-2.0,1084545.4545454544,18.0
2025-11-03,입점,아웃도어,-240818.18181818188,-2.0,4442454.545454545,43.0
2025-11-03,입점,여성,-381427.2727272727,-1.0,-1052300.0,10.0
2025-11-03,입점,잡화,270909.0909090909,4.0,-3796227.272727272,7.0
2025-11-03,입점,키즈,392545.4545454545,5.0,4023036.363636363,48.0
2025-11-03,정상,골프,783227.2727272728,7.0,2960872.727272727,16.0
2025-11-03,정상,남성,4143818.181818182,14.0,13661090.909090908,57.0
2025-11-03,정상,뷰티,78181.81818181818,1.0,664818.1818181819,5.0
2025-11-03,정상,슈즈,62727.272727272735,1.0,234545.45454545453,1.0
2025-11-03,정상,스포츠,-389999.99999999994,-1.0,170909.09090909088,2.0
2025-11-03,정상,여성,4938181.818181818,8.0,9014272.727272727,17.0
2025-11-03,정상,잡화,4204436.363636362,37.0,6476281.818181818,39.0
2025-11-04,이월,골프,2444700.0000000005,14.0,7283818.181818182,24.0
2025-11-04,이월,남성,9739799.999999998,27.0,22613454.545454543,82.0
2025-11-04,이월,슈즈,13681.818181818162,1.0,38000.00000000003,4.0
2025-11-04,이월,스포츠,58636.36363636363,1.0,766818.1818181816,6.0
2025-11-04,이월,여성,8108318.181818182,26.0,23041500.0,64.0
2025-11-04,이월,잡화,1357781.8181818181,13.0,5795281.818181817,42.0
2025-11-04,입점,골프,2129772.727272727,13.0,2519399.999999999,27.0
2025-11-04,입점,남성,742690.909090909,9.0,7807345.454545453,38.0
2025-11-04,입점,리빙,1970636.363636363,12.0,2250163.6363636362,31.0
2025-11-04,입점,명품,-1310272.727272727,7.0,4794327.2727272725,10.0
2025-11-04,입점,뷰티,557072.7272727272,12.0,896781.8181818182,24.0
2025-11-04,입점,슈즈,190818.18181818182,2.0,1059681.8181818181,9.0
2025-11-04,입점,스포츠,676136.3636363636,10.0,533954.5454545454,15.0
2025-11-04,입점,아웃도어,360000.0,8.0,1107863.636363636,2.0
2025-11-04,입점,여성,362745.45454545453,3.0,26536.363636363385,8.0
2025-11-04,입점,잡화,27927.272727272724,1.0,-68772.7272727272,9.0
2025-11-04,입점,키즈,311909.09090909094,3.0,2232118.181818181,27.0
2025-11-04,정상,골프,301909.0909090909,2.0,1808327.2727272727,13.0
2025-11-04,정상,남성,6441363.636363635,15.0,7095863.636363638,36.0
2025-11-04,정상,뷰티,20000.0,1.0,114000.0,2.0
2025-11-04,정상,슈즈,36363.63636363635,0.0,-325454.5454545454,-1.0
2025-11-04,정상,스포츠,289090.90909090906,2.0,243636.3636363636,1.0
2025-11-04,정상,여성,1270000.0,2.0,8853545.454545453,11.0
2025-11-04,정상,잡화,4774000.0,33.0,10066863.636363637,73.0
2025-11-05,이월,골프,1597427.2727272727,9.0,2542172.727272727,15.0
2025-11-05,이월,남성,10166145.454545457,34.0,27968354.54545454,66.0
2025-11-05,이월,슈즈,574636.3636363635,5.0,153772.72727272724,2.0
2025-11-05,이월,스포츠,157181.81818181818,2.0,67909.09090909088,1.0
2025-11-05,이월,여성,4976727.272727273,9.0,15729454.545454543,38.0
2025-11-05,이월,잡화,2888072.7272727275,27.0,8501199.999999996,52.0
2025-11-05,입점,골프,221972.72727272724,7.0,783299.9999999995,8.0
2025-11-05,입점,남성,496545.4545454544,6.0,3068654.5454545445,22.0
2025-11-05,입점,리빙,927454.5454545454,11.0,3392909.0909090904,29.0
2025-11-05,입점,명품,-1914818.1818181816,2.0,3825909.090909091,20.0
2025-11-05,입점,뷰티,916363.6363636364,21.0,786490.9090909092,20.0
2025-11-05,입점,슈즈,227818.1818181818,1.0,932354.5454545453,7.0
2025-11-05,입점,스포츠,604136.3636363636,8.0,631927.2727272727,13.0
2025-11-05,입점,아웃도어,569181.8181818182,5.0,3595427.272727272,30.0
2025-11-05,입점,여성,496327.2727272727,5.0,2313972.7272727275,14.0
2025-11-05,입점,잡화,139909.09090909088,3.0,1674045.4545454544,9.0
2025-11-05,입점,키즈,429545.4545454545,4.0,396090.909090909,6.0
2025-11-05,정상,골프,664909.0909090908,3.0,1568663.636363636,11.0
2025-11-05,정상,남성,5075227.272727273,18.0,13277318.18181818,46.0
2025-11-05,정상,뷰티,9000.0,1.0,238181.81818181818,5.0
2025-11-05,정상,슈즈,342727.2727272727,3.0,641818.1818181818,3.0
2025-11-05,정상,스포츠,0.0,0.0,144545.45454545453,1.0
2025-11-05,정상,여성,-36363.63636363638,-1.0,7901090.909090909,7.0
2025-11-05,정상,잡화,5295690.909090909,38.0,7775081.818181818,62.0
2025-11-06,이월,골프,1000136.3636363635,7.0,5343127.272727273,26.0
2025-11-06,이월,남성,9362254.545454541,34.0,20710263.636363637,63.0
2025-11-06,이월,슈즈,111636.36363636362,1.0,1104545.4545454546,6.0
2025-11-06,이월,스포츠,149545.45454545453,1.0,214545.45454545453,4.0
2025-11-06,이월,여성,606454.5454545451,3.0,12715709.09090909,19.0
2025-11-06,이월,잡화,1359509.0909090908,8.0,7834400.0,46.0
2025-11-06,입점,골프,919109.0909090908,0.0,4001590.909090909,32.0
2025-11-06,입점,남성,41363.63636363636,0.0,4178499.9999999995,19.0
2025-11-06,입점,리빙,212909.09090909094,8.0,3165005.4545454537,24.0
2025-11-06,입점,명품,2502909.090909091,4.0,19388181.81818182,24.0
2025-11-06,입점,뷰티,600681.8181818181,11.0,1015454.5454545454,24.0
2025-11-06,입점,슈즈,169090.9090909091,2.0,2061909.0909090906,13.0
2025-11-06,입점,스포츠,162636.36363636362,4.0,1269136.3636363635,6.0
2025-11-06,입점,아웃도어,127545.45454545459,4.0,1111900.0,7.0
2025-11-06,입점,여성,1058290.9090909092,5.0,3294863.6363636353,26.0
2025-11-06,입점,잡화,465799.99999999994,3.0,1741163.6363636362,14.0
2025-11-06,입점,키즈,355372.7272727273,5.0,3102572.7272727275,35.0
2025-11-06,정상,골프,138318.1818181818,1.0,2337054.5454545454,15.0
2025-11-06,정상,남성,5127272.727272727,13.0,15468090.909090908,36.0
2025-11-06,정상,뷰티,119909.0909090909,3.0,146090.90909090906,3.0
2025-11-06,정상,슈즈,316363.63636363635,2.0,767272.7272727272,5.0
2025-11-06,정상,스포츠,-172727.27272727274,0.0,0.0,0.0
2025-11-06,정상,여성,-149727.27272727288,0.0,8068909.090909088,19.0
2025-11-06,정상,잡화,4265399.999999999,28.0,7695072.727272725,52.0
2025-11-07,이월,골프,1744181.818181818,7.0,2702309.0909090904,17.0
2025-11-07,이월,남성,3812390.9090909082,22.0,13489754.545454541,38.0
2025-11-07,이월,슈즈,130272.72727272726,3.0,96545.45454545453,1.0
2025-11-07,이월,스포츠,705181.8181818181,4.0,1111363.6363636362,9.0
2025-11-07,이월,여성,-1087227.2727272727,8.0,20524818.181818184,49.0
2025-11-07,이월,잡화,3061563.636363636,19.0,8486509.090909092,49.0
2025-11-07,입점,골프,1326200.0,5.0,2317900.0,17.0
2025-11-07,입점,남성,981481.8181818181,4.0,2783009.0909090904,20.0
2025-11-07,입점,리빙,806363.6363636364,7.0,6369799.999999997,25.0
2025-11-07,입점,명품,-234909.09090909085,0.0,4141181.818181817,9.0
2025-11-07,입점,뷰티,349572.7272727273,8.0,1063163.6363636362,16.0
2025-11-07,입점,슈즈,583272.7272727273,3.0,1208863.6363636362,9.0
2025-11-07,입점,스포츠,167909.09090909088,2.0,18363.636363636324,12.0
2025-11-07,입점,아웃도어,311727.2727272727,2.0,-566636.3636363638,2.0
2025-11-07,입점,여성,651109.0909090908,4.0,4331245.454545453,20.0
2025-11-07,입점,잡화,186181.81818181818,3.0,1646363.6363636362,9.0
2025-11-07,입점,키즈,173272.72727272726,4.0,1228918.1818181816,16.0
2025-11-07,정상,골프,408727.2727272727,4.0,2363581.818181818,2.0
2025-11-07,정상,남성,3970772.7272727266,13.0,12195409.090909088,39.0
2025-11-07,정상,뷰티,132818.1818181818,4.0,24999.999999999996,1.0
2025-11-07,정상,슈즈,99090.90909090909,1.0,816545.4545454545,3.0
2025-11-07,정상,스포츠,0.0,0.0,-136363.63636363635,-1.0
2025-11-07,정상,여성,2816545.454545454,6.0,6655818.18181818,19.0
2025-11-07,정상,잡화,3230090.909090909,23.0,3599418.1818181816,34.0
2025-11-08,이월,골프,1852309.090909091,10.0,6528645.454545455,31.0
2025-11-08,이월,남성,6860509.09090909,22.0,38140509.090909064,93.0
2025-11-08,이월,슈즈,468818.18181818177,3.0,1111000.0,6.0
2025-11-08,이월,스포츠,31181.81818181818,1.0,828181.8181818181,7.0
2025-11-08,이월,여성,5815000.0,11.0,30832863.636363618,51.0
2025-11-08,이월,잡화,1989890.909090909,13.0,6184945.454545454,39.0
2025-11-08,입점,골프,1942090.9090909092,7.0,3505745.4545454537,32.0
2025-11-08,입점,남성,1289463.6363636365,5.0,8258827.272727269,45.0
2025-11-08,입점,리빙,680909.0909090909,7.0,3171536.3636363638,25.0
2025-11-08,입점,명품,886363.6363636364,2.0,15408272.727272725,28.0
2025-11-08,입점,뷰티,354809.0909090909,8.0,1256581.818181818,21.0
2025-11-08,입점,슈즈,-117272.72727272726,-1.0,1191636.3636363635,8.0
2025-11-08,입점,스포츠,276818.18181818177,3.0,2263590.909090909,31.0
2025-11-08,입점,아웃도어,341181.8181818181,5.0,1825772.727272727,19.0
2025-11-08,입점,여성,553000.0,6.0,6554027.272727271,45.0
2025-11-08,입점,잡화,185818.18181818182,3.0,-350681.8181818181,14.0
2025-11-08,입점,키즈,296363.6363636363,3.0,2377272.7272727275,27.0
2025-11-08,정상,골프,273636.36363636365,2.0,1292145.4545454546,7.0
2025-11-08,정상,남성,5438227.2727272725,12.0,14413954.545454545,32.0
2025-11-08,정상,뷰티,105181.81818181818,3.0,437909.0909090909,3.0
2025-11-08,정상,슈즈,342727.2727272727,3.0,843818.1818181816,4.0
2025-11-08,정상,스포츠,-144545.45454545453,-1.0,253636.36363636362,0.0
2025-11-08,정상,여성,1339181.818181818,5.0,15673999.999999998,27.0
2025-11-08,정상,잡화,3279818.1818181816,22.0,7575481.8181818165,41.0
2025-11-09,이월,골프,2588727.2727272725,10.0,13853363.636363637,60.0
2025-11-09,이월,남성,13430354.545454547,44.0,49509781.81818179,165.0
2025-11-09,이월,슈즈,-105272.72727272726,0.0,235454.54545454547,2.0
2025-11-09,이월,스포츠,512636.36363636353,4.0,107545.45454545453,1.0
2025-11-09,이월,여성,5576090.909090909,16.0,61900681.81818179,134.0
2025-11-09,이월,잡화,5876945.454545454,24.0,14442618.18181818,71.0
2025-11-09,입점,골프,2314781.818181818,13.0,3962627.2727272715,37.0
2025-11-09,입점,남성,469981.8181818181,4.0,8079699.999999997,62.0
2025-11-09,입점,리빙,436636.36363636353,6.0,1943963.6363636365,32.0
2025-11-09,입점,명품,1680000.0,4.0,14240818.181818182,23.0
2025-11-09,입점,뷰티,522745.4545454544,12.0,1370954.5454545456,43.0
2025-11-09,입점,슈즈,603899.9999999999,6.0,1179363.6363636362,7.0
2025-11-09,입점,스포츠,358363.63636363635,7.0,2721090.909090909,44.0
2025-11-09,입점,아웃도어,575727.2727272726,6.0,3759872.727272727,25.0
2025-11-09,입점,여성,150709.0909090909,1.0,6859090.909090911,48.0
2025-11-09,입점,잡화,289090.90909090906,1.0,1307627.2727272722,18.0
2025-11-09,입점,키즈,515136.36363636365,5.0,2560954.5454545454,33.0
2025-11-09,정상,골프,171818.1818181818,1.0,3670209.0909090904,17.0
2025-11-09,정상,남성,12113818.181818182,32.0,33197090.909090903,97.0
2025-11-09,정상,뷰티,0.0,0.0,511999.99999999994,3.0
2025-11-09,정상,슈즈,117272.72727272726,1.0,1384545.4545454546,5.0
2025-11-09,정상,여성,1974090.909090909,6.0,20187727.272727277,40.0
2025-11-09,정상,잡화,4050818.1818181807,24.0,11486981.818181816,81.0
2025-11-10,이월,골프,639881.8181818182,5.0,5930872.727272726,23.0
2025-11-10,이월,남성,8141099.999999998,29.0,39195254.54545454,109.0
2025-11-10,이월,슈즈,290727.2727272727,4.0,213545.45454545453,-1.0
2025-11-10,이월,스포츠,244545.45454545453,2.0,760000.0,8.0
2025-11-10,이월,여성,1073772.7272727275,13.0,23435590.909090895,56.0
2025-11-10,이월,잡화,3758763.636363636,25.0,8533654.545454545,44.0
2025-11-10,입점,골프,-601981.8181818181,2.0,5776754.545454547,34.0
2025-11-10,입점,남성,902845.4545454545,12.0,6483000.0,45.0
2025-11-10,입점,리빙,740363.6363636361,9.0,1859381.8181818186,22.0
2025-11-10,입점,명품,3875000.0,7.0,-6891845.454545457,18.0
2025-11-10,입점,뷰티,703154.5454545455,17.0,1253427.2727272725,21.0
2025-11-10,입점,슈즈,-409000.0,-3.0,445581.8181818181,2.0
2025-11-10,입점,스포츠,935090.9090909092,8.0,2669863.6363636353,26.0
2025-11-10,입점,아웃도어,-88454.54545454547,0.0,-42390.909090908885,10.0
2025-11-10,입점,여성,364200.00000000006,0.0,2784072.727272727,14.0
2025-11-10,입점,잡화,351090.90909090906,2.0,1069100.0000000002,6.0
2025-11-10,입점,키즈,73636.36363636362,1.0,2243527.272727273,31.0
2025-11-10,정상,골프,265272.7272727273,6.0,1189509.0909090906,8.0
2025-11-10,정상,남성,8225554.545454547,19.0,22391136.36363637,53.0
2025-11-10,정상,뷰티,22909.090909090908,1.0,0.0,0.0
2025-11-10,정상,슈즈,244545.45454545456,1.0,26909.090909090883,1.0
2025-11-10,정상,스포츠,-99090.90909090909,-1.0,290000.0,0.0
2025-11-10,정상,여성,-2535454.5454545454,3.0,17887272.72727273,21.0
2025-11-10,정상,잡화,7480827.2727272725,50.0,9608418.18181818,63.0
2025-11-11,이월,골프,2156590.909090909,11.0,5204890.909090907,24.0
2025-11-11,이월,남성,6682054.545454546,27.0,30719536.36363636,83.0
2025-11-11,이월,슈즈,307545.4545454545,3.0,561000.0,3.0
2025-11-11,이월,스포츠,1257818.1818181816,4.0,471727.2727272727,4.0
2025-11-11,이월,여성,-2472999.999999999,1.0,15039636.36363636,37.0
2025-11-11,이월,잡화,1141727.2727272725,9.0,7497427.2727272725,53.0
2025-11-11,입점,골프,693999.9999999999,8.0,6128236.363636363,42.0
2025-11-11,입점,남성,86518.18181818188,9.0,6672618.181818183,43.0
2025-11-11,입점,리빙,387090.90909090906,4.0,2469645.4545454537,18.0
2025-11-11,입점,명품,2673454.545454545,6.0,14072636.363636361,27.0
2025-11-11,입점,뷰티,1326390.909090909,23.0,2093218.1818181812,30.0
2025-11-11,입점,슈즈,180000.0,1.0,736518.1818181819,4.0
2025-11-11,입점,스포츠,28772.72727272728,2.0,4903818.181818182,24.0
2025-11-11,입점,아웃도어,398999.99999999994,5.0,1108772.727272727,13.0
2025-11-11,입점,여성,721545.4545454545,4.0,9894499.999999998,31.0
2025-11-11,입점,잡화,90000.0,1.0,1980545.4545454546,17.0
2025-11-11,입점,키즈,250045.4545454545,4.0,1802936.3636363638,31.0
2025-11-11,정상,골프,611999.9999999999,3.0,2161418.1818181816,12.0
2025-11-11,정상,남성,5283136.363636363,23.0,28877400.0,87.0
2025-11-11,정상,뷰티,0.0,0.0,32727.272727272724,1.0
2025-11-11,정상,슈즈,433636.3636363636,3.0,1012909.0909090909,6.0
2025-11-11,정상,스포츠,0.0,0.0,443636.36363636365,1.0
2025-11-11,정상,여성,1728090.909090909,4.0,6051090.909090908,10.0
2025-11-11,정상,잡화,6247181.818181818,43.0,8418727.272727272,61.0
2025-11-12,이월,골프,799499.9999999999,5.0,6270063.636363637,25.0
2025-11-12,이월,남성,7476854.545454545,17.0,29367409.09090909,93.0
2025-11-12,이월,슈즈,455772.72727272724,3.0,231227.27272727274,2.0
2025-11-12,이월,스포츠,0.0,0.0,669818.1818181816,8.0
2025-11-12,이월,여성,9812727.27272727,25.0,19836045.454545442,44.0
2025-11-12,이월,잡화,2806454.5454545454,22.0,8364445.454545455,52.0
2025-11-12,입점,골프,4281854.545454546,16.0,3673018.181818182,35.0
2025-11-12,입점,남성,2240818.181818182,12.0,6746745.454545452,70.0
2025-11-12,입점,리빙,1156090.909090909,14.0,1874218.1818181819,21.0
2025-11-12,입점,명품,4435454.545454545,9.0,10426636.363636361,29.0
2025-11-12,입점,뷰티,247100.0,6.0,1306281.818181818,30.0
2025-11-12,입점,슈즈,17363.636363636368,0.0,2101136.3636363638,12.0
2025-11-12,입점,스포츠,1572818.1818181816,7.0,3435581.8181818184,26.0
2025-11-12,입점,아웃도어,473000.0,4.0,1933272.7272727278,16.0
2025-11-12,입점,여성,917909.0909090909,5.0,6878799.999999997,37.0
2025-11-12,입점,잡화,30363.636363636353,1.0,6705390.909090906,17.0
2025-11-12,입점,키즈,628636.3636363635,6.0,1261409.0909090906,20.0
2025-11-12,정상,골프,679499.9999999999,4.0,2472318.181818182,12.0
2025-11-12,정상,남성,8240454.545454547,30.0,25498763.63636362,75.0
2025-11-12,정상,뷰티,156363.63636363635,2.0,0.0,0.0
2025-11-12,정상,슈즈,695454.5454545454,5.0,1601000.0,3.0
2025-11-12,정상,스포츠,0.0,0.0,958181.8181818181,5.0
2025-11-12,정상,여성,-204545.45454545447,4.0,2520454.5454545454,3.0
2025-11-12,정상,잡화,4998590.909090907,39.0,5241318.181818182,31.0
2025-11-13,이월,골프,194672.72727272706,7.0,8833772.72727273,36.0
2025-11-13,이월,남성,9209181.81818182,24.0,23276818.181818184,65.0
2025-11-13,이월,슈즈,233454.54545454544,2.0,1356545.4545454546,2.0
2025-11-13,이월,스포츠,238363.63636363632,2.0,812454.5454545453,7.0
2025-11-13,이월,여성,6095727.2727272725,23.0,4324045.454545458,34.0
2025-11-13,이월,잡화,1908454.545454545,17.0,6690854.545454546,56.0
2025-11-13,입점,골프,1343154.5454545454,8.0,4728254.545454545,38.0
2025-11-13,입점,남성,1090881.8181818181,9.0,6253227.272727273,39.0
2025-11-13,입점,리빙,621454.5454545454,10.0,4674727.272727272,24.0
2025-11-13,입점,명품,3193272.7272727266,3.0,17008727.27272727,27.0
2025-11-13,입점,뷰티,651500.0,16.0,1012563.6363636364,24.0
2025-11-13,입점,슈즈,0.0,0.0,137636.36363636362,2.0
2025-11-13,입점,스포츠,1001727.2727272727,11.0,792590.909090909,27.0
2025-11-13,입점,아웃도어,553727.2727272726,1.0,2345454.5454545454,26.0
2025-11-13,입점,여성,816354.5454545455,5.0,4322163.636363635,30.0
2025-11-13,입점,잡화,39545.45454545456,3.0,1305845.4545454546,5.0
2025-11-13,입점,키즈,389181.8181818182,3.0,1960163.6363636358,26.0
2025-11-13,정상,골프,351227.2727272727,3.0,2630336.3636363633,10.0
2025-11-13,정상,남성,14269518.18181818,36.0,48642509.09090908,162.0
2025-11-13,정상,뷰티,174454.54545454544,3.0,52727.27272727272,2.0
2025-11-13,정상,슈즈,-117272.72727272726,-1.0,-217272.72727272724,-2.0
2025-11-13,정상,스포츠,98999.99999999999,2.0,-127272.72727272726,0.0
2025-11-13,정상,여성,3264818.1818181816,11.0,10185818.181818184,19.0
2025-11-13,정상,잡화,4596690.909090908,36.0,4919272.727272727,42.0
2025-11-14,이월,골프,1249909.0909090906,5.0,5702145.454545452,22.0
2025-11-14,이월,남성,8206963.636363634,14.0,15446227.272727268,56.0
2025-11-14,이월,슈즈,99545.45454545454,1.0,672909.0909090908,6.0
2025-11-14,이월,스포츠,280090.90909090906,3.0,1820545.4545454544,19.0
2025-11-14,이월,여성,-1386090.9090909099,5.0,24282545.454545453,49.0
2025-11-14,이월,잡화,2215572.727272727,18.0,4699963.636363637,37.0
2025-11-14,입점,골프,1781709.0909090908,12.0,5208409.090909089,35.0
2025-11-14,입점,남성,1243672.7272727273,9.0,4645727.2727272725,34.0
2025-11-14,입점,리빙,561854.5454545454,6.0,5154090.909090909,23.0
2025-11-14,입점,명품,3996363.636363636,10.0,10723818.181818182,17.0
2025-11-14,입점,뷰티,1129699.9999999998,18.0,1496799.9999999995,25.0
2025-11-14,입점,슈즈,253272.72727272726,1.0,-405818.18181818177,-2.0
2025-11-14,입점,스포츠,3519545.4545454546,9.0,3381854.5454545454,29.0
2025-11-14,입점,아웃도어,762000.0,6.0,648090.9090909091,4.0
2025-11-14,입점,여성,550527.2727272727,4.0,5389745.454545453,31.0
2025-11-14,입점,잡화,124299.99999999999,3.0,645381.8181818181,12.0
2025-11-14,입점,키즈,231390.90909090906,5.0,1187090.909090909,12.0
2025-11-14,정상,골프,357545.45454545453,3.0,1810954.545454545,9.0
2025-11-14,정상,남성,9363836.36363636,35.0,21350190.909090914,88.0
2025-11-14,정상,뷰티,0.0,0.0,47272.72727272727,1.0
2025-11-14,정상,슈즈,249090.9090909091,2.0,-100909.09090909097,1.0
2025-11-14,정상,스포츠,483636.3636363636,4.0,99090.90909090909,1.0
2025-11-14,정상,여성,1505727.2727272722,4.0,-501181.8181818176,10.0
2025-11-14,정상,잡화,3808545.454545454,33.0,5968227.2727272725,45.0
2025-11-15,이월,골프,3213954.5454545454,13.0,9787881.818181816,40.0
2025-11-15,이월,남성,12790518.18181818,40.0,39095100.0,114.0
2025-11-15,이월,슈즈,-46909.090909090904,-1.0,1203818.1818181816,6.0
2025-11-15,이월,스포츠,221090.9090909091,2.0,1346272.727272727,15.0
2025-11-15,이월,여성,11356272.727272723,22.0,37667772.72727272,77.0
2025-11-15,이월,잡화,1344127.2727272727,12.0,7640036.363636362,53.0
2025-11-15,입점,골프,1276645.4545454546,11.0,7074527.272727272,53.0
2025-11-15,입점,남성,647836.3636363635,6.0,6229527.2727272725,53.0
2025-11-15,입점,리빙,885545.4545454546,10.0,10034054.545454543,25.0
2025-11-15,입점,명품,383636.36363636353,4.0,14996636.363636361,29.0
2025-11-15,입점,뷰티,863363.6363636364,14.0,1596890.9090909092,31.0
2025-11-15,입점,슈즈,316909.0909090909,1.0,1390181.8181818184,10.0
2025-11-15,입점,스포츠,785681.8181818179,9.0,3904327.2727272725,43.0
2025-11-15,입점,아웃도어,348000.0,4.0,2982418.1818181816,25.0
2025-11-15,입점,여성,598818.1818181816,5.0,8240390.909090909,44.0
2025-11-15,입점,잡화,194872.72727272726,2.0,4309563.636363636,14.0
2025-11-15,입점,키즈,452272.7272727273,5.0,4390945.454545454,37.0
2025-11-15,정상,골프,0.0,0.0,2207290.9090909087,12.0
2025-11-15,정상,남성,3371490.909090909,14.0,14194463.636363637,58.0
2025-11-15,정상,뷰티,78181.81818181818,1.0,65454.54545454545,1.0
2025-11-15,정상,슈즈,270909.0909090909,2.0,259181.81818181818,2.0
2025-11-15,정상,스포츠,243636.36363636362,2.0,434545.4545454545,2.0
2025-11-15,정상,여성,1702000.0,6.0,9483545.454545455,18.0
2025-11-15,정상,잡화,3364454.5454545454,24.0,5803481.8181818165,37.0
2025-11-16,이월,골프,2794545.4545454546,13.0,15399827.27272727,67.0
2025-11-16,이월,남성,11699045.454545457,41.0,44825090.90909091,139.0
2025-11-16,이월,슈즈,273863.63636363635,3.0,2738045.4545454546,15.0
2025-11-16,이월,스포츠,603727.2727272727,5.0,610454.5454545454,5.0
2025-11-16,이월,여성,6946636.363636362,19.0,62654954.54545452,122.0
2025-11-16,이월,잡화,2540799.9999999995,18.0,8005590.909090907,64.0
2025-11-16,입점,골프,1637127.2727272725,13.0,6991063.636363639,57.0
2025-11-16,입점,남성,1556163.6363636362,11.0,7466609.090909091,60.0
2025-11-16,입점,리빙,737818.1818181818,10.0,4264509.090909092,29.0
2025-11-16,입점,명품,2030181.818181818,6.0,26022127.272727273,46.0
2025-11-16,입점,뷰티,1198836.3636363635,18.0,1042063.6363636367,28.0
2025-11-16,입점,슈즈,0.0,0.0,1779954.5454545454,9.0
2025-11-16,입점,스포츠,486100.0,7.0,3151936.3636363633,40.0
2025-11-16,입점,아웃도어,419545.4545454545,7.0,7126727.27272727,39.0
2025-11-16,입점,여성,619054.5454545453,4.0,5889245.454545451,42.0
2025-11-16,입점,잡화,0.0,0.0,9246545.454545451,24.0
2025-11-16,입점,키즈,343909.0909090908,3.0,5785463.636363636,54.0
2025-11-16,정상,골프,629454.5454545454,5.0,4682100.0,20.0
2025-11-16,정상,남성,8711300.000000002,28.0,24789200.0,82.0
2025-11-16,정상,뷰티,19090.90909090909,1.0,144818.18181818182,2.0
2025-11-16,정상,슈즈,334727.2727272727,2.0,180000.0,2.0
2025-11-16,정상,여성,6716090.909090907,13.0,20665181.81818182,32.0
2025-11-16,정상,잡화,5797845.454545455,34.0,8440681.81818182,51.0
2025-11-17,이월,골프,2003409.0909090908,8.0,7684090.909090908,38.0
2025-11-17,이월,남성,16194563.636363639,34.0,30635436.363636352,104.0
2025-11-17,이월,슈즈,933454.5454545454,8.0,4210136.363636362,25.0
2025-11-17,이월,스포츠,566090.9090909091,5.0,291090.90909090906,2.0
2025-11-17,이월,여성,5920318.181818181,26.0,22892772.727272727,57.0
2025-11-17,이월,잡화,2567054.545454545,23.0,8353254.545454545,61.0
2025-11-17,입점,골프,1479336.3636363638,8.0,4425000.0,44.0
2025-11-17,입점,남성,1539745.4545454546,14.0,4885918.181818183,54.0
2025-11-17,입점,리빙,941418.1818181816,7.0,2493818.1818181816,22.0
2025-11-17,입점,명품,-136818.18181818165,5.0,-11074272.727272727,-17.0
2025-11-17,입점,뷰티,728727.2727272727,12.0,2196345.4545454546,40.0
2025-11-17,입점,슈즈,0.0,0.0,1139818.1818181819,9.0
2025-11-17,입점,스포츠,531590.9090909091,7.0,837572.7272727273,16.0
2025-11-17,입점,아웃도어,566909.0909090909,12.0,1860636.3636363638,4.0
2025-11-17,입점,여성,-412527.2727272727,2.0,-242100.00000000017,6.0
2025-11-17,입점,잡화,152772.72727272726,2.0,1958763.6363636367,20.0
2025-11-17,입점,키즈,410836.36363636365,7.0,5939536.363636363,48.0
2025-11-17,정상,골프,572045.4545454546,3.0,3982772.727272727,15.0
2025-11-17,정상,남성,3948909.090909091,14.0,13734109.090909094,59.0
2025-11-17,정상,뷰티,140909.09090909088,2.0,47272.72727272727,1.0
2025-11-17,정상,슈즈,-126363.63636363635,-1.0,236909.09090909088,0.0
2025-11-17,정상,스포츠,0.0,0.0,176363.63636363635,2.0
2025-11-17,정상,여성,1973272.727272727,4.0,-1013363.6363636358,8.0
2025-11-17,정상,잡화,5854245.454545453,48.0,4566618.181818182,45.0
2025-11-18,이월,골프,1655536.3636363635,7.0,6229563.636363636,26.0
2025-11-18,이월,남성,2134790.9090909087,18.0,29731890.909090903,107.0
2025-11-18,이월,슈즈,371909.0909090908,3.0,2499272.7272727266,16.0
2025-11-18,이월,스포츠,50000.0,0.0,834272.7272727272,6.0
2025-11-18,이월,여성,832727.2727272728,2.0,22176454.545454554,68.0
2025-11-18,이월,잡화,1236127.272727273,16.0,8457890.90909091,60.0
2025-11-18,입점,골프,-51709.09090909096,7.0,6812636.363636365,37.0
2025-11-18,입점,남성,763163.6363636362,5.0,4958936.363636365,36.0
2025-11-18,입점,리빙,242432.72727272726,6.0,2694309.090909091,19.0
2025-11-18,입점,명품,2280000.0,4.0,6313545.454545453,17.0
2025-11-18,입점,뷰티,586545.4545454545,11.0,1111690.9090909092,24.0
2025-11-18,입점,슈즈,309090.90909090906,2.0,1187363.6363636362,4.0
2025-11-18,입점,스포츠,970863.6363636364,8.0,2319227.2727272725,30.0
2025-11-18,입점,아웃도어,872136.3636363635,8.0,1777090.9090909094,22.0
2025-11-18,입점,여성,897109.0909090909,7.0,-4677499.999999997,0.0
2025-11-18,입점,잡화,-1840145.4545454544,2.0,4571536.363636363,13.0
2025-11-18,입점,키즈,1093409.0909090908,12.0,7100460.909090908,81.0
2025-11-18,정상,골프,694500.0,6.0,4231890.909090909,16.0
2025-11-18,정상,남성,3319545.454545454,4.0,15389736.36363636,48.0
2025-11-18,정상,뷰티,0.0,0.0,74999.99999999999,3.0
2025-11-18,정상,슈즈,-54545.45454545453,0.0,1024454.5454545454,4.0
2025-11-18,정상,스포츠,0.0,0.0,144545.45454545453,1.0
2025-11-18,정상,여성,1781090.9090909092,2.0,9302181.818181816,26.0
2025-11-18,정상,잡화,4995072.727272729,38.0,7855227.272727272,61.0
2025-11-19,이월,골프,1623227.2727272725,9.0,8597372.727272727,34.0
2025-11-19,이월,남성,2056390.909090909,15.0,13429800.000000002,51.0
2025-11-19,이월,슈즈,494636.36363636365,5.0,1142545.4545454544,8.0
2025-11-19,이월,스포츠,-23454.545454545456,0.0,559454.5454545454,5.0
2025-11-19,이월,여성,1157636.3636363635,9.0,16984000.0,34.0
2025-11-19,이월,잡화,1383890.909090909,13.0,6776190.909090908,52.0
2025-11-19,입점,골프,784272.7272727272,8.0,3438527.272727273,32.0
2025-11-19,입점,남성,182436.36363636362,1.0,-1015381.8181818184,18.0
2025-11-19,입점,리빙,409909.0909090909,5.0,1663718.1818181819,17.0
2025-11-19,입점,명품,-1034545.4545454545,1.0,9536545.454545453,17.0
2025-11-19,입점,뷰티,274636.36363636365,7.0,1588436.3636363633,16.0
2025-11-19,입점,슈즈,179000.0,2.0,1265727.2727272727,9.0
2025-11-19,입점,스포츠,374000.0,5.0,1997481.8181818184,21.0
2025-11-19,입점,아웃도어,13545.454545454537,4.0,3062772.7272727275,22.0
2025-11-19,입점,여성,802709.0909090908,6.0,-92190.909090909,14.0
2025-11-19,입점,잡화,257772.72727272726,2.0,2513390.909090909,12.0
2025-11-19,입점,키즈,334909.0909090909,7.0,4140409.0909090918,48.0
2025-11-19,정상,골프,153772.72727272724,2.0,1785390.909090909,12.0
2025-11-19,정상,남성,3457609.0909090904,10.0,6438736.363636361,23.0
2025-11-19,정상,뷰티,78181.81818181818,1.0,26363.636363636357,1.0
2025-11-19,정상,슈즈,424545.4545454545,3.0,196909.0909090909,1.0
2025-11-19,정상,스포츠,144545.45454545453,1.0,290000.0,1.0
2025-11-19,정상,여성,4001090.909090909,7.0,13137999.999999996,24.0
2025-11-19,정상,잡화,5301863.636363636,36.0,8610936.363636365,73.0
2025-11-20,이월,골프,140154.5454545454,1.0,7031563.636363638,21.0
2025-11-20,이월,남성,9992809.090909084,27.0,17408709.09090909,79.0
2025-11-20,이월,슈즈,459636.36363636353,4.0,-244954.54545454544,-1.0
2025-11-20,이월,스포츠,512909.0909090908,4.0,-40636.36363636363,1.0
2025-11-20,이월,여성,2322499.9999999995,1.0,15552045.45454545,37.0
2025-11-20,이월,잡화,2464436.3636363638,20.0,5460427.272727273,45.0
2025-11-20,입점,골프,1872263.6363636362,11.0,2418009.0909090904,16.0
2025-11-20,입점,남성,2330400.0,18.0,5226127.2727272725,35.0
2025-11-20,입점,리빙,706181.818181818,5.0,3736554.545454545,26.0
2025-11-20,입점,명품,758090.909090909,3.0,2650000.0,11.0
2025-11-20,입점,뷰티,417909.09090909077,12.0,511599.99999999994,11.0
2025-11-20,입점,슈즈,0.0,0.0,787936.3636363634,8.0
2025-11-20,입점,스포츠,162863.63636363635,3.0,912854.5454545455,15.0
2025-11-20,입점,아웃도어,439363.63636363635,0.0,1008354.5454545453,5.0
2025-11-20,입점,여성,-706245.4545454545,1.0,22490.909090909132,2.0
2025-11-20,입점,잡화,71818.18181818165,1.0,35364218.18181818,12.0
2025-11-20,입점,키즈,-34000.0,0.0,3194190.9090909087,31.0
2025-11-20,정상,골프,301454.5454545454,4.0,2764936.3636363633,12.0
2025-11-20,정상,남성,2913109.09090909,10.0,11399763.63636364,34.0
2025-11-20,정상,뷰티,78181.81818181818,1.0,140454.54545454544,4.0
2025-11-20,정상,슈즈,198181.81818181818,2.0,450363.63636363635,3.0
2025-11-20,정상,스포츠,0.0,0.0,53636.36363636363,1.0
2025-11-20,정상,여성,2164909.0909090904,6.0,9273454.545454547,23.0
2025-11-20,정상,잡화,3728854.5454545445,24.0,7402472.727272728,48.0
2025-11-21,이월,골프,-696454.5454545453,1.0,3038118.181818181,15.0
2025-11-21,이월,남성,9709827.272727273,34.0,20731809.090909097,60.0
2025-11-21,이월,슈즈,108318.18181818182,1.0,-47090.90909090903,0.0
2025-11-21,이월,스포츠,-248727.2727272727,7.0,599909.0909090908,7.0
2025-11-21,이월,여성,2678363.6363636367,10.0,5165500.000000001,32.0
2025-11-21,이월,잡화,2196063.6363636367,22.0,6885545.454545455,42.0
2025-11-21,입점,골프,297827.2727272726,8.0,1311427.2727272722,24.0
2025-11-21,입점,남성,853372.7272727272,14.0,3651454.545454546,37.0
2025-11-21,입점,리빙,1295909.0909090908,7.0,2265754.545454545,11.0
2025-11-21,입점,명품,2243818.1818181816,5.0,17541181.818181828,21.0
2025-11-21,입점,뷰티,570754.5454545454,12.0,928381.8181818181,21.0
2025-11-21,입점,슈즈,359272.72727272724,2.0,1149054.5454545454,5.0
2025-11-21,입점,스포츠,436154.54545454547,6.0,1297490.9090909092,22.0
2025-11-21,입점,아웃도어,1789000.0,5.0,2660163.6363636362,15.0
2025-11-21,입점,여성,119018.18181818185,2.0,3095345.4545454537,1.0
2025-11-21,입점,잡화,1470227.2727272727,5.0,3460709.090909091,5.0
2025-11-21,입점,키즈,287500.0,2.0,2496499.9999999995,31.0
2025-11-21,정상,골프,1352727.2727272725,5.0,3060236.3636363638,15.0
2025-11-21,정상,남성,5667045.454545453,20.0,13332636.363636356,37.0
2025-11-21,정상,뷰티,80000.0,2.0,144909.09090909088,4.0
2025-11-21,정상,슈즈,603090.9090909091,5.0,-90727.2727272727,0.0
2025-11-21,정상,스포츠,171818.1818181818,1.0,0.0,0.0
2025-11-21,정상,여성,1554590.909090909,3.0,-488181.81818181794,4.0
2025-11-21,정상,잡화,3691845.454545453,25.0,2480909.0909090894,41.0
2025-11-22,이월,골프,293363.63636363635,5.0,2495190.909090909,19.0
2025-11-22,이월,남성,10906209.090909088,34.0,30841927.272727266,91.0
2025-11-22,이월,슈즈,1221545.4545454544,7.0,247909.09090909082,3.0
2025-11-22,이월,스포츠,690872.7272727271,6.0,567545.4545454545,9.0
2025-11-22,이월,여성,7564363.636363636,10.0,30721727.272727273,63.0
2025-11-22,이월,잡화,2430781.818181818,17.0,6011145.454545453,51.0
2025-11-22,입점,골프,1585818.1818181819,13.0,4051254.545454546,34.0
2025-11-22,입점,남성,1808899.9999999995,13.0,12812054.54545454,79.0
2025-11-22,입점,리빙,591254.5454545454,11.0,5521072.7272727275,24.0
2025-11-22,입점,명품,5839363.636363637,6.0,12037018.181818178,23.0
2025-11-22,입점,뷰티,519381.8181818181,11.0,1006763.6363636364,15.0
2025-11-22,입점,슈즈,522999.99999999994,3.0,1335636.3636363638,9.0
2025-11-22,입점,스포츠,1127090.9090909092,11.0,6654072.727272725,61.0
2025-11-22,입점,아웃도어,621272.7272727274,6.0,1751972.7272727273,21.0
2025-11-22,입점,여성,1036072.7272727271,7.0,-69872.72727272681,39.0
2025-11-22,입점,잡화,118018.1818181818,1.0,10938309.090909092,19.0
2025-11-22,입점,키즈,357090.909090909,5.0,4136372.727272727,40.0
2025-11-22,정상,골프,-25272.727272727265,0.0,2288290.9090909087,10.0
2025-11-22,정상,남성,6068036.363636363,21.0,21659109.09090908,40.0
2025-11-22,정상,뷰티,45454.54545454545,1.0,0.0,0.0
2025-11-22,정상,슈즈,1013636.3636363635,5.0,1533090.909090909,5.0
2025-11-22,정상,스포츠,36181.81818181818,1.0,289090.90909090906,2.0
2025-11-22,정상,여성,4688272.727272727,6.0,21660499.999999996,21.0
2025-11-22,정상,잡화,4546618.181818182,33.0,4388890.909090909,34.0
2025-11-23,이월,골프,1878636.3636363633,7.0,7325554.545454546,34.0
2025-11-23,이월,남성,15511381.818181816,53.0,64997445.45454546,150.0
2025-11-23,이월,슈즈,402363.6363636363,2.0,2043909.0909090908,14.0
2025-11-23,이월,스포츠,1060909.0909090908,8.0,1741545.4545454541,11.0
2025-11-23,이월,여성,11415454.545454543,26.0,56829363.63636364,123.0
2025-11-23,이월,잡화,4155272.727272727,29.0,9866272.727272727,70.0
2025-11-23,입점,골프,1998754.5454545454,13.0,9122699.999999996,39.0
2025-11-23,입점,남성,1009045.4545454547,8.0,18452754.545454547,109.0
2025-11-23,입점,리빙,251999.99999999997,6.0,9564200.0,14.0
2025-11-23,입점,명품,3794545.454545454,5.0,10947363.636363631,24.0
2025-11-23,입점,뷰티,507627.27272727265,8.0,896254.5454545455,16.0
2025-11-23,입점,슈즈,258999.99999999997,2.0,1591636.3636363635,8.0
2025-11-23,입점,스포츠,867790.9090909091,14.0,8961099.999999998,85.0
2025-11-23,입점,아웃도어,445090.90909090906,5.0,2520636.3636363633,24.0
2025-11-23,입점,여성,1052109.0909090908,3.0,8147154.545454546,41.0
2025-11-23,입점,잡화,817227.2727272726,6.0,4287090.909090909,24.0
2025-11-23,입점,키즈,918818.1818181816,12.0,4686990.909090909,43.0
2025-11-23,정상,골프,59818.18181818181,1.0,2499145.4545454546,9.0
2025-11-23,정상,남성,9216763.636363635,27.0,32336863.636363633,101.0
2025-11-23,정상,뷰티,10000.0,1.0,77727.2727272727,4.0
2025-11-23,정상,슈즈,1029090.909090909,6.0,403999.9999999999,6.0
2025-11-23,정상,스포츠,153636.36363636362,1.0,541818.1818181818,4.0
2025-11-23,정상,여성,5543272.7272727275,10.0,30059590.909090906,39.0
2025-11-23,정상,잡화,3957909.090909091,30.0,7213436.363636363,51.0
2025-11-24,이월,골프,1431045.4545454546,7.0,4473763.636363636,15.0
2025-11-24,이월,남성,9113781.818181818,28.0,35912018.18181818,108.0
2025-11-24,이월,슈즈,621454.5454545454,4.0,917636.3636363635,6.0
2025-11-24,이월,스포츠,423727.27272727265,5.0,1206209.0909090906,9.0
2025-11-24,이월,여성,5546090.90909091,18.0,16214181.818181816,56.0
2025-11-24,이월,잡화,2895799.9999999995,20.0,7608163.636363636,48.0
2025-11-24,입점,골프,1966709.0909090906,13.0,4154063.6363636362,29.0
2025-11-24,입점,남성,-6209.090909090941,1.0,7327145.454545451,47.0
2025-11-24,입점,리빙,313727.2727272727,6.0,2860781.818181818,23.0
2025-11-24,입점,명품,975545.4545454545,5.0,4681818.181818182,19.0
2025-11-24,입점,뷰티,606272.7272727272,14.0,1708627.2727272725,25.0
2025-11-24,입점,슈즈,471781.81818181823,4.0,336345.4545454546,6.0
2025-11-24,입점,스포츠,57736.36363636364,5.0,2923499.9999999995,40.0
2025-11-24,입점,아웃도어,-120818.18181818185,-1.0,-2158181.818181818,-4.0
2025-11-24,입점,여성,139472.7272727273,3.0,3533227.272727273,26.0
2025-11-24,입점,잡화,199927.2727272727,3.0,6916872.727272727,14.0
2025-11-24,입점,키즈,639663.6363636362,7.0,2946918.1818181826,29.0
2025-11-24,정상,골프,29090.90909090909,1.0,2263854.5454545454,11.0
2025-11-24,정상,남성,7055390.909090907,22.0,24111209.090909086,57.0
2025-11-24,정상,뷰티,37181.81818181818,1.0,20000.0,1.0
2025-11-24,정상,슈즈,469090.90909090906,4.0,112181.8181818182,1.0
2025-11-24,정상,스포츠,80909.0909090909,1.0,559090.9090909091,4.0
2025-11-24,정상,여성,4375500.0,8.0,2424863.636363637,2.0
2025-11-24,정상,잡화,3497400.0000000005,35.0,6330781.818181818,47.0
2025-11-25,이월,골프,2947981.8181818184,10.0,6228063.636363636,34.0
2025-11-25,이월,남성,1969945.4545454555,23.0,15447554.545454543,74.0
2025-11-25,이월,슈즈,316545.4545454545,-2.0,507363.6363636362,5.0
2025-11-25,이월,스포츠,452363.63636363635,4.0,2612663.636363636,15.0
2025-11-25,이월,여성,5879181.818181816,20.0,22571772.72727272,52.0
2025-11-25,이월,잡화,3548763.636363636,26.0,10682045.454545451,62.0
2025-11-25,입점,골프,779790.909090909,5.0,2806736.3636363614,19.0
2025-11-25,입점,남성,450736.3636363636,7.0,2188299.9999999995,32.0
2025-11-25,입점,리빙,1174727.2727272727,11.0,3654009.0909090904,29.0
2025-11-25,입점,명품,-1321363.6363636362,0.0,7940909.090909092,24.0
2025-11-25,입점,뷰티,680545.4545454545,15.0,1293454.545454545,25.0
2025-11-25,입점,슈즈,881381.8181818181,7.0,548318.1818181818,6.0
2025-11-25,입점,스포츠,179327.2727272727,4.0,3612581.8181818193,42.0
2025-11-25,입점,아웃도어,819727.2727272727,9.0,4412863.636363638,30.0
2025-11-25,입점,여성,-147309.0909090908,-2.0,6267109.090909089,15.0
2025-11-25,입점,잡화,1392736.3636363633,8.0,10253381.818181818,28.0
2025-11-25,입점,키즈,1136272.7272727268,12.0,7519936.363636364,53.0
2025-11-25,정상,골프,852909.0909090908,5.0,3068472.727272726,21.0
2025-11-25,정상,남성,7021527.272727273,28.0,15897218.18181818,65.0
2025-11-25,정상,뷰티,0.0,0.0,147181.81818181815,6.0
2025-11-25,정상,슈즈,1055636.3636363635,7.0,935318.1818181818,5.0
2025-11-25,정상,스포츠,153636.36363636362,0.0,135454.54545454544,1.0
2025-11-25,정상,여성,7656499.999999999,16.0,22001818.181818187,28.0
2025-11-25,정상,잡화,6332381.81818182,46.0,7101818.181818181,64.0
2025-11-26,이월,골프,1384181.8181818184,3.0,3280181.818181818,23.0
2025-11-26,이월,남성,7185781.818181818,20.0,23205790.909090906,64.0
2025-11-26,이월,슈즈,506090.90909090906,3.0,1923181.818181818,16.0
2025-11-26,이월,스포츠,324000.0,2.0,1520727.2727272727,12.0
2025-11-26,이월,여성,8830545.454545453,21.0,14376090.909090906,27.0
2025-11-26,이월,잡화,3033945.454545454,27.0,8229381.818181816,42.0
2025-11-26,입점,골프,1061309.0909090908,11.0,3446731.818181817,37.0
2025-11-26,입점,남성,1191281.8181818181,12.0,2915990.9090909087,27.0
2025-11-26,입점,리빙,518909.09090909094,6.0,2750109.090909091,25.0
2025-11-26,입점,명품,2606272.727272727,6.0,16635818.18181818,27.0
2025-11-26,입점,뷰티,402363.6363636363,17.0,1302663.6363636365,19.0
2025-11-26,입점,슈즈,164272.72727272726,2.0,46727.272727272764,2.0
2025-11-26,입점,스포츠,208436.36363636362,5.0,4242163.636363636,52.0
2025-11-26,입점,아웃도어,-491181.8181818181,5.0,-236063.63636363647,6.0
2025-11-26,입점,여성,65881.8181818182,3.0,4372909.090909091,32.0
2025-11-26,입점,잡화,3413354.545454545,10.0,2202136.3636363633,21.0
2025-11-26,입점,키즈,264818.18181818177,4.0,2665163.6363636367,26.0
2025-11-26,정상,골프,347363.63636363635,2.0,2652727.2727272725,15.0
2025-11-26,정상,남성,3639081.8181818184,25.0,14159418.18181818,55.0
2025-11-26,정상,뷰티,178181.81818181818,5.0,181363.63636363635,2.0
2025-11-26,정상,슈즈,1474909.090909091,6.0,959999.9999999999,4.0
2025-11-26,정상,스포츠,90000.0,1.0,343636.3636363636,1.0
2025-11-26,정상,여성,3470500.0,5.0,7938363.636363634,15.0
2025-11-26,정상,잡화,6320927.272727273,35.0,7661218.1818181835,67.0
2025-11-27,이월,골프,5069454.545454545,12.0,5182900.0,23.0
2025-11-27,이월,남성,17258909.09090909,51.0,25955845.454545457,90.0
2025-11-27,이월,슈즈,588636.3636363636,8.0,2007454.5454545452,15.0
2025-11-27,이월,스포츠,242636.3636363636,2.0,1265363.6363636362,14.0
2025-11-27,이월,여성,5622454.545454545,9.0,21092681.81818182,47.0
2025-11-27,이월,잡화,2682499.9999999995,16.0,6855672.7272727275,55.0
2025-11-27,입점,골프,874772.7272727272,7.0,2862536.3636363633,16.0
2025-11-27,입점,남성,761145.4545454545,5.0,5659090.90909091,37.0
2025-11-27,입점,리빙,931363.6363636361,5.0,4411945.454545454,33.0
2025-11-27,입점,명품,2680636.3636363633,4.0,19137545.454545453,31.0
2025-11-27,입점,뷰티,1236163.6363636362,18.0,532872.7272727273,15.0
2025-11-27,입점,슈즈,0.0,0.0,637636.3636363636,5.0
2025-11-27,입점,스포츠,494890.90909090906,7.0,3456936.3636363638,47.0
2025-11-27,입점,아웃도어,-145454.54545454547,1.0,1294163.6363636365,16.0
2025-11-27,입점,여성,-9136.363636363669,0.0,11864923.636363639,33.0
2025-11-27,입점,잡화,376872.72727272724,3.0,9724300.0,36.0
2025-11-27,입점,키즈,1118772.7272727275,9.0,3364809.0909090894,41.0
2025-11-27,정상,골프,1977599.9999999998,6.0,4104272.727272727,21.0
2025-11-27,정상,남성,8023081.8181818165,29.0,20587754.545454543,57.0
2025-11-27,정상,뷰티,24999.999999999996,1.0,60000.0,3.0
2025-11-27,정상,슈즈,487272.7272727272,4.0,788363.6363636364,6.0
2025-11-27,정상,스포츠,62727.27272727272,1.0,-100000.0,0.0
2025-11-27,정상,여성,602227.2727272728,-1.0,16407227.272727268,41.0
2025-11-27,정상,잡화,5921381.818181817,52.0,12296545.454545455,88.0
2025-11-28,이월,골프,1462100.0000000002,9.0,7193781.8181818165,25.0
2025-11-28,이월,남성,3443518.181818181,19.0,22451409.090909082,55.0
2025-11-28,이월,슈즈,-136818.1818181818,1.0,1133454.5454545454,7.0
2025-11-28,이월,스포츠,270227.2727272727,4.0,1630727.272727272,17.0
2025-11-28,이월,여성,2316227.272727273,6.0,25534636.363636356,33.0
2025-11-28,이월,잡화,4564090.909090909,31.0,7328390.909090906,40.0
2025-11-28,입점,골프,1167818.1818181819,9.0,593500.0,11.0
2025-11-28,입점,남성,1051509.0909090908,10.0,-3937809.090909092,-6.0
2025-11-28,입점,리빙,975818.1818181815,9.0,1949945.4545454546,14.0
2025-11-28,입점,명품,4594909.090909091,8.0,8751454.545454547,23.0
2025-11-28,입점,뷰티,507545.45454545453,10.0,364963.6363636363,9.0
2025-11-28,입점,슈즈,203818.18181818182,2.0,951227.2727272726,4.0
2025-11-28,입점,스포츠,238090.9090909091,4.0,1377345.4545454544,26.0
2025-11-28,입점,아웃도어,159636.36363636362,1.0,123363.63636363632,7.0
2025-11-28,입점,여성,-600272.7272727272,2.0,3415536.3636363624,-5.0
2025-11-28,입점,잡화,1249127.2727272725,3.0,6023318.181818181,16.0
2025-11-28,입점,키즈,699590.9090909091,8.0,5328109.090909091,47.0
2025-11-28,정상,골프,744600.0,4.0,-837800.0,5.0
2025-11-28,정상,남성,1395700.0000000002,7.0,7748409.090909092,45.0
2025-11-28,정상,뷰티,303181.8181818182,9.0,270000.0,7.0
2025-11-28,정상,슈즈,-194181.81818181815,2.0,778909.0909090908,4.0
2025-11-28,정상,스포츠,307272.72727272724,2.0,325454.54545454547,2.0
2025-11-28,정상,여성,-2508318.1818181816,-2.0,506500.0000000001,7.0
2025-11-28,정상,잡화,6352509.090909091,42.0,4669990.909090908,43.0
2025-11-29,이월,골프,2484581.818181818,9.0,8599936.363636363,35.0
2025-11-29,이월,남성,8673527.272727273,21.0,29204581.8181818,99.0
2025-11-29,이월,슈즈,-202499.99999999994,3.0,2092772.7272727268,12.0
2025-11-29,이월,스포츠,453590.909090909,4.0,1078363.6363636362,12.0
2025-11-29,이월,여성,7453772.727272726,14.0,52580727.27272729,101.0
2025-11-29,이월,잡화,1294145.4545454546,15.0,5138645.454545453,47.0
2025-11-29,입점,골프,1201245.4545454546,8.0,2919981.818181817,26.0
2025-11-29,입점,남성,1193400.0,15.0,7221454.545454545,42.0
2025-11-29,입점,리빙,148727.2727272727,3.0,3480636.3636363633,25.0
2025-11-29,입점,명품,1700818.1818181816,5.0,5025745.454545453,17.0
2025-11-29,입점,뷰티,431590.90909090906,10.0,279472.7272727273,9.0
2025-11-29,입점,슈즈,0.0,0.0,729800.0,4.0
2025-11-29,입점,스포츠,325781.8181818182,8.0,1416636.3636363635,24.0
2025-11-29,입점,아웃도어,129500.0,3.0,1751336.3636363638,16.0
2025-11-29,입점,여성,282545.45454545453,4.0,2752854.545454545,18.0
2025-11-29,입점,잡화,993218.1818181818,7.0,1513399.9999999998,17.0
2025-11-29,입점,키즈,1517418.1818181816,11.0,3709863.636363636,38.0
2025-11-29,정상,골프,242509.09090909088,2.0,1212736.3636363635,9.0
2025-11-29,정상,남성,2090981.8181818184,7.0,15267909.090909084,47.0
2025-11-29,정상,뷰티,224090.9090909091,2.0,-24999.999999999996,-1.0
2025-11-29,정상,슈즈,234545.45454545453,2.0,654318.1818181818,3.0
2025-11-29,정상,여성,3398454.545454545,5.0,16396090.909090908,27.0
2025-11-29,정상,잡화,4714136.363636362,33.0,7160245.454545456,50.0
2025-11-30,이월,골프,2519427.272727273,14.0,4234545.454545454,21.0
2025-11-30,이월,남성,11110581.818181816,37.0,54203845.45454545,147.0
2025-11-30,이월,슈즈,172272.72727272726,1.0,1266363.6363636362,10.0
2025-11-30,이월,스포츠,462318.18181818177,5.0,1940818.1818181814,10.0
2025-11-30,이월,여성,15138727.272727277,35.0,63254500.0,141.0
2025-11-30,이월,잡화,3547890.9090909082,22.0,7369927.272727272,54.0
2025-11-30,입점,골프,977490.9090909091,8.0,2265609.090909091,22.0
2025-11-30,입점,남성,550590.9090909091,5.0,7795590.909090908,53.0
2025-11-30,입점,리빙,186272.72727272726,2.0,2344409.090909091,25.0
2025-11-30,입점,명품,991272.7272727273,2.0,7570000.0,21.0
2025-11-30,입점,뷰티,699818.1818181818,12.0,679699.9999999999,22.0
2025-11-30,입점,슈즈,500181.8181818181,2.0,671163.6363636362,6.0
2025-11-30,입점,스포츠,389090.90909090906,3.0,1474627.2727272725,24.0
2025-11-30,입점,아웃도어,950909.0909090908,8.0,5064590.909090909,36.0
2025-11-30,입점,여성,240854.54545454544,2.0,4522190.909090908,24.0
2025-11-30,입점,잡화,898000.0,4.0,1273009.0909090906,23.0
2025-11-30,입점,키즈,1361772.7272727273,14.0,3341818.1818181826,31.0
2025-11-30,정상,골프,541963.6363636362,3.0,1453154.5454545454,6.0
2025-11-30,정상,남성,9753045.454545455,22.0,28547154.545454547,89.0
2025-11-30,정상,뷰티,78181.81818181818,1.0,40000.0,2.0
2025-11-30,정상,슈즈,0.0,0.0,1093863.6363636362,7.0
2025-11-30,정상,여성,4065590.9090909082,8.0,22937909.09090909,40.0
2025-11-30,정상,잡화,5287481.818181818,36.0,5831072.727272728,50.0
2025-12-01,이월,골프,825499.9999999999,2.0,7014145.454545453,23.0
2025-12-01,이월,남성,8086363.636363635,26.0,21149590.909090914,85.0
2025-12-01,이월,슈즈,545272.7272727272,3.0,-343318.18181818177,0.0
2025-12-01,이월,스포츠,403272.72727272724,5.0,1656890.9090909087,13.0
2025-12-01,이월,여성,7314999.999999998,18.0,17974954.54545454,56.0
2025-12-01,이월,잡화,4538472.7272727275,25.0,6643754.545454547,45.0
2025-12-01,입점,골프,565927.2727272726,8.0,3552363.6363636362,27.0
2025-12-01,입점,남성,734572.7272727272,7.0,2705054.545454545,36.0
2025-12-01,입점,리빙,1159818.1818181819,7.0,5370145.454545455,33.0
2025-12-01,입점,명품,1444363.6363636362,2.0,7562454.545454544,23.0
2025-12-01,입점,뷰티,672636.3636363638,19.0,1947409.090909091,31.0
2025-12-01,입점,슈즈,166272.72727272726,2.0,1420409.0909090908,5.0
2025-12-01,입점,스포츠,2645.454545454544,0.0,4682227.272727272,11.0
2025-12-01,입점,아웃도어,926363.6363636362,8.0,3077554.545454545,23.0
2025-12-01,입점,여성,237763.63636363635,2.0,318990.9090909094,17.0
2025-12-01,입점,잡화,400045.45454545453,4.0,2412072.7272727266,6.0
2025-12-01,입점,키즈,599045.4545454546,4.0,2521218.1818181807,30.0
2025-12-01,정상,골프,1083636.3636363635,1.0,18018.18181818194,7.0
2025-12-01,정상,남성,4952790.909090909,17.0,11674872.727272725,54.0
2025-12-01,정상,뷰티,125363.63636363635,3.0,123181.81818181818,3.0
2025-12-01,정상,슈즈,-426363.63636363635,-1.0,491590.90909090906,2.0
2025-12-01,정상,스포츠,68181.81818181818,1.0,0.0,0.0
2025-12-01,정상,여성,3420909.0909090913,9.0,9220499.999999998,16.0
2025-12-01,정상,잡화,4636363.636363636,45.0,9850027.272727272,79.0
2025-12-02,이월,골프,-379227.2727272728,1.0,6138990.90909091,25.0
2025-12-02,이월,남성,4889036.363636364,17.0,27293081.81818182,86.0
2025-12-02,이월,슈즈,124727.27272727272,1.0,652090.9090909091,6.0
2025-12-02,이월,스포츠,1010772.7272727272,7.0,2337909.090909091,19.0
2025-12-02,이월,여성,1763999.9999999998,2.0,5670227.2727272725,25.0
2025-12-02,이월,잡화,3363036.363636363,22.0,6304890.909090909,48.0
2025-12-02,입점,골프,905545.4545454544,14.0,1856063.636363635,19.0
2025-12-02,입점,남성,89154.54545454556,5.0,4131445.454545454,48.0
2025-12-02,입점,리빙,397254.5454545454,6.0,4207145.454545455,33.0
2025-12-02,입점,명품,5533181.818181817,12.0,4228272.727272727,12.0
2025-12-02,입점,뷰티,342636.3636363636,11.0,2035845.4545454541,65.0
2025-12-02,입점,슈즈,284000.0,2.0,1202818.1818181816,7.0
2025-12-02,입점,스포츠,670000.0,9.0,-604627.2727272728,7.0
2025-12-02,입점,아웃도어,454272.7272727272,8.0,1439818.1818181819,15.0
2025-12-02,입점,여성,-545299.9999999999,-2.0,-738845.4545454546,3.0
2025-12-02,입점,잡화,94909.0909090909,1.0,25351909.090909086,7.0
2025-12-02,입점,키즈,380545.45454545453,1.0,4667572.727272726,46.0
2025-12-02,정상,골프,-331272.7272727272,2.0,2176509.090909091,13.0
2025-12-02,정상,남성,4702054.545454545,14.0,2697445.454545454,29.0
2025-12-02,정상,뷰티,508181.8181818181,7.0,321818.18181818177,5.0
2025-12-02,정상,슈즈,545090.9090909091,2.0,-436409.0909090908,1.0
2025-12-02,정상,스포츠,171727.2727272727,2.0,0.0,0.0
2025-12-02,정상,여성,2526909.090909091,8.0,6894454.545454546,18.0
2025-12-02,정상,잡화,6961272.7272727275,46.0,9754781.818181816,93.0
2025-12-03,이월,골프,658209.0909090907,6.0,8799572.727272727,28.0
2025-12-03,이월,남성,6170200.000000004,25.0,27918381.818181828,89.0
2025-12-03,이월,슈즈,293272.72727272724,2.0,52363.636363636324,1.0
2025-12-03,이월,스포츠,107727.27272727274,1.0,290272.7272727272,7.0
2025-12-03,이월,여성,-741090.909090909,6.0,18529272.72727273,41.0
2025-12-03,이월,잡화,4775745.454545454,36.0,6225336.3636363605,57.0
2025-12-03,입점,골프,669072.7272727273,9.0,2422845.454545453,30.0
2025-12-03,입점,남성,824545.4545454547,10.0,1997827.272727273,21.0
2025-12-03,입점,리빙,541945.4545454545,7.0,2000654.5454545456,20.0
2025-12-03,입점,명품,627272.7272727273,2.0,10590636.363636361,15.0
2025-12-03,입점,뷰티,446909.0909090909,14.0,1581963.636363636,19.0
2025-12-03,입점,슈즈,-24363.636363636368,-1.0,1108909.0909090908,9.0
2025-12-03,입점,스포츠,332809.0909090909,6.0,2122072.7272727275,16.0
2025-12-03,입점,아웃도어,1329545.4545454546,9.0,3402454.5454545454,23.0
2025-12-03,입점,여성,320363.63636363635,4.0,389836.36363636365,13.0
2025-12-03,입점,잡화,273727.2727272727,4.0,2394500.0,15.0
2025-12-03,입점,키즈,1221727.2727272727,13.0,4779400.000000001,51.0
2025-12-03,정상,골프,99818.18181818177,3.0,699281.8181818179,9.0
2025-12-03,정상,남성,3067663.636363636,10.0,19582754.545454536,51.0
2025-12-03,정상,뷰티,0.0,0.0,47181.81818181818,2.0
2025-12-03,정상,슈즈,598181.8181818181,2.0,280909.0909090909,1.0
2025-12-03,정상,스포츠,0.0,0.0,404636.36363636365,2.0
2025-12-03,정상,여성,-2083227.2727272727,-3.0,10872727.272727273,22.0
2025-12-03,정상,잡화,3674599.999999999,42.0,10281981.818181816,103.0
2025-12-04,이월,골프,1995863.6363636362,4.0,8731209.09090909,31.0
2025-12-04,이월,남성,4787463.6363636395,19.0,36028500.000000015,92.0
2025-12-04,이월,슈즈,0.0,0.0,968454.5454545453,4.0
2025-12-04,이월,스포츠,646090.909090909,6.0,395545.4545454545,5.0
2025-12-04,이월,여성,7572545.454545453,18.0,13636409.090909079,44.0
2025-12-04,이월,잡화,3377690.9090909087,32.0,8477509.090909086,77.0
2025-12-04,입점,골프,423363.6363636363,5.0,4019436.3636363638,29.0
2025-12-04,입점,남성,-98254.5454545454,2.0,865481.8181818179,34.0
2025-12-04,입점,리빙,247163.63636363635,3.0,1536336.363636364,25.0
2025-12-04,입점,명품,1029909.0909090907,2.0,5659854.545454545,10.0
2025-12-04,입점,뷰티,268545.45454545453,6.0,672909.0909090909,13.0
2025-12-04,입점,슈즈,36090.90909090906,-1.0,951872.7272727274,5.0
2025-12-04,입점,스포츠,-13818.181818181823,1.0,90418.18181818185,9.0
2025-12-04,입점,아웃도어,790590.9090909092,10.0,3732090.9090909087,33.0
2025-12-04,입점,여성,263681.8181818182,5.0,3634027.2727272725,19.0
2025-12-04,입점,잡화,253272.72727272724,2.0,4901563.636363636,23.0
2025-12-04,입점,키즈,1652999.9999999998,12.0,4399009.09090909,48.0
2025-12-04,정상,골프,392181.8181818181,3.0,1153381.818181818,9.0
2025-12-04,정상,남성,3879709.0909090904,17.0,10189236.363636363,40.0
2025-12-04,정상,뷰티,45000.0,2.0,10000.0,1.0
2025-12-04,정상,슈즈,202909.0909090909,1.0,370909.09090909094,2.0
2025-12-04,정상,스포츠,154636.36363636362,1.0,126454.54545454544,2.0
2025-12-04,정상,여성,5153045.454545455,8.0,8760272.727272727,14.0
2025-12-04,정상,잡화,4874527.272727272,39.0,9796700.0,96.0
2025-12-05,이월,골프,306718.1818181819,4.0,4754536.363636362,14.0
2025-12-05,이월,남성,9432681.818181815,19.0,40921209.09090909,106.0
2025-12-05,이월,슈즈,-53999.99999999999,-1.0,854454.5454545454,6.0
2025-12-05,이월,스포츠,146045.45454545453,2.0,907681.8181818181,9.0
2025-12-05,이월,여성,7491636.363636363,13.0,21164227.27272727,51.0
2025-12-05,이월,잡화,2182254.5454545454,19.0,10457581.818181813,78.0
2025-12-05,입점,골프,412545.4545454544,7.0,3349727.272727272,24.0
2025-12-05,입점,남성,904890.9090909091,7.0,3947390.909090909,38.0
2025-12-05,입점,리빙,477681.81818181823,8.0,1187709.0909090908,14.0
2025-12-05,입점,명품,23363.636363636353,3.0,7455999.999999998,18.0
2025-12-05,입점,뷰티,297909.0909090909,8.0,526545.4545454545,6.0
2025-12-05,입점,슈즈,252036.36363636365,1.0,1060800.0,8.0
2025-12-05,입점,스포츠,431454.54545454535,4.0,29227.272727272793,4.0
2025-12-05,입점,아웃도어,471272.72727272724,5.0,1460681.818181818,12.0
2025-12-05,입점,여성,546545.4545454545,4.0,703581.8181818181,13.0
2025-12-05,입점,잡화,1057363.6363636362,2.0,2859518.1818181816,20.0
2025-12-05,입점,키즈,692336.3636363635,7.0,2413163.6363636362,26.0
2025-12-05,정상,골프,-111409.09090909091,-1.0,3603518.181818181,12.0
2025-12-05,정상,남성,5416109.090909091,10.0,11058645.454545453,22.0
2025-12-05,정상,뷰티,78181.81818181818,1.0,10000.0,1.0
2025-12-05,정상,슈즈,632727.2727272726,4.0,307272.72727272724,2.0
2025-12-05,정상,스포츠,299272.72727272724,1.0,-2545.4545454545296,1.0
2025-12-05,정상,여성,5752863.636363635,7.0,5781772.727272727,5.0
2025-12-05,정상,잡화,5332254.545454545,47.0,8543509.09090909,84.0
2025-12-06,이월,골프,718409.0909090906,3.0,8532490.90909091,29.0
2025-12-06,이월,남성,9991118.181818178,27.0,56715518.18181819,137.0
2025-12-06,이월,슈즈,-126090.90909090909,0.0,133318.1818181818,2.0
2025-12-06,이월,스포츠,1002772.7272727274,10.0,1133818.1818181816,11.0
2025-12-06,이월,여성,3919909.090909092,12.0,41242909.090909086,71.0
2025-12-06,이월,잡화,3710727.2727272715,22.0,5829227.272727273,57.0
2025-12-06,입점,골프,1486081.818181818,5.0,4041836.3636363624,31.0
2025-12-06,입점,남성,987072.7272727273,10.0,8576109.09090909,56.0
2025-12-06,입점,리빙,1242090.9090909092,6.0,2101872.727272727,25.0
2025-12-06,입점,명품,1358090.909090909,3.0,17542690.909090903,17.0
2025-12-06,입점,뷰티,451727.2727272727,11.0,851754.5454545453,11.0
2025-12-06,입점,슈즈,810818.1818181818,4.0,649636.3636363635,7.0
2025-12-06,입점,스포츠,237818.1818181818,3.0,682418.1818181818,13.0
2025-12-06,입점,아웃도어,628500.0,5.0,2604554.545454545,20.0
2025-12-06,입점,여성,307145.45454545453,4.0,-2231572.727272727,18.0
2025-12-06,입점,잡화,2044090.909090909,2.0,2708027.2727272725,23.0
2025-12-06,입점,키즈,756181.8181818181,5.0,5185727.272727273,41.0
2025-12-06,정상,골프,-65454.545454545456,0.0,2997090.9090909087,16.0
2025-12-06,정상,남성,6215345.454545455,17.0,27198254.545454543,48.0
2025-12-06,정상,뷰티,10000.0,1.0,79363.63636363635,2.0
2025-12-06,정상,슈즈,198181.81818181818,2.0,560000.0,4.0
2025-12-06,정상,스포츠,153636.36363636362,1.0,80909.0909090909,1.0
2025-12-06,정상,여성,20863.63636363647,2.0,8998181.818181816,18.0
2025-12-06,정상,잡화,4830345.454545452,41.0,5579081.818181819,59.0
2025-12-07,이월,골프,2664736.3636363633,10.0,9680654.545454547,40.0
2025-12-07,이월,남성,6508954.545454546,20.0,71634972.7272727,170.0
2025-12-07,이월,슈즈,214454.54545454544,2.0,1877318.1818181816,8.0
2025-12-07,이월,스포츠,574045.4545454545,3.0,2568545.454545454,20.0
2025-12-07,이월,여성,7205500.0,20.0,73689909.0909091,147.0
2025-12-07,이월,잡화,4296727.272727272,33.0,10626627.272727272,62.0
2025-12-07,입점,골프,9545.454545454544,1.0,4262300.0,34.0
2025-12-07,입점,남성,744563.6363636364,7.0,8600718.181818184,69.0
2025-12-07,입점,리빙,325454.5454545454,6.0,3469136.3636363633,29.0
2025-12-07,입점,명품,1207181.8181818181,4.0,13439363.636363633,35.0
2025-12-07,입점,뷰티,332909.0909090909,6.0,1212454.5454545454,20.0
2025-12-07,입점,슈즈,242090.9090909091,2.0,1640454.5454545454,11.0
2025-12-07,입점,스포츠,151000.0,2.0,2112354.545454546,16.0
2025-12-07,입점,아웃도어,800727.2727272727,7.0,3870545.454545454,21.0
2025-12-07,입점,여성,104818.18181818182,2.0,6398563.636363638,35.0
2025-12-07,입점,잡화,1249181.8181818181,4.0,1293027.2727272727,18.0
2025-12-07,입점,키즈,414818.18181818177,6.0,4958267.2727272725,53.0
2025-12-07,정상,골프,122727.27272727272,1.0,4281681.818181817,20.0
2025-12-07,정상,남성,2718436.3636363638,12.0,23749299.999999996,75.0
2025-12-07,정상,뷰티,125363.63636363635,3.0,84363.63636363635,4.0
2025-12-07,정상,슈즈,515454.5454545454,3.0,1063727.2727272725,5.0
2025-12-07,정상,여성,4277727.2727272725,6.0,27873363.636363633,41.0
2025-12-07,정상,잡화,5103181.818181817,38.0,10845127.272727273,91.0
2025-12-08,이월,골프,883454.5454545454,2.0,7599490.909090911,29.0
2025-12-08,이월,남성,7248781.818181822,30.0,25897872.727272715,81.0
2025-12-08,이월,슈즈,-416636.3636363636,3.0,-91363.63636363635,3.0
2025-12-08,이월,스포츠,390136.3636363636,3.0,1893681.818181818,14.0
2025-12-08,이월,여성,6733499.999999998,13.0,25088727.272727273,40.0
2025-12-08,이월,잡화,3699572.7272727285,30.0,9910036.363636365,63.0
2025-12-08,입점,골프,1304854.5454545452,10.0,4987845.454545455,36.0
2025-12-08,입점,남성,586154.5454545454,5.0,7808881.818181819,46.0
2025-12-08,입점,리빙,609363.6363636364,5.0,1921927.2727272732,24.0
2025-12-08,입점,명품,1958272.727272727,2.0,2593545.454545454,15.0
2025-12-08,입점,뷰티,856636.3636363638,16.0,1225490.9090909092,18.0
2025-12-08,입점,슈즈,108454.54545454544,1.0,758000.0,7.0
2025-12-08,입점,스포츠,-32818.18181818181,2.0,418727.2727272727,5.0
2025-12-08,입점,아웃도어,409272.7272727273,1.0,1554309.0909090908,12.0
2025-12-08,입점,여성,815890.909090909,5.0,3947072.7272727275,31.0
2025-12-08,입점,잡화,345709.0909090909,3.0,2258481.818181818,4.0
2025-12-08,입점,키즈,-429836.36363636353,-1.0,2409495.454545454,28.0
2025-12-08,정상,골프,120272.72727272726,3.0,4001918.1818181816,17.0
2025-12-08,정상,남성,1174372.7272727273,10.0,11210172.727272732,41.0
2025-12-08,정상,뷰티,29999.999999999996,1.0,66545.45454545454,2.0
2025-12-08,정상,슈즈,53636.36363636362,1.0,72727.2727272727,0.0
2025-12-08,정상,스포츠,236454.54545454544,1.0,0.0,0.0
2025-12-08,정상,여성,-1589363.636363636,-5.0,11327363.636363637,17.0
2025-12-08,정상,잡화,4767254.545454546,42.0,10485872.727272734,95.0
2025-12-09,이월,골프,1540036.3636363635,8.0,5735718.181818183,21.0
2025-12-09,이월,남성,2099690.9090909096,20.0,23464972.727272738,79.0
2025-12-09,이월,슈즈,297181.8181818181,3.0,587181.8181818181,3.0
2025-12-09,이월,스포츠,721499.9999999999,7.0,1830590.9090909085,16.0
2025-12-09,이월,여성,-700999.9999999999,1.0,16145590.909090906,37.0
2025-12-09,이월,잡화,4477818.181818182,28.0,10309090.909090906,59.0
2025-12-09,입점,골프,907763.6363636362,9.0,2015318.1818181819,16.0
2025-12-09,입점,남성,651800.0,6.0,5628663.636363636,40.0
2025-12-09,입점,리빙,1095563.6363636362,8.0,1388272.7272727273,24.0
2025-12-09,입점,명품,1717272.727272727,5.0,8103272.727272728,12.0
2025-12-09,입점,뷰티,327545.4545454545,10.0,1256872.7272727273,26.0
2025-12-09,입점,슈즈,241636.36363636365,2.0,783209.0909090908,5.0
2025-12-09,입점,스포츠,205363.63636363635,2.0,905618.1818181818,18.0
2025-12-09,입점,아웃도어,745909.0909090908,6.0,1073945.4545454544,7.0
2025-12-09,입점,여성,934336.3636363635,9.0,1162356.3636363635,38.0
2025-12-09,입점,잡화,3660799.9999999995,6.0,28133863.63636363,17.0
2025-12-09,입점,키즈,246999.99999999997,3.0,575309.0909090905,20.0
2025-12-09,정상,골프,925381.818181818,9.0,261481.81818181838,11.0
2025-12-09,정상,남성,1284163.6363636367,11.0,16340618.181818182,66.0
2025-12-09,정상,뷰티,144909.09090909088,3.0,98363.63636363635,4.0
2025-12-09,정상,슈즈,450909.09090909094,4.0,1439272.727272727,7.0
2025-12-09,정상,스포츠,-226454.5454545454,-1.0,398181.8181818182,2.0
2025-12-09,정상,여성,196863.63636363635,2.0,11213363.63636364,21.0
2025-12-09,정상,잡화,7595127.272727274,69.0,6440545.454545456,74.0
2025-12-10,이월,골프,698972.7272727272,7.0,1460490.9090909087,14.0
2025-12-10,이월,남성,5146690.909090909,25.0,29548545.454545446,86.0
2025-12-10,이월,슈즈,158454.54545454544,1.0,1275636.3636363635,5.0
2025-12-10,이월,스포츠,402863.63636363635,2.0,1910636.3636363635,12.0
2025-12-10,이월,여성,4193727.272727273,6.0,10355863.636363635,39.0
2025-12-10,이월,잡화,4330236.363636362,33.0,6149436.363636362,46.0
2025-12-10,입점,골프,183745.45454545453,3.0,2455509.090909091,23.0
2025-12-10,입점,남성,1246136.3636363638,13.0,4004663.6363636362,30.0
2025-12-10,입점,리빙,597090.9090909091,6.0,4670509.090909091,31.0
2025-12-10,입점,명품,1507999.9999999998,1.0,9107527.272727272,21.0
2025-12-10,입점,뷰티,367000.0,7.0,605563.6363636364,17.0
2025-12-10,입점,슈즈,0.0,0.0,1413845.4545454546,5.0
2025-12-10,입점,스포츠,189454.5454545454,2.0,1390681.8181818184,17.0
2025-12-10,입점,아웃도어,-332909.0909090908,-1.0,-201909.090909091,1.0
2025-12-10,입점,여성,314536.3636363636,5.0,6800236.363636363,44.0
2025-12-10,입점,잡화,1311727.2727272725,4.0,10582136.363636363,25.0
2025-12-10,입점,키즈,168999.99999999997,4.0,1538263.6363636358,19.0
2025-12-10,정상,골프,211445.45454545453,1.0,2065236.3636363638,8.0
2025-12-10,정상,남성,8140790.909090907,25.0,40532609.090909086,86.0
2025-12-10,정상,뷰티,92272.72727272726,1.0,67000.0,3.0
2025-12-10,정상,슈즈,678999.9999999999,4.0,-226363.63636363635,-1.0
2025-12-10,정상,스포츠,152000.0,1.0,0.0,0.0
2025-12-10,정상,여성,-322909.09090909094,0.0,11563000.0,22.0
2025-12-10,정상,잡화,4719109.090909091,40.0,9308027.272727273,78.0
2025-12-11,이월,골프,1767227.2727272725,6.0,2695854.545454545,16.0
2025-12-11,이월,남성,7092454.545454544,25.0,22996072.727272723,70.0
2025-12-11,이월,슈즈,-31863.636363636382,0.0,680181.8181818182,7.0
2025-12-11,이월,스포츠,683590.909090909,6.0,1116590.909090909,11.0
2025-12-11,이월,여성,10033909.09090909,15.0,10703136.363636361,30.0
2025-12-11,이월,잡화,4401836.363636363,24.0,10021972.72727273,65.0
2025-12-11,입점,골프,1257318.1818181816,11.0,4233281.818181819,26.0
2025-12-11,입점,남성,6154.54545454547,1.0,4971927.272727273,39.0
2025-12-11,입점,리빙,377545.4545454545,6.0,2373409.090909091,22.0
2025-12-11,입점,명품,1163454.5454545454,5.0,10789181.818181818,16.0
2025-12-11,입점,뷰티,308545.45454545453,8.0,429454.54545454547,14.0
2025-12-11,입점,슈즈,0.0,0.0,758518.1818181816,4.0
2025-12-11,입점,스포츠,27454.54545454544,3.0,637554.5454545456,9.0
2025-12-11,입점,아웃도어,157145.45454545456,4.0,3739318.1818181807,13.0
2025-12-11,입점,여성,810509.0909090907,7.0,7395236.363636363,34.0
2025-12-11,입점,잡화,3425454.545454545,5.0,18436945.45454545,19.0
2025-12-11,입점,키즈,416590.90909090906,7.0,1384181.8181818177,22.0
2025-12-11,정상,골프,515854.54545454547,0.0,1041654.5454545453,8.0
2025-12-11,정상,남성,10678118.181818178,28.0,27983390.90909092,74.0
2025-12-11,정상,뷰티,78181.81818181818,1.0,-34090.90909090909,-1.0
2025-12-11,정상,슈즈,153636.36363636362,1.0,252727.2727272727,2.0
2025-12-11,정상,스포츠,187363.63636363635,1.0,333818.18181818177,2.0
2025-12-11,정상,여성,1203181.818181818,4.0,20407272.727272723,50.0
2025-12-11,정상,잡화,5119818.181818181,46.0,6311054.545454547,63.0
2025-12-12,이월,골프,350681.8181818182,3.0,5982227.272727273,23.0
2025-12-12,이월,남성,10447872.727272725,31.0,9307799.999999998,47.0
2025-12-12,이월,슈즈,0.0,0.0,1808727.2727272725,8.0
2025-12-12,이월,스포츠,696663.6363636364,7.0,1730454.5454545454,15.0
2025-12-12,이월,여성,2294454.545454545,8.0,9823636.363636361,51.0
2025-12-12,이월,잡화,3363800.0000000005,22.0,6501054.545454543,47.0
2025-12-12,입점,골프,161772.72727272726,1.0,1397072.727272727,10.0
2025-12-12,입점,남성,1830636.3636363635,9.0,4633681.818181818,32.0
2025-12-12,입점,리빙,620136.3636363635,8.0,4584054.545454545,21.0
2025-12-12,입점,명품,1597000.0,4.0,2713909.0909090904,11.0
2025-12-12,입점,뷰티,416545.45454545453,7.0,363263.63636363635,10.0
2025-12-12,입점,슈즈,0.0,0.0,1133136.3636363635,6.0
2025-12-12,입점,스포츠,73918.18181818182,1.0,1745072.727272727,9.0
2025-12-12,입점,아웃도어,411090.909090909,6.0,1686727.2727272722,11.0
2025-12-12,입점,여성,866299.9999999998,7.0,1593618.1818181819,14.0
2025-12-12,입점,잡화,992981.8181818181,2.0,5972518.181818182,14.0
2025-12-12,입점,키즈,-50418.181818181765,2.0,1146454.5454545456,8.0
2025-12-12,정상,골프,446636.36363636353,2.0,2164999.9999999995,12.0
2025-12-12,정상,남성,4693899.999999999,18.0,18039036.36363636,60.0
2025-12-12,정상,뷰티,0.0,0.0,65454.54545454545,1.0
2025-12-12,정상,슈즈,225454.54545454544,2.0,78772.72727272726,1.0
2025-12-12,정상,스포츠,117272.72727272726,1.0,496363.6363636363,4.0
2025-12-12,정상,여성,4597363.636363637,6.0,8600545.454545455,23.0
2025-12-12,정상,잡화,3754163.6363636367,26.0,2975981.818181818,34.0
2025-12-13,이월,골프,2053545.4545454546,5.0,9732454.545454545,40.0
2025-12-13,이월,남성,7571345.454545453,30.0,37270681.81818183,95.0
2025-12-13,이월,슈즈,217636.36363636362,1.0,840545.4545454545,3.0
2025-12-13,이월,스포츠,299045.4545454545,3.0,1823181.818181818,12.0
2025-12-13,이월,여성,3885181.8181818184,9.0,24847272.72727271,60.0
2025-12-13,이월,잡화,2368036.3636363633,16.0,8511118.18181818,58.0
2025-12-13,입점,골프,1008190.9090909091,4.0,1149254.5454545454,18.0
2025-12-13,입점,남성,463954.5454545454,7.0,8527190.90909091,59.0
2025-12-13,입점,리빙,215727.27272727274,5.0,1651990.909090909,15.0
2025-12-13,입점,명품,5448181.818181817,5.0,18263090.909090906,19.0
2025-12-13,입점,뷰티,450454.5454545454,8.0,586227.2727272727,15.0
2025-12-13,입점,슈즈,0.0,0.0,946400.0,5.0
2025-12-13,입점,스포츠,317890.90909090906,7.0,1749818.1818181814,13.0
2025-12-13,입점,아웃도어,537681.8181818181,6.0,2679363.6363636362,19.0
2025-12-13,입점,여성,678481.8181818181,3.0,7801290.909090908,49.0
2025-12-13,입점,잡화,1097272.7272727273,3.0,2636890.9090909096,20.0
2025-12-13,입점,키즈,201999.99999999997,2.0,3875400.909090909,39.0
2025-12-13,정상,골프,110627.27272727272,1.0,2041518.181818182,3.0
2025-12-13,정상,남성,3592999.999999999,13.0,23784272.727272723,73.0
2025-12-13,정상,뷰티,0.0,0.0,20000.0,1.0
2025-12-13,정상,슈즈,374318.18181818177,1.0,-312590.90909090906,0.0
2025-12-13,정상,스포츠,144545.45454545453,1.0,99090.90909090909,1.0
2025-12-13,정상,여성,3892727.272727272,8.0,8890454.545454547,28.0
2025-12-13,정상,잡화,1756436.3636363638,14.0,5006945.454545455,50.0
2025-12-14,이월,골프,2676727.272727273,10.0,9644227.272727272,32.0
2025-12-14,이월,남성,9590909.090909088,31.0,60250772.727272764,167.0
2025-12-14,이월,슈즈,141272.72727272726,1.0,1151909.0909090906,8.0
2025-12-14,이월,스포츠,781772.7272727273,7.0,1571909.0909090906,12.0
2025-12-14,이월,여성,6717000.000000001,21.0,70464454.54545453,131.0
2025-12-14,이월,잡화,4146890.909090909,24.0,12449263.636363631,85.0
2025-12-14,입점,골프,2220027.2727272725,4.0,3864100.0,39.0
2025-12-14,입점,남성,1843118.1818181819,10.0,8620999.999999996,63.0
2025-12-14,입점,리빙,704636.3636363636,6.0,4274109.09090909,22.0
2025-12-14,입점,명품,1140909.0909090908,3.0,18886090.90909091,25.0
2025-12-14,입점,뷰티,683018.1818181818,13.0,1297618.1818181814,19.0
2025-12-14,입점,슈즈,108454.54545454544,1.0,1388245.4545454546,8.0
2025-12-14,입점,스포츠,302545.4545454545,6.0,1103463.6363636362,14.0
2025-12-14,입점,아웃도어,882000.0,6.0,2517781.818181818,15.0
2025-12-14,입점,여성,1012554.5454545454,5.0,10185763.636363639,57.0
2025-12-14,입점,잡화,1941999.9999999998,2.0,33852327.272727266,36.0
2025-12-14,입점,키즈,604454.5454545454,8.0,3563409.0909090904,38.0
2025-12-14,정상,골프,155454.54545454544,1.0,2083409.0909090904,10.0
2025-12-14,정상,남성,6745772.727272729,29.0,43140018.181818195,123.0
2025-12-14,정상,뷰티,50000.0,1.0,35000.0,2.0
2025-12-14,정상,슈즈,225454.54545454544,2.0,665545.4545454545,2.0
2025-12-14,정상,여성,3428999.9999999995,6.0,30031272.72727273,66.0
2025-12-14,정상,잡화,4301509.090909091,38.0,11938890.90909091,88.0
2025-12-15,이월,골프,1288545.4545454544,8.0,10001581.818181818,39.0
2025-12-15,이월,남성,4626918.18181818,28.0,33240618.18181818,105.0
2025-12-15,이월,슈즈,666909.0909090908,2.0,364681.8181818182,2.0
2025-12-15,이월,스포츠,609954.5454545454,5.0,1050272.727272727,11.0
2025-12-15,이월,여성,5104727.2727272725,8.0,17250272.727272734,39.0
2025-12-15,이월,잡화,4388209.090909091,38.0,11302454.545454545,75.0
2025-12-15,입점,골프,672636.3636363635,6.0,1058681.8181818186,18.0
2025-12-15,입점,남성,1927981.8181818184,8.0,5516345.454545456,34.0
2025-12-15,입점,리빙,1036363.6363636362,5.0,1591709.0909090906,26.0
2025-12-15,입점,명품,1265454.5454545459,5.0,-112618.18181818307,4.0
2025-12-15,입점,뷰티,449336.36363636365,9.0,1545354.5454545452,21.0
2025-12-15,입점,슈즈,253454.54545454544,1.0,-58618.18181818181,2.0
2025-12-15,입점,스포츠,201009.09090909088,3.0,606181.8181818181,11.0
2025-12-15,입점,아웃도어,1095363.6363636362,7.0,3112563.6363636367,28.0
2025-12-15,입점,여성,-414781.81818181823,1.0,2642209.0909090904,20.0
2025-12-15,입점,잡화,1086818.1818181816,6.0,26001845.454545442,28.0
2025-12-15,입점,키즈,208909.09090909088,4.0,3302363.636363636,25.0
2025-12-15,정상,골프,35636.36363636363,1.0,751627.2727272727,8.0
2025-12-15,정상,남성,7769945.454545454,27.0,19523990.90909091,58.0
2025-12-15,정상,뷰티,78181.81818181818,1.0,70454.54545454546,2.0
2025-12-15,정상,슈즈,293727.2727272727,1.0,180909.0909090909,1.0
2025-12-15,정상,스포츠,0.0,0.0,217272.72727272726,1.0
2025-12-15,정상,여성,1978636.3636363633,3.0,8804409.09090909,26.0
2025-12-15,정상,잡화,6964581.818181817,62.0,7535990.909090908,83.0
2025-12-16,이월,골프,391500.0,2.0,2664581.8181818174,19.0
2025-12-16,이월,남성,9065999.999999998,29.0,25623509.09090909,82.0
2025-12-16,이월,슈즈,450545.4545454545,2.0,-186954.5454545454,0.0
2025-12-16,이월,스포츠,277136.36363636365,2.0,38636.36363636365,3.0
2025-12-16,이월,여성,-702545.4545454547,3.0,11824954.545454547,38.0
2025-12-16,이월,잡화,2049763.6363636358,22.0,6753463.636363635,53.0
2025-12-16,입점,골프,556727.2727272727,3.0,2282763.636363636,24.0
2025-12-16,입점,남성,1495027.2727272727,15.0,2573309.0909090904,23.0
2025-12-16,입점,리빙,983181.8181818181,6.0,1086590.9090909092,8.0
2025-12-16,입점,명품,480181.8181818181,6.0,431345.45454545505,25.0
2025-12-16,입점,뷰티,204545.45454545453,7.0,175727.27272727274,2.0
2025-12-16,입점,슈즈,317545.4545454545,2.0,588681.8181818181,6.0
2025-12-16,입점,스포츠,972636.3636363636,7.0,787918.1818181819,11.0
2025-12-16,입점,아웃도어,832909.0909090907,2.0,2064363.6363636365,12.0
2025-12-16,입점,여성,544054.5454545454,5.0,679054.5454545453,-1.0
2025-12-16,입점,잡화,50590.909090909074,1.0,4352818.181818182,18.0
2025-12-16,입점,키즈,361609.0909090909,7.0,1824181.8181818184,27.0
2025-12-16,정상,골프,364727.2727272727,4.0,1339390.9090909087,9.0
2025-12-16,정상,남성,3126827.2727272725,20.0,5034481.818181817,43.0
2025-12-16,정상,뷰티,24545.454545454544,1.0,72727.27272727272,1.0
2025-12-16,정상,슈즈,189090.9090909091,2.0,479090.90909090906,3.0
2025-12-16,정상,스포츠,153636.36363636362,1.0,144545.45454545453,0.0
2025-12-16,정상,여성,2670272.727272727,5.0,14503272.727272721,39.0
2025-12-16,정상,잡화,11170200.000000002,70.0,7810245.454545455,78.0
2025-12-17,이월,골프,1537545.4545454546,8.0,624909.0909090909,8.0
2025-12-17,이월,남성,4062272.7272727257,30.0,10864018.181818184,53.0
2025-12-17,이월,슈즈,344454.5454545454,2.0,871272.7272727272,6.0
2025-12-17,이월,스포츠,467499.9999999999,4.0,302045.4545454546,2.0
2025-12-17,이월,여성,2180454.5454545454,7.0,13899454.545454547,28.0
2025-12-17,이월,잡화,3809481.818181818,33.0,8995209.090909092,63.0
2025-12-17,입점,골프,975572.7272727273,8.0,2016090.9090909087,14.0
2025-12-17,입점,남성,1085327.2727272727,7.0,7504181.818181818,47.0
2025-12-17,입점,리빙,353545.4545454545,5.0,1308881.818181818,16.0
2025-12-17,입점,명품,3042909.0909090904,8.0,4630636.363636362,9.0
2025-12-17,입점,뷰티,289909.0909090909,6.0,480336.36363636365,13.0
2025-12-17,입점,슈즈,148490.90909090906,2.0,-176090.90909090906,0.0
2025-12-17,입점,스포츠,62272.727272727265,1.0,191318.1818181818,0.0
2025-12-17,입점,아웃도어,715818.1818181816,6.0,357181.8181818181,5.0
2025-12-17,입점,여성,353290.90909090906,6.0,2233536.3636363633,19.0
2025-12-17,입점,잡화,346445.45454545453,7.0,22451681.818181813,15.0
2025-12-17,입점,키즈,450372.72727272724,6.0,1448900.0000000005,29.0
2025-12-17,정상,골프,638636.3636363634,5.0,1233318.1818181816,5.0
2025-12-17,정상,남성,8265736.363636364,32.0,11879318.18181818,53.0
2025-12-17,정상,뷰티,192909.0909090909,4.0,254772.72727272726,6.0
2025-12-17,정상,슈즈,0.0,0.0,252727.2727272727,2.0
2025-12-17,정상,스포츠,599090.9090909091,1.0,0.0,0.0
2025-12-17,정상,여성,3453181.818181818,11.0,15512772.72727273,30.0
2025-12-17,정상,잡화,7947636.363636366,72.0,7352163.636363635,75.0
2025-12-18,이월,골프,1321136.3636363638,5.0,440863.6363636366,10.0
2025-12-18,이월,남성,3676336.363636363,17.0,22603972.727272734,94.0
2025-12-18,이월,슈즈,466363.63636363635,3.0,681454.5454545454,3.0
2025-12-18,이월,스포츠,124818.18181818181,1.0,606409.0909090908,8.0
2025-12-18,이월,여성,-840000.0,9.0,13533181.818181816,40.0
2025-12-18,이월,잡화,4205690.909090908,34.0,7780909.09090909,65.0
2025-12-18,입점,골프,291218.18181818177,2.0,1744118.1818181819,14.0
2025-12-18,입점,남성,1050172.7272727273,10.0,291472.7272727274,27.0
2025-12-18,입점,리빙,-142545.4545454545,2.0,1964636.363636363,14.0
2025-12-18,입점,명품,1949090.9090909092,7.0,8198272.727272728,16.0
2025-12-18,입점,뷰티,546727.2727272727,10.0,536018.1818181818,11.0
2025-12-18,입점,슈즈,361109.0909090908,2.0,817636.3636363636,3.0
2025-12-18,입점,스포츠,246772.72727272724,4.0,358290.90909090906,7.0
2025-12-18,입점,아웃도어,164909.09090909094,0.0,863181.8181818181,11.0
2025-12-18,입점,여성,572745.4545454545,4.0,3470190.9090909082,21.0
2025-12-18,입점,잡화,1999999.9999999998,3.0,8452009.09090909,17.0
2025-12-18,입점,키즈,927309.0909090907,6.0,1298645.4545454541,15.0
2025-12-18,정상,골프,555518.1818181818,4.0,1539745.4545454546,6.0
2025-12-18,정상,남성,8860736.363636361,24.0,27426218.181818184,52.0
2025-12-18,정상,뷰티,78181.81818181818,1.0,-25318.181818181816,0.0
2025-12-18,정상,슈즈,261818.1818181818,2.0,198181.81818181818,1.0
2025-12-18,정상,스포츠,370000.0,3.0,651818.1818181818,2.0
2025-12-18,정상,여성,5305090.909090909,14.0,18126363.636363644,34.0
2025-12-18,정상,잡화,6645409.090909091,65.0,10484199.999999998,74.0
2025-12-19,이월,골프,1215227.2727272727,2.0,7483572.727272727,39.0
2025-12-19,이월,남성,13098272.727272727,28.0,30267327.272727262,80.0
2025-12-19,이월,슈즈,217636.36363636362,1.0,-807318.1818181818,-3.0
2025-12-19,이월,스포츠,100227.27272727272,1.0,1722090.909090909,19.0
2025-12-19,이월,여성,-1136636.3636363638,8.0,17451636.36363636,39.0
2025-12-19,이월,잡화,3549309.0909090913,25.0,7438354.545454545,53.0
2025-12-19,입점,골프,322927.2727272727,3.0,2163581.818181818,20.0
2025-12-19,입점,남성,124463.63636363637,1.0,3077818.1818181807,27.0
2025-12-19,입점,리빙,-4454.545454545449,1.0,3540090.9090909087,14.0
2025-12-19,입점,명품,550363.6363636362,3.0,5708618.181818181,14.0
2025-12-19,입점,뷰티,326636.3636363636,7.0,516772.7272727272,14.0
2025-12-19,입점,슈즈,0.0,0.0,436554.5454545454,5.0
2025-12-19,입점,스포츠,290454.5454545454,4.0,-236136.36363636362,4.0
2025-12-19,입점,아웃도어,361090.90909090906,4.0,-244090.90909090912,7.0
2025-12-19,입점,여성,357709.0909090909,6.0,130863.63636363621,4.0
2025-12-19,입점,잡화,1303363.6363636362,3.0,18540045.454545453,9.0
2025-12-19,입점,키즈,1766436.3636363635,12.0,3813918.1818181807,26.0
2025-12-19,정상,골프,56090.90909090909,2.0,2990190.9090909082,15.0
2025-12-19,정상,남성,4506436.363636363,19.0,5868699.999999999,31.0
2025-12-19,정상,뷰티,62727.27272727272,0.0,89090.90909090909,1.0
2025-12-19,정상,슈즈,872954.5454545454,5.0,990999.9999999998,3.0
2025-12-19,정상,스포츠,0.0,0.0,217272.72727272726,1.0
2025-12-19,정상,여성,1523909.0909090908,5.0,7443000.0,18.0
2025-12-19,정상,잡화,7538109.090909089,73.0,9691045.454545453,75.0
2025-12-20,이월,골프,3595363.6363636367,15.0,3634363.636363636,15.0
2025-12-20,이월,남성,7225645.454545454,26.0,20959818.181818176,61.0
2025-12-20,이월,슈즈,463272.72727272724,2.0,-134863.63636363635,-1.0
2025-12-20,이월,스포츠,119454.54545454544,1.0,593454.5454545454,5.0
2025-12-20,이월,여성,7741272.7272727275,16.0,24007590.909090914,71.0
2025-12-20,이월,잡화,3448236.363636364,26.0,7711890.90909091,59.0
2025-12-20,입점,골프,1609236.3636363635,12.0,3588963.636363636,30.0
2025-12-20,입점,남성,943018.1818181816,11.0,1699845.4545454546,14.0
2025-12-20,입점,리빙,708227.2727272727,8.0,1189863.636363636,16.0
2025-12-20,입점,명품,1211818.1818181816,6.0,6918272.727272727,13.0
2025-12-20,입점,뷰티,215818.1818181818,3.0,479090.9090909091,9.0
2025-12-20,입점,슈즈,415090.90909090906,1.0,1597654.5454545454,6.0
2025-12-20,입점,스포츠,294181.8181818182,5.0,1288690.9090909092,22.0
2025-12-20,입점,아웃도어,405454.5454545454,3.0,1472472.727272727,14.0
2025-12-20,입점,여성,689909.0909090909,6.0,2482809.090909091,23.0
2025-12-20,입점,잡화,1412363.6363636362,5.0,3226545.454545454,13.0
2025-12-20,입점,키즈,524427.2727272727,4.0,4079609.0909090918,34.0
2025-12-20,정상,골프,998727.2727272726,5.0,134236.3636363636,3.0
2025-12-20,정상,남성,5531018.1818181835,20.0,25600709.09090909,67.0
2025-12-20,정상,뷰티,10000.0,1.0,65454.54545454545,1.0
2025-12-20,정상,슈즈,799500.0,4.0,432000.0,3.0
2025-12-20,정상,스포츠,189090.9090909091,2.0,-217272.72727272726,-1.0
2025-12-20,정상,여성,3493636.3636363638,8.0,13517181.81818182,31.0
2025-12-20,정상,잡화,7143890.909090909,57.0,7819527.272727275,56.0
2025-12-21,이월,골프,3902090.9090909087,12.0,6207536.363636363,28.0
2025-12-21,이월,남성,9741181.81818182,37.0,52483190.90909093,161.0
2025-12-21,이월,슈즈,0.0,0.0,1111545.4545454544,8.0
2025-12-21,이월,스포츠,801272.7272727273,7.0,1243545.4545454544,14.0
2025-12-21,이월,여성,5359272.727272726,20.0,56973454.54545454,140.0
2025-12-21,이월,잡화,3878909.0909090904,22.0,8924227.272727273,63.0
2025-12-21,입점,골프,52727.27272727272,1.0,6342345.454545453,33.0
2025-12-21,입점,남성,1448363.6363636365,7.0,5223345.454545454,34.0
2025-12-21,입점,리빙,356272.72727272724,7.0,2076481.8181818177,20.0
2025-12-21,입점,명품,2141636.3636363633,6.0,10434072.727272727,22.0
2025-12-21,입점,뷰티,476000.0,7.0,867754.5454545453,16.0
2025-12-21,입점,슈즈,177181.81818181818,1.0,1199190.9090909087,8.0
2025-12-21,입점,스포츠,204545.45454545453,2.0,3261363.636363637,31.0
2025-12-21,입점,아웃도어,381363.63636363635,5.0,2831272.7272727275,17.0
2025-12-21,입점,여성,261945.45454545453,1.0,2772336.3636363638,26.0
2025-12-21,입점,잡화,788000.0000000001,9.0,2294109.0909090904,16.0
2025-12-21,입점,키즈,282363.63636363635,4.0,3473490.9090909082,38.0
2025-12-21,정상,골프,297545.45454545453,2.0,1590163.6363636362,7.0
2025-12-21,정상,남성,7204590.909090907,26.0,30155990.909090895,104.0
2025-12-21,정상,뷰티,212727.2727272727,2.0,16363.636363636362,1.0
2025-12-21,정상,슈즈,198181.81818181818,1.0,765545.4545454545,3.0
2025-12-21,정상,스포츠,0.0,0.0,80909.0909090909,1.0
2025-12-21,정상,여성,5667363.636363636,14.0,32549181.81818181,69.0
2025-12-21,정상,잡화,6910945.454545452,60.0,10293445.454545455,97.0
2025-12-22,이월,골프,3174681.8181818184,9.0,10258609.090909088,39.0
2025-12-22,이월,남성,14597454.545454543,42.0,24678536.363636352,82.0
2025-12-22,이월,슈즈,-320818.1818181818,0.0,1500136.3636363635,9.0
2025-12-22,이월,스포츠,589500.0,4.0,1941572.7272727273,16.0
2025-12-22,이월,여성,-1435727.2727272727,5.0,17256363.63636363,37.0
2025-12-22,이월,잡화,4286300.0,36.0,9967781.818181816,67.0
2025-12-22,입점,골프,286618.1818181818,4.0,2916918.181818181,15.0
2025-12-22,입점,남성,793300.0,10.0,3406418.1818181816,22.0
2025-12-22,입점,리빙,868363.6363636362,8.0,2074904.5454545454,15.0
2025-12-22,입점,명품,174545.4545454543,4.0,15548209.090909084,33.0
2025-12-22,입점,뷰티,642454.5454545453,15.0,1298290.9090909085,20.0
2025-12-22,입점,슈즈,-90909.09090909091,0.0,1098272.7272727273,7.0
2025-12-22,입점,스포츠,684272.7272727273,7.0,996909.0909090912,6.0
2025-12-22,입점,아웃도어,174636.3636363636,1.0,1221590.9090909092,12.0
2025-12-22,입점,여성,359054.5454545454,4.0,7223281.818181817,11.0
2025-12-22,입점,잡화,937636.3636363635,4.0,30736790.909090906,22.0
2025-12-22,입점,키즈,712954.5454545454,7.0,676945.4545454545,13.0
2025-12-22,정상,골프,1425772.727272727,11.0,1710054.5454545452,11.0
2025-12-22,정상,남성,10579000.000000002,34.0,34903427.27272729,99.0
2025-12-22,정상,뷰티,179999.99999999997,0.0,0.0,0.0
2025-12-22,정상,슈즈,460909.0909090908,3.0,991636.3636363635,8.0
2025-12-22,정상,스포츠,0.0,0.0,334727.2727272726,1.0
2025-12-22,정상,여성,6486272.7272727275,15.0,16998772.727272727,44.0
2025-12-22,정상,잡화,9698963.636363633,85.0,11050000.000000004,94.0
2025-12-23,이월,골프,1741227.2727272727,9.0,3821054.545454546,12.0
2025-12-23,이월,남성,-4505545.454545455,1.0,9963163.63636364,47.0
2025-12-23,이월,슈즈,151818.1818181818,2.0,995909.0909090908,5.0
2025-12-23,이월,스포츠,620000.0,5.0,1065990.909090909,11.0
2025-12-23,이월,여성,3380454.545454545,6.0,-7524954.54545454,11.0
2025-12-23,이월,잡화,2945018.1818181816,27.0,4526509.09090909,38.0
2025-12-23,입점,골프,396709.0909090908,5.0,1572109.0909090906,16.0
2025-12-23,입점,남성,704363.6363636362,6.0,-1319727.2727272739,2.0
2025-12-23,입점,리빙,-11181.818181818191,2.0,1177154.5454545459,22.0
2025-12-23,입점,명품,801454.5454545453,4.0,16354436.363636361,32.0
2025-12-23,입점,뷰티,427909.0909090909,7.0,108272.72727272718,11.0
2025-12-23,입점,슈즈,0.0,0.0,-53872.727272727294,-1.0
2025-12-23,입점,스포츠,98818.18181818181,3.0,680227.2727272727,11.0
2025-12-23,입점,아웃도어,634045.4545454545,6.0,1567681.8181818184,14.0
2025-12-23,입점,여성,-23290.909090909056,4.0,138754.54545454562,7.0
2025-12-23,입점,잡화,160636.36363636362,3.0,9814390.909090906,17.0
2025-12-23,입점,키즈,465190.90909090906,6.0,639800.0,17.0
2025-12-23,정상,골프,113000.0,2.0,33036.36363636358,1.0
2025-12-23,정상,남성,6437609.090909089,23.0,15331118.181818187,67.0
2025-12-23,정상,뷰티,138181.81818181818,2.0,94636.36363636362,2.0
2025-12-23,정상,슈즈,-210045.45454545453,0.0,853818.1818181818,1.0
2025-12-23,정상,여성,4181454.545454545,10.0,7012545.454545454,25.0
2025-12-23,정상,잡화,7507781.818181816,61.0,8805190.909090906,66.0
2025-12-24,이월,골프,928590.909090909,4.0,-246636.36363636344,6.0
2025-12-24,이월,남성,5629881.818181817,33.0,11304827.272727272,43.0
2025-12-24,이월,슈즈,139500.0,1.0,435409.0909090908,2.0
2025-12-24,이월,스포츠,619272.7272727273,5.0,216681.8181818181,1.0
2025-12-24,이월,여성,2344636.3636363633,9.0,5031000.000000001,10.0
2025-12-24,이월,잡화,3998236.363636363,30.0,6709545.454545457,55.0
2025-12-24,입점,골프,1010636.3636363636,10.0,3578109.0909090913,18.0
2025-12-24,입점,남성,485690.9090909091,5.0,292909.0909090912,10.0
2025-12-24,입점,리빙,359127.27272727265,9.0,2383818.1818181807,20.0
2025-12-24,입점,명품,-1725181.818181818,-2.0,438745.45454545313,19.0
2025-12-24,입점,뷰티,252999.99999999997,7.0,530481.8181818181,12.0
2025-12-24,입점,슈즈,451909.0909090909,3.0,-211936.36363636365,-3.0
2025-12-24,입점,스포츠,94636.36363636362,2.0,629272.7272727272,11.0
2025-12-24,입점,아웃도어,-160545.45454545456,1.0,190472.72727272718,3.0
2025-12-24,입점,여성,238981.81818181815,2.0,-321718.18181818153,14.0
2025-12-24,입점,잡화,2841681.818181818,7.0,4259145.454545453,15.0
2025-12-24,입점,키즈,32590.90909090909,1.0,-9045.454545454588,9.0
2025-12-24,정상,골프,79999.99999999999,0.0,-196318.18181818182,4.0
2025-12-24,정상,남성,8677818.181818184,26.0,12024490.909090903,44.0
2025-12-24,정상,뷰티,0.0,0.0,10000.0,1.0
2025-12-24,정상,슈즈,216363.63636363635,2.0,301454.54545454547,4.0
2025-12-24,정상,스포츠,54545.45454545453,0.0,80909.0909090909,1.0
2025-12-24,정상,여성,6064909.090909089,4.0,12070590.909090905,18.0
2025-12-24,정상,잡화,3542145.454545454,36.0,5409209.090909093,46.0
2025-12-25,이월,골프,2206727.2727272725,8.0,8264954.545454545,30.0
2025-12-25,이월,남성,9347500.0,31.0,47554199.99999998,123.0
2025-12-25,이월,슈즈,88454.54545454544,1.0,1113090.909090909,11.0
2025-12-25,이월,스포츠,320299.99999999994,4.0,1413681.818181818,12.0
2025-12-25,이월,여성,10029181.818181816,28.0,48819772.72727271,113.0
2025-12-25,이월,잡화,2678981.818181818,23.0,10290118.18181818,67.0
2025-12-25,입점,골프,1458245.4545454544,8.0,5471936.363636362,43.0
2025-12-25,입점,남성,915545.4545454545,8.0,4408909.09090909,34.0
2025-12-25,입점,리빙,66636.36363636363,2.0,2274636.3636363638,24.0
2025-12-25,입점,명품,1567800.0,8.0,12707363.636363637,21.0
2025-12-25,입점,뷰티,314181.8181818181,7.0,1046627.2727272726,17.0
2025-12-25,입점,슈즈,95090.9090909091,1.0,416299.9999999999,3.0
2025-12-25,입점,스포츠,754545.4545454546,4.0,501909.0909090909,10.0
2025-12-25,입점,아웃도어,294454.5454545454,5.0,3069727.272727272,31.0
2025-12-25,입점,여성,374236.3636363636,4.0,7610936.363636361,41.0
2025-12-25,입점,잡화,126781.81818181818,3.0,2816127.2727272725,30.0
2025-12-25,입점,키즈,73363.63636363635,1.0,6113572.7272727275,45.0
2025-12-25,정상,골프,94545.45454545453,2.0,790363.6363636362,6.0
2025-12-25,정상,남성,9734954.545454543,29.0,21824909.09090909,76.0
2025-12-25,정상,뷰티,156363.63636363635,2.0,0.0,0.0
2025-12-25,정상,슈즈,217272.72727272726,1.0,681590.909090909,1.0
2025-12-25,정상,스포츠,406363.63636363635,3.0,225454.5454545454,2.0
2025-12-25,정상,여성,1668636.3636363638,8.0,26464090.909090906,49.0
2025-12-25,정상,잡화,4725945.454545454,42.0,4924745.454545454,44.0
2025-12-26,이월,골프,1152499.9999999998,4.0,2965554.545454546,14.0
2025-12-26,이월,남성,-295090.9090909088,13.0,24466000.0,67.0
2025-12-26,이월,슈즈,282545.45454545453,2.0,573272.7272727273,4.0
2025-12-26,이월,스포츠,376181.8181818181,3.0,1765818.1818181812,13.0
2025-12-26,이월,여성,1596909.0909090904,3.0,13698727.272727277,41.0
2025-12-26,이월,잡화,6059581.818181819,43.0,5388045.454545455,49.0
2025-12-26,입점,골프,1490727.2727272727,7.0,3618118.181818181,32.0
2025-12-26,입점,남성,8090.909090909059,3.0,5310772.727272727,25.0
2025-12-26,입점,리빙,234090.90909090906,3.0,2396863.6363636367,23.0
2025-12-26,입점,명품,1458618.1818181819,3.0,10485363.636363637,21.0
2025-12-26,입점,뷰티,670636.3636363634,14.0,769454.5454545453,14.0
2025-12-26,입점,슈즈,187181.81818181818,2.0,783090.909090909,8.0
2025-12-26,입점,스포츠,-116636.36363636365,2.0,2343409.09090909,24.0
2025-12-26,입점,아웃도어,152700.0,4.0,3892836.3636363633,35.0
2025-12-26,입점,여성,-141399.99999999997,2.0,6156699.999999999,43.0
2025-12-26,입점,잡화,617090.909090909,8.0,466918.18181818165,15.0
2025-12-26,입점,키즈,786499.9999999999,5.0,1849272.727272727,16.0
2025-12-26,정상,골프,336681.8181818182,4.0,491918.1818181817,2.0
2025-12-26,정상,남성,6975372.727272727,25.0,8609618.18181818,27.0
2025-12-26,정상,슈즈,153636.36363636362,1.0,636499.9999999999,3.0
2025-12-26,정상,스포츠,0.0,0.0,615454.5454545453,3.0
2025-12-26,정상,여성,1196909.0909090906,2.0,-4448727.272727273,-8.0
2025-12-26,정상,잡화,5206363.636363638,47.0,5270136.363636363,52.0
2025-12-27,이월,골프,521818.1818181818,4.0,4313899.999999999,25.0
2025-12-27,이월,남성,8088599.999999998,31.0,23259845.454545457,82.0
2025-12-27,이월,슈즈,762863.6363636364,5.0,896636.3636363635,7.0
2025-12-27,이월,스포츠,952318.1818181818,7.0,1139727.2727272727,13.0
2025-12-27,이월,여성,4989363.636363635,15.0,36458000.0,69.0
2025-12-27,이월,잡화,3035800.0,23.0,9061154.545454547,68.0
2025-12-27,입점,골프,402454.5454545454,4.0,4521900.0,34.0
2025-12-27,입점,남성,462499.99999999994,6.0,3128327.2727272725,28.0
2025-12-27,입점,리빙,313545.45454545453,5.0,1919427.2727272727,19.0
2025-12-27,입점,명품,3463727.2727272725,5.0,20833636.36363636,36.0
2025-12-27,입점,뷰티,274272.72727272724,6.0,849918.1818181816,19.0
2025-12-27,입점,슈즈,-117272.72727272726,-1.0,1356727.2727272727,10.0
2025-12-27,입점,스포츠,109681.81818181816,2.0,1220272.7272727273,22.0
2025-12-27,입점,아웃도어,562000.0,6.0,3999372.7272727275,37.0
2025-12-27,입점,여성,123454.54545454544,3.0,5791672.727272728,41.0
2025-12-27,입점,잡화,313727.2727272727,8.0,2705363.6363636362,18.0
2025-12-27,입점,키즈,-24772.727272727236,1.0,3816836.3636363633,35.0
2025-12-27,정상,골프,203045.45454545453,2.0,172918.18181818182,3.0
2025-12-27,정상,남성,2943981.8181818184,8.0,16062609.09090909,43.0
2025-12-27,정상,슈즈,0.0,0.0,135454.54545454544,1.0
2025-12-27,정상,스포츠,153636.36363636362,1.0,80909.0909090909,1.0
2025-12-27,정상,여성,3565727.272727272,3.0,12139863.636363635,21.0
2025-12-27,정상,잡화,5079490.909090909,45.0,5536963.636363638,43.0
2025-12-28,이월,골프,1447545.4545454546,6.0,11033399.999999998,43.0
2025-12-28,이월,남성,8327536.363636364,34.0,45409345.454545446,122.0
2025-12-28,이월,슈즈,0.0,0.0,390590.90909090906,5.0
2025-12-28,이월,스포츠,1083090.9090909092,11.0,1493709.0909090906,14.0
2025-12-28,이월,여성,4312818.181818182,16.0,60672636.3636363,133.0
2025-12-28,이월,잡화,5899899.999999998,38.0,10165318.181818182,70.0
2025-12-28,입점,골프,315436.36363636365,6.0,5276718.181818182,36.0
2025-12-28,입점,남성,1294454.5454545454,9.0,5495454.545454545,43.0
2025-12-28,입점,리빙,1388272.727272727,10.0,3464036.3636363633,23.0
2025-12-28,입점,명품,3040999.9999999995,5.0,11391163.636363635,31.0
2025-12-28,입점,뷰티,231545.45454545453,6.0,1198490.9090909087,27.0
2025-12-28,입점,슈즈,43909.090909090904,1.0,676872.7272727273,8.0
2025-12-28,입점,스포츠,215045.45454545453,4.0,2260300.0,29.0
2025-12-28,입점,아웃도어,1587181.8181818181,12.0,3679900.000000001,35.0
2025-12-28,입점,여성,753427.2727272726,6.0,6032700.000000003,57.0
2025-12-28,입점,잡화,942909.0909090908,0.0,4050572.7272727275,29.0
2025-12-28,입점,키즈,479099.99999999994,5.0,4301390.90909091,39.0
2025-12-28,정상,골프,56454.54545454545,1.0,2100100.0,10.0
2025-12-28,정상,남성,8960854.545454545,33.0,31595581.818181828,93.0
2025-12-28,정상,뷰티,62727.27272727272,1.0,0.0,0.0
2025-12-28,정상,슈즈,886363.6363636362,4.0,317545.45454545453,1.0
2025-12-28,정상,스포츠,425454.5454545454,2.0,161818.1818181818,2.0
2025-12-28,정상,여성,2379181.818181818,11.0,29113181.81818182,51.0
2025-12-28,정상,잡화,7377254.545454545,61.0,8991581.818181816,69.0
2025-12-29,이월,골프,2696590.9090909082,5.0,7606199.999999999,31.0
2025-12-29,이월,남성,4471390.90909091,21.0,21492436.36363636,70.0
2025-12-29,이월,슈즈,705909.0909090908,4.0,239590.90909090906,1.0
2025-12-29,이월,스포츠,838954.5454545453,7.0,1779227.2727272722,19.0
2025-12-29,이월,여성,6183727.27272727,18.0,14184954.545454547,25.0
2025-12-29,이월,잡화,2303400.0,19.0,7466209.09090909,46.0
2025-12-29,입점,골프,707118.1818181816,5.0,-1384227.2727272725,1.0
2025-12-29,입점,남성,290090.90909090906,3.0,5184581.818181818,33.0
2025-12-29,입점,리빙,286727.2727272727,4.0,671386.3636363635,11.0
2025-12-29,입점,명품,2507181.8181818184,5.0,7103163.636363638,26.0
2025-12-29,입점,뷰티,421363.63636363635,8.0,333527.2727272727,9.0
2025-12-29,입점,슈즈,-116272.72727272726,-1.0,1217836.3636363635,3.0
2025-12-29,입점,스포츠,135272.72727272726,2.0,970109.0909090907,10.0
2025-12-29,입점,아웃도어,585727.2727272727,8.0,2612590.9090909082,13.0
2025-12-29,입점,여성,189772.7272727272,0.0,1681099.9999999995,10.0
2025-12-29,입점,잡화,445999.99999999994,3.0,1813909.0909090908,11.0
2025-12-29,입점,키즈,96136.36363636362,-1.0,3375981.8181818184,25.0
2025-12-29,정상,골프,525727.2727272727,3.0,2972127.272727272,14.0
2025-12-29,정상,남성,2959481.818181818,15.0,11319836.36363636,38.0
2025-12-29,정상,뷰티,19090.90909090909,1.0,115363.63636363635,2.0
2025-12-29,정상,슈즈,0.0,0.0,492318.1818181819,2.0
2025-12-29,정상,스포츠,696727.2727272727,1.0,1032181.818181818,2.0
2025-12-29,정상,여성,-3431818.1818181807,-3.0,4871590.909090908,19.0
2025-12-29,정상,잡화,4147000.0,37.0,8033127.272727272,56.0
2025-12-30,이월,골프,487363.63636363635,2.0,534000.0000000002,11.0
2025-12-30,이월,남성,-154018.18181818168,-1.0,22303572.72727272,79.0
2025-12-30,이월,슈즈,-440818.18181818177,-2.0,-271818.1818181818,-2.0
2025-12-30,이월,스포츠,-16545.454545454544,0.0,2563363.6363636362,20.0
2025-12-30,이월,여성,-751909.0909090908,4.0,18711500.000000004,37.0
2025-12-30,이월,잡화,862454.5454545455,6.0,6695500.0,37.0
2025-12-30,입점,골프,0.0,0.0,2029163.636363636,15.0
2025-12-30,입점,남성,-133363.63636363635,-2.0,1817627.272727273,13.0
2025-12-30,입점,리빙,36272.72727272727,1.0,1238590.9090909087,17.0
2025-12-30,입점,명품,-440909.09090909077,1.0,5062181.818181819,3.0
2025-12-30,입점,뷰티,36272.72727272727,1.0,858018.1818181818,17.0
2025-12-30,입점,슈즈,-49881.81818181818,-1.0,266118.18181818177,0.0
2025-12-30,입점,스포츠,88363.63636363635,1.0,795863.6363636362,13.0
2025-12-30,입점,아웃도어,-149545.45454545453,-1.0,4259045.454545453,30.0
2025-12-30,입점,여성,-200999.99999999997,0.0,-2882790.9090909082,-6.0
2025-12-30,입점,잡화,97090.90909090909,2.0,1565445.4545454541,12.0
2025-12-30,입점,키즈,405954.5454545454,1.0,3498236.3636363633,31.0
2025-12-30,정상,골프,0.0,0.0,1819327.2727272725,11.0
2025-12-30,정상,남성,-286800.0,-1.0,16063354.545454547,57.0
2025-12-30,정상,뷰티,97272.72727272726,2.0,0.0,0.0
2025-12-30,정상,슈즈,287454.54545454547,1.0,-220681.81818181815,0.0
2025-12-30,정상,스포츠,535454.5454545454,1.0,-91818.18181818184,1.0
2025-12-30,정상,여성,1454454.5454545454,3.0,18202227.272727273,34.0
2025-12-30,정상,잡화,1661154.5454545452,12.0,8223727.272727275,58.0
2025-12-31,이월,골프,-964499.9999999999,-4.0,5846409.090909091,18.0
2025-12-31,이월,남성,-3025090.9090909087,-9.0,20206381.818181813,62.0
2025-12-31,이월,슈즈,-349363.63636363635,-1.0,125227.27272727268,2.0
2025-12-31,이월,스포츠,-129409.0909090909,-1.0,1030118.1818181818,11.0
2025-12-31,이월,여성,-2909090.9090909087,0.0,15955909.090909092,47.0
2025-12-31,이월,잡화,-178200.0,-1.0,5126981.818181819,36.0
2025-12-31,입점,골프,-445272.72727272724,-3.0,1773754.5454545454,19.0
2025-12-31,입점,남성,-36518.18181818181,0.0,2956818.181818181,18.0
2025-12-31,입점,리빙,0.0,0.0,1759381.818181818,19.0
2025-12-31,입점,명품,-1280909.0909090908,-1.0,8250090.909090907,13.0
2025-12-31,입점,뷰티,111818.18181818181,1.0,1113236.3636363638,10.0
2025-12-31,입점,슈즈,0.0,0.0,818454.5454545453,7.0
2025-12-31,입점,스포츠,0.0,0.0,396254.5454545454,7.0
2025-12-31,입점,아웃도어,282636.3636363636,-1.0,-969836.3636363638,-7.0
2025-12-31,입점,여성,-330090.90909090906,-5.0,-376490.9090909092,-3.0
2025-12-31,입점,잡화,0.0,0.0,1119645.4545454544,12.0
2025-12-31,입점,키즈,223090.90909090906,2.0,2181563.6363636362,22.0
2025-12-31,정상,골프,99681.81818181816,1.0,661863.6363636364,4.0
2025-12-31,정상,남성,-5013863.636363636,-9.0,8198663.636363638,24.0
2025-12-31,정상,뷰티,156363.63636363635,1.0,26181.81818181818,1.0
2025-12-31,정상,슈즈,0.0,0.0,521363.63636363635,3.0
2025-12-31,정상,여성,304000.0,-3.0,6929545.454545453,23.0
2025-12-31,정상,잡화,-212909.0909090909,-3.0,2724109.09090909,29.0
2026-01-01,이월,골프,445000.0,5.0,4950181.818181818,20.0
2026-01-01,이월,남성,13776909.090909088,53.0,51656345.45454546,156.0
2026-01-01,이월,슈즈,69363.63636363635,1.0,803181.818181818,6.0
2026-01-01,이월,스포츠,796363.6363636362,6.0,1318181.8181818184,15.0
2026-01-01,이월,여성,3394909.0909090904,13.0,52054636.36363635,106.0
2026-01-01,이월,잡화,3446745.454545454,30.0,9719690.909090908,75.0
2026-01-01,입점,골프,467636.3636363636,8.0,3862881.818181819,33.0
2026-01-01,입점,남성,706727.2727272726,4.0,13002900.0,66.0
2026-01-01,입점,리빙,438545.4545454545,5.0,2133454.545454545,17.0
2026-01-01,입점,명품,1589454.5454545454,9.0,17802981.818181816,35.0
2026-01-01,입점,뷰티,443454.5454545454,8.0,1207136.3636363638,22.0
2026-01-01,입점,슈즈,43909.090909090904,0.0,1329454.5454545454,9.0
2026-01-01,입점,스포츠,440909.0909090909,9.0,1686054.5454545454,21.0
2026-01-01,입점,아웃도어,386545.45454545453,3.0,1535599.9999999998,13.0
2026-01-01,입점,여성,661636.3636363636,4.0,5020851.818181817,33.0
2026-01-01,입점,잡화,3190681.8181818184,6.0,2781806.3636363633,37.0
2026-01-01,입점,키즈,1612581.8181818184,11.0,6475236.363636361,56.0
2026-01-01,정상,골프,376600.0,3.0,1623345.4545454544,6.0
2026-01-01,정상,남성,8186781.8181818165,30.0,19779109.09090909,67.0
2026-01-01,정상,뷰티,-59090.90909090909,2.0,0.0,0.0
2026-01-01,정상,슈즈,820909.0909090908,7.0,117272.72727272726,1.0
2026-01-01,정상,스포츠,143636.36363636365,2.0,218454.5454545454,3.0
2026-01-01,정상,여성,6029181.818181817,10.0,23458954.545454547,51.0
2026-01-01,정상,잡화,5191363.636363635,41.0,9578163.636363633,84.0
2026-01-02,이월,골프,139545.45454545453,1.0,-305318.1818181817,7.0
2026-01-02,이월,남성,4939490.909090909,20.0,23938763.63636363,65.0
2026-01-02,이월,슈즈,324409.09090909094,1.0,592818.1818181818,3.0
2026-01-02,이월,스포츠,1201727.2727272727,12.0,1130045.4545454546,11.0
2026-01-02,이월,여성,6468000.0,10.0,2732318.181818181,17.0
2026-01-02,이월,잡화,3296181.8181818174,21.0,11095509.09090909,66.0
2026-01-02,입점,골프,492181.8181818181,5.0,966727.2727272726,3.0
2026-01-02,입점,남성,940000.0000000001,4.0,3605536.3636363633,18.0
2026-01-02,입점,리빙,868999.9999999999,10.0,3028627.272727273,12.0
2026-01-02,입점,명품,1637272.727272727,7.0,-1688745.4545454541,7.0
2026-01-02,입점,뷰티,625654.5454545453,15.0,1416963.6363636365,28.0
2026-01-02,입점,슈즈,378545.45454545453,2.0,1756681.8181818181,15.0
2026-01-02,입점,스포츠,43636.363636363625,3.0,229845.45454545453,10.0
2026-01-02,입점,아웃도어,-25090.909090909096,1.0,1157581.8181818181,13.0
2026-01-02,입점,여성,487763.63636363635,2.0,2760245.4545454546,11.0
2026-01-02,입점,잡화,519181.8181818181,4.0,1971509.0909090908,18.0
2026-01-02,입점,키즈,994009.0909090908,12.0,6280809.090909091,47.0
2026-01-02,정상,골프,90818.18181818181,0.0,2417681.818181818,12.0
2026-01-02,정상,남성,4126663.6363636353,18.0,17408454.545454543,39.0
2026-01-02,정상,뷰티,144545.45454545453,3.0,32727.272727272724,1.0
2026-01-02,정상,슈즈,406363.63636363635,2.0,1119272.7272727273,3.0
2026-01-02,정상,스포츠,117272.72727272726,1.0,-272727.2727272727,0.0
2026-01-02,정상,여성,-4808818.181818181,-4.0,3477045.4545454546,5.0
2026-01-02,정상,잡화,4182963.6363636362,39.0,8851245.454545453,42.0
2026-01-03,이월,골프,1569909.0909090908,5.0,2843327.2727272725,10.0
2026-01-03,이월,남성,6274545.454545454,23.0,23898990.90909091,81.0
2026-01-03,이월,슈즈,263363.63636363635,3.0,2012318.1818181816,10.0
2026-01-03,이월,스포츠,485454.54545454547,6.0,816136.3636363636,7.0
2026-01-03,이월,여성,8363363.636363634,25.0,19924954.545454536,42.0
2026-01-03,이월,잡화,3872290.9090909082,23.0,6687381.818181816,43.0
2026-01-03,입점,골프,922500.0,6.0,5609990.909090909,39.0
2026-01-03,입점,남성,1440600.0,8.0,6967454.545454543,37.0
2026-01-03,입점,리빙,449454.5454545454,5.0,1848609.0909090906,24.0
2026-01-03,입점,명품,1088545.4545454546,6.0,14317454.545454547,33.0
2026-01-03,입점,뷰티,793000.0,8.0,676300.0,16.0
2026-01-03,입점,슈즈,366181.8181818182,2.0,1452500.0,11.0
2026-01-03,입점,스포츠,502818.1818181818,8.0,1558763.6363636367,20.0
2026-01-03,입점,아웃도어,703090.9090909091,3.0,-133981.81818181818,0.0
2026-01-03,입점,여성,551590.909090909,3.0,4204560.909090909,34.0
2026-01-03,입점,잡화,758681.8181818181,7.0,1075163.6363636362,13.0
2026-01-03,입점,키즈,873581.8181818181,6.0,5178045.454545454,44.0
2026-01-03,정상,골프,89181.81818181818,1.0,-98281.81818181816,3.0
2026-01-03,정상,남성,3332136.363636364,14.0,18605654.545454536,50.0
2026-01-03,정상,뷰티,32727.272727272724,1.0,177272.72727272726,4.0
2026-01-03,정상,슈즈,832818.1818181818,4.0,1036454.5454545453,3.0
2026-01-03,정상,스포츠,0.0,0.0,336636.36363636365,2.0
2026-01-03,정상,여성,1049454.5454545454,4.0,7104454.545454543,32.0
2026-01-03,정상,잡화,5801581.818181818,45.0,6667009.09090909,53.0
2026-01-04,이월,골프,1126227.2727272725,4.0,2440227.272727272,10.0
2026-01-04,이월,남성,12552136.36363636,46.0,33873572.727272734,132.0
2026-01-04,이월,슈즈,476000.0,2.0,321909.09090909094,5.0
2026-01-04,이월,스포츠,383818.18181818177,4.0,1277818.1818181816,13.0
2026-01-04,이월,여성,7291181.818181816,19.0,32539000.0,83.0
2026-01-04,이월,잡화,5230454.545454546,36.0,9495290.909090908,63.0
2026-01-04,입점,골프,1380018.1818181819,10.0,3648418.1818181816,29.0
2026-01-04,입점,남성,920609.0909090909,13.0,8552190.909090908,58.0
2026-01-04,입점,리빙,484063.6363636363,11.0,1930963.6363636358,40.0
2026-01-04,입점,명품,2283636.3636363633,7.0,18171709.090909086,35.0
2026-01-04,입점,뷰티,329181.8181818181,7.0,1036027.2727272726,24.0
2026-01-04,입점,슈즈,146909.09090909088,2.0,2069272.727272727,14.0
2026-01-04,입점,스포츠,474909.0909090908,5.0,1943045.454545455,24.0
2026-01-04,입점,아웃도어,449909.0909090909,7.0,2060890.909090909,18.0
2026-01-04,입점,여성,544772.7272727272,3.0,4992197.272727272,37.0
2026-01-04,입점,잡화,574709.0909090908,7.0,2082045.4545454541,14.0
2026-01-04,입점,키즈,245818.18181818182,4.0,4357963.636363634,42.0
2026-01-04,정상,골프,475590.90909090906,3.0,1516199.9999999998,13.0
2026-01-04,정상,남성,13842445.454545451,44.0,25950281.818181816,80.0
2026-01-04,정상,뷰티,62727.27272727272,1.0,62727.27272727272,1.0
2026-01-04,정상,슈즈,180909.09090909088,1.0,1049181.8181818181,5.0
2026-01-04,정상,스포츠,0.0,0.0,289090.90909090906,2.0
2026-01-04,정상,여성,4667772.727272727,9.0,29572318.18181818,56.0
2026-01-04,정상,잡화,5686445.454545455,49.0,8731145.454545455,70.0
2026-01-05,이월,골프,1178863.6363636362,6.0,-78581.81818181774,0.0
2026-01-05,이월,남성,5132472.7272727275,18.0,16270672.727272725,75.0
2026-01-05,이월,슈즈,389909.0909090909,2.0,500863.63636363647,3.0
2026-01-05,이월,스포츠,823545.4545454546,6.0,1430500.0000000002,14.0
2026-01-05,이월,여성,3170181.818181818,7.0,22369609.090909094,56.0
2026-01-05,이월,잡화,2420454.545454545,21.0,7772872.727272726,50.0
2026-01-05,입점,골프,1634600.0,12.0,262781.8181818181,7.0
2026-01-05,입점,남성,-393681.81818181823,1.0,2152645.454545454,24.0
2026-01-05,입점,리빙,1187272.727272727,5.0,2931109.0909090904,22.0
2026-01-05,입점,명품,541727.2727272728,3.0,-2477054.545454545,3.0
2026-01-05,입점,뷰티,863290.9090909091,12.0,477400.0,19.0
2026-01-05,입점,슈즈,110272.72727272725,0.0,1170545.4545454546,3.0
2026-01-05,입점,스포츠,514090.909090909,7.0,2444681.8181818184,31.0
2026-01-05,입점,아웃도어,-131963.63636363638,-1.0,-1174045.4545454546,-13.0
2026-01-05,입점,여성,131000.0,0.0,-676136.3636363638,5.0
2026-01-05,입점,잡화,62636.36363636363,1.0,1482551.8181818181,12.0
2026-01-05,입점,키즈,687090.9090909091,4.0,2345754.5454545445,30.0
2026-01-05,정상,골프,645363.6363636364,1.0,-524999.9999999999,0.0
2026-01-05,정상,남성,-306336.36363636353,0.0,19042918.181818184,67.0
2026-01-05,정상,뷰티,-81818.18181818181,-2.0,91818.18181818181,2.0
2026-01-05,정상,슈즈,90000.0,1.0,289090.90909090906,2.0
2026-01-05,정상,스포츠,180909.09090909088,1.0,587272.7272727273,3.0
2026-01-05,정상,여성,2409363.6363636362,7.0,18091818.181818184,38.0
2026-01-05,정상,잡화,4530218.18181818,42.0,6381654.545454546,57.0
2026-01-06,이월,골프,2675481.8181818184,9.0,3186890.9090909082,20.0
2026-01-06,이월,남성,4186100.0,15.0,21204036.363636367,82.0
2026-01-06,이월,슈즈,-141454.54545454544,0.0,1691045.4545454546,7.0
2026-01-06,이월,스포츠,753818.1818181818,9.0,1289909.090909091,14.0
2026-01-06,이월,여성,5991636.363636363,4.0,7943000.000000003,27.0
2026-01-06,이월,잡화,5169745.454545454,31.0,8284536.363636364,59.0
2026-01-06,입점,골프,2060499.9999999995,8.0,3436909.0909090904,19.0
2026-01-06,입점,남성,369136.3636363636,4.0,3790545.454545454,23.0
2026-01-06,입점,리빙,1131909.090909091,12.0,1374854.5454545454,23.0
2026-01-06,입점,명품,832181.8181818179,5.0,6114545.454545453,17.0
2026-01-06,입점,뷰티,605563.6363636364,8.0,642818.1818181815,14.0
2026-01-06,입점,슈즈,0.0,0.0,924227.2727272727,12.0
2026-01-06,입점,스포츠,427727.2727272727,8.0,1114309.0909090904,11.0
2026-01-06,입점,아웃도어,502909.0909090909,3.0,1268409.0909090908,9.0
2026-01-06,입점,여성,-53645.45454545456,-2.0,-1305645.4545454544,-6.0
2026-01-06,입점,잡화,92181.81818181819,1.0,115636.36363636362,3.0
2026-01-06,입점,키즈,385863.63636363635,5.0,-1020290.9090909088,11.0
2026-01-06,정상,골프,250454.54545454544,3.0,514818.18181818165,3.0
2026-01-06,정상,남성,4311863.636363637,16.0,7418972.727272725,35.0
2026-01-06,정상,뷰티,0.0,0.0,49090.90909090909,1.0
2026-01-06,정상,슈즈,242727.2727272727,3.0,251818.18181818182,3.0
2026-01-06,정상,스포츠,79272.72727272726,1.0,206363.63636363635,3.0
2026-01-06,정상,여성,1081454.5454545454,-2.0,6516681.818181819,12.0
2026-01-06,정상,잡화,3386872.7272727266,32.0,7806636.363636363,64.0
2026-01-07,이월,골프,924863.6363636364,5.0,3658718.1818181816,20.0
2026-01-07,이월,남성,10305190.909090908,34.0,18945363.63636364,66.0
2026-01-07,이월,슈즈,148909.09090909088,2.0,709090.909090909,4.0
2026-01-07,이월,스포츠,992818.1818181815,10.0,917727.2727272727,11.0
2026-01-07,이월,여성,3944090.9090909087,14.0,27696000.0,60.0
2026-01-07,이월,잡화,4170018.1818181816,30.0,8392845.454545455,58.0
2026-01-07,입점,골프,275645.45454545453,4.0,3438218.1818181807,26.0
2026-01-07,입점,남성,1078309.0909090908,7.0,3656754.545454545,35.0
2026-01-07,입점,리빙,159727.2727272727,4.0,3511799.999999999,29.0
2026-01-07,입점,명품,602018.1818181819,4.0,2301818.181818181,11.0
2026-01-07,입점,뷰티,328090.90909090906,7.0,530536.3636363636,10.0
2026-01-07,입점,슈즈,0.0,0.0,160581.8181818182,2.0
2026-01-07,입점,스포츠,644954.5454545454,7.0,1987000.0000000002,23.0
2026-01-07,입점,아웃도어,334027.2727272727,3.0,590736.3636363635,9.0
2026-01-07,입점,여성,228763.6363636364,4.0,5776231.818181818,16.0
2026-01-07,입점,잡화,1439618.1818181816,6.0,377872.72727272724,7.0
2026-01-07,입점,키즈,1170381.8181818181,2.0,2137419.9999999995,33.0
2026-01-07,정상,골프,186454.54545454544,1.0,1038209.0909090909,10.0
2026-01-07,정상,남성,5715163.636363636,21.0,10026027.272727272,36.0
2026-01-07,정상,뷰티,19090.90909090909,1.0,125454.54545454544,2.0
2026-01-07,정상,슈즈,692727.2727272726,8.0,-561909.0909090908,-2.0
2026-01-07,정상,스포츠,351272.72727272724,4.0,0.0,0.0
2026-01-07,정상,여성,278999.99999999994,3.0,11199727.272727273,31.0
2026-01-07,정상,잡화,4126272.7272727266,35.0,6327136.363636365,53.0
2026-01-08,이월,골프,999818.1818181819,6.0,4800918.181818182,23.0
2026-01-08,이월,남성,7358736.363636361,25.0,17814327.27272727,56.0
2026-01-08,이월,슈즈,621727.2727272726,2.0,519136.36363636353,4.0
2026-01-08,이월,스포츠,1261181.8181818181,11.0,656181.8181818182,6.0
2026-01-08,이월,여성,-286181.8181818181,3.0,3469363.636363638,21.0
2026-01-08,이월,잡화,2870872.727272727,25.0,6311754.545454545,49.0
2026-01-08,입점,골프,478209.09090909094,8.0,2504190.909090909,19.0
2026-01-08,입점,남성,943363.6363636362,8.0,3141999.9999999995,22.0
2026-01-08,입점,리빙,64181.81818181818,0.0,2738545.454545454,21.0
2026-01-08,입점,명품,1075000.0,3.0,4379518.181818182,9.0
2026-01-08,입점,뷰티,759272.7272727271,14.0,1040581.8181818181,26.0
2026-01-08,입점,슈즈,-231272.72727272724,-1.0,728090.9090909092,4.0
2026-01-08,입점,스포츠,147090.90909090906,3.0,1197727.2727272725,19.0
2026-01-08,입점,아웃도어,572999.9999999999,2.0,37818.181818181736,1.0
2026-01-08,입점,여성,434909.0909090909,2.0,3152736.3636363633,17.0
2026-01-08,입점,잡화,-9090.909090909088,1.0,1038481.8181818181,17.0
2026-01-08,입점,키즈,840063.6363636362,9.0,782189.0909090909,10.0
2026-01-08,정상,골프,437045.4545454545,4.0,313190.90909090906,6.0
2026-01-08,정상,남성,2093790.9090909094,7.0,4922381.818181817,20.0
2026-01-08,정상,뷰티,156363.63636363635,2.0,-62727.27272727272,-1.0
2026-01-08,정상,슈즈,-63636.36363636363,0.0,90909.09090909088,0.0
2026-01-08,정상,스포츠,776000.0,2.0,-112090.9090909091,0.0
2026-01-08,정상,여성,-231500.0,1.0,11980954.545454545,23.0
2026-01-08,정상,잡화,4514999.999999999,36.0,4781518.181818183,40.0
2026-01-09,이월,골프,1244118.1818181816,3.0,4006536.363636363,19.0
2026-01-09,이월,남성,7456309.09090909,24.0,14644881.818181816,55.0
2026-01-09,이월,슈즈,924318.1818181819,5.0,580045.4545454545,6.0
2026-01-09,이월,스포츠,98818.18181818178,0.0,757500.0,9.0
2026-01-09,이월,여성,4664181.818181817,16.0,21651227.272727266,59.0
2026-01-09,이월,잡화,3511927.2727272725,29.0,6308799.999999999,35.0
2026-01-09,입점,골프,362700.0,2.0,1896799.9999999998,18.0
2026-01-09,입점,남성,61636.36363636363,-2.0,-326090.9090909088,12.0
2026-01-09,입점,리빙,288772.72727272724,5.0,1548590.909090909,18.0
2026-01-09,입점,명품,975727.2727272727,2.0,4367909.090909091,7.0
2026-01-09,입점,뷰티,646363.6363636364,12.0,821227.2727272727,16.0
2026-01-09,입점,슈즈,0.0,0.0,379090.90909090906,3.0
2026-01-09,입점,스포츠,233545.4545454545,3.0,9399272.727272727,22.0
2026-01-09,입점,아웃도어,-81818.18181818181,0.0,1179681.8181818181,6.0
2026-01-09,입점,여성,904681.8181818181,3.0,-4748509.09090909,6.0
2026-01-09,입점,잡화,140909.0909090909,3.0,3100590.9090909087,15.0
2026-01-09,입점,키즈,188631.81818181818,4.0,1869536.3636363635,21.0
2026-01-09,정상,골프,538454.5454545454,4.0,2353390.9090909087,14.0
2026-01-09,정상,남성,5990818.181818182,18.0,10408818.181818184,39.0
2026-01-09,정상,슈즈,834318.1818181818,5.0,-343636.36363636365,0.0
2026-01-09,정상,스포츠,294818.18181818177,2.0,634181.8181818181,1.0
2026-01-09,정상,여성,3476363.6363636362,7.0,15155090.909090912,32.0
2026-01-09,정상,잡화,2646527.2727272725,24.0,5040418.181818183,45.0
2026-01-10,이월,골프,1223463.6363636362,7.0,8599918.18181818,25.0
2026-01-10,이월,남성,7484354.545454544,29.0,32546163.636363633,99.0
2026-01-10,이월,슈즈,0.0,0.0,1472363.6363636365,8.0
2026-01-10,이월,스포츠,365090.90909090906,5.0,257999.99999999997,5.0
2026-01-10,이월,여성,4754818.181818182,26.0,42434999.99999999,113.0
2026-01-10,이월,잡화,3416400.0,22.0,6603472.727272727,34.0
2026-01-10,입점,골프,370300.0,4.0,3495381.818181818,34.0
2026-01-10,입점,남성,755863.6363636365,3.0,6143200.0,39.0
2026-01-10,입점,리빙,2629745.454545454,6.0,3206363.6363636362,30.0
2026-01-10,입점,명품,740090.9090909091,2.0,14089909.090909088,26.0
2026-01-10,입점,뷰티,817727.2727272727,25.0,1332872.727272727,40.0
2026-01-10,입점,슈즈,180000.0,2.0,1098227.2727272727,10.0
2026-01-10,입점,스포츠,341454.5454545454,3.0,1120454.5454545452,22.0
2026-01-10,입점,아웃도어,277954.5454545454,3.0,1394209.0909090908,12.0
2026-01-10,입점,여성,-362727.2727272727,-1.0,3410127.272727272,20.0
2026-01-10,입점,잡화,38890.90909090909,1.0,1709245.4545454541,30.0
2026-01-10,입점,키즈,247545.45454545453,3.0,4291554.545454545,33.0
2026-01-10,정상,골프,403818.1818181818,3.0,4204209.09090909,12.0
2026-01-10,정상,남성,5526545.454545453,21.0,25135481.818181805,82.0
2026-01-10,정상,뷰티,97272.72727272726,2.0,0.0,0.0
2026-01-10,정상,슈즈,650000.0,4.0,807454.5454545453,2.0
2026-01-10,정상,스포츠,-515818.1818181818,0.0,153636.36363636362,1.0
2026-01-10,정상,여성,3295545.4545454546,10.0,24645818.18181818,61.0
2026-01-10,정상,잡화,3194781.818181818,24.0,4981236.363636361,41.0
2026-01-11,이월,골프,2480518.1818181816,12.0,12284218.18181818,41.0
2026-01-11,이월,남성,11885627.272727272,45.0,49044400.0,146.0
2026-01-11,이월,슈즈,465454.5454545454,4.0,1414545.4545454544,11.0
2026-01-11,이월,스포츠,707999.9999999998,7.0,1529818.1818181819,15.0
2026-01-11,이월,여성,7363363.636363637,25.0,46729090.90909091,133.0
2026-01-11,이월,잡화,4767190.909090908,34.0,9375845.454545453,75.0
2026-01-11,입점,골프,630709.0909090908,5.0,7623363.636363636,45.0
2026-01-11,입점,남성,1375727.2727272727,8.0,21901936.363636363,108.0
2026-01-11,입점,리빙,1238327.2727272725,7.0,2953590.9090909096,21.0
2026-01-11,입점,명품,0.0,0.0,10052454.545454547,21.0
2026-01-11,입점,뷰티,501227.2727272726,13.0,1427572.7272727273,29.0
2026-01-11,입점,슈즈,106909.09090909091,2.0,1605999.9999999998,7.0
2026-01-11,입점,스포츠,315000.0,5.0,2627045.4545454546,27.0
2026-01-11,입점,아웃도어,248090.90909090906,3.0,2775545.454545454,30.0
2026-01-11,입점,여성,1016772.7272727273,8.0,5823136.363636363,39.0
2026-01-11,입점,잡화,217181.81818181818,2.0,1198136.363636364,21.0
2026-01-11,입점,키즈,984027.2727272727,11.0,5317736.363636364,44.0
2026-01-11,정상,골프,1401963.6363636362,5.0,3568636.363636364,14.0
2026-01-11,정상,남성,7715436.363636364,26.0,40320154.54545454,107.0
2026-01-11,정상,뷰티,0.0,0.0,48090.90909090909,3.0
2026-01-11,정상,슈즈,289090.90909090906,2.0,0.0,0.0
2026-01-11,정상,스포츠,71818.18181818181,1.0,161818.18181818182,2.0
2026-01-11,정상,여성,2328272.727272727,5.0,31053909.090909086,76.0
2026-01-11,정상,잡화,5632545.454545453,42.0,8491345.454545453,58.0
2026-01-12,이월,골프,1135381.8181818181,4.0,2321636.3636363633,18.0
2026-01-12,이월,남성,3404072.7272727266,19.0,13961463.636363642,80.0
2026-01-12,이월,슈즈,564272.7272727273,4.0,12956045.454545453,10.0
2026-01-12,이월,스포츠,715363.6363636362,7.0,-297272.7272727273,2.0
2026-01-12,이월,여성,3054818.181818181,7.0,18604981.81818182,50.0
2026-01-12,이월,잡화,2826472.727272727,20.0,4850018.181818181,37.0
2026-01-12,입점,골프,1107936.3636363633,7.0,2492581.818181817,13.0
2026-01-12,입점,남성,320000.0,6.0,3302218.1818181816,27.0
2026-01-12,입점,리빙,-112045.45454545454,4.0,3358009.090909091,21.0
2026-01-12,입점,명품,996181.818181818,6.0,-8722545.454545453,-4.0
2026-01-12,입점,뷰티,550363.6363636364,11.0,1145999.9999999998,23.0
2026-01-12,입점,슈즈,202999.99999999997,0.0,399000.00000000006,2.0
2026-01-12,입점,스포츠,172818.18181818182,3.0,1457818.1818181812,14.0
2026-01-12,입점,아웃도어,358636.3636363636,6.0,1537827.2727272725,9.0
2026-01-12,입점,여성,44690.909090909074,2.0,1146256.3636363635,11.0
2026-01-12,입점,잡화,66509.0909090909,2.0,823924.5454545455,11.0
2026-01-12,입점,키즈,1146218.1818181819,7.0,1600137.272727273,21.0
2026-01-12,정상,골프,677818.1818181816,2.0,1481145.4545454546,8.0
2026-01-12,정상,남성,6008427.2727272725,12.0,18812818.18181818,62.0
2026-01-12,정상,뷰티,19090.90909090909,1.0,82818.18181818181,1.0
2026-01-12,정상,슈즈,216363.63636363635,2.0,406363.63636363635,2.0
2026-01-12,정상,스포츠,256181.81818181812,2.0,1513636.3636363635,4.0
2026-01-12,정상,여성,-806363.6363636362,3.0,20560909.090909097,45.0
2026-01-12,정상,잡화,4384181.818181817,28.0,6954390.909090911,47.0
2026-01-13,이월,골프,1089663.6363636362,6.0,5442254.545454545,17.0
2026-01-13,이월,남성,1410927.2727272727,17.0,25804909.090909097,66.0
2026-01-13,이월,슈즈,1002499.9999999999,5.0,2592363.6363636367,9.0
2026-01-13,이월,스포츠,136636.36363636365,4.0,514909.09090909094,6.0
2026-01-13,이월,여성,3897181.8181818174,16.0,30731636.36363637,48.0
2026-01-13,이월,잡화,1102545.4545454546,11.0,6344654.545454546,46.0
2026-01-13,입점,골프,915036.3636363635,7.0,1954127.2727272722,20.0
2026-01-13,입점,남성,202909.09090909088,3.0,782190.909090909,20.0
2026-01-13,입점,리빙,748590.9090909091,9.0,2877527.272727273,24.0
2026-01-13,입점,명품,2280909.090909091,2.0,2549954.5454545445,6.0
2026-01-13,입점,뷰티,939909.0909090908,23.0,1464390.9090909092,37.0
2026-01-13,입점,슈즈,-246909.09090909088,-1.0,1170863.6363636362,8.0
2026-01-13,입점,스포츠,531727.2727272727,7.0,6788227.272727272,32.0
2026-01-13,입점,아웃도어,239363.63636363635,2.0,1445836.3636363638,14.0
2026-01-13,입점,여성,655363.6363636364,1.0,5829260.909090907,23.0
2026-01-13,입점,잡화,200572.72727272724,4.0,3591014.545454545,26.0
2026-01-13,입점,키즈,271627.2727272727,1.0,1367139.0909090908,20.0
2026-01-13,정상,골프,537136.3636363636,4.0,1263681.8181818181,10.0
2026-01-13,정상,남성,3497799.9999999995,18.0,22817536.363636374,62.0
2026-01-13,정상,뷰티,0.0,0.0,10000.0,1.0
2026-01-13,정상,슈즈,198181.81818181818,2.0,505454.5454545454,4.0
2026-01-13,정상,스포츠,353818.18181818177,2.0,0.0,0.0
2026-01-13,정상,여성,2513818.1818181816,9.0,14674500.000000002,24.0
2026-01-13,정상,잡화,3132190.909090909,28.0,7288999.999999998,50.0
2026-01-14,이월,골프,74909.09090909088,1.0,3396436.3636363624,21.0
2026-01-14,이월,남성,4193009.0909090904,20.0,17093036.363636363,77.0
2026-01-14,이월,슈즈,399181.8181818181,1.0,-32681.818181818177,0.0
2026-01-14,이월,스포츠,96818.1818181818,3.0,1940818.1818181814,16.0
2026-01-14,이월,여성,5939090.909090909,20.0,12866545.45454545,31.0
2026-01-14,이월,잡화,4129200.000000001,24.0,7104036.363636365,45.0
2026-01-14,입점,골프,136818.1818181818,6.0,3426081.818181818,22.0
2026-01-14,입점,남성,-15954.545454545398,2.0,1406090.909090909,18.0
2026-01-14,입점,리빙,869681.8181818181,7.0,3217345.454545454,24.0
2026-01-14,입점,명품,1111636.3636363635,6.0,6598545.454545455,15.0
2026-01-14,입점,뷰티,604154.5454545455,14.0,1047463.6363636362,31.0
2026-01-14,입점,슈즈,183909.09090909088,0.0,1347618.1818181816,6.0
2026-01-14,입점,스포츠,316545.4545454545,5.0,2016881.8181818181,29.0
2026-01-14,입점,아웃도어,407636.36363636365,4.0,525090.909090909,7.0
2026-01-14,입점,여성,268490.90909090906,3.0,6872681.818181818,24.0
2026-01-14,입점,잡화,216409.09090909088,2.0,1738363.6363636362,16.0
2026-01-14,입점,키즈,336454.5454545454,3.0,1724014.5454545456,18.0
2026-01-14,정상,골프,179181.81818181818,1.0,2440536.3636363633,11.0
2026-01-14,정상,남성,5825772.727272726,20.0,27600199.999999996,85.0
2026-01-14,정상,뷰티,78181.81818181818,1.0,151818.1818181818,1.0
2026-01-14,정상,슈즈,1300363.636363636,5.0,62727.27272727272,1.0
2026-01-14,정상,여성,2259909.090909091,6.0,16941090.909090914,44.0
2026-01-14,정상,잡화,4662999.999999999,36.0,4812872.7272727275,43.0
2026-01-15,이월,골프,-21836.363636363603,5.0,568890.909090909,12.0
2026-01-15,이월,남성,838563.6363636364,8.0,11208072.727272727,58.0
2026-01-15,이월,슈즈,0.0,0.0,523636.3636363636,3.0
2026-01-15,이월,스포츠,256909.09090909088,3.0,1399636.3636363635,13.0
2026-01-15,이월,여성,3973999.9999999995,10.0,-6422999.999999997,10.0
2026-01-15,이월,잡화,3122327.2727272725,18.0,3228972.7272727275,29.0
2026-01-15,입점,골프,1365281.8181818181,7.0,1986881.8181818186,17.0
2026-01-15,입점,남성,367545.45454545453,4.0,123427.27272727281,29.0
2026-01-15,입점,리빙,539427.2727272727,8.0,3853399.9999999986,27.0
2026-01-15,입점,명품,1153427.2727272727,4.0,4680181.818181817,12.0
2026-01-15,입점,뷰티,659618.1818181818,16.0,1491536.3636363635,38.0
2026-01-15,입점,슈즈,63000.0,1.0,716454.5454545454,3.0
2026-01-15,입점,스포츠,508172.7272727272,5.0,1030000.0,13.0
2026-01-15,입점,아웃도어,127272.72727272724,0.0,1743518.1818181816,9.0
2026-01-15,입점,여성,818581.8181818181,4.0,6084688.18181818,24.0
2026-01-15,입점,잡화,203272.72727272724,2.0,2172345.4545454546,20.0
2026-01-15,입점,키즈,479725.45454545453,6.0,2072181.8181818177,32.0
2026-01-15,정상,골프,611454.5454545454,3.0,574827.2727272727,4.0
2026-01-15,정상,남성,4037818.181818181,14.0,17754772.727272734,40.0
2026-01-15,정상,뷰티,78181.81818181818,1.0,0.0,0.0
2026-01-15,정상,슈즈,423636.36363636365,4.0,406363.63636363635,3.0
2026-01-15,정상,스포츠,397272.72727272724,3.0,-117272.72727272726,-1.0
2026-01-15,정상,여성,939909.0909090908,2.0,-3706090.909090909,2.0
2026-01-15,정상,잡화,3185218.181818181,27.0,4709199.999999998,38.0
2026-01-16,이월,골프,1948790.9090909087,6.0,966563.6363636362,13.0
2026-01-16,이월,남성,2938290.90909091,14.0,14233727.272727272,61.0
2026-01-16,이월,슈즈,-53681.818181818206,0.0,1920590.9090909085,9.0
2026-01-16,이월,스포츠,558454.5454545454,7.0,754454.5454545455,11.0
2026-01-16,이월,여성,2415727.272727273,17.0,31430318.18181819,71.0
2026-01-16,이월,잡화,2672381.8181818174,16.0,5839672.727272726,29.0
2026-01-16,입점,골프,286181.8181818182,3.0,3586381.8181818184,27.0
2026-01-16,입점,남성,394236.3636363636,6.0,1728790.9090909087,17.0
2026-01-16,입점,리빙,453090.90909090906,6.0,1364672.7272727273,14.0
2026-01-16,입점,명품,605636.3636363636,6.0,3953063.6363636362,16.0
2026-01-16,입점,뷰티,639181.8181818182,17.0,2048354.5454545456,39.0
2026-01-16,입점,슈즈,-21818.181818181823,0.0,368999.99999999994,3.0
2026-01-16,입점,스포츠,319181.8181818181,4.0,1040909.0909090906,20.0
2026-01-16,입점,아웃도어,412818.18181818177,3.0,1672881.818181818,16.0
2026-01-16,입점,여성,446518.1818181818,7.0,-2031572.7272727266,10.0
2026-01-16,입점,잡화,263545.45454545453,4.0,1444615.4545454548,11.0
2026-01-16,입점,키즈,81272.72727272726,1.0,1694468.1818181816,15.0
2026-01-16,정상,골프,427854.54545454547,4.0,-1126436.3636363635,-4.0
2026-01-16,정상,남성,3061227.272727273,11.0,11297954.545454543,28.0
2026-01-16,정상,뷰티,0.0,0.0,10909.090909090908,1.0
2026-01-16,정상,슈즈,161818.18181818182,2.0,559454.5454545454,5.0
2026-01-16,정상,스포츠,233636.36363636365,2.0,80909.0909090909,1.0
2026-01-16,정상,여성,4155272.7272727275,11.0,10303636.363636363,37.0
2026-01-16,정상,잡화,1770327.272727272,14.0,3280545.4545454546,25.0
2026-01-17,이월,골프,1730872.727272727,9.0,8847527.27272727,44.0
2026-01-17,이월,남성,8591554.545454545,28.0,19518172.72727273,76.0
2026-01-17,이월,슈즈,108000.0,2.0,324818.18181818177,1.0
2026-01-17,이월,스포츠,47636.36363636362,3.0,319999.99999999994,6.0
2026-01-17,이월,여성,1926727.2727272734,7.0,28916136.36363636,90.0
2026-01-17,이월,잡화,3611763.636363636,19.0,7845290.909090906,41.0
2026-01-17,입점,골프,1112399.9999999998,6.0,4216818.181818182,36.0
2026-01-17,입점,남성,1205136.3636363635,10.0,3912572.727272727,28.0
2026-01-17,입점,리빙,296272.72727272724,3.0,1613272.7272727273,15.0
2026-01-17,입점,명품,463636.3636363636,2.0,8362090.909090908,14.0
2026-01-17,입점,뷰티,295272.72727272724,7.0,1344309.0909090908,32.0
2026-01-17,입점,슈즈,62727.27272727272,1.0,881227.2727272727,6.0
2026-01-17,입점,스포츠,606272.7272727273,7.0,2115454.545454546,27.0
2026-01-17,입점,아웃도어,368363.63636363635,4.0,2795909.090909091,21.0
2026-01-17,입점,여성,96954.54545454544,3.0,2311918.1818181816,31.0
2026-01-17,입점,잡화,47909.09090909091,2.0,1487463.6363636362,14.0
2026-01-17,입점,키즈,120372.72727272726,2.0,2743090.9090909087,26.0
2026-01-17,정상,골프,1851272.727272727,5.0,2151145.4545454546,9.0
2026-01-17,정상,남성,4964045.454545453,15.0,15264090.909090908,50.0
2026-01-17,정상,뷰티,20000.0,1.0,0.0,0.0
2026-01-17,정상,슈즈,360000.0,4.0,153636.36363636362,1.0
2026-01-17,정상,스포츠,180000.0,2.0,-1071818.1818181816,0.0
2026-01-17,정상,여성,2175818.1818181816,8.0,8537272.72727273,23.0
2026-01-17,정상,잡화,1761672.7272727273,14.0,4497481.818181817,25.0
2026-01-18,이월,골프,1598618.1818181819,4.0,6939290.909090909,23.0
2026-01-18,이월,남성,6319972.727272727,18.0,33894909.09090909,133.0
2026-01-18,이월,슈즈,713590.9090909091,3.0,1499090.909090909,8.0
2026-01-18,이월,스포츠,359272.72727272724,4.0,1540999.9999999998,19.0
2026-01-18,이월,여성,5301636.363636365,19.0,38876000.0,99.0
2026-01-18,이월,잡화,4485399.999999999,31.0,12373672.727272727,71.0
2026-01-18,입점,OFM,0.0,0.0,0.0,0.0
2026-01-18,입점,골프,1286863.6363636362,12.0,3085699.9999999995,25.0
2026-01-18,입점,남성,501545.45454545453,7.0,3434772.7272727266,33.0
2026-01-18,입점,리빙,446172.72727272724,4.0,4253909.090909091,29.0
2026-01-18,입점,명품,625454.5454545454,2.0,13152972.727272725,29.0
2026-01-18,입점,뷰티,1011090.9090909092,18.0,2011545.4545454546,41.0
2026-01-18,입점,슈즈,0.0,0.0,1740363.6363636362,15.0
2026-01-18,입점,스포츠,383363.6363636363,6.0,1832863.6363636358,29.0
2026-01-18,입점,아웃도어,404468.18181818177,5.0,2643054.5454545454,20.0
2026-01-18,입점,여성,567281.8181818181,4.0,8978190.909090906,37.0
2026-01-18,입점,잡화,79272.72727272726,1.0,5630254.545454545,6.0
2026-01-18,입점,키즈,1209224.5454545454,8.0,3188327.272727272,29.0
2026-01-18,정상,골프,115636.36363636363,1.0,3068090.909090909,14.0
2026-01-18,정상,남성,8040618.181818182,23.0,29646781.818181816,91.0
2026-01-18,정상,슈즈,496363.63636363635,3.0,252727.2727272727,2.0
2026-01-18,정상,스포츠,341909.0909090909,2.0,0.0,0.0
2026-01-18,정상,여성,4329090.909090909,5.0,25636636.363636363,64.0
2026-01-18,정상,잡화,5218436.363636363,32.0,5702309.09090909,44.0
2026-01-19,이월,골프,997772.7272727272,5.0,4129063.6363636367,14.0
2026-01-19,이월,남성,4211236.363636363,25.0,24156072.72727273,88.0
2026-01-19,이월,슈즈,-204000.0,1.0,468681.8181818181,1.0
2026-01-19,이월,스포츠,111818.18181818181,2.0,637181.8181818182,13.0
2026-01-19,이월,여성,-1138909.0909090915,8.0,26120227.27272727,75.0
2026-01-19,이월,잡화,15393072.727272727,32.0,18539781.818181816,49.0
2026-01-19,입점,골프,655090.9090909091,7.0,2159800.0000000005,20.0
2026-01-19,입점,남성,-22272.727272727265,0.0,502036.3636363639,5.0
2026-01-19,입점,리빙,305090.90909090906,4.0,1333309.0909090908,16.0
2026-01-19,입점,명품,1110909.0909090908,3.0,4631727.272727272,11.0
2026-01-19,입점,뷰티,275763.63636363635,10.0,1061472.727272727,24.0
2026-01-19,입점,슈즈,265545.45454545453,3.0,511836.36363636365,4.0
2026-01-19,입점,스포츠,187727.2727272727,3.0,737909.0909090906,8.0
2026-01-19,입점,아웃도어,6090.909090909117,-1.0,938181.8181818179,4.0
2026-01-19,입점,여성,1387272.727272727,8.0,3473536.3636363633,22.0
2026-01-19,입점,잡화,1084345.4545454544,3.0,860320.9090909088,7.0
2026-01-19,입점,키즈,1664069.0909090906,9.0,6166349.999999999,50.0
2026-01-19,정상,골프,317454.5454545454,2.0,1860345.4545454546,6.0
2026-01-19,정상,남성,2713772.727272727,16.0,10341372.727272728,30.0
2026-01-19,정상,뷰티,0.0,0.0,21818.181818181816,2.0
2026-01-19,정상,슈즈,-7363.636363636295,1.0,621090.9090909091,5.0
2026-01-19,정상,스포츠,153636.36363636362,1.0,0.0,0.0
2026-01-19,정상,여성,3700999.999999999,9.0,9354090.909090906,22.0
2026-01-19,정상,잡화,4130290.9090909082,29.0,6507836.363636362,43.0
2026-01-20,이월,골프,1958027.2727272725,7.0,4241645.454545455,22.0
2026-01-20,이월,남성,3705254.545454545,21.0,13882500.0,56.0
2026-01-20,이월,슈즈,717000.0,4.0,83727.27272727265,3.0
2026-01-20,이월,스포츠,540181.8181818181,8.0,718272.7272727273,6.0
2026-01-20,이월,여성,657636.3636363635,4.0,5509090.909090909,29.0
2026-01-20,이월,잡화,2761000.0,30.0,8107236.363636361,65.0
2026-01-20,입점,골프,1518181.8181818184,8.0,3109390.909090909,18.0
2026-01-20,입점,남성,1035181.8181818181,7.0,263163.63636363624,5.0
2026-01-20,입점,리빙,95636.36363636363,1.0,3991454.545454545,22.0
2026-01-20,입점,명품,1827363.636363636,4.0,6318363.636363636,14.0
2026-01-20,입점,뷰티,859363.6363636364,12.0,718290.909090909,16.0
2026-01-20,입점,슈즈,-108454.54545454544,-1.0,482636.36363636365,3.0
2026-01-20,입점,스포츠,156545.45454545453,3.0,1995227.2727272727,11.0
2026-01-20,입점,아웃도어,314727.2727272727,6.0,1859127.272727273,18.0
2026-01-20,입점,여성,700063.6363636362,7.0,1930454.5454545452,14.0
2026-01-20,입점,잡화,56572.727272727265,2.0,2021299.9999999998,15.0
2026-01-20,입점,키즈,1739027.2727272722,11.0,5233927.2727272725,36.0
2026-01-20,정상,골프,1632436.3636363635,2.0,3676845.4545454537,9.0
2026-01-20,정상,남성,214363.63636363635,7.0,4939427.272727273,39.0
2026-01-20,정상,뷰티,19090.90909090909,1.0,0.0,0.0
2026-01-20,정상,슈즈,468181.8181818181,5.0,291872.72727272724,1.0
2026-01-20,정상,스포츠,153636.36363636362,1.0,606363.6363636362,3.0
2026-01-20,정상,여성,2540090.9090909087,7.0,8544954.545454545,34.0
2026-01-20,정상,잡화,1737454.5454545452,22.0,5031127.272727273,42.0
2026-01-21,이월,골프,2266045.454545454,9.0,5150709.090909091,18.0
2026-01-21,이월,남성,4483090.909090908,25.0,22695854.54545455,83.0
2026-01-21,이월,슈즈,239454.54545454544,1.0,40636.36363636363,1.0
2026-01-21,이월,스포츠,477545.45454545453,6.0,625545.4545454546,7.0
2026-01-21,이월,여성,6729818.1818181835,14.0,26410999.999999996,79.0
2026-01-21,이월,잡화,2253945.454545454,24.0,8849381.818181815,63.0
2026-01-21,입점,골프,2144981.818181818,10.0,5142200.0,20.0
2026-01-21,입점,남성,742545.4545454546,4.0,6990.9090909091465,9.0
2026-01-21,입점,리빙,669545.4545454545,11.0,1598818.1818181816,18.0
2026-01-21,입점,명품,3370454.545454545,7.0,1426636.3636363638,13.0
2026-01-21,입점,뷰티,351454.5454545454,12.0,962127.2727272725,14.0
2026-01-21,입점,슈즈,751818.1818181818,3.0,414181.8181818182,2.0
2026-01-21,입점,스포츠,930545.4545454546,7.0,1161954.5454545452,20.0
2026-01-21,입점,아웃도어,1234181.8181818181,12.0,2718290.909090909,28.0
2026-01-21,입점,여성,1056954.5454545452,9.0,4023354.545454546,33.0
2026-01-21,입점,잡화,760218.1818181816,2.0,3101918.181818181,19.0
2026-01-21,입점,키즈,913381.8181818181,9.0,2598947.2727272725,24.0
2026-01-21,정상,골프,1782363.6363636362,5.0,1588345.4545454548,8.0
2026-01-21,정상,남성,4211318.181818182,17.0,13235318.181818182,54.0
2026-01-21,정상,슈즈,402963.63636363635,1.0,291090.90909090906,2.0
2026-01-21,정상,스포츠,221818.1818181818,2.0,279090.90909090906,3.0
2026-01-21,정상,여성,2837909.0909090904,7.0,14414500.000000002,25.0
2026-01-21,정상,잡화,3622945.454545454,34.0,4882727.272727272,45.0
2026-01-22,이월,골프,893772.7272727273,7.0,5512663.636363636,21.0
2026-01-22,이월,남성,4904645.454545454,23.0,17103190.90909091,90.0
2026-01-22,이월,슈즈,865590.9090909092,6.0,1496999.9999999998,13.0
2026-01-22,이월,스포츠,566818.1818181818,8.0,1585363.6363636365,18.0
2026-01-22,이월,여성,4910909.09090909,11.0,16496272.727272728,53.0
2026-01-22,이월,잡화,2706436.3636363633,20.0,10064781.818181815,53.0
2026-01-22,입점,골프,1224090.909090909,6.0,-202445.45454545447,8.0
2026-01-22,입점,남성,844654.5454545453,8.0,2120672.727272727,12.0
2026-01-22,입점,리빙,231454.54545454547,3.0,6943363.636363637,18.0
2026-01-22,입점,명품,1206363.6363636362,5.0,4885100.0,15.0
2026-01-22,입점,뷰티,852836.3636363633,14.0,752318.1818181819,16.0
2026-01-22,입점,슈즈,0.0,0.0,1217227.2727272727,7.0
2026-01-22,입점,스포츠,523999.99999999994,7.0,1637227.2727272727,18.0
2026-01-22,입점,아웃도어,9636.363636363625,0.0,1786999.9999999998,9.0
2026-01-22,입점,여성,274263.63636363635,1.0,2380060.9090909096,18.0
2026-01-22,입점,잡화,200545.45454545453,2.0,327709.09090909077,15.0
2026-01-22,입점,키즈,1482509.0909090908,11.0,3746872.7272727266,36.0
2026-01-22,정상,골프,47409.09090909088,0.0,1680772.727272727,9.0
2026-01-22,정상,남성,6147590.909090908,19.0,25478272.727272723,51.0
2026-01-22,정상,슈즈,180000.0,2.0,317272.7272727273,0.0
2026-01-22,정상,스포츠,-134636.36363636365,0.0,162727.2727272727,0.0
2026-01-22,정상,여성,2980818.181818181,8.0,13324590.909090908,34.0
2026-01-22,정상,잡화,3705354.5454545445,28.0,7064736.363636364,52.0
2026-01-23,이월,골프,3127500.0,7.0,6299409.09090909,30.0
2026-01-23,이월,남성,5120654.545454545,27.0,20417127.272727273,81.0
2026-01-23,이월,슈즈,-168909.0909090909,-1.0,867727.2727272727,8.0
2026-01-23,이월,스포츠,211636.36363636362,2.0,670545.4545454546,10.0
2026-01-23,이월,여성,5767363.636363637,20.0,24394181.818181828,72.0
2026-01-23,이월,잡화,2127309.0909090904,23.0,7447381.818181816,40.0
2026-01-23,입점,골프,1664654.5454545456,8.0,-1005763.6363636365,1.0
2026-01-23,입점,남성,418636.36363636365,5.0,3465545.4545454546,15.0
2026-01-23,입점,리빙,3863.636363636353,1.0,3251081.8181818174,19.0
2026-01-23,입점,명품,379090.90909090906,2.0,2638972.7272727266,11.0
2026-01-23,입점,뷰티,859454.5454545455,21.0,1469845.4545454544,27.0
2026-01-23,입점,슈즈,0.0,0.0,-11500.000000000087,0.0
2026-01-23,입점,스포츠,290636.36363636365,1.0,1549427.272727273,22.0
2026-01-23,입점,아웃도어,-35636.36363636365,0.0,1233181.8181818184,13.0
2026-01-23,입점,여성,449227.2727272727,4.0,2626642.727272727,23.0
2026-01-23,입점,잡화,48545.454545454544,2.0,2454254.5454545454,15.0
2026-01-23,입점,키즈,1632163.6363636362,9.0,1629145.454545455,22.0
2026-01-23,정상,골프,1054954.5454545454,5.0,488400.0,3.0
2026-01-23,정상,남성,4372818.181818181,15.0,15104454.545454537,49.0
2026-01-23,정상,뷰티,78181.81818181818,1.0,150000.0,1.0
2026-01-23,정상,슈즈,1272054.5454545454,8.0,324545.45454545453,2.0
2026-01-23,정상,스포츠,45454.54545454544,0.0,594363.6363636362,3.0
2026-01-23,정상,여성,8660818.181818182,13.0,20044727.272727266,35.0
2026-01-23,정상,잡화,2190709.0909090904,18.0,4144236.363636363,35.0
2026-01-24,이월,골프,1597845.4545454544,6.0,8378936.363636363,32.0
2026-01-24,이월,남성,5217063.636363635,30.0,29255872.727272723,114.0
2026-01-24,이월,슈즈,372000.0,3.0,595818.1818181816,5.0
2026-01-24,이월,스포츠,671727.2727272726,9.0,1161000.0,13.0
2026-01-24,이월,여성,5102181.8181818165,20.0,24641545.45454545,83.0
2026-01-24,이월,잡화,4094872.7272727266,29.0,10780727.272727273,71.0
2026-01-24,입점,골프,587036.3636363635,5.0,2939818.1818181807,28.0
2026-01-24,입점,남성,330999.99999999994,3.0,4089909.0909090904,29.0
2026-01-24,입점,리빙,517181.8181818182,4.0,2849454.5454545445,17.0
2026-01-24,입점,명품,231818.1818181818,1.0,7186727.272727273,17.0
2026-01-24,입점,뷰티,818181.8181818181,18.0,776045.4545454545,24.0
2026-01-24,입점,슈즈,0.0,0.0,981454.5454545452,7.0
2026-01-24,입점,스포츠,586727.2727272727,9.0,1876636.3636363635,25.0
2026-01-24,입점,아웃도어,91727.27272727272,2.0,2549872.727272727,17.0
2026-01-24,입점,여성,928000.0,8.0,4490358.181818181,42.0
2026-01-24,입점,잡화,1266509.0909090908,9.0,3695236.363636363,19.0
2026-01-24,입점,키즈,605390.9090909091,6.0,2948918.1818181816,24.0
2026-01-24,정상,골프,-320909.0909090909,0.0,155818.18181818188,5.0
2026-01-24,정상,남성,3644090.9090909082,13.0,15868863.636363633,49.0
2026-01-24,정상,뷰티,78181.81818181818,1.0,37090.90909090909,1.0
2026-01-24,정상,슈즈,-186600.0,1.0,469090.90909090906,4.0
2026-01-24,정상,스포츠,153636.36363636362,1.0,397272.7272727273,3.0
2026-01-24,정상,여성,1568909.0909090906,6.0,26632590.90909091,58.0
2026-01-24,정상,잡화,3272436.363636363,24.0,5278809.090909091,41.0
2026-01-25,이월,골프,1217981.818181818,8.0,9418127.272727273,37.0
2026-01-25,이월,남성,8345736.363636362,30.0,41617609.09090907,148.0
2026-01-25,이월,슈즈,255636.36363636362,2.0,801727.2727272727,9.0
2026-01-25,이월,스포츠,834545.4545454545,9.0,1490636.3636363635,13.0
2026-01-25,이월,여성,6307818.1818181835,21.0,45302045.45454542,113.0
2026-01-25,이월,잡화,3843145.454545453,26.0,10631418.18181818,74.0
2026-01-25,입점,골프,1618981.8181818181,7.0,3637981.818181819,30.0
2026-01-25,입점,남성,986636.3636363636,9.0,5183045.454545456,38.0
2026-01-25,입점,리빙,71818.18181818182,2.0,2406654.5454545454,23.0
2026-01-25,입점,명품,2623727.2727272725,5.0,6206818.181818181,22.0
2026-01-25,입점,뷰티,677690.9090909092,18.0,1983427.272727272,37.0
2026-01-25,입점,슈즈,259227.2727272727,2.0,1791500.0,12.0
2026-01-25,입점,스포츠,221454.5454545454,3.0,3251636.3636363633,27.0
2026-01-25,입점,아웃도어,559363.6363636364,6.0,2866727.2727272725,19.0
2026-01-25,입점,여성,165500.0,3.0,6294740.0,60.0
2026-01-25,입점,잡화,200390.9090909091,4.0,35004081.81818182,25.0
2026-01-25,입점,키즈,180472.72727272724,2.0,4091863.636363637,39.0
2026-01-25,정상,골프,210181.81818181818,2.0,2740790.9090909082,9.0
2026-01-25,정상,남성,3922954.545454545,16.0,35128227.27272728,89.0
2026-01-25,정상,슈즈,738181.8181818181,7.0,651090.9090909091,4.0
2026-01-25,정상,스포츠,64727.27272727272,1.0,389090.90909090906,2.0
2026-01-25,정상,여성,3954454.5454545454,8.0,27006818.18181818,71.0
2026-01-25,정상,잡화,4080909.090909091,30.0,7557818.181818179,53.0
2026-01-26,이월,골프,574472.7272727273,4.0,4920527.272727272,12.0
2026-01-26,이월,남성,4769736.363636363,30.0,29445136.363636363,105.0
2026-01-26,이월,슈즈,-208454.5454545455,0.0,1126318.1818181816,8.0
2026-01-26,이월,스포츠,406909.09090909094,4.0,1374818.1818181819,17.0
2026-01-26,이월,여성,3982318.1818181816,16.0,15991318.181818182,43.0
2026-01-26,이월,잡화,3654581.8181818174,27.0,13573309.090909088,61.0
2026-01-26,입점,골프,786727.2727272726,4.0,-45663.636363636775,7.0
2026-01-26,입점,남성,399090.90909090906,3.0,2218345.454545454,17.0
2026-01-26,입점,리빙,821363.6363636362,3.0,2002009.0909090906,24.0
2026-01-26,입점,명품,5097272.727272727,3.0,12816154.545454547,14.0
2026-01-26,입점,뷰티,602818.1818181818,20.0,2244272.727272727,48.0
2026-01-26,입점,슈즈,154181.81818181818,0.0,1563454.5454545452,8.0
2026-01-26,입점,스포츠,685272.7272727272,4.0,920363.6363636362,16.0
2026-01-26,입점,아웃도어,319181.8181818182,4.0,2030481.8181818181,17.0
2026-01-26,입점,여성,359781.81818181823,2.0,-1092407.2727272725,9.0
2026-01-26,입점,잡화,406181.8181818181,4.0,1114736.3636363635,17.0
2026-01-26,입점,키즈,124654.54545454544,2.0,1388117.2727272722,20.0
2026-01-26,정상,골프,-90181.81818181818,-1.0,2351545.454545454,9.0
2026-01-26,정상,남성,6125763.636363637,21.0,8470018.18181818,47.0
2026-01-26,정상,뷰티,0.0,0.0,13636.363636363636,1.0
2026-01-26,정상,슈즈,89090.90909090907,0.0,342909.0909090909,3.0
2026-01-26,정상,스포츠,0.0,0.0,273818.18181818177,1.0
2026-01-26,정상,여성,4751818.181818182,10.0,8419454.545454547,26.0
2026-01-26,정상,잡화,2932109.0909090904,26.0,9665809.09090909,38.0
2026-01-27,이월,골프,2531636.3636363638,8.0,3820945.454545454,23.0
2026-01-27,이월,남성,3512263.636363636,18.0,11418663.636363631,53.0
2026-01-27,이월,슈즈,-210636.36363636362,-1.0,1588454.5454545452,11.0
2026-01-27,이월,스포츠,272545.45454545453,5.0,1326727.2727272725,12.0
2026-01-27,이월,여성,1432272.7272727275,5.0,13404909.090909088,50.0
2026-01-27,이월,잡화,2485927.2727272725,21.0,7481581.818181816,51.0
2026-01-27,입점,골프,494945.4545454546,2.0,2159445.454545455,22.0
2026-01-27,입점,남성,-374427.2727272727,-1.0,2503518.181818183,13.0
2026-01-27,입점,리빙,598363.6363636364,6.0,1192454.5454545452,16.0
2026-01-27,입점,명품,4070000.0,3.0,4213999.999999998,5.0
2026-01-27,입점,뷰티,1004181.8181818184,25.0,2447990.909090909,44.0
2026-01-27,입점,슈즈,156181.81818181818,2.0,1428681.8181818181,10.0
2026-01-27,입점,스포츠,359454.54545454535,6.0,160045.45454545456,8.0
2026-01-27,입점,아웃도어,656454.5454545455,3.0,2722681.818181818,14.0
2026-01-27,입점,여성,-511363.63636363635,-1.0,85493.63636363644,-1.0
2026-01-27,입점,잡화,119572.72727272726,2.0,3029290.9090909096,17.0
2026-01-27,입점,키즈,203245.45454545453,3.0,188799.99999999994,11.0
2026-01-27,정상,골프,515999.99999999994,3.0,2823963.6363636367,11.0
2026-01-27,정상,남성,1404999.9999999995,14.0,18370936.363636363,46.0
2026-01-27,정상,뷰티,78181.81818181818,1.0,0.0,0.0
2026-01-27,정상,슈즈,1199090.909090909,8.0,733090.909090909,6.0
2026-01-27,정상,스포츠,153636.36363636362,1.0,79272.72727272726,1.0
2026-01-27,정상,여성,428636.3636363633,4.0,9157772.727272727,22.0
2026-01-27,정상,잡화,3617254.5454545445,31.0,6249099.999999999,45.0
2026-01-28,이월,골프,-696918.1818181819,2.0,2848818.181818182,19.0
2026-01-28,이월,남성,198627.27272727282,6.0,6847854.545454545,62.0
2026-01-28,이월,슈즈,282818.18181818177,2.0,1485318.1818181816,11.0
2026-01-28,이월,스포츠,156090.90909090906,2.0,696999.9999999998,7.0
2026-01-28,이월,여성,6644363.636363635,20.0,24557000.0,39.0
2026-01-28,이월,잡화,2577927.2727272725,19.0,5890145.454545454,42.0
2026-01-28,입점,골프,986545.4545454544,8.0,2979000.0000000005,22.0
2026-01-28,입점,남성,848454.5454545454,4.0,1796290.9090909087,18.0
2026-01-28,입점,리빙,868090.9090909091,5.0,2338254.545454545,24.0
2026-01-28,입점,명품,-41727.272727272706,3.0,7286181.818181816,17.0
2026-01-28,입점,뷰티,389000.0,12.0,1176863.6363636362,22.0
2026-01-28,입점,슈즈,-193636.36363636362,0.0,34954.545454545456,1.0
2026-01-28,입점,스포츠,521590.9090909091,9.0,550863.6363636362,4.0
2026-01-28,입점,아웃도어,703818.1818181816,7.0,930009.0909090908,8.0
2026-01-28,입점,여성,1997927.2727272725,5.0,1840763.636363636,16.0
2026-01-28,입점,잡화,1251500.0,6.0,927836.3636363635,7.0
2026-01-28,입점,키즈,1030790.9090909093,6.0,1443279.9999999998,26.0
2026-01-28,정상,골프,-130181.81818181818,-1.0,-917127.2727272725,4.0
2026-01-28,정상,남성,5029690.909090908,19.0,6433009.090909093,43.0
2026-01-28,정상,뷰티,0.0,0.0,116363.63636363635,2.0
2026-01-28,정상,슈즈,560909.0909090909,3.0,306181.8181818182,2.0
2026-01-28,정상,스포츠,252727.2727272727,1.0,-95181.81818181818,-1.0
2026-01-28,정상,여성,2921454.545454545,8.0,20312909.090909094,41.0
2026-01-28,정상,잡화,4622599.999999999,34.0,3170909.0909090913,27.0
2026-01-29,이월,골프,54072.72727272715,2.0,4658100.000000001,19.0
2026-01-29,이월,남성,3519127.272727272,15.0,15920072.72727273,65.0
2026-01-29,이월,슈즈,81545.45454545454,1.0,-404272.7272727272,1.0
2026-01-29,이월,스포츠,126636.36363636362,2.0,393818.1818181818,8.0
2026-01-29,이월,여성,4754363.636363636,11.0,10496999.999999996,35.0
2026-01-29,이월,잡화,2389054.5454545454,18.0,5656927.2727272725,35.0
2026-01-29,입점,골프,641372.7272727272,3.0,1177836.3636363638,17.0
2026-01-29,입점,남성,43981.81818181818,1.0,2010281.8181818181,13.0
2026-01-29,입점,리빙,1312090.909090909,8.0,2855818.1818181816,21.0
2026-01-29,입점,명품,824790.9090909091,5.0,7965045.454545454,14.0
2026-01-29,입점,뷰티,307363.63636363635,7.0,702054.5454545453,12.0
2026-01-29,입점,슈즈,6772.727272727265,0.0,-147636.36363636365,2.0
2026-01-29,입점,스포츠,141727.2727272727,0.0,2364136.3636363633,13.0
2026-01-29,입점,아웃도어,275454.5454545454,2.0,731727.2727272726,10.0
2026-01-29,입점,여성,303727.2727272727,5.0,600936.3636363634,8.0
2026-01-29,입점,잡화,80181.81818181818,2.0,9981945.454545453,19.0
2026-01-29,입점,키즈,162118.18181818177,-1.0,709954.5454545455,14.0
2026-01-29,정상,골프,242836.36363636362,2.0,1276363.636363636,10.0
2026-01-29,정상,남성,4422399.999999999,11.0,10231254.545454543,33.0
2026-01-29,정상,뷰티,0.0,0.0,258000.0,3.0
2026-01-29,정상,슈즈,576363.6363636362,4.0,612181.8181818181,5.0
2026-01-29,정상,스포츠,597454.5454545454,5.0,86181.81818181819,1.0
2026-01-29,정상,여성,-2850545.454545454,-2.0,8432636.363636363,20.0
2026-01-29,정상,잡화,3937318.181818181,31.0,3783518.1818181816,27.0
2026-01-30,이월,골프,1745363.6363636365,4.0,3409000.0,16.0
2026-01-30,이월,남성,6380772.7272727275,23.0,20735709.090909094,79.0
2026-01-30,이월,슈즈,758818.1818181818,4.0,1014363.6363636364,4.0
2026-01-30,이월,스포츠,281272.7272727273,3.0,969818.1818181818,8.0
2026-01-30,이월,여성,1847454.545454545,12.0,16568636.363636361,53.0
2026-01-30,이월,잡화,1566909.0909090908,9.0,5263836.363636364,29.0
2026-01-30,입점,골프,2568618.181818181,11.0,2152972.727272727,20.0
2026-01-30,입점,남성,756809.0909090907,4.0,1582499.9999999995,1.0
2026-01-30,입점,리빙,994727.2727272726,7.0,2214454.5454545454,24.0
2026-01-30,입점,명품,1323363.6363636362,3.0,1822636.363636363,10.0
2026-01-30,입점,뷰티,366272.72727272724,8.0,1138281.818181818,21.0
2026-01-30,입점,슈즈,43909.090909090904,1.0,637818.1818181819,4.0
2026-01-30,입점,스포츠,201818.18181818182,3.0,2058545.454545454,4.0
2026-01-30,입점,아웃도어,-131454.54545454544,0.0,794818.1818181816,8.0
2026-01-30,입점,여성,-476363.63636363635,-3.0,962509.0909090904,4.0
2026-01-30,입점,잡화,110909.09090909091,2.0,868190.909090909,11.0
2026-01-30,입점,키즈,487826.36363636365,6.0,240772.72727272726,12.0
2026-01-30,정상,골프,750181.8181818182,4.0,2904600.0,12.0
2026-01-30,정상,남성,6326045.454545454,18.0,19012490.90909091,51.0
2026-01-30,정상,슈즈,106545.45454545453,2.0,514909.0909090908,3.0
2026-01-30,정상,스포츠,64727.27272727272,1.0,27272.727272727265,0.0
2026-01-30,정상,여성,2752909.0909090904,8.0,10865636.363636361,23.0
2026-01-30,정상,잡화,3772727.272727272,26.0,4733245.454545454,36.0
2026-01-31,이월,골프,1898818.1818181816,7.0,3884681.818181817,20.0
2026-01-31,이월,남성,6863518.181818182,29.0,27570454.545454543,108.0
2026-01-31,이월,슈즈,0.0,0.0,181090.90909090912,5.0
2026-01-31,이월,스포츠,440909.0909090908,5.0,1726727.2727272727,13.0
2026-01-31,이월,여성,6709272.7272727275,20.0,25310772.727272723,85.0
2026-01-31,이월,잡화,1582554.5454545452,13.0,5173000.0,38.0
2026-01-31,입점,골프,1109763.6363636362,5.0,2947072.727272727,31.0
2026-01-31,입점,남성,1018045.4545454544,5.0,1831409.0909090908,13.0
2026-01-31,입점,리빙,188727.2727272727,2.0,2500999.9999999995,29.0
2026-01-31,입점,명품,0.0,0.0,10756245.454545453,24.0
2026-01-31,입점,뷰티,391363.6363636363,11.0,1031800.0,18.0
2026-01-31,입점,슈즈,0.0,0.0,895272.7272727273,6.0
2026-01-31,입점,스포츠,553636.3636363635,7.0,1128181.818181818,12.0
2026-01-31,입점,아웃도어,738545.4545454546,7.0,571363.6363636364,6.0
2026-01-31,입점,여성,28654.545454545452,1.0,5858206.363636363,37.0
2026-01-31,입점,잡화,93299.99999999999,3.0,1926727.2727272725,12.0
2026-01-31,입점,키즈,120827.27272727272,1.0,2268516.3636363638,29.0
2026-01-31,정상,골프,426909.0909090909,3.0,1415727.2727272727,10.0
2026-01-31,정상,남성,5702272.727272727,20.0,15987181.818181815,39.0
2026-01-31,정상,뷰티,0.0,0.0,34454.545454545456,2.0
2026-01-31,정상,슈즈,199090.90909090912,0.0,261818.1818181818,2.0
2026-01-31,정상,스포츠,230000.0,3.0,572000.0,1.0
2026-01-31,정상,여성,-239727.2727272726,6.0,4613818.181818182,25.0
2026-01-31,정상,잡화,3960290.9090909082,24.0,4598518.181818182,31.0
2026-02-01,이월,골프,1902909.0909090906,9.0,8155909.090909091,36.0
2026-02-01,이월,남성,9539436.363636363,41.0,44698681.81818181,175.0
2026-02-01,이월,슈즈,94181.81818181818,1.0,760999.9999999999,6.0
2026-02-01,이월,스포츠,345727.2727272727,6.0,1143181.818181818,13.0
2026-02-01,이월,여성,8161181.818181818,23.0,54145272.72727271,151.0
2026-02-01,이월,잡화,2800018.181818182,20.0,7602181.8181818165,47.0
2026-02-01,입점,골프,2336663.636363636,13.0,6729381.818181817,48.0
2026-02-01,입점,남성,298718.18181818177,1.0,5938609.090909091,36.0
2026-02-01,입점,리빙,456454.54545454547,4.0,3903254.545454546,33.0
2026-02-01,입점,명품,3458999.9999999995,4.0,12296999.999999998,14.0
2026-02-01,입점,뷰티,505727.2727272727,14.0,1673654.5454545454,37.0
2026-02-01,입점,슈즈,136363.63636363635,1.0,1196000.0,11.0
2026-02-01,입점,스포츠,1003090.909090909,9.0,1702090.9090909094,16.0
2026-02-01,입점,아웃도어,515181.8181818182,4.0,1637781.818181818,16.0
2026-02-01,입점,여성,457954.54545454547,3.0,2871481.818181818,25.0
2026-02-01,입점,잡화,18181.81818181818,1.0,3093127.2727272725,17.0
2026-02-01,입점,키즈,373071.8181818181,5.0,1878090.9090909087,28.0
2026-02-01,정상,골프,482909.0909090909,4.0,2006318.1818181816,10.0
2026-02-01,정상,남성,7931500.0,21.0,38569236.36363636,104.0
2026-02-01,정상,뷰티,0.0,0.0,30909.090909090908,1.0
2026-02-01,정상,슈즈,188181.81818181818,3.0,542909.0909090908,5.0
2026-02-01,정상,스포츠,225454.5454545454,2.0,519636.36363636353,4.0
2026-02-01,정상,여성,3522545.454545454,8.0,20031454.545454547,54.0
2026-02-01,정상,잡화,6589409.090909091,47.0,10190145.454545453,72.0
2026-02-02,이월,골프,2226045.454545454,10.0,1960472.7272727266,10.0
2026-02-02,이월,남성,6381890.909090908,17.0,15234236.363636365,78.0
2026-02-02,이월,슈즈,413636.3636363636,3.0,614181.818181818,5.0
2026-02-02,이월,스포츠,448181.8181818181,5.0,857454.5454545455,11.0
2026-02-02,이월,여성,2613272.7272727275,10.0,14650318.181818178,50.0
2026-02-02,이월,잡화,1438909.0909090906,18.0,12245181.818181813,59.0
2026-02-02,입점,OFM,0.0,0.0,18181.81818181818,1.0
2026-02-02,입점,골프,1223309.0909090906,6.0,4955572.7272727275,25.0
2026-02-02,입점,남성,-193000.0,0.0,1513445.4545454546,12.0
2026-02-02,입점,리빙,1892272.727272727,7.0,3832709.0909090904,26.0
2026-02-02,입점,명품,2050818.1818181816,7.0,-1515063.636363636,-1.0
2026-02-02,입점,뷰티,1210854.5454545456,24.0,2108454.545454546,29.0
2026-02-02,입점,슈즈,316390.90909090906,1.0,1012727.2727272726,6.0
2026-02-02,입점,스포츠,163318.1818181818,5.0,815000.0,11.0
2026-02-02,입점,아웃도어,718300.0,5.0,351636.3636363634,13.0
2026-02-02,입점,여성,-1603218.1818181814,-2.0,-2063194.5454545456,-1.0
2026-02-02,입점,잡화,380209.0909090908,7.0,-790363.6363636362,5.0
2026-02-02,입점,키즈,0.0,0.0,1096663.6363636365,16.0
2026-02-02,정상,골프,1032727.2727272727,5.0,1581627.2727272725,10.0
2026-02-02,정상,남성,4307590.909090909,13.0,13635954.545454545,46.0
2026-02-02,정상,뷰티,39090.90909090909,1.0,0.0,0.0
2026-02-02,정상,슈즈,568363.6363636364,6.0,433636.36363636365,4.0
2026-02-02,정상,스포츠,561818.1818181818,4.0,0.0,0.0
2026-02-02,정상,여성,2283454.545454545,6.0,-3929727.2727272725,8.0
2026-02-02,정상,잡화,5180581.8181818165,35.0,6561945.454545454,44.0
2026-02-03,이월,골프,-559881.8181818181,-1.0,5390590.909090909,22.0
2026-02-03,이월,남성,3036718.1818181816,17.0,13499054.545454536,69.0
2026-02-03,이월,슈즈,543090.9090909091,4.0,211545.45454545453,2.0
2026-02-03,이월,스포츠,681909.0909090908,9.0,968545.4545454542,10.0
2026-02-03,이월,여성,2167181.8181818184,11.0,20282818.181818195,60.0
2026-02-03,이월,잡화,5105445.454545453,30.0,12200254.545454545,72.0
2026-02-03,입점,골프,791536.3636363636,8.0,2490218.181818182,20.0
2026-02-03,입점,남성,501000.0,4.0,1261209.0909090906,15.0
2026-02-03,입점,리빙,1103181.8181818181,11.0,863754.5454545454,19.0
2026-02-03,입점,명품,1206999.9999999998,4.0,7074090.90909091,12.0
2026-02-03,입점,뷰티,631909.0909090908,14.0,1556545.4545454548,27.0
2026-02-03,입점,슈즈,87818.18181818181,2.0,7318.181818181736,0.0
2026-02-03,입점,스포츠,649454.5454545454,9.0,1474272.727272727,15.0
2026-02-03,입점,아웃도어,603181.8181818181,5.0,1397881.8181818181,20.0
2026-02-03,입점,여성,171136.36363636365,3.0,556790.0,-5.0
2026-02-03,입점,잡화,158909.0909090909,4.0,3953009.0909090913,19.0
2026-02-03,입점,키즈,98909.0909090909,1.0,1030609.0909090908,18.0
2026-02-03,정상,골프,44363.63636363637,0.0,2333609.090909091,7.0
2026-02-03,정상,남성,1618836.363636364,11.0,15936245.454545457,54.0
2026-02-03,정상,뷰티,38181.81818181818,2.0,0.0,0.0
2026-02-03,정상,슈즈,396545.4545454545,4.0,-138363.63636363635,0.0
2026-02-03,정상,스포츠,313818.18181818177,3.0,280909.0909090909,2.0
2026-02-03,정상,여성,-2139454.545454545,0.0,12654772.727272728,24.0
2026-02-03,정상,잡화,4625754.545454545,36.0,5689636.363636364,45.0
2026-02-04,이월,골프,1245909.0909090908,7.0,5166700.0,20.0
2026-02-04,이월,남성,3305800.0,14.0,20018518.18181818,70.0
2026-02-04,이월,슈즈,552363.6363636364,2.0,908000.0,7.0
2026-02-04,이월,스포츠,480999.99999999994,5.0,1022818.1818181816,13.0
2026-02-04,이월,여성,7539636.363636361,24.0,19818681.81818182,58.0
2026-02-04,이월,잡화,6027109.09090909,32.0,11992418.18181818,67.0
2026-02-04,입점,골프,957445.4545454545,5.0,3517518.1818181803,19.0
2026-02-04,입점,남성,489381.8181818182,4.0,3114100.0,23.0
2026-02-04,입점,리빙,196636.36363636362,4.0,3344881.818181818,30.0
2026-02-04,입점,명품,1947272.727272727,2.0,312636.36363636376,14.0
2026-02-04,입점,뷰티,1052990.9090909092,18.0,1312518.1818181814,21.0
2026-02-04,입점,슈즈,0.0,0.0,-91909.09090909094,-1.0
2026-02-04,입점,스포츠,975454.5454545454,10.0,1969409.0909090908,20.0
2026-02-04,입점,아웃도어,787818.1818181816,6.0,1970018.181818181,9.0
2026-02-04,입점,여성,967681.8181818181,7.0,1938954.5454545454,21.0
2026-02-04,입점,잡화,381299.99999999994,6.0,13552545.454545453,15.0
2026-02-04,입점,키즈,169918.18181818182,2.0,438472.7272727273,7.0
2026-02-04,정상,골프,152581.81818181818,2.0,1676054.5454545454,8.0
2026-02-04,정상,남성,7393072.727272727,27.0,21626145.45454546,55.0
2026-02-04,정상,뷰티,0.0,0.0,13636.363636363636,1.0
2026-02-04,정상,슈즈,207272.72727272726,2.0,18181.818181818177,0.0
2026-02-04,정상,스포츠,0.0,0.0,1222727.2727272725,4.0
2026-02-04,정상,여성,-2411090.909090909,-3.0,9715999.999999998,13.0
2026-02-04,정상,잡화,4076418.1818181807,30.0,5084645.454545455,40.0
2026-02-05,이월,골프,1940563.6363636362,10.0,1886809.0909090908,12.0
2026-02-05,이월,남성,2516109.090909092,21.0,15191481.81818181,58.0
2026-02-05,이월,슈즈,70636.36363636363,1.0,958545.4545454546,9.0
2026-02-05,이월,스포츠,379272.72727272724,5.0,2042363.6363636362,20.0
2026-02-05,이월,여성,-220454.54545454535,5.0,10578636.363636361,37.0
2026-02-05,이월,잡화,6201000.0,39.0,13202581.818181816,66.0
2026-02-05,입점,골프,651636.3636363635,5.0,6167327.272727272,30.0
2026-02-05,입점,남성,-171572.72727272726,1.0,1800299.9999999995,24.0
2026-02-05,입점,리빙,287654.5454545454,7.0,3058754.545454545,27.0
2026-02-05,입점,명품,114181.81818181789,2.0,6043727.272727272,11.0
2026-02-05,입점,뷰티,1010727.2727272727,22.0,1177709.090909091,24.0
2026-02-05,입점,슈즈,323909.0909090909,3.0,1390272.727272727,7.0
2026-02-05,입점,스포츠,626363.6363636364,7.0,1278272.7272727268,19.0
2026-02-05,입점,아웃도어,871545.4545454545,4.0,3616999.9999999995,35.0
2026-02-05,입점,여성,-251636.36363636362,-2.0,4751536.363636364,26.0
2026-02-05,입점,잡화,118181.81818181818,1.0,-10211590.909090908,6.0
2026-02-05,입점,키즈,349481.8181818181,3.0,1228918.1818181816,19.0
2026-02-05,정상,골프,454181.8181818181,1.0,1750736.3636363635,8.0
2026-02-05,정상,남성,1748999.9999999995,8.0,2039027.2727272727,24.0
2026-02-05,정상,뷰티,0.0,0.0,24818.181818181816,1.0
2026-02-05,정상,슈즈,668181.8181818181,5.0,162727.2727272727,1.0
2026-02-05,정상,스포츠,280000.0,2.0,307272.72727272724,2.0
2026-02-05,정상,여성,198363.63636363635,1.0,2182181.8181818184,13.0
2026-02-05,정상,잡화,4193318.1818181816,31.0,4495154.545454545,42.0
2026-02-06,이월,골프,471454.5454545454,5.0,4509572.727272728,13.0
2026-02-06,이월,남성,2335136.3636363633,9.0,15354918.181818185,75.0
2026-02-06,이월,슈즈,45454.545454545456,0.0,696545.4545454545,5.0
2026-02-06,이월,스포츠,574818.1818181818,6.0,577181.8181818181,6.0
2026-02-06,이월,여성,3798818.181818182,12.0,21832090.909090903,62.0
2026-02-06,이월,잡화,4394581.818181818,30.0,7588218.18181818,54.0
2026-02-06,입점,골프,1075245.4545454544,7.0,4337018.181818182,27.0
2026-02-06,입점,남성,233909.09090909094,3.0,718611.8181818182,8.0
2026-02-06,입점,리빙,-249636.3636363637,6.0,-283500.00000000006,12.0
2026-02-06,입점,명품,943636.3636363635,4.0,10447727.272727272,13.0
2026-02-06,입점,뷰티,980363.6363636364,17.0,1104072.727272727,21.0
2026-02-06,입점,슈즈,-306909.0909090909,-2.0,30090.909090909176,0.0
2026-02-06,입점,스포츠,493545.45454545453,4.0,2138454.5454545454,20.0
2026-02-06,입점,아웃도어,1828090.909090909,9.0,3651572.727272727,23.0
2026-02-06,입점,여성,595509.0909090908,7.0,-262654.5454545451,22.0
2026-02-06,입점,잡화,-11999.999999999993,-1.0,2871000.000000001,16.0
2026-02-06,입점,키즈,1214463.6363636362,8.0,3647971.818181818,33.0
2026-02-06,정상,골프,131927.2727272727,2.0,3124581.8181818174,6.0
2026-02-06,정상,남성,5278909.090909089,20.0,4110181.818181818,37.0
2026-02-06,정상,뷰티,0.0,0.0,13636.363636363636,1.0
2026-02-06,정상,슈즈,460181.8181818181,4.0,854963.6363636364,5.0
2026-02-06,정상,스포츠,252727.2727272727,2.0,1088181.8181818181,3.0
2026-02-06,정상,여성,-1250090.9090909092,-2.0,9529500.000000002,14.0
2026-02-06,정상,잡화,3967954.5454545445,22.0,2101245.454545454,26.0
2026-02-07,이월,골프,1428290.9090909092,8.0,9222827.272727273,37.0
2026-02-07,이월,남성,3645645.4545454537,24.0,22497999.999999996,102.0
2026-02-07,이월,슈즈,0.0,0.0,592636.3636363635,6.0
2026-02-07,이월,스포츠,246909.09090909088,3.0,1394363.6363636365,10.0
2026-02-07,이월,여성,6042954.545454544,20.0,34402363.63636363,102.0
2026-02-07,이월,잡화,5233127.272727273,37.0,9039845.454545451,68.0
2026-02-07,입점,골프,1302381.8181818181,8.0,5446545.454545454,33.0
2026-02-07,입점,남성,743363.6363636364,4.0,3141263.6363636367,22.0
2026-02-07,입점,리빙,937890.909090909,5.0,2698636.3636363633,34.0
2026-02-07,입점,명품,600000.0,4.0,14217181.818181816,30.0
2026-02-07,입점,뷰티,851018.1818181816,18.0,1133436.3636363635,27.0
2026-02-07,입점,슈즈,43909.090909090904,1.0,818545.4545454544,6.0
2026-02-07,입점,스포츠,660909.0909090908,9.0,1659363.6363636365,22.0
2026-02-07,입점,아웃도어,3268090.909090909,14.0,3850136.3636363638,24.0
2026-02-07,입점,여성,842554.5454545454,10.0,3339681.818181818,30.0
2026-02-07,입점,잡화,368181.8181818182,9.0,1457290.9090909092,14.0
2026-02-07,입점,키즈,946145.4545454545,8.0,5385890.909090907,48.0
2026-02-07,정상,골프,390909.0909090909,1.0,3382545.454545454,10.0
2026-02-07,정상,남성,4189809.0909090913,19.0,13631181.818181818,41.0
2026-02-07,정상,뷰티,0.0,0.0,13636.363636363636,1.0
2026-02-07,정상,슈즈,929818.1818181818,6.0,-53690.90909090909,1.0
2026-02-07,정상,스포츠,355818.18181818177,3.0,166363.63636363624,4.0
2026-02-07,정상,여성,1269272.727272727,5.0,5684727.2727272725,19.0
2026-02-07,정상,잡화,3866563.636363636,30.0,4336181.818181817,38.0
2026-02-08,이월,골프,1809636.3636363635,7.0,10749536.363636361,49.0
2026-02-08,이월,남성,6497936.363636363,25.0,41004490.90909091,178.0
2026-02-08,이월,슈즈,683454.5454545454,3.0,558909.0909090908,8.0
2026-02-08,이월,스포츠,342545.4545454545,5.0,2284090.909090909,16.0
2026-02-08,이월,여성,6861636.363636364,26.0,48163909.09090908,169.0
2026-02-08,이월,잡화,4091581.8181818174,29.0,11973500.000000004,89.0
2026-02-08,입점,골프,1551745.4545454544,12.0,7946290.909090908,43.0
2026-02-08,입점,남성,584090.9090909091,6.0,3032660.0000000005,29.0
2026-02-08,입점,리빙,815445.4545454545,8.0,1492636.363636364,28.0
2026-02-08,입점,명품,3951000.0,7.0,15662327.272727272,33.0
2026-02-08,입점,뷰티,435363.6363636363,15.0,2388527.272727272,50.0
2026-02-08,입점,슈즈,43909.090909090904,1.0,1376000.0,6.0
2026-02-08,입점,스포츠,468181.8181818181,5.0,1031636.3636363636,14.0
2026-02-08,입점,아웃도어,739272.7272727272,6.0,4961481.8181818165,35.0
2026-02-08,입점,여성,586727.2727272727,4.0,5717350.000000001,47.0
2026-02-08,입점,잡화,85345.45454545453,3.0,1046499.9999999999,13.0
2026-02-08,입점,키즈,568536.3636363636,7.0,3854336.3636363638,40.0
2026-02-08,정상,골프,384000.0,4.0,5244145.454545455,19.0
2026-02-08,정상,남성,4893536.363636362,23.0,25499418.18181817,82.0
2026-02-08,정상,뷰티,13636.363636363636,1.0,47181.81818181818,1.0
2026-02-08,정상,슈즈,693818.1818181818,7.0,1194727.2727272727,5.0
2026-02-08,정상,스포츠,271818.1818181818,1.0,-98909.09090909087,3.0
2026-02-08,정상,여성,1999727.2727272722,7.0,16510636.363636365,26.0
2026-02-08,정상,잡화,4999827.2727272725,36.0,8640963.636363639,65.0
2026-02-09,이월,골프,-90.90909090903006,-1.0,2827618.1818181816,26.0
2026-02-09,이월,남성,4496518.181818182,19.0,11243499.999999998,78.0
2026-02-09,이월,슈즈,-248363.63636363635,0.0,1072909.0909090908,7.0
2026-02-09,이월,스포츠,141909.09090909088,2.0,1199454.5454545456,18.0
2026-02-09,이월,여성,178090.90909090894,9.0,14542727.27272727,42.0
2026-02-09,이월,잡화,2902999.999999999,20.0,12538954.545454545,77.0
2026-02-09,입점,골프,91290.90909090909,3.0,688963.6363636364,18.0
2026-02-09,입점,남성,209636.36363636365,1.0,4577580.909090908,22.0
2026-02-09,입점,리빙,1372145.4545454544,4.0,1059063.6363636362,15.0
2026-02-09,입점,명품,-2492818.181818181,-4.0,-9244636.363636363,-7.0
2026-02-09,입점,뷰티,581154.5454545453,14.0,2854527.2727272725,48.0
2026-02-09,입점,슈즈,0.0,0.0,761227.2727272726,7.0
2026-02-09,입점,스포츠,651909.0909090908,-1.0,723000.0,12.0
2026-02-09,입점,아웃도어,118500.0,1.0,3254390.909090909,20.0
2026-02-09,입점,여성,370000.0,5.0,-680654.5454545454,-6.0
2026-02-09,입점,잡화,135000.0,2.0,1737845.4545454544,10.0
2026-02-09,입점,키즈,565881.8181818181,3.0,4596709.090909091,43.0
2026-02-09,정상,골프,368772.72727272724,3.0,4008981.8181818184,15.0
2026-02-09,정상,남성,3032409.090909091,14.0,8357454.545454545,45.0
2026-02-09,정상,뷰티,0.0,0.0,34272.72727272727,1.0
2026-02-09,정상,슈즈,460000.0,4.0,532727.2727272727,3.0
2026-02-09,정상,스포츠,529090.9090909091,4.0,-501636.3636363636,1.0
2026-02-09,정상,여성,1289909.0909090908,2.0,9528000.0,17.0
2026-02-09,정상,잡화,4623181.818181818,37.0,8537636.363636363,46.0
2026-02-10,이월,골프,1042636.3636363635,6.0,6391381.818181817,27.0
2026-02-10,이월,남성,5182409.090909091,29.0,9091090.909090908,67.0
2026-02-10,이월,슈즈,-43818.18181818182,1.0,355727.27272727265,5.0
2026-02-10,이월,스포츠,1060363.6363636362,10.0,1533727.2727272725,19.0
2026-02-10,이월,여성,1862181.8181818181,8.0,3943590.9090909096,36.0
2026-02-10,이월,잡화,5588699.999999999,36.0,12862963.636363637,77.0
2026-02-10,입점,OFM,0.0,0.0,-18181.81818181818,-1.0
2026-02-10,입점,골프,464699.99999999994,6.0,2122690.9090909087,17.0
2026-02-10,입점,남성,441936.36363636365,4.0,1986602.7272727268,19.0
2026-02-10,입점,리빙,350545.4545454545,2.0,236590.90909090938,16.0
2026-02-10,입점,명품,-171818.18181818235,6.0,-1130000.0,3.0
2026-02-10,입점,뷰티,1192199.9999999998,20.0,1505454.5454545452,27.0
2026-02-10,입점,슈즈,0.0,0.0,-23909.09090909094,1.0
2026-02-10,입점,스포츠,115545.45454545456,4.0,134090.9090909092,8.0
2026-02-10,입점,아웃도어,-27363.636363636353,0.0,2060136.3636363633,14.0
2026-02-10,입점,여성,115181.8181818182,3.0,2150709.090909091,11.0
2026-02-10,입점,잡화,58727.27272727272,2.0,1623045.4545454544,12.0
2026-02-10,입점,키즈,-189545.45454545453,-1.0,447645.45454545435,12.0
2026-02-10,정상,골프,-99090.90909090909,0.0,2823190.9090909096,16.0
2026-02-10,정상,남성,1456727.2727272725,7.0,8497409.090909092,33.0
2026-02-10,정상,뷰티,0.0,0.0,226272.7272727273,5.0
2026-02-10,정상,슈즈,432727.2727272727,3.0,514545.4545454545,3.0
2026-02-10,정상,스포츠,414363.6363636363,6.0,792727.2727272727,4.0
2026-02-10,정상,여성,862181.8181818181,2.0,12802727.272727273,27.0
2026-02-10,정상,잡화,6531872.727272727,52.0,4144999.9999999995,36.0
2026-02-11,이월,골프,614090.9090909091,2.0,4870554.545454545,21.0
2026-02-11,이월,남성,4777363.636363636,21.0,26642363.636363637,104.0
2026-02-11,이월,슈즈,226181.81818181818,3.0,134181.81818181812,0.0
2026-02-11,이월,스포츠,-187000.0,1.0,612363.6363636364,11.0
2026-02-11,이월,여성,353818.1818181817,6.0,18563863.636363633,60.0
2026-02-11,이월,잡화,3469309.0909090913,21.0,6943163.636363634,57.0
2026-02-11,입점,골프,1125490.9090909092,9.0,3008418.1818181826,26.0
2026-02-11,입점,남성,-8927.272727272764,3.0,2841539.0909090913,22.0
2026-02-11,입점,리빙,767054.5454545455,7.0,2410600.0,27.0
2026-02-11,입점,명품,2317272.727272727,2.0,3291272.7272727266,12.0
2026-02-11,입점,뷰티,1745636.3636363635,31.0,1652936.3636363638,28.0
2026-02-11,입점,슈즈,252727.2727272727,1.0,678954.5454545454,3.0
2026-02-11,입점,스포츠,396272.7272727273,4.0,895818.1818181818,11.0
2026-02-11,입점,아웃도어,976000.0,3.0,3664045.454545454,24.0
2026-02-11,입점,여성,547181.8181818182,4.0,76672.72727272726,9.0
2026-02-11,입점,잡화,128090.90909090907,2.0,623981.8181818181,10.0
2026-02-11,입점,키즈,363545.4545454545,6.0,3028054.5454545445,32.0
2026-02-11,정상,골프,707181.8181818181,4.0,2476609.090909091,14.0
2026-02-11,정상,남성,5795990.909090908,23.0,6827009.090909088,39.0
2026-02-11,정상,뷰티,0.0,0.0,-35318.1818181818,0.0
2026-02-11,정상,슈즈,968654.5454545454,3.0,0.0,0.0
2026-02-11,정상,스포츠,589363.6363636364,5.0,589272.7272727272,5.0
2026-02-11,정상,여성,487363.6363636363,2.0,8066727.2727272725,22.0
2026-02-11,정상,잡화,3743799.9999999995,39.0,6019000.000000002,50.0
2026-02-12,이월,골프,2105090.909090909,10.0,3263672.727272727,18.0
2026-02-12,이월,남성,4024890.9090909096,19.0,17317390.909090906,81.0
2026-02-12,이월,슈즈,-126818.18181818181,-1.0,617000.0,5.0
2026-02-12,이월,스포츠,1275181.8181818181,12.0,1002818.1818181816,13.0
2026-02-12,이월,여성,2203318.181818182,7.0,2114636.3636363647,22.0
2026-02-12,이월,잡화,5707599.999999998,36.0,7027781.818181817,51.0
2026-02-12,입점,골프,2122772.727272727,9.0,2076636.3636363635,14.0
2026-02-12,입점,남성,364300.0,4.0,4230936.363636362,18.0
2026-02-12,입점,리빙,308818.18181818177,4.0,2332636.3636363638,19.0
2026-02-12,입점,명품,2355454.545454546,6.0,10896454.545454545,16.0
2026-02-12,입점,뷰티,1211272.7272727273,20.0,1528454.545454545,16.0
2026-02-12,입점,슈즈,252727.2727272727,1.0,435136.36363636353,3.0
2026-02-12,입점,스포츠,301000.0,5.0,406272.7272727272,9.0
2026-02-12,입점,아웃도어,808954.5454545454,7.0,3384136.363636363,25.0
2026-02-12,입점,여성,100263.63636363635,2.0,2400818.1818181826,38.0
2026-02-12,입점,잡화,98681.81818181818,2.0,42636.36363636363,7.0
2026-02-12,입점,키즈,473109.0909090908,4.0,1502363.636363636,17.0
2026-02-12,정상,골프,1116000.0,9.0,-1429545.4545454546,7.0
2026-02-12,정상,남성,7858545.454545456,28.0,7136818.18181818,32.0
2026-02-12,정상,뷰티,0.0,0.0,82636.36363636363,3.0
2026-02-12,정상,슈즈,198181.81818181818,2.0,99090.90909090909,1.0
2026-02-12,정상,스포츠,230909.09090909088,2.0,-611636.3636363635,1.0
2026-02-12,정상,여성,3439454.545454545,4.0,8569454.545454547,38.0
2026-02-12,정상,잡화,4064409.0909090904,29.0,3719572.7272727266,31.0
2026-02-13,이월,골프,421436.36363636365,2.0,3851454.545454546,16.0
2026-02-13,이월,남성,1574863.6363636365,7.0,10698545.454545448,34.0
2026-02-13,이월,슈즈,0.0,0.0,998272.7272727273,10.0
2026-02-13,이월,스포츠,2115545.454545454,3.0,2574272.7272727266,6.0
2026-02-13,이월,여성,8162909.09090909,29.0,13998045.454545453,48.0
2026-02-13,이월,잡화,4797309.090909091,23.0,6933272.727272727,40.0
2026-02-13,입점,골프,834372.7272727273,0.0,1637572.7272727264,12.0
2026-02-13,입점,남성,177481.81818181818,3.0,506491.8181818182,17.0
2026-02-13,입점,리빙,396045.4545454544,8.0,1387981.818181818,27.0
2026-02-13,입점,명품,135181.81818181812,1.0,5732454.545454545,14.0
2026-02-13,입점,뷰티,633381.8181818182,13.0,1029872.7272727272,15.0
2026-02-13,입점,슈즈,212909.09090909088,2.0,1088181.818181818,5.0
2026-02-13,입점,스포츠,795090.9090909092,9.0,583863.6363636362,10.0
2026-02-13,입점,아웃도어,606909.0909090908,4.0,644590.9090909091,7.0
2026-02-13,입점,여성,1136948.1818181816,9.0,2543825.4545454537,17.0
2026-02-13,입점,잡화,2591000.0,2.0,934636.3636363635,12.0
2026-02-13,입점,키즈,387090.90909090906,3.0,1273827.2727272725,12.0
2026-02-13,정상,골프,123818.18181818181,0.0,1750327.2727272727,5.0
2026-02-13,정상,남성,3282181.818181818,15.0,8178063.636363636,31.0
2026-02-13,정상,뷰티,0.0,0.0,19090.90909090909,1.0
2026-02-13,정상,슈즈,486363.63636363635,5.0,-82727.27272727274,1.0
2026-02-13,정상,스포츠,20727.272727272735,1.0,-485636.3636363636,-4.0
2026-02-13,정상,여성,234545.4545454546,1.0,4868999.999999999,17.0
2026-02-13,정상,잡화,4403200.000000001,31.0,2448263.6363636353,29.0
2026-02-14,이월,골프,1093909.0909090908,5.0,5887690.909090909,23.0
2026-02-14,이월,남성,2288318.1818181816,12.0,19751609.09090909,82.0
2026-02-14,이월,슈즈,130363.63636363635,2.0,322818.1818181818,2.0
2026-02-14,이월,스포츠,66454.54545454546,1.0,159181.81818181823,1.0
2026-02-14,이월,여성,3037863.6363636362,17.0,27721363.63636363,77.0
2026-02-14,이월,잡화,4617327.272727272,35.0,8234836.363636363,49.0
2026-02-14,입점,골프,394272.7272727273,6.0,2260336.3636363633,23.0
2026-02-14,입점,남성,321545.45454545453,3.0,2039519.0909090906,18.0
2026-02-14,입점,리빙,458181.8181818181,9.0,959672.7272727272,17.0
2026-02-14,입점,명품,4025454.545454545,7.0,11194090.909090908,20.0
2026-02-14,입점,뷰티,801709.0909090907,13.0,1143409.0909090908,19.0
2026-02-14,입점,슈즈,0.0,0.0,1057318.1818181819,8.0
2026-02-14,입점,스포츠,92454.54545454547,2.0,1474227.272727273,15.0
2026-02-14,입점,아웃도어,872000.0000000001,5.0,1928636.3636363635,11.0
2026-02-14,입점,여성,632509.0909090908,5.0,4035118.1818181807,23.0
2026-02-14,입점,잡화,108545.45454545453,1.0,2027818.1818181816,16.0
2026-02-14,입점,키즈,499418.18181818177,3.0,1882045.4545454546,19.0
2026-02-14,정상,골프,383272.72727272724,3.0,852518.1818181816,3.0
2026-02-14,정상,남성,3180363.636363636,8.0,8823872.727272725,28.0
2026-02-14,정상,슈즈,99090.90909090909,1.0,298418.18181818177,2.0
2026-02-14,정상,스포츠,0.0,0.0,-461090.909090909,-1.0
2026-02-14,정상,여성,1087545.4545454544,1.0,4856545.454545453,20.0
2026-02-14,정상,잡화,2952709.090909091,23.0,3282109.090909091,29.0
2026-02-15,이월,골프,632772.7272727272,3.0,7270418.181818182,31.0
2026-02-15,이월,남성,4793481.818181817,24.0,34906309.090909086,102.0
2026-02-15,이월,슈즈,166636.36363636365,2.0,1336954.5454545452,7.0
2026-02-15,이월,스포츠,184636.36363636365,4.0,948000.0,11.0
2026-02-15,이월,여성,7910272.727272728,26.0,37728954.54545454,110.0
2026-02-15,이월,잡화,3888599.999999999,27.0,10143963.636363635,71.0
2026-02-15,입점,골프,693590.9090909091,5.0,3007809.090909091,22.0
2026-02-15,입점,남성,0.0,0.0,1332589.0909090908,12.0
2026-02-15,입점,리빙,339272.7272727273,6.0,1493527.2727272725,23.0
2026-02-15,입점,명품,2101272.727272727,3.0,6729363.636363636,16.0
2026-02-15,입점,뷰티,1178036.3636363635,14.0,887181.818181818,19.0
2026-02-15,입점,슈즈,0.0,0.0,616227.2727272727,3.0
2026-02-15,입점,스포츠,493909.0909090909,5.0,1146363.6363636362,13.0
2026-02-15,입점,아웃도어,661954.5454545454,8.0,1384254.5454545454,10.0
2026-02-15,입점,여성,206363.63636363635,2.0,4184299.999999999,25.0
2026-02-15,입점,잡화,89545.45454545454,2.0,1087318.1818181819,16.0
2026-02-15,입점,키즈,449590.909090909,5.0,1599981.818181818,18.0
2026-02-15,정상,골프,413363.6363636363,4.0,2411054.5454545454,13.0
2026-02-15,정상,남성,3123999.9999999995,10.0,14353336.363636361,40.0
2026-02-15,정상,슈즈,99090.90909090909,1.0,442727.2727272727,2.0
2026-02-15,정상,스포츠,61090.90909090909,1.0,0.0,0.0
2026-02-15,정상,여성,999590.909090909,4.0,10066909.09090909,20.0
2026-02-15,정상,잡화,2630127.272727273,21.0,4591154.545454545,33.0
2026-02-16,이월,골프,1396727.2727272727,5.0,6670227.272727272,33.0
2026-02-16,이월,남성,4478072.727272727,17.0,29948200.0,108.0
2026-02-16,이월,슈즈,810727.2727272726,3.0,975181.8181818181,6.0
2026-02-16,이월,스포츠,112454.54545454544,2.0,1122272.727272727,11.0
2026-02-16,이월,여성,4897454.545454544,14.0,36964681.81818183,110.0
2026-02-16,이월,잡화,3958472.727272727,24.0,10231336.363636365,60.0
2026-02-16,입점,골프,44545.454545454544,1.0,5427127.2727272725,34.0
2026-02-16,입점,남성,514818.18181818177,5.0,2959045.4545454546,19.0
2026-02-16,입점,리빙,863909.0909090908,10.0,1940436.3636363638,30.0
2026-02-16,입점,명품,1070000.0,2.0,5973000.000000001,17.0
2026-02-16,입점,뷰티,642936.3636363635,14.0,908545.4545454544,26.0
2026-02-16,입점,슈즈,189090.9090909091,1.0,632227.2727272727,4.0
2026-02-16,입점,스포츠,875818.1818181818,8.0,1698136.3636363635,14.0
2026-02-16,입점,아웃도어,683318.1818181818,5.0,1621818.1818181816,12.0
2026-02-16,입점,여성,50272.72727272727,1.0,3492018.181818181,28.0
2026-02-16,입점,잡화,1046363.6363636362,2.0,2395090.9090909087,15.0
2026-02-16,입점,키즈,21636.363636363636,1.0,1680981.8181818181,19.0
2026-02-16,정상,골프,0.0,0.0,1894181.818181818,5.0
2026-02-16,정상,남성,2586954.545454545,8.0,14889954.545454543,43.0
2026-02-16,정상,슈즈,533636.3636363636,3.0,369327.2727272727,0.0
2026-02-16,정상,스포츠,293636.3636363636,3.0,270909.0909090909,2.0
2026-02-16,정상,여성,1029090.9090909091,4.0,9425272.727272727,17.0
2026-02-16,정상,잡화,1607727.2727272725,12.0,3657927.2727272725,24.0
2026-02-17,이월,골프,276818.1818181818,2.0,6074400.0,23.0
2026-02-17,이월,남성,3032572.7272727275,13.0,18381854.545454547,76.0
2026-02-17,이월,슈즈,81545.45454545454,0.0,517727.2727272727,4.0
2026-02-17,이월,스포츠,759636.3636363636,9.0,695727.2727272727,10.0
2026-02-17,이월,여성,1138727.2727272725,10.0,16215636.363636358,70.0
2026-02-17,이월,잡화,5878581.818181818,40.0,8988363.636363637,60.0
2026-02-17,입점,골프,2396899.9999999995,11.0,3212109.0909090918,25.0
2026-02-17,입점,남성,-153000.0,0.0,2095999.9999999998,17.0
2026-02-17,입점,리빙,274545.45454545453,4.0,2945699.9999999995,29.0
2026-02-17,입점,명품,83181.81818181818,1.0,7140227.272727273,17.0
2026-02-17,입점,뷰티,1584127.2727272725,25.0,1301454.5454545452,27.0
2026-02-17,입점,슈즈,0.0,0.0,443372.7272727273,3.0
2026-02-17,입점,스포츠,628909.0909090909,4.0,961090.9090909091,16.0
2026-02-17,입점,아웃도어,317818.18181818177,3.0,2910818.1818181816,21.0
2026-02-17,입점,여성,596272.7272727273,4.0,2016799.9999999998,21.0
2026-02-17,입점,잡화,190045.45454545453,2.0,2334636.3636363638,18.0
2026-02-17,입점,키즈,0.0,0.0,697590.9090909091,11.0
2026-02-17,정상,골프,130181.81818181818,1.0,2049090.909090909,8.0
2026-02-17,정상,남성,1165227.2727272727,6.0,5844245.454545453,26.0
2026-02-17,정상,슈즈,414545.4545454545,4.0,251090.9090909091,2.0
2026-02-17,정상,스포츠,0.0,0.0,68181.81818181818,1.0
2026-02-17,정상,여성,316909.0909090909,1.0,4677636.363636363,9.0
2026-02-17,정상,잡화,1279345.4545454546,12.0,4569054.545454546,32.0
2026-02-18,이월,골프,1409490.909090909,6.0,8159581.8181818165,41.0
2026-02-18,이월,남성,3688727.2727272725,12.0,32615418.181818172,146.0
2026-02-18,이월,슈즈,431000.0,1.0,1737454.5454545454,11.0
2026-02-18,이월,스포츠,394090.90909090906,7.0,1168909.0909090906,12.0
2026-02-18,이월,여성,5658499.999999999,12.0,40808454.545454554,135.0
2026-02-18,이월,잡화,3431672.727272727,27.0,14218145.454545457,96.0
2026-02-18,입점,골프,2754490.909090909,6.0,4396818.181818182,37.0
2026-02-18,입점,남성,332818.18181818177,4.0,2838615.4545454546,21.0
2026-02-18,입점,리빙,551363.6363636364,6.0,2228309.090909091,31.0
2026-02-18,입점,명품,-512545.45454545453,0.0,3027363.6363636367,7.0
2026-02-18,입점,뷰티,512727.2727272727,7.0,1766400.0000000002,30.0
2026-02-18,입점,슈즈,88000.0,1.0,170909.09090909085,1.0
2026-02-18,입점,스포츠,177818.1818181818,3.0,1531636.363636363,22.0
2026-02-18,입점,아웃도어,574954.5454545454,7.0,2500818.1818181816,17.0
2026-02-18,입점,여성,352909.09090909094,4.0,3696827.2727272725,29.0
2026-02-18,입점,잡화,154363.63636363635,2.0,3573727.2727272715,26.0
2026-02-18,입점,키즈,936281.8181818181,5.0,2196999.9999999995,35.0
2026-02-18,정상,골프,167272.72727272726,1.0,1622545.4545454544,9.0
2026-02-18,정상,남성,514272.7272727272,2.0,14923236.363636363,50.0
2026-02-18,정상,뷰티,0.0,0.0,45454.54545454545,2.0
2026-02-18,정상,슈즈,99090.90909090909,1.0,0.0,0.0
2026-02-18,정상,스포츠,187636.36363636362,2.0,53636.36363636363,1.0
2026-02-18,정상,여성,432090.90909090906,3.0,14468363.636363633,38.0
2026-02-18,정상,잡화,3314854.545454545,28.0,6274709.090909092,52.0
2026-02-19,이월,골프,1804090.909090909,7.0,4224772.727272728,21.0
2026-02-19,이월,남성,3267181.818181818,12.0,21115945.45454545,103.0
2026-02-19,이월,슈즈,0.0,0.0,465727.2727272727,0.0
2026-02-19,이월,스포츠,27454.545454545445,3.0,298818.1818181817,3.0
2026-02-19,이월,여성,634318.1818181815,2.0,17072909.090909094,68.0
2026-02-19,이월,잡화,4614890.909090909,29.0,14949872.727272727,81.0
2026-02-19,입점,OFM,0.0,0.0,0.0,0.0
2026-02-19,입점,골프,3683827.2727272725,14.0,2116445.454545455,19.0
2026-02-19,입점,남성,198181.81818181818,2.0,535293.6363636367,8.0
2026-02-19,입점,리빙,536781.8181818182,8.0,1138272.7272727273,36.0
2026-02-19,입점,명품,753636.3636363635,2.0,-12646181.818181818,-2.0
2026-02-19,입점,뷰티,687490.909090909,18.0,1692336.3636363633,33.0
2026-02-19,입점,슈즈,0.0,0.0,710727.2727272727,4.0
2026-02-19,입점,스포츠,686090.909090909,8.0,480590.90909090894,10.0
2026-02-19,입점,아웃도어,437590.90909090906,6.0,489136.3636363634,8.0
2026-02-19,입점,여성,638000.0,4.0,4008272.727272726,26.0
2026-02-19,입점,잡화,99454.54545454544,4.0,135954.54545454544,6.0
2026-02-19,입점,키즈,1460581.8181818181,10.0,3974990.9090909082,48.0
2026-02-19,정상,골프,0.0,0.0,2568381.818181818,9.0
2026-02-19,정상,남성,1528045.4545454546,5.0,9133745.454545453,39.0
2026-02-19,정상,뷰티,16818.181818181816,1.0,0.0,0.0
2026-02-19,정상,슈즈,531818.1818181818,5.0,198181.81818181818,1.0
2026-02-19,정상,스포츠,0.0,0.0,181090.9090909091,1.0
2026-02-19,정상,여성,829636.3636363635,5.0,5804090.909090908,18.0
2026-02-19,정상,잡화,3002181.818181819,27.0,5146900.0,31.0
2026-02-20,이월,골프,-72727.2727272727,0.0,3564572.727272727,16.0
2026-02-20,이월,남성,2909545.4545454537,17.0,16796954.54545455,74.0
2026-02-20,이월,슈즈,744636.3636363635,3.0,766363.6363636362,4.0
2026-02-20,이월,스포츠,449909.0909090908,4.0,312545.45454545453,5.0
2026-02-20,이월,여성,3393181.8181818184,16.0,41443636.36363636,135.0
2026-02-20,이월,잡화,3417654.5454545454,27.0,9792218.18181818,62.0
2026-02-20,입점,골프,735972.7272727272,3.0,3629463.636363638,27.0
2026-02-20,입점,남성,-57454.54545454544,-1.0,2369215.454545454,15.0
2026-02-20,입점,리빙,290354.5454545454,8.0,4543272.7272727275,40.0
2026-02-20,입점,명품,1917090.909090909,5.0,-1167500.0000000005,4.0
2026-02-20,입점,뷰티,608363.6363636364,10.0,767363.6363636364,24.0
2026-02-20,입점,슈즈,189090.9090909091,1.0,745818.1818181818,4.0
2026-02-20,입점,스포츠,284454.5454545454,3.0,1395727.2727272727,14.0
2026-02-20,입점,아웃도어,113454.54545454544,3.0,-135045.45454545447,7.0
2026-02-20,입점,여성,555690.909090909,4.0,1476763.636363637,10.0
2026-02-20,입점,잡화,21381.81818181818,1.0,1995590.9090909087,12.0
2026-02-20,입점,키즈,686672.7272727273,9.0,3727090.0000000005,38.0
2026-02-20,정상,골프,740881.818181818,4.0,2121272.727272727,9.0
2026-02-20,정상,남성,180818.18181818185,3.0,19103390.909090906,65.0
2026-02-20,정상,뷰티,112636.36363636362,3.0,56818.18181818181,2.0
2026-02-20,정상,슈즈,657272.7272727271,7.0,190000.0,1.0
2026-02-20,정상,스포츠,-230909.09090909088,-2.0,464545.4545454545,4.0
2026-02-20,정상,여성,1275045.4545454544,2.0,12044909.090909092,20.0
2026-02-20,정상,잡화,4123254.545454545,28.0,4427809.090909091,32.0
2026-02-21,이월,골프,657090.9090909092,3.0,10309099.999999998,38.0
2026-02-21,이월,남성,7587681.818181818,29.0,27346063.636363626,142.0
2026-02-21,이월,슈즈,730454.5454545454,3.0,180363.63636363635,2.0
2026-02-21,이월,스포츠,17636.36363636364,0.0,766272.7272727273,9.0
2026-02-21,이월,여성,1227000.0,10.0,36808545.45454545,122.0
2026-02-21,이월,잡화,3028945.4545454546,23.0,10076663.636363635,72.0
2026-02-21,입점,골프,416818.1818181817,6.0,6400627.272727272,48.0
2026-02-21,입점,남성,375927.2727272727,5.0,4609548.181818181,23.0
2026-02-21,입점,리빙,1170090.909090909,11.0,2520963.636363636,29.0
2026-02-21,입점,명품,1342090.9090909087,5.0,13914318.181818184,27.0
2026-02-21,입점,뷰티,948436.3636363635,20.0,912131.8181818181,12.0
2026-02-21,입점,슈즈,0.0,0.0,1162136.3636363635,5.0
2026-02-21,입점,스포츠,955636.3636363636,9.0,2011827.2727272725,28.0
2026-02-21,입점,아웃도어,733272.7272727272,4.0,2835318.181818182,32.0
2026-02-21,입점,여성,302918.18181818177,3.0,5227890.909090909,42.0
2026-02-21,입점,잡화,135454.54545454544,3.0,2067727.2727272725,14.0
2026-02-21,입점,키즈,473700.0,6.0,5528366.363636362,50.0
2026-02-21,정상,골프,-266409.0909090909,-2.0,3178209.090909091,15.0
2026-02-21,정상,남성,3862272.7272727266,16.0,15257063.636363639,43.0
2026-02-21,정상,뷰티,0.0,0.0,73181.81818181818,4.0
2026-02-21,정상,슈즈,711145.4545454544,4.0,812727.2727272727,3.0
2026-02-21,정상,스포츠,519272.7272727272,2.0,180000.0,2.0
2026-02-21,정상,여성,2026545.4545454544,7.0,6460954.545454546,19.0
2026-02-21,정상,잡화,4088327.2727272725,31.0,7602509.090909091,58.0
2026-02-22,이월,골프,951363.6363636362,5.0,8843627.272727273,41.0
2026-02-22,이월,남성,5466681.818181816,32.0,46578345.45454546,179.0
2026-02-22,이월,슈즈,469545.4545454545,2.0,1865909.0909090906,10.0
2026-02-22,이월,스포츠,857909.0909090907,9.0,887000.0,11.0
2026-02-22,이월,여성,6790454.545454544,19.0,62668272.72727271,187.0
2026-02-22,이월,잡화,3952800.0,31.0,11370481.818181818,75.0
2026-02-22,입점,골프,1838927.2727272725,8.0,6192381.8181818165,48.0
2026-02-22,입점,남성,1226754.5454545454,8.0,5590402.7272727275,36.0
2026-02-22,입점,리빙,482436.3636363636,9.0,3774999.9999999995,50.0
2026-02-22,입점,명품,619090.9090909091,3.0,9170727.27272727,23.0
2026-02-22,입점,뷰티,579154.5454545454,12.0,1025636.3636363638,26.0
2026-02-22,입점,슈즈,397272.72727272724,2.0,1192909.090909091,7.0
2026-02-22,입점,스포츠,802818.1818181816,8.0,3317363.636363636,47.0
2026-02-22,입점,아웃도어,499636.36363636353,5.0,3183990.909090908,33.0
2026-02-22,입점,여성,203545.45454545453,3.0,5609690.909090907,45.0
2026-02-22,입점,잡화,49300.0,3.0,1415754.5454545452,18.0
2026-02-22,입점,키즈,756954.5454545454,7.0,7136445.454545455,75.0
2026-02-22,정상,골프,367454.54545454547,3.0,2735499.9999999995,13.0
2026-02-22,정상,남성,6541363.636363635,18.0,27035709.090909097,95.0
2026-02-22,정상,뷰티,105454.54545454546,2.0,29727.272727272728,1.0
2026-02-22,정상,슈즈,1272909.0909090908,9.0,-153636.36363636362,-1.0
2026-02-22,정상,스포츠,99090.90909090909,1.0,1368454.5454545454,10.0
2026-02-22,정상,여성,1251000.0,7.0,26938454.545454543,52.0
2026-02-22,정상,잡화,5400118.181818181,41.0,8096327.272727272,57.0
2026-02-23,이월,골프,672163.6363636365,6.0,1629636.3636363633,15.0
2026-02-23,이월,남성,3576918.1818181816,16.0,19164190.909090903,72.0
2026-02-23,이월,슈즈,-595818.1818181818,-2.0,941999.9999999999,4.0
2026-02-23,이월,스포츠,343999.99999999994,4.0,525000.0,10.0
2026-02-23,이월,여성,993727.2727272743,4.0,9982454.545454543,37.0
2026-02-23,이월,잡화,2290727.272727273,19.0,8395200.0,48.0
2026-02-23,입점,OFM,55454.54545454545,1.0,19090.90909090909,1.0
2026-02-23,입점,골프,1510472.7272727273,10.0,2127236.3636363638,24.0
2026-02-23,입점,남성,83999.99999999999,1.0,2182445.454545455,21.0
2026-02-23,입점,리빙,1289090.909090909,3.0,2362681.8181818174,25.0
2026-02-23,입점,명품,2984545.4545454546,7.0,1690727.2727272715,18.0
2026-02-23,입점,뷰티,789727.2727272727,16.0,1363145.4545454544,19.0
2026-02-23,입점,슈즈,393527.2727272727,3.0,-316181.8181818181,-2.0
2026-02-23,입점,스포츠,1071454.5454545452,9.0,2477772.7272727266,33.0
2026-02-23,입점,아웃도어,756363.6363636364,4.0,665136.3636363635,6.0
2026-02-23,입점,여성,454563.63636363635,6.0,1119872.727272727,14.0
2026-02-23,입점,잡화,26181.81818181818,1.0,2565963.6363636362,18.0
2026-02-23,입점,키즈,437790.90909090906,4.0,2964782.727272727,37.0
2026-02-23,정상,골프,484545.4545454545,4.0,1385199.9999999993,9.0
2026-02-23,정상,남성,1365454.545454545,11.0,19018245.45454545,43.0
2026-02-23,정상,뷰티,0.0,0.0,83909.09090909091,3.0
2026-02-23,정상,슈즈,980909.0909090909,11.0,399809.0909090908,3.0
2026-02-23,정상,스포츠,68181.81818181818,1.0,1269090.9090909092,8.0
2026-02-23,정상,여성,1988818.1818181816,4.0,-1122454.5454545452,3.0
2026-02-23,정상,잡화,3310681.8181818174,28.0,6842699.999999999,44.0
2026-02-24,이월,골프,308400.0,3.0,3666099.9999999995,18.0
2026-02-24,이월,남성,6477590.909090909,27.0,5599454.545454546,61.0
2026-02-24,이월,슈즈,228636.36363636365,0.0,-155318.18181818182,-1.0
2026-02-24,이월,스포츠,183909.09090909088,3.0,1146090.9090909092,12.0
2026-02-24,이월,여성,1966499.9999999998,5.0,-3364863.6363636376,-14.0
2026-02-24,이월,잡화,2361363.636363636,18.0,7749390.909090908,43.0
2026-02-24,입점,OFM,0.0,0.0,54545.454545454544,1.0
2026-02-24,입점,골프,1509745.4545454546,11.0,4665454.545454546,45.0
2026-02-24,입점,남성,357454.54545454535,7.0,-686136.3636363636,5.0
2026-02-24,입점,리빙,681818.1818181818,11.0,3650063.6363636367,32.0
2026-02-24,입점,명품,1902727.2727272727,4.0,2881090.9090909064,22.0
2026-02-24,입점,뷰티,1109672.7272727273,15.0,518436.36363636365,12.0
2026-02-24,입점,슈즈,0.0,0.0,295227.2727272727,2.0
2026-02-24,입점,스포츠,334727.2727272727,2.0,3564863.6363636367,25.0
2026-02-24,입점,아웃도어,-154272.72727272724,0.0,1266636.363636364,22.0
2026-02-24,입점,여성,-349272.72727272724,-3.0,2422627.2727272725,14.0
2026-02-24,입점,잡화,197272.72727272724,4.0,3274927.272727273,5.0
2026-02-24,입점,키즈,233736.36363636362,2.0,2155145.454545454,27.0
2026-02-24,정상,골프,667727.2727272727,2.0,-140872.72727272718,2.0
2026-02-24,정상,남성,3428409.0909090904,20.0,8346881.818181818,31.0
2026-02-24,정상,슈즈,321818.18181818177,5.0,-10000.0,1.0
2026-02-24,정상,스포츠,180000.0,2.0,469272.72727272724,6.0
2026-02-24,정상,여성,1347000.0000000002,4.0,2206181.8181818184,16.0
2026-02-24,정상,잡화,2574018.1818181816,24.0,6126427.272727273,51.0
2026-02-25,이월,골프,1168818.1818181816,5.0,6791481.8181818165,37.0
2026-02-25,이월,남성,4049190.909090909,16.0,14581472.727272725,72.0
2026-02-25,이월,슈즈,199545.45454545453,1.0,104681.8181818182,2.0
2026-02-25,이월,스포츠,181181.81818181812,3.0,293272.72727272724,8.0
2026-02-25,이월,여성,5476090.909090908,14.0,4617654.545454545,13.0
2026-02-25,이월,잡화,4407163.636363636,27.0,5885945.454545454,38.0
2026-02-25,입점,OFM,55454.54545454545,1.0,0.0,0.0
2026-02-25,입점,골프,3042318.1818181816,10.0,2714072.727272727,33.0
2026-02-25,입점,남성,682454.5454545454,7.0,2023427.2727272727,22.0
2026-02-25,입점,리빙,1270345.4545454544,7.0,736600.0,20.0
2026-02-25,입점,명품,3553545.454545454,9.0,6091954.545454545,19.0
2026-02-25,입점,뷰티,733127.2727272725,17.0,1141390.9090909092,18.0
2026-02-25,입점,슈즈,131818.1818181818,1.0,1526863.6363636365,8.0
2026-02-25,입점,스포츠,281090.90909090906,5.0,8743636.363636361,34.0
2026-02-25,입점,아웃도어,4454.545454545441,4.0,3462136.3636363624,12.0
2026-02-25,입점,여성,-550981.8181818181,2.0,-1683518.1818181816,7.0
2026-02-25,입점,잡화,300090.90909090906,4.0,-293909.0909090909,3.0
2026-02-25,입점,키즈,316927.2727272727,4.0,1603281.8181818177,14.0
2026-02-25,정상,골프,1251818.1818181816,4.0,327163.6363636366,6.0
2026-02-25,정상,남성,5672981.818181818,27.0,7031981.818181819,35.0
2026-02-25,정상,슈즈,284363.63636363635,7.0,692963.6363636364,5.0
2026-02-25,정상,스포츠,551090.9090909091,4.0,501818.18181818177,3.0
2026-02-25,정상,여성,2014272.7272727273,7.0,10985000.0,26.0
2026-02-25,정상,잡화,4707472.727272727,36.0,3605709.0909090894,29.0
2026-02-26,이월,골프,495290.90909090906,5.0,5745918.18181818,33.0
2026-02-26,이월,남성,4898390.909090907,24.0,23587472.727272715,105.0
2026-02-26,이월,슈즈,48909.0909090909,1.0,1292727.2727272727,10.0
2026-02-26,이월,스포츠,715727.2727272727,11.0,1139545.4545454544,11.0
2026-02-26,이월,여성,3627818.1818181807,15.0,8954245.454545453,52.0
2026-02-26,이월,잡화,1984999.9999999998,23.0,5505827.272727271,38.0
2026-02-26,입점,OFM,-55454.54545454545,-1.0,0.0,0.0
2026-02-26,입점,골프,991127.2727272729,8.0,3404245.454545456,23.0
2026-02-26,입점,남성,440818.1818181818,6.0,142199.99999999988,8.0
2026-02-26,입점,리빙,1411181.8181818181,9.0,2429045.4545454546,23.0
2026-02-26,입점,명품,765090.9090909091,4.0,9000272.727272725,14.0
2026-02-26,입점,뷰티,1203909.0909090908,20.0,2469799.999999999,32.0
2026-02-26,입점,슈즈,0.0,0.0,-325136.3636363637,-1.0
2026-02-26,입점,스포츠,971636.3636363635,8.0,2989363.6363636367,18.0
2026-02-26,입점,아웃도어,383227.2727272727,2.0,2859245.454545454,25.0
2026-02-26,입점,여성,800581.8181818181,4.0,4391663.636363635,23.0
2026-02-26,입점,잡화,-923454.5454545454,0.0,756136.3636363636,19.0
2026-02-26,입점,키즈,483636.36363636365,5.0,1244081.8181818181,18.0
2026-02-26,정상,골프,722272.7272727273,4.0,1578736.3636363635,3.0
2026-02-26,정상,남성,5389409.090909091,18.0,19243172.727272715,56.0
2026-02-26,정상,뷰티,0.0,0.0,34454.54545454545,2.0
2026-02-26,정상,슈즈,656363.6363636364,8.0,992727.2727272726,6.0
2026-02-26,정상,스포츠,77272.72727272726,1.0,719454.5454545453,4.0
2026-02-26,정상,여성,522363.63636363635,3.0,12804909.09090909,35.0
2026-02-26,정상,잡화,5553027.2727272725,36.0,3950481.818181818,36.0
2026-02-27,이월,골프,1107381.8181818181,7.0,6687690.909090908,35.0
2026-02-27,이월,남성,726827.2727272727,13.0,16351299.999999983,83.0
2026-02-27,이월,슈즈,-58454.54545454544,1.0,-399454.5454545454,-3.0
2026-02-27,이월,스포츠,173454.54545454544,2.0,706363.6363636362,8.0
2026-02-27,이월,여성,2676909.090909091,8.0,24759018.1818182,65.0
2026-02-27,이월,잡화,4508509.09090909,20.0,7883045.454545454,50.0
2026-02-27,입점,골프,161909.09090909088,4.0,4637418.181818182,26.0
2026-02-27,입점,남성,172272.72727272726,2.0,4409506.363636363,27.0
2026-02-27,입점,리빙,361454.5454545454,7.0,1825836.3636363635,19.0
2026-02-27,입점,명품,1743636.3636363638,3.0,2981181.8181818184,11.0
2026-02-27,입점,뷰티,712372.7272727272,18.0,1112699.9999999998,20.0
2026-02-27,입점,슈즈,0.0,0.0,-193118.18181818182,0.0
2026-02-27,입점,스포츠,849727.2727272727,8.0,153227.27272727265,6.0
2026-02-27,입점,아웃도어,26681.81818181819,-1.0,7240181.818181818,19.0
2026-02-27,입점,여성,24909.09090909089,-1.0,1457818.1818181812,20.0
2026-02-27,입점,잡화,88363.63636363635,3.0,1101263.6363636362,15.0
2026-02-27,입점,키즈,43900.0,1.0,1375154.5454545459,13.0
2026-02-27,정상,골프,511454.5454545455,0.0,1518963.6363636365,10.0
2026-02-27,정상,남성,364000.0000000008,14.0,13138354.545454545,57.0
2026-02-27,정상,뷰티,0.0,0.0,36727.27272727272,2.0
2026-02-27,정상,슈즈,919090.9090909091,8.0,379090.90909090906,3.0
2026-02-27,정상,스포츠,504545.45454545453,5.0,548181.8181818181,5.0
2026-02-27,정상,여성,500454.5454545454,1.0,5346090.909090907,21.0
2026-02-27,정상,잡화,3828618.181818182,27.0,4392372.727272726,30.0
2026-02-28,이월,골프,2195181.818181818,11.0,7852390.909090905,47.0
2026-02-28,이월,남성,6000481.818181817,29.0,35508727.272727266,163.0
2026-02-28,이월,슈즈,509727.2727272727,2.0,583818.1818181816,4.0
2026-02-28,이월,스포츠,32181.81818181818,1.0,912272.7272727273,7.0
2026-02-28,이월,여성,6214818.181818182,22.0,37797345.454545446,137.0
2026-02-28,이월,잡화,3274872.727272727,19.0,7231590.909090906,52.0
2026-02-28,입점,골프,1677818.1818181819,12.0,5262945.454545453,45.0
2026-02-28,입점,남성,706527.2727272726,8.0,2486081.8181818174,25.0
2026-02-28,입점,리빙,159163.63636363635,6.0,1324545.4545454544,27.0
2026-02-28,입점,명품,4751818.181818183,13.0,9232545.454545455,21.0
2026-02-28,입점,뷰티,580681.8181818182,10.0,820363.6363636362,20.0
2026-02-28,입점,슈즈,468636.36363636365,3.0,466890.90909090906,3.0
2026-02-28,입점,스포츠,690000.0,8.0,1494090.9090909092,23.0
2026-02-28,입점,아웃도어,217000.0,4.0,2158727.2727272725,26.0
2026-02-28,입점,여성,456909.0909090909,6.0,6792827.272727274,48.0
2026-02-28,입점,잡화,212181.81818181818,2.0,2097436.3636363638,20.0
2026-02-28,입점,키즈,592727.2727272726,6.0,4019672.727272727,52.0
2026-02-28,정상,골프,640000.0,2.0,2222636.3636363633,11.0
2026-02-28,정상,남성,4160318.181818181,18.0,26823827.272727277,89.0
2026-02-28,정상,뷰티,23999.999999999996,1.0,0.0,0.0
2026-02-28,정상,슈즈,673636.3636363635,8.0,305454.5454545454,4.0
2026-02-28,정상,스포츠,0.0,0.0,157272.72727272726,3.0
2026-02-28,정상,여성,3437636.363636363,8.0,18501909.09090909,39.0
2026-02-28,정상,잡화,3242454.545454545,24.0,4191090.9090909087,29.0
2026-03-01,이월,골프,2474199.9999999995,13.0,9417181.818181815,47.0
2026-03-01,이월,남성,6759736.363636363,37.0,40927500.0,170.0
2026-03-01,이월,슈즈,429545.4545454545,3.0,892818.1818181818,9.0
2026-03-01,이월,스포츠,311909.09090909094,5.0,1799818.1818181816,17.0
2026-03-01,이월,여성,6993363.636363635,26.0,55777145.45454543,178.0
2026-03-01,이월,잡화,3649145.454545454,25.0,9478872.727272725,61.0
2026-03-01,입점,OFM,0.0,0.0,37272.72727272727,0.0
2026-03-01,입점,골프,708699.9999999998,7.0,5367409.09090909,37.0
2026-03-01,입점,남성,1133790.909090909,11.0,3623790.9090909087,35.0
2026-03-01,입점,리빙,252727.2727272727,6.0,1792727.2727272732,31.0
2026-03-01,입점,명품,951000.0,4.0,15516409.090909086,32.0
2026-03-01,입점,뷰티,483527.27272727265,12.0,1378031.8181818181,30.0
2026-03-01,입점,슈즈,-45909.09090909088,-1.0,723727.2727272726,4.0
2026-03-01,입점,스포츠,293545.45454545453,4.0,2019390.9090909092,24.0
2026-03-01,입점,아웃도어,509318.18181818177,4.0,3753590.909090909,30.0
2026-03-01,입점,여성,1020590.9090909091,9.0,6626736.363636362,54.0
2026-03-01,입점,잡화,246690.90909090906,4.0,1885727.2727272722,26.0
2026-03-01,입점,키즈,410045.4545454545,5.0,3092254.5454545454,33.0
2026-03-01,정상,골프,1661636.3636363635,5.0,5274454.545454545,19.0
2026-03-01,정상,남성,2611999.9999999995,10.0,27148063.636363644,90.0
2026-03-01,정상,뷰티,78000.0,2.0,23999.999999999996,1.0
2026-03-01,정상,슈즈,1081818.1818181816,7.0,576545.4545454546,6.0
2026-03-01,정상,스포츠,561818.1818181818,3.0,383636.3636363636,3.0
2026-03-01,정상,여성,545181.8181818182,4.0,20355272.727272727,52.0
2026-03-01,정상,잡화,3464363.6363636367,24.0,5738772.7272727275,41.0
2026-03-02,이월,골프,723181.8181818181,3.0,10048699.999999994,44.0
2026-03-02,이월,남성,9181954.545454547,34.0,45958981.81818182,177.0
2026-03-02,이월,슈즈,163545.45454545453,2.0,42545.45454545456,1.0
2026-03-02,이월,스포츠,317090.90909090906,5.0,578454.5454545454,7.0
2026-03-02,이월,여성,4690636.363636363,16.0,36123000.00000001,123.0
2026-03-02,이월,잡화,4300709.090909092,28.0,13923472.727272725,77.0
2026-03-02,입점,골프,2003181.8181818184,14.0,6851809.090909092,62.0
2026-03-02,입점,남성,148154.54545454544,3.0,5303690.909090908,55.0
2026-03-02,입점,리빙,446909.0909090909,9.0,3235981.8181818184,27.0
2026-03-02,입점,명품,1667272.7272727273,7.0,16734818.181818182,34.0
2026-03-02,입점,뷰티,578545.4545454546,14.0,740400.0,17.0
2026-03-02,입점,슈즈,0.0,0.0,1046136.3636363635,5.0
2026-03-02,입점,스포츠,1221136.3636363635,11.0,2786363.6363636367,33.0
2026-03-02,입점,아웃도어,1116727.2727272727,11.0,3732000.0000000005,26.0
2026-03-02,입점,여성,205854.54545454547,3.0,9363918.181818185,65.0
2026-03-02,입점,잡화,794545.4545454545,5.0,1647000.0,20.0
2026-03-02,입점,키즈,367636.36363636365,2.0,2655754.545454545,37.0
2026-03-02,정상,골프,445454.5454545455,3.0,5009127.2727272725,17.0
2026-03-02,정상,남성,5657036.363636363,19.0,27688754.545454547,93.0
2026-03-02,정상,뷰티,0.0,0.0,15454.545454545454,1.0
2026-03-02,정상,슈즈,1441818.1818181816,12.0,333636.36363636365,3.0
2026-03-02,정상,스포츠,342636.36363636365,4.0,153636.36363636362,1.0
2026-03-02,정상,여성,667363.6363636362,2.0,20064909.090909094,42.0
2026-03-02,정상,잡화,3015963.6363636362,19.0,5274127.272727273,39.0
2026-03-03,이월,골프,1699818.1818181816,7.0,4210272.7272727275,24.0
2026-03-03,이월,남성,2151218.1818181816,18.0,22031781.81818182,109.0
2026-03-03,이월,슈즈,364090.90909090906,2.0,458545.45454545453,3.0
2026-03-03,이월,스포츠,344272.7272727273,4.0,1373909.0909090904,19.0
2026-03-03,이월,여성,5172545.454545454,18.0,15953454.54545454,62.0
2026-03-03,이월,잡화,1846618.1818181816,17.0,10691163.636363639,52.0
2026-03-03,입점,골프,2464281.8181818184,18.0,6030045.454545454,28.0
2026-03-03,입점,남성,388363.63636363635,8.0,2845054.5454545445,28.0
2026-03-03,입점,리빙,2049727.272727272,12.0,1554545.4545454544,6.0
2026-03-03,입점,명품,1163090.9090909087,7.0,2766409.090909086,15.0
2026-03-03,입점,뷰티,1279518.1818181816,18.0,1337236.3636363633,23.0
2026-03-03,입점,슈즈,0.0,0.0,1374636.3636363635,6.0
2026-03-03,입점,스포츠,933545.4545454545,7.0,2793499.9999999995,33.0
2026-03-03,입점,아웃도어,-186818.1818181818,0.0,2251090.909090909,17.0
2026-03-03,입점,여성,357272.72727272724,3.0,-14572.727272727338,13.0
2026-03-03,입점,잡화,0.0,0.0,-687072.7272727272,-3.0
2026-03-03,입점,키즈,515318.18181818177,6.0,3278018.1818181807,43.0
2026-03-03,정상,골프,855327.2727272727,7.0,1771636.3636363635,13.0
2026-03-03,정상,남성,256954.5454545454,5.0,17311609.09090909,57.0
2026-03-03,정상,뷰티,0.0,0.0,72727.27272727272,2.0
2026-03-03,정상,슈즈,858545.4545454544,9.0,632727.2727272727,4.0
2026-03-03,정상,스포츠,151090.90909090906,2.0,-433636.3636363636,-1.0
2026-03-03,정상,여성,-1015818.1818181818,1.0,3415590.9090909087,6.0
2026-03-03,정상,잡화,2721363.6363636362,24.0,6631227.27272727,52.0
2026-03-04,이월,골프,1789200.0,9.0,2747490.909090909,18.0
2026-03-04,이월,남성,3773318.1818181816,23.0,31877836.363636356,96.0
2026-03-04,이월,슈즈,87000.0,1.0,972090.909090909,8.0
2026-03-04,이월,스포츠,249818.18181818182,7.0,1506045.4545454546,20.0
2026-03-04,이월,여성,1089727.2727272727,2.0,19934836.36363636,53.0
2026-03-04,이월,잡화,3281218.1818181816,24.0,8136599.999999997,47.0
2026-03-04,입점,골프,1181872.7272727268,9.0,2248318.1818181816,6.0
2026-03-04,입점,남성,345090.90909090906,5.0,3147581.818181817,20.0
2026-03-04,입점,리빙,329181.8181818181,12.0,1918645.4545454546,28.0
2026-03-04,입점,명품,287545.4545454544,4.0,6086909.090909089,12.0
2026-03-04,입점,뷰티,685427.2727272727,13.0,998518.1818181815,21.0
2026-03-04,입점,슈즈,0.0,0.0,1245636.3636363635,5.0
2026-03-04,입점,스포츠,1432409.0909090906,14.0,2386154.5454545454,36.0
2026-03-04,입점,아웃도어,-216590.90909090906,4.0,1085909.090909091,21.0
2026-03-04,입점,여성,-257999.99999999997,-2.0,1707600.0,24.0
2026-03-04,입점,잡화,53636.36363636363,1.0,656136.3636363635,6.0
2026-03-04,입점,키즈,771718.1818181819,7.0,3229272.727272727,50.0
2026-03-04,정상,골프,-304727.2727272727,-1.0,3565763.6363636362,13.0
2026-03-04,정상,남성,7282818.1818181835,24.0,15599972.72727273,55.0
2026-03-04,정상,뷰티,36727.27272727272,2.0,12727.272727272726,1.0
2026-03-04,정상,슈즈,1143636.3636363635,11.0,730000.0,6.0
2026-03-04,정상,스포츠,161818.18181818182,2.0,-4363.636363636353,1.0
2026-03-04,정상,여성,166454.5454545455,0.0,8679727.272727273,21.0
2026-03-04,정상,잡화,2124763.6363636362,16.0,6164081.8181818165,39.0
2026-03-05,이월,골프,1028000.0,4.0,9907554.545454543,41.0
2026-03-05,이월,남성,6309963.636363636,30.0,20529190.909090918,120.0
2026-03-05,이월,슈즈,167181.81818181818,2.0,1486727.2727272725,10.0
2026-03-05,이월,스포츠,490590.90909090906,11.0,976818.1818181818,12.0
2026-03-05,이월,여성,1490954.5454545459,6.0,17933890.909090906,47.0
2026-03-05,이월,잡화,4206581.818181818,36.0,7170290.90909091,51.0
2026-03-05,입점,OFM,37272.72727272727,1.0,0.0,0.0
2026-03-05,입점,골프,877090.909090909,9.0,2004509.0909090908,32.0
2026-03-05,입점,남성,256700.00000000003,4.0,5907999.999999998,35.0
2026-03-05,입점,리빙,486272.7272727272,10.0,3169772.7272727275,36.0
2026-03-05,입점,명품,1236000.0,7.0,744545.4545454549,16.0
2026-03-05,입점,뷰티,183272.72727272726,8.0,325618.1818181818,10.0
2026-03-05,입점,슈즈,300954.5454545454,2.0,232545.45454545456,3.0
2026-03-05,입점,스포츠,1122909.0909090908,7.0,1427745.4545454546,17.0
2026-03-05,입점,아웃도어,78818.18181818178,2.0,1309363.6363636362,18.0
2026-03-05,입점,여성,87199.99999999997,1.0,3005481.8181818184,37.0
2026-03-05,입점,잡화,318390.90909090906,4.0,1161845.4545454546,2.0
2026-03-05,입점,키즈,53727.27272727272,2.0,2559945.454545455,20.0
2026-03-05,정상,골프,0.0,0.0,-384490.90909090923,2.0
2026-03-05,정상,남성,161409.0909090907,3.0,13342409.090909095,39.0
2026-03-05,정상,뷰티,0.0,0.0,47999.99999999999,1.0
2026-03-05,정상,슈즈,178181.81818181818,5.0,163909.0909090909,3.0
2026-03-05,정상,스포츠,0.0,0.0,288181.8181818181,3.0
2026-03-05,정상,여성,229727.27272727262,2.0,-1346727.272727272,3.0
2026-03-05,정상,잡화,2752427.272727272,22.0,4070563.636363636,33.0
2026-03-06,이월,골프,1252300.0,5.0,4859181.818181816,28.0
2026-03-06,이월,남성,1117472.7272727268,17.0,20109209.090909075,93.0
2026-03-06,이월,슈즈,-295999.99999999994,-1.0,1273000.0,5.0
2026-03-06,이월,스포츠,313909.0909090909,3.0,1403272.727272727,14.0
2026-03-06,이월,여성,-2274836.363636363,-6.0,27975499.99999999,75.0
2026-03-06,이월,잡화,4239490.909090908,28.0,8044472.7272727275,55.0
2026-03-06,입점,골프,2228654.5454545454,14.0,5449181.818181817,36.0
2026-03-06,입점,남성,532509.0909090908,6.0,711500.0,23.0
2026-03-06,입점,리빙,-414727.27272727265,7.0,2105090.9090909087,21.0
2026-03-06,입점,명품,2707018.1818181816,8.0,14016272.72727273,32.0
2026-03-06,입점,뷰티,478127.2727272727,9.0,1451290.9090909085,19.0
2026-03-06,입점,슈즈,0.0,0.0,917818.1818181816,7.0
2026-03-06,입점,스포츠,310363.63636363635,2.0,1670363.636363636,16.0
2026-03-06,입점,아웃도어,179636.3636363636,1.0,926863.6363636364,13.0
2026-03-06,입점,여성,465181.8181818181,4.0,3180718.1818181816,10.0
2026-03-06,입점,잡화,131818.1818181818,1.0,55772.72727272725,2.0
2026-03-06,입점,키즈,-288472.72727272724,0.0,4957731.818181818,48.0
2026-03-06,정상,골프,-314000.00000000006,-1.0,2882727.2727272725,8.0
2026-03-06,정상,남성,2247272.7272727266,-1.0,11182718.181818182,43.0
2026-03-06,정상,슈즈,150909.09090909088,4.0,342727.2727272727,3.0
2026-03-06,정상,스포츠,789999.9999999999,2.0,111818.18181818182,2.0
2026-03-06,정상,여성,-444727.27272727253,1.0,10534272.727272725,17.0
2026-03-06,정상,잡화,2366163.6363636362,19.0,3394018.1818181826,28.0
2026-03-07,이월,골프,1707309.0909090908,13.0,12177236.363636363,56.0
2026-03-07,이월,남성,6722990.909090908,20.0,33182099.999999996,144.0
2026-03-07,이월,슈즈,441409.0909090909,3.0,2445527.2727272725,12.0
2026-03-07,이월,스포츠,215681.81818181818,4.0,2559181.818181818,17.0
2026-03-07,이월,여성,5145136.363636362,24.0,44953899.99999997,151.0
2026-03-07,이월,잡화,3762763.636363636,31.0,9297763.636363635,56.0
2026-03-07,입점,골프,1386227.2727272727,12.0,6276572.727272727,42.0
2026-03-07,입점,남성,253181.81818181815,5.0,4356363.636363636,44.0
2026-03-07,입점,리빙,318636.36363636365,5.0,1503818.1818181819,22.0
2026-03-07,입점,명품,3361909.090909091,7.0,13929863.636363639,31.0
2026-03-07,입점,뷰티,654636.3636363638,14.0,2431390.9090909082,40.0
2026-03-07,입점,슈즈,289454.5454545454,0.0,1634090.9090909087,9.0
2026-03-07,입점,스포츠,1244727.2727272727,11.0,3420863.6363636367,38.0
2026-03-07,입점,아웃도어,135454.54545454544,3.0,1737636.3636363633,9.0
2026-03-07,입점,여성,846999.9999999999,5.0,3779727.2727272725,34.0
2026-03-07,입점,잡화,1001363.6363636362,2.0,1544772.727272727,14.0
2026-03-07,입점,키즈,593663.6363636362,5.0,6897990.909090907,95.0
2026-03-07,정상,골프,231999.99999999997,1.0,-300145.4545454546,2.0
2026-03-07,정상,남성,5640600.0,11.0,25367936.363636367,76.0
2026-03-07,정상,뷰티,41818.181818181816,1.0,16818.181818181816,1.0
2026-03-07,정상,슈즈,234545.45454545453,1.0,924545.4545454544,2.0
2026-03-07,정상,스포츠,292727.2727272727,3.0,1318227.272727273,12.0
2026-03-07,정상,여성,-1211000.0,-3.0,21607545.45454545,48.0
2026-03-07,정상,잡화,1348763.6363636362,13.0,6082236.363636362,46.0
2026-03-08,이월,골프,847227.2727272729,6.0,14956781.818181815,65.0
2026-03-08,이월,남성,6118145.454545454,29.0,57014172.72727272,247.0
2026-03-08,이월,슈즈,649909.0909090908,6.0,470999.99999999994,3.0
2026-03-08,이월,스포츠,357181.8181818181,6.0,1755909.0909090906,22.0
2026-03-08,이월,여성,7585318.181818183,29.0,68966681.81818183,204.0
2026-03-08,이월,잡화,3746672.7272727275,25.0,16868945.45454546,91.0
2026-03-08,입점,골프,2341454.5454545454,13.0,10279800.000000002,68.0
2026-03-08,입점,남성,333272.72727272724,6.0,8428527.272727272,45.0
2026-03-08,입점,리빙,292000.0,6.0,3575500.0,31.0
2026-03-08,입점,명품,1516727.2727272725,6.0,8381363.636363636,18.0
2026-03-08,입점,뷰티,804554.5454545453,12.0,861890.909090909,21.0
2026-03-08,입점,슈즈,0.0,0.0,1050472.7272727273,9.0
2026-03-08,입점,스포츠,1187181.8181818181,11.0,3549590.9090909096,22.0
2026-03-08,입점,아웃도어,221000.0,2.0,1832818.1818181814,18.0
2026-03-08,입점,여성,166409.09090909088,3.0,8824336.363636365,64.0
2026-03-08,입점,잡화,27363.63636363636,1.0,14079681.818181816,10.0
2026-03-08,입점,키즈,411263.6363636363,3.0,6462509.090909092,76.0
2026-03-08,정상,골프,777454.5454545454,3.0,3189572.7272727275,13.0
2026-03-08,정상,남성,3744118.1818181816,14.0,22362590.9090909,74.0
2026-03-08,정상,슈즈,180000.0,2.0,714545.4545454545,3.0
2026-03-08,정상,스포츠,221818.1818181818,2.0,580909.0909090908,5.0
2026-03-08,정상,여성,3620272.7272727266,10.0,27223363.636363637,55.0
2026-03-08,정상,잡화,3069754.545454545,20.0,7234836.363636363,52.0
2026-03-09,이월,골프,1252781.8181818181,7.0,5673981.8181818165,35.0
2026-03-09,이월,남성,3039818.181818181,17.0,22594945.454545446,108.0
2026-03-09,이월,슈즈,261454.54545454544,3.0,1797000.0,8.0
2026-03-09,이월,스포츠,457363.63636363635,8.0,422772.7272727273,8.0
2026-03-09,이월,여성,7524345.454545451,18.0,22547254.54545454,82.0
2026-03-09,이월,잡화,3616963.636363636,23.0,6198127.272727273,49.0
2026-03-09,입점,골프,1475600.0,7.0,4411127.2727272725,29.0
2026-03-09,입점,남성,347999.99999999994,4.0,2595427.2727272734,17.0
2026-03-09,입점,리빙,566636.3636363636,9.0,1947172.7272727273,30.0
2026-03-09,입점,명품,2297363.636363636,6.0,2281363.6363636367,3.0
2026-03-09,입점,뷰티,731890.9090909091,19.0,993763.6363636361,25.0
2026-03-09,입점,슈즈,152727.2727272727,1.0,521909.0909090908,6.0
2026-03-09,입점,스포츠,665090.909090909,6.0,2069590.909090909,25.0
2026-03-09,입점,아웃도어,565727.2727272727,8.0,1403954.5454545456,13.0
2026-03-09,입점,여성,-527081.8181818182,-4.0,-1071536.3636363635,10.0
2026-03-09,입점,잡화,-51454.54545454547,1.0,1797799.9999999995,5.0
2026-03-09,입점,키즈,1483527.272727273,12.0,3244872.727272726,36.0
2026-03-09,정상,골프,-5272.727272727265,-1.0,777000.0,7.0
2026-03-09,정상,남성,-4727.272727272473,-1.0,6578654.545454545,23.0
2026-03-09,정상,뷰티,0.0,0.0,0.0,0.0
2026-03-09,정상,슈즈,540909.0909090909,5.0,-514781.8181818181,0.0
2026-03-09,정상,스포츠,390909.0909090909,4.0,393409.0909090909,4.0
2026-03-09,정상,여성,1452272.727272727,3.0,6392272.727272724,17.0
2026-03-09,정상,잡화,1597618.1818181814,15.0,3716845.454545454,29.0
2026-03-10,이월,골프,-713854.5454545453,1.0,4349127.2727272725,31.0
2026-03-10,이월,남성,2909736.3636363633,27.0,16381781.81818182,91.0
2026-03-10,이월,슈즈,154000.0,1.0,-137863.6363636364,-2.0
2026-03-10,이월,스포츠,244818.1818181818,4.0,373454.5454545454,11.0
2026-03-10,이월,여성,6986272.727272728,9.0,16823281.81818182,53.0
2026-03-10,이월,잡화,4250872.727272727,24.0,4231109.090909091,36.0
2026-03-10,입점,골프,1813945.4545454541,7.0,4253809.09090909,40.0
2026-03-10,입점,남성,699818.1818181818,9.0,2790436.3636363633,16.0
2026-03-10,입점,리빙,324636.36363636365,7.0,606636.3636363636,21.0
2026-03-10,입점,명품,-761999.9999999998,-1.0,3366181.8181818184,16.0
2026-03-10,입점,뷰티,993218.1818181821,19.0,1563054.5454545454,28.0
2026-03-10,입점,슈즈,41427.27272727272,1.0,345136.36363636353,3.0
2026-03-10,입점,스포츠,468272.7272727272,5.0,646954.5454545453,9.0
2026-03-10,입점,아웃도어,270545.45454545453,4.0,-347590.9090909091,-2.0
2026-03-10,입점,여성,347500.0,1.0,2118890.909090909,14.0
2026-03-10,입점,잡화,0.0,0.0,3435227.2727272725,11.0
2026-03-10,입점,키즈,1686990.9090909087,15.0,5286986.363636363,43.0
2026-03-10,정상,골프,482727.2727272727,3.0,-1069409.0909090908,-1.0
2026-03-10,정상,남성,2409354.545454545,8.0,5593099.999999999,19.0
2026-03-10,정상,뷰티,0.0,0.0,50454.54545454545,3.0
2026-03-10,정상,슈즈,566454.5454545454,6.0,143636.36363636362,1.0
2026-03-10,정상,스포츠,346363.63636363635,3.0,884545.4545454546,8.0
2026-03-10,정상,여성,2037727.2727272725,3.0,7518636.363636363,12.0
2026-03-10,정상,잡화,2808136.3636363633,18.0,4208718.181818182,38.0
2026-03-11,이월,골프,2653745.4545454546,14.0,2869409.090909091,33.0
2026-03-11,이월,남성,6963390.909090908,42.0,15301945.45454545,128.0
2026-03-11,이월,슈즈,480727.2727272727,2.0,690636.3636363635,4.0
2026-03-11,이월,스포츠,572772.7272727273,7.0,1163545.4545454544,17.0
2026-03-11,이월,여성,7157590.909090909,30.0,16558100.000000004,75.0
2026-03-11,이월,잡화,3874690.909090909,28.0,8600818.181818184,67.0
2026-03-11,입점,골프,830454.5454545455,5.0,4157827.2727272715,37.0
2026-03-11,입점,남성,357545.45454545453,3.0,1382709.090909091,12.0
2026-03-11,입점,리빙,130818.18181818181,4.0,1686727.272727273,23.0
2026-03-11,입점,명품,2464545.4545454537,7.0,-673636.363636364,6.0
2026-03-11,입점,뷰티,1115400.0,25.0,1002818.1818181816,18.0
2026-03-11,입점,슈즈,-72000.0,-1.0,1053072.727272727,8.0
2026-03-11,입점,스포츠,-81090.90909090903,2.0,4230818.181818181,15.0
2026-03-11,입점,아웃도어,22000.000000000007,1.0,1714818.181818182,18.0
2026-03-11,입점,여성,379890.90909090906,4.0,2964172.7272727275,30.0
2026-03-11,입점,잡화,138527.27272727274,1.0,4203336.363636363,12.0
2026-03-11,입점,키즈,835418.1818181816,6.0,333131.81818181794,37.0
2026-03-11,정상,골프,81545.45454545453,3.0,1942227.2727272727,11.0
2026-03-11,정상,남성,23327.27272727259,8.0,4209763.636363636,30.0
2026-03-11,정상,뷰티,0.0,0.0,12727.272727272726,1.0
2026-03-11,정상,슈즈,350909.0909090909,4.0,206363.63636363635,2.0
2026-03-11,정상,스포츠,422727.2727272727,3.0,1264545.4545454544,8.0
2026-03-11,정상,여성,2564545.454545454,6.0,3072181.8181818174,15.0
2026-03-11,정상,잡화,3820472.727272727,30.0,3936163.6363636353,28.0
2026-03-12,이월,골프,1718181.8181818181,13.0,6038599.999999999,41.0
2026-03-12,이월,남성,7176827.2727272725,32.0,25210154.545454543,130.0
2026-03-12,이월,슈즈,500545.4545454545,7.0,1416363.6363636362,8.0
2026-03-12,이월,스포츠,735909.0909090908,9.0,1383409.0909090908,12.0
2026-03-12,이월,여성,4011690.9090909087,20.0,27151590.909090895,105.0
2026-03-12,이월,잡화,5252127.2727272725,29.0,8656654.545454545,50.0
2026-03-12,입점,골프,985845.4545454546,8.0,4108745.454545455,40.0
2026-03-12,입점,남성,1420663.6363636362,10.0,2026436.3636363635,27.0
2026-03-12,입점,리빙,222181.81818181818,4.0,1036172.7272727272,20.0
2026-03-12,입점,명품,2904727.2727272725,9.0,4155727.272727273,15.0
2026-03-12,입점,뷰티,1075254.5454545454,23.0,1347481.8181818181,29.0
2026-03-12,입점,슈즈,0.0,0.0,663909.0909090908,5.0
2026-03-12,입점,스포츠,260454.54545454544,2.0,1165227.2727272725,9.0
2026-03-12,입점,아웃도어,119090.90909090906,3.0,1877772.7272727273,15.0
2026-03-12,입점,여성,244045.45454545447,4.0,2013527.272727272,29.0
2026-03-12,입점,잡화,-258272.72727272724,0.0,1243181.8181818181,10.0
2026-03-12,입점,키즈,1142790.909090909,12.0,3320518.1818181803,34.0
2026-03-12,정상,골프,367454.5454545454,3.0,1096109.0909090908,5.0
2026-03-12,정상,남성,2919681.8181818184,16.0,2787027.272727273,34.0
2026-03-12,정상,뷰티,0.0,0.0,58636.36363636363,1.0
2026-03-12,정상,슈즈,602727.2727272726,5.0,-153636.36363636362,-1.0
2026-03-12,정상,스포츠,99090.90909090909,1.0,1006363.6363636362,3.0
2026-03-12,정상,여성,1431181.818181818,3.0,-597272.727272727,-8.0
2026-03-12,정상,잡화,1957327.2727272718,15.0,5348836.363636362,41.0
2026-03-13,이월,골프,5090454.545454545,19.0,4614045.454545454,29.0
2026-03-13,이월,남성,7399672.727272726,42.0,26541445.454545446,129.0
2026-03-13,이월,슈즈,256845.45454545453,3.0,407600.0,4.0
2026-03-13,이월,스포츠,533090.9090909091,5.0,1026545.4545454546,17.0
2026-03-13,이월,여성,3923454.545454546,22.0,32823045.454545453,117.0
2026-03-13,이월,잡화,4798690.909090908,33.0,6131654.545454544,48.0
2026-03-13,입점,골프,669036.3636363634,9.0,3714636.3636363633,26.0
2026-03-13,입점,남성,704454.5454545454,9.0,1092081.818181818,28.0
2026-03-13,입점,리빙,486818.18181818177,6.0,2050763.6363636362,16.0
2026-03-13,입점,명품,2723272.727272727,8.0,10198636.363636365,21.0
2026-03-13,입점,뷰티,704727.2727272726,11.0,649227.2727272727,18.0
2026-03-13,입점,슈즈,152727.2727272727,1.0,1591500.0,12.0
2026-03-13,입점,스포츠,479363.63636363635,4.0,5424545.454545454,15.0
2026-03-13,입점,아웃도어,397363.63636363635,2.0,3945227.2727272725,26.0
2026-03-13,입점,여성,640863.6363636362,8.0,1601894.5454545454,23.0
2026-03-13,입점,잡화,130254.54545454544,3.0,2321518.1818181816,9.0
2026-03-13,입점,키즈,651190.9090909091,6.0,1844200.0000000005,18.0
2026-03-13,정상,골프,1306909.0909090908,4.0,1451818.1818181816,5.0
2026-03-13,정상,남성,2810354.545454546,14.0,3240500.0,33.0
2026-03-13,정상,뷰티,24999.999999999996,1.0,0.0,0.0
2026-03-13,정상,슈즈,657272.7272727272,7.0,813727.2727272727,5.0
2026-03-13,정상,스포츠,193636.36363636362,2.0,481818.1818181818,4.0
2026-03-13,정상,여성,-1022545.4545454545,-1.0,1904545.454545455,3.0
2026-03-13,정상,잡화,2075436.3636363642,17.0,4314790.909090909,22.0
2026-03-14,이월,골프,1655409.090909091,10.0,9994772.727272727,38.0
2026-03-14,이월,남성,9254636.363636363,52.0,45931936.36363637,173.0
2026-03-14,이월,슈즈,183272.72727272724,2.0,1258118.1818181816,7.0
2026-03-14,이월,스포츠,794636.3636363635,9.0,1455090.9090909092,10.0
2026-03-14,이월,여성,6079954.545454545,27.0,46379100.0,157.0
2026-03-14,이월,잡화,2590945.454545454,21.0,9091163.636363633,61.0
2026-03-14,입점,골프,1176718.1818181816,10.0,6360945.454545455,52.0
2026-03-14,입점,남성,822272.7272727273,7.0,3955527.272727272,38.0
2026-03-14,입점,리빙,587563.6363636362,9.0,2117563.6363636362,24.0
2026-03-14,입점,명품,1457272.727272727,6.0,7859090.909090907,24.0
2026-03-14,입점,뷰티,704099.9999999999,16.0,989845.4545454544,19.0
2026-03-14,입점,슈즈,-22227.27272727272,0.0,2212272.727272727,14.0
2026-03-14,입점,스포츠,673636.3636363636,6.0,2045318.1818181816,23.0
2026-03-14,입점,아웃도어,438636.36363636353,3.0,2085636.3636363633,20.0
2026-03-14,입점,여성,192090.90909090906,4.0,3686609.0909090904,48.0
2026-03-14,입점,잡화,909090.9090909091,5.0,4999454.545454544,16.0
2026-03-14,입점,키즈,0.0,0.0,1766663.6363636362,25.0
2026-03-14,정상,골프,895327.2727272727,5.0,2106909.0909090913,11.0
2026-03-14,정상,남성,3439890.909090909,13.0,10145036.363636363,43.0
2026-03-14,정상,뷰티,0.0,0.0,12727.272727272726,0.0
2026-03-14,정상,슈즈,468181.8181818181,5.0,504545.4545454545,5.0
2026-03-14,정상,스포츠,0.0,0.0,575636.3636363635,5.0
2026-03-14,정상,여성,801863.6363636362,4.0,7841136.363636362,16.0
2026-03-14,정상,잡화,2849563.6363636362,20.0,5153481.818181819,33.0
2026-03-15,이월,골프,2392654.5454545454,16.0,13700963.636363627,59.0
2026-03-15,이월,남성,8921363.636363635,43.0,48758799.99999999,215.0
2026-03-15,이월,슈즈,486145.4545454545,3.0,2179990.9090909087,10.0
2026-03-15,이월,스포츠,447999.99999999994,7.0,1386090.9090909092,18.0
2026-03-15,이월,여성,10393136.363636361,39.0,71439254.54545458,245.0
2026-03-15,이월,잡화,5123945.454545454,37.0,14306272.727272725,95.0
2026-03-15,입점,OFM,0.0,0.0,67272.72727272726,1.0
2026-03-15,입점,골프,860145.4545454545,7.0,9144236.363636361,80.0
2026-03-15,입점,남성,429999.9999999999,5.0,7003718.181818181,55.0
2026-03-15,입점,리빙,1011200.0,8.0,1702836.3636363638,25.0
2026-03-15,입점,명품,1203454.5454545454,9.0,14508090.909090908,29.0
2026-03-15,입점,뷰티,663545.4545454546,13.0,1289140.909090909,31.0
2026-03-15,입점,슈즈,432727.2727272727,2.0,1507772.727272727,7.0
2026-03-15,입점,스포츠,352454.54545454547,6.0,1756063.6363636365,29.0
2026-03-15,입점,아웃도어,269727.2727272727,1.0,1949554.545454545,21.0
2026-03-15,입점,여성,735054.5454545454,5.0,2444445.4545454546,41.0
2026-03-15,입점,잡화,319754.5454545454,6.0,4715754.545454546,16.0
2026-03-15,입점,키즈,398818.18181818177,7.0,1569245.4545454546,25.0
2026-03-15,정상,골프,327272.72727272724,1.0,4072345.454545454,18.0
2026-03-15,정상,남성,4524345.454545454,15.0,14717218.181818182,59.0
2026-03-15,정상,뷰티,39090.90909090909,1.0,41272.72727272727,1.0
2026-03-15,정상,슈즈,143636.36363636362,2.0,766363.6363636362,6.0
2026-03-15,정상,스포츠,496363.63636363635,4.0,938454.5454545454,5.0
2026-03-15,정상,여성,316909.0909090909,1.0,15857499.999999998,36.0
2026-03-15,정상,잡화,2727036.3636363633,21.0,6382227.272727272,54.0
2026-03-16,이월,골프,3679690.9090909087,12.0,7942200.0,44.0
2026-03-16,이월,남성,5874299.999999998,40.0,25310254.545454536,132.0
2026-03-16,이월,슈즈,32363.63636363636,1.0,1113663.6363636362,7.0
2026-03-16,이월,스포츠,483636.36363636365,7.0,684090.9090909091,15.0
2026-03-16,이월,여성,2030318.1818181816,16.0,13811909.09090909,64.0
2026-03-16,이월,잡화,4232072.7272727275,32.0,11983363.636363631,70.0
2026-03-16,입점,OFM,-55454.54545454545,-1.0,0.0,0.0
2026-03-16,입점,골프,1530545.4545454544,11.0,6986745.454545453,50.0
2026-03-16,입점,남성,-30690.909090909074,3.0,3635999.9999999995,32.0
2026-03-16,입점,리빙,251181.81818181818,5.0,1996563.6363636367,32.0
2026-03-16,입점,명품,18090.90909090909,3.0,4609727.2727272725,7.0
2026-03-16,입점,뷰티,511654.5454545454,12.0,2143350.0,32.0
2026-03-16,입점,슈즈,432727.2727272727,2.0,828163.6363636362,4.0
2026-03-16,입점,스포츠,989636.3636363635,6.0,1944727.2727272725,19.0
2026-03-16,입점,아웃도어,621363.6363636362,6.0,1304590.9090909092,6.0
2026-03-16,입점,여성,666154.5454545454,5.0,2196981.8181818184,21.0
2026-03-16,입점,잡화,-373254.5454545454,1.0,241409.09090909082,4.0
2026-03-16,입점,키즈,723590.909090909,10.0,834245.4545454545,28.0
2026-03-16,정상,골프,500000.0,2.0,1863290.909090909,10.0
2026-03-16,정상,남성,1623763.6363636362,11.0,11639018.181818182,46.0
2026-03-16,정상,뷰티,0.0,0.0,15454.545454545454,1.0
2026-03-16,정상,슈즈,558181.8181818181,2.0,736590.909090909,5.0
2026-03-16,정상,스포츠,691818.1818181818,5.0,121818.18181818181,1.0
2026-03-16,정상,여성,-85272.72727272732,-1.0,-4201090.909090907,-9.0
2026-03-16,정상,잡화,3813009.0909090904,24.0,5386927.272727272,40.0
2026-03-17,이월,골프,740636.3636363635,5.0,8707172.727272727,34.0
2026-03-17,이월,남성,6871072.727272726,44.0,21519972.727272727,109.0
2026-03-17,이월,슈즈,1185181.818181818,8.0,1877454.5454545452,9.0
2026-03-17,이월,스포츠,-39727.2727272727,5.0,168636.3636363636,7.0
2026-03-17,이월,여성,2996699.999999999,15.0,14650536.36363636,59.0
2026-03-17,이월,잡화,4160145.454545454,26.0,7411945.454545455,45.0
2026-03-17,입점,OFM,0.0,0.0,-54545.454545454544,-1.0
2026-03-17,입점,골프,1112336.3636363638,9.0,9701954.545454543,63.0
2026-03-17,입점,남성,865499.9999999999,5.0,2441818.1818181816,30.0
2026-03-17,입점,리빙,2014745.4545454546,12.0,1172636.3636363635,22.0
2026-03-17,입점,명품,2323636.3636363633,1.0,8044909.09090909,17.0
2026-03-17,입점,뷰티,771545.4545454545,19.0,911345.4545454542,23.0
2026-03-17,입점,슈즈,211909.09090909088,1.0,195272.7272727273,4.0
2026-03-17,입점,스포츠,-33363.63636363635,-1.0,114163.63636363624,10.0
2026-03-17,입점,아웃도어,591727.2727272727,4.0,838045.4545454544,24.0
2026-03-17,입점,여성,238727.27272727268,2.0,2175145.454545455,15.0
2026-03-17,입점,잡화,188090.90909090906,3.0,665336.3636363635,11.0
2026-03-17,입점,키즈,618718.1818181819,5.0,627804.5454545455,23.0
2026-03-17,정상,골프,130181.81818181818,1.0,2691872.7272727275,9.0
2026-03-17,정상,남성,569809.0909090908,10.0,16685990.909090908,62.0
2026-03-17,정상,슈즈,71818.18181818181,2.0,-154545.45454545456,1.0
2026-03-17,정상,스포츠,243636.36363636362,2.0,392727.2727272727,4.0
2026-03-17,정상,여성,1313090.909090909,1.0,3911772.7272727266,6.0
2026-03-17,정상,잡화,2596500.0,24.0,3416481.8181818174,32.0
2026-03-18,이월,골프,202454.54545454547,4.0,7213736.363636363,37.0
2026-03-18,이월,남성,6200809.09090909,33.0,32330490.90909091,165.0
2026-03-18,이월,슈즈,47272.72727272727,0.0,654818.1818181818,5.0
2026-03-18,이월,스포츠,120636.36363636365,2.0,1228845.4545454544,22.0
2026-03-18,이월,여성,7846999.999999998,16.0,18540299.999999996,73.0
2026-03-18,이월,잡화,4367018.181818181,31.0,8703890.909090908,62.0
2026-03-18,입점,골프,2367709.09090909,15.0,10045881.818181816,73.0
2026-03-18,입점,남성,98600.00000000001,0.0,4128218.1818181816,43.0
2026-03-18,입점,리빙,-33545.45454545459,5.0,1768818.1818181816,28.0
2026-03-18,입점,명품,681727.2727272726,4.0,1497454.5454545454,13.0
2026-03-18,입점,뷰티,583000.0,10.0,1647427.272727273,31.0
2026-03-18,입점,슈즈,475454.5454545454,3.0,579381.8181818181,6.0
2026-03-18,입점,스포츠,323909.0909090909,4.0,1670000.0,21.0
2026-03-18,입점,아웃도어,745181.8181818181,5.0,1987545.454545454,19.0
2026-03-18,입점,여성,235409.09090909088,3.0,4593063.636363634,26.0
2026-03-18,입점,잡화,104472.72727272726,2.0,1880318.1818181816,10.0
2026-03-18,입점,키즈,147718.18181818182,4.0,2057890.909090909,33.0
2026-03-18,정상,골프,369272.72727272724,2.0,1221927.2727272725,5.0
2026-03-18,정상,남성,5326318.181818182,13.0,11898090.909090908,51.0
2026-03-18,정상,뷰티,0.0,0.0,84545.45454545454,2.0
2026-03-18,정상,슈즈,369090.90909090906,4.0,44545.45454545453,0.0
2026-03-18,정상,스포츠,0.0,0.0,410363.6363636363,4.0
2026-03-18,정상,여성,-311818.18181818177,0.0,3965818.181818181,6.0
2026-03-18,정상,잡화,4798418.181818182,40.0,3251836.363636363,37.0
2026-03-19,이월,골프,822590.909090909,2.0,4966081.818181817,31.0
2026-03-19,이월,남성,7055318.18181818,30.0,22886499.999999996,131.0
2026-03-19,이월,슈즈,311454.5454545454,4.0,1069272.727272727,4.0
2026-03-19,이월,스포츠,776454.5454545453,8.0,1040545.4545454546,14.0
2026-03-19,이월,여성,3396090.9090909082,20.0,9613818.181818182,54.0
2026-03-19,이월,잡화,3369363.636363636,25.0,7062090.909090908,44.0
2026-03-19,입점,골프,4769427.2727272725,15.0,7859300.0,46.0
2026-03-19,입점,남성,622181.8181818181,9.0,2479736.363636364,29.0
2026-03-19,입점,리빙,2488272.7272727275,5.0,1632281.8181818181,24.0
2026-03-19,입점,명품,986363.6363636364,4.0,-1441727.272727272,11.0
2026-03-19,입점,뷰티,749790.9090909092,12.0,2320199.9999999995,20.0
2026-03-19,입점,슈즈,90818.18181818181,1.0,714499.9999999999,6.0
2026-03-19,입점,스포츠,785454.5454545453,4.0,3870818.181818181,21.0
2026-03-19,입점,아웃도어,115000.0,3.0,2330281.818181819,24.0
2026-03-19,입점,여성,127109.09090909091,1.0,2978909.0909090913,25.0
2026-03-19,입점,잡화,335590.9090909091,7.0,3271499.9999999995,16.0
2026-03-19,입점,키즈,1029754.5454545453,10.0,3811300.0000000005,46.0
2026-03-19,정상,골프,171818.1818181818,1.0,1943599.9999999998,8.0
2026-03-19,정상,남성,2713436.3636363633,14.0,6512736.363636362,46.0
2026-03-19,정상,뷰티,0.0,0.0,53636.36363636363,1.0
2026-03-19,정상,슈즈,945454.5454545454,8.0,688409.0909090908,1.0
2026-03-19,정상,스포츠,280363.63636363635,2.0,-409999.99999999994,2.0
2026-03-19,정상,여성,834999.9999999999,3.0,2518590.9090909087,2.0
2026-03-19,정상,잡화,2725899.9999999995,19.0,5968127.272727272,34.0
2026-03-20,이월,골프,-140100.00000000003,3.0,3420472.727272727,24.0
2026-03-20,이월,남성,4672418.181818181,28.0,18542909.09090909,88.0
2026-03-20,이월,슈즈,386909.0909090909,2.0,488663.63636363635,4.0
2026-03-20,이월,스포츠,157818.18181818177,1.0,1028909.0909090908,16.0
2026-03-20,이월,여성,6275909.090909089,9.0,12846300.000000002,39.0
2026-03-20,이월,잡화,2838636.3636363633,22.0,6225545.454545453,41.0
2026-03-20,입점,골프,2313881.818181818,11.0,6837918.18181818,50.0
2026-03-20,입점,남성,102545.45454545456,0.0,2234545.4545454537,25.0
2026-03-20,입점,리빙,966636.3636363635,12.0,1372363.6363636362,16.0
2026-03-20,입점,명품,266363.63636363635,2.0,8236636.363636364,22.0
2026-03-20,입점,뷰티,1339272.7272727268,19.0,1109854.5454545452,13.0
2026-03-20,입점,슈즈,82090.90909090909,1.0,945727.2727272728,9.0
2026-03-20,입점,스포츠,605545.4545454546,6.0,658454.5454545452,10.0
2026-03-20,입점,아웃도어,338090.90909090906,5.0,559409.0909090908,11.0
2026-03-20,입점,여성,-455818.18181818177,-2.0,1681881.8181818181,20.0
2026-03-20,입점,잡화,347409.09090909094,5.0,1054936.3636363635,7.0
2026-03-20,입점,키즈,380918.18181818177,7.0,2464381.8181818184,39.0
2026-03-20,정상,골프,763918.1818181818,6.0,2498009.090909091,12.0
2026-03-20,정상,남성,3392072.7272727266,19.0,9272036.363636363,41.0
2026-03-20,정상,뷰티,0.0,0.0,34000.0,1.0
2026-03-20,정상,슈즈,414545.45454545453,3.0,90000.0,1.0
2026-03-20,정상,스포츠,410909.0909090909,4.0,414545.45454545453,4.0
2026-03-20,정상,여성,-452727.27272727276,0.0,3082272.7272727275,10.0
2026-03-20,정상,잡화,1902427.2727272725,18.0,5207436.363636363,37.0
2026-03-21,이월,골프,1006163.6363636364,6.0,7551690.909090912,44.0
2026-03-21,이월,남성,8513181.818181815,48.0,30305345.454545453,159.0
2026-03-21,이월,슈즈,676390.9090909091,3.0,1932118.1818181819,8.0
2026-03-21,이월,스포츠,489481.81818181823,5.0,1513818.1818181823,13.0
2026-03-21,이월,여성,1968399.9999999993,12.0,25918572.727272708,117.0
2026-03-21,이월,잡화,1624799.9999999998,16.0,6208254.545454545,39.0
2026-03-21,입점,골프,1099181.8181818184,8.0,10752809.090909084,84.0
2026-03-21,입점,남성,1370090.9090909092,13.0,6300727.2727272725,47.0
2026-03-21,입점,리빙,415545.4545454545,6.0,2256181.818181818,15.0
2026-03-21,입점,명품,2034109.0909090904,9.0,6482727.272727272,24.0
2026-03-21,입점,뷰티,879590.9090909091,17.0,811463.6363636362,22.0
2026-03-21,입점,슈즈,0.0,0.0,999590.9090909091,8.0
2026-03-21,입점,스포츠,116227.27272727272,2.0,1572045.4545454544,19.0
2026-03-21,입점,아웃도어,1179727.2727272725,6.0,2822954.545454545,24.0
2026-03-21,입점,여성,951054.5454545454,13.0,4880636.363636362,47.0
2026-03-21,입점,잡화,225609.09090909088,4.0,1120081.8181818184,13.0
2026-03-21,입점,키즈,412836.3636363636,8.0,3970690.90909091,53.0
2026-03-21,정상,골프,690000.0,2.0,1521963.6363636358,11.0
2026-03-21,정상,남성,2863500.0,14.0,14490336.363636358,53.0
2026-03-21,정상,뷰티,104545.45454545454,2.0,111818.18181818181,4.0
2026-03-21,정상,슈즈,90000.0,1.0,1262545.4545454546,3.0
2026-03-21,정상,스포츠,126363.63636363635,1.0,210909.09090909088,1.0
2026-03-21,정상,여성,1167363.6363636362,2.0,7296727.272727274,22.0
2026-03-21,정상,잡화,1820854.5454545456,17.0,1816363.636363636,21.0
2026-03-22,이월,골프,2001572.7272727273,17.0,11976100.0,63.0
2026-03-22,이월,남성,13910036.363636363,60.0,54766181.81818181,245.0
2026-03-22,이월,슈즈,779663.6363636364,6.0,841272.7272727273,5.0
2026-03-22,이월,스포츠,687363.6363636365,7.0,1622818.1818181816,18.0
2026-03-22,이월,여성,11078800.0,42.0,52171927.272727266,187.0
2026-03-22,이월,잡화,3408963.6363636362,26.0,10188645.454545455,75.0
2026-03-22,입점,골프,1846009.0909090908,13.0,11358854.545454543,90.0
2026-03-22,입점,남성,971463.6363636362,9.0,5568018.181818181,48.0
2026-03-22,입점,리빙,-628363.6363636365,8.0,2209990.909090909,28.0
2026-03-22,입점,명품,851363.6363636362,4.0,12012999.999999998,16.0
2026-03-22,입점,뷰티,960563.6363636365,16.0,1662354.5454545456,37.0
2026-03-22,입점,슈즈,0.0,0.0,1541636.3636363635,11.0
2026-03-22,입점,스포츠,507727.2727272727,4.0,2748818.181818181,32.0
2026-03-22,입점,아웃도어,739272.7272727272,9.0,3154272.727272727,31.0
2026-03-22,입점,여성,543454.5454545454,3.0,4999681.818181817,51.0
2026-03-22,입점,잡화,401772.7272727273,6.0,2578409.090909091,17.0
2026-03-22,입점,키즈,918663.6363636362,6.0,3446181.818181819,51.0
2026-03-22,정상,골프,657636.3636363635,3.0,2691427.2727272725,12.0
2026-03-22,정상,남성,5229036.363636363,23.0,26404727.272727266,86.0
2026-03-22,정상,슈즈,451818.18181818177,3.0,234545.45454545453,2.0
2026-03-22,정상,스포츠,180000.0,2.0,564545.4545454545,5.0
2026-03-22,정상,여성,699272.7272727273,3.0,14554590.909090908,31.0
2026-03-22,정상,잡화,2405054.5454545454,21.0,7853645.454545454,60.0
2026-03-23,이월,골프,1319536.3636363633,10.0,4329572.727272728,32.0
2026-03-23,이월,남성,2466054.545454545,27.0,19453690.909090914,114.0
2026-03-23,이월,슈즈,-36454.5454545455,2.0,686145.4545454545,6.0
2026-03-23,이월,스포츠,377454.54545454547,6.0,731818.1818181818,10.0
2026-03-23,이월,여성,3037418.181818182,17.0,15689772.727272728,70.0
2026-03-23,이월,잡화,3139600.0,27.0,9565090.909090908,57.0
2026-03-23,입점,골프,691418.1818181818,12.0,8160990.909090908,53.0
2026-03-23,입점,남성,168909.0909090909,2.0,3964454.5454545445,29.0
2026-03-23,입점,리빙,-36454.54545454545,2.0,2912018.181818181,19.0
2026-03-23,입점,명품,1920363.6363636358,4.0,5039909.09090909,7.0
2026-03-23,입점,뷰티,850772.7272727272,15.0,734390.9090909091,17.0
2026-03-23,입점,슈즈,127272.72727272726,1.0,238818.18181818182,2.0
2026-03-23,입점,스포츠,488454.5454545454,5.0,706272.7272727272,7.0
2026-03-23,입점,아웃도어,155272.72727272726,2.0,1149272.7272727273,15.0
2026-03-23,입점,여성,365227.2727272727,4.0,63136.36363636324,15.0
2026-03-23,입점,잡화,245454.54545454547,3.0,558936.3636363635,3.0
2026-03-23,입점,키즈,528036.3636363636,9.0,3136000.0,39.0
2026-03-23,정상,골프,-14545.454545454559,0.0,1500054.5454545454,8.0
2026-03-23,정상,남성,2811045.454545454,10.0,8922654.545454549,45.0
2026-03-23,정상,뷰티,17000.0,1.0,0.0,0.0
2026-03-23,정상,슈즈,350909.0909090908,4.0,270000.0,3.0
2026-03-23,정상,스포츠,554545.4545454545,5.0,432727.2727272727,4.0
2026-03-23,정상,여성,-456636.36363636365,2.0,4282272.727272728,8.0
2026-03-23,정상,잡화,2488072.727272727,25.0,6087200.0,43.0
2026-03-24,이월,골프,1151181.8181818181,4.0,8422718.181818182,49.0
2026-03-24,이월,남성,3872399.9999999986,25.0,19714618.18181818,100.0
2026-03-24,이월,슈즈,497909.0909090908,5.0,-36863.63636363641,3.0
2026-03-24,이월,스포츠,1276909.0909090906,20.0,783727.2727272727,10.0
2026-03-24,이월,여성,3591727.2727272734,17.0,9583736.363636361,35.0
2026-03-24,이월,잡화,5315018.18181818,38.0,7798072.727272727,48.0
2026-03-24,입점,OFM,0.0,0.0,55454.54545454545,1.0
2026-03-24,입점,골프,1153881.8181818181,7.0,3920336.3636363647,35.0
2026-03-24,입점,남성,269090.90909090906,1.0,1784409.0909090906,25.0
2026-03-24,입점,리빙,117363.63636363635,2.0,2316045.4545454546,19.0
2026-03-24,입점,명품,2553909.090909091,7.0,7480000.000000002,18.0
2026-03-24,입점,뷰티,1401909.0909090906,20.0,873981.8181818182,15.0
2026-03-24,입점,슈즈,49881.81818181818,1.0,291090.909090909,1.0
2026-03-24,입점,스포츠,174545.45454545453,1.0,2492181.818181818,32.0
2026-03-24,입점,아웃도어,109454.54545454544,4.0,1242045.4545454544,15.0
2026-03-24,입점,여성,37227.272727272764,2.0,5360663.636363638,42.0
2026-03-24,입점,잡화,432536.36363636365,6.0,581490.9090909091,11.0
2026-03-24,입점,키즈,270163.63636363635,7.0,2800763.6363636367,45.0
2026-03-24,정상,골프,449690.9090909091,2.0,445490.9090909094,3.0
2026-03-24,정상,남성,2853036.363636363,12.0,9453399.999999998,19.0
2026-03-24,정상,뷰티,0.0,0.0,24999.999999999996,1.0
2026-03-24,정상,슈즈,440909.0909090908,5.0,-849272.7272727273,1.0
2026-03-24,정상,스포츠,374545.4545454545,3.0,310000.0,3.0
2026-03-24,정상,여성,829181.8181818181,1.0,4992909.090909089,12.0
2026-03-24,정상,잡화,2757599.9999999995,24.0,6561999.999999999,35.0
2026-03-25,이월,골프,999181.8181818179,12.0,9210272.727272727,59.0
2026-03-25,이월,남성,3982345.4545454546,31.0,19199399.999999996,116.0
2026-03-25,이월,슈즈,75727.27272727272,1.0,781000.0,7.0
2026-03-25,이월,스포츠,307363.6363636363,6.0,1130172.7272727273,12.0
2026-03-25,이월,여성,4338090.90909091,23.0,30232272.727272734,96.0
2026-03-25,이월,잡화,3663654.545454545,20.0,7039599.999999998,51.0
2026-03-25,입점,골프,1393863.6363636362,8.0,8629400.0,71.0
2026-03-25,입점,남성,297090.90909090906,7.0,1829463.636363636,22.0
2026-03-25,입점,리빙,619181.8181818181,8.0,1327545.4545454544,20.0
2026-03-25,입점,명품,1305909.090909091,8.0,4997727.2727272725,16.0
2026-03-25,입점,뷰티,800672.7272727273,14.0,994836.3636363633,24.0
2026-03-25,입점,슈즈,-54681.81818181818,0.0,474909.090909091,4.0
2026-03-25,입점,스포츠,382454.54545454547,8.0,1421109.0909090908,11.0
2026-03-25,입점,아웃도어,155818.18181818182,3.0,1510863.6363636362,21.0
2026-03-25,입점,여성,829800.0,8.0,1600590.909090909,20.0
2026-03-25,입점,잡화,36636.36363636363,2.0,1169581.8181818181,11.0
2026-03-25,입점,키즈,446863.63636363624,6.0,2572263.6363636362,28.0
2026-03-25,정상,골프,806772.7272727272,4.0,404136.3636363636,0.0
2026-03-25,정상,남성,1224309.0909090908,7.0,5961481.818181817,28.0
2026-03-25,정상,뷰티,0.0,0.0,30272.727272727272,1.0
2026-03-25,정상,슈즈,397272.72727272724,4.0,259999.99999999997,3.0
2026-03-25,정상,스포츠,228363.63636363632,2.0,339090.90909090906,1.0
2026-03-25,정상,여성,-358454.54545454535,1.0,7226454.545454546,20.0
2026-03-25,정상,잡화,3254254.545454545,22.0,4188581.8181818184,31.0
2026-03-26,이월,골프,971527.2727272726,6.0,6006745.454545455,33.0
2026-03-26,이월,남성,6499890.909090908,50.0,20655454.545454543,107.0
2026-03-26,이월,슈즈,502181.8181818181,5.0,1851181.8181818181,7.0
2026-03-26,이월,스포츠,352454.5454545454,6.0,905272.7272727271,6.0
2026-03-26,이월,여성,4808454.545454545,26.0,20315509.09090909,89.0
2026-03-26,이월,잡화,3347618.181818181,28.0,5337054.545454545,40.0
2026-03-26,입점,OFM,-37272.72727272727,-1.0,0.0,0.0
2026-03-26,입점,골프,1276918.1818181816,15.0,5694809.090909091,35.0
2026-03-26,입점,남성,539090.909090909,8.0,4680909.09090909,34.0
2026-03-26,입점,리빙,404727.2727272727,8.0,2073636.3636363642,27.0
2026-03-26,입점,명품,4204000.0,9.0,7553772.727272727,16.0
2026-03-26,입점,뷰티,848363.6363636362,19.0,588845.4545454545,14.0
2026-03-26,입점,슈즈,250909.09090909088,2.0,399863.63636363635,3.0
2026-03-26,입점,스포츠,365454.5454545454,6.0,686800.0,20.0
2026-03-26,입점,아웃도어,1633818.1818181816,8.0,1595136.3636363633,24.0
2026-03-26,입점,여성,147045.4545454546,3.0,775936.3636363636,28.0
2026-03-26,입점,잡화,195136.36363636362,2.0,3387363.636363636,9.0
2026-03-26,입점,키즈,997327.2727272727,12.0,1539781.818181818,37.0
2026-03-26,정상,골프,511381.8181818181,3.0,2037290.909090909,11.0
2026-03-26,정상,남성,-1422263.6363636367,2.0,13611227.27272727,36.0
2026-03-26,정상,뷰티,0.0,0.0,23999.999999999996,1.0
2026-03-26,정상,슈즈,1152727.2727272727,12.0,368181.8181818181,4.0
2026-03-26,정상,스포츠,713636.3636363635,5.0,-126363.63636363635,-1.0
2026-03-26,정상,여성,509363.6363636363,2.0,2535727.2727272725,14.0
2026-03-26,정상,잡화,5632127.272727272,36.0,5565909.090909092,39.0
2026-03-27,이월,골프,1351636.3636363635,11.0,10082345.454545453,52.0
2026-03-27,이월,남성,5450718.181818183,35.0,18499872.727272723,70.0
2026-03-27,이월,슈즈,350636.36363636365,4.0,-17645.45454545453,2.0
2026-03-27,이월,스포츠,882272.7272727273,10.0,1153090.9090909092,18.0
2026-03-27,이월,여성,7761200.0,17.0,22086209.090909097,109.0
2026-03-27,이월,잡화,1986872.7272727268,18.0,7236618.18181818,39.0
2026-03-27,입점,골프,1373927.2727272725,6.0,4907118.181818182,43.0
2026-03-27,입점,남성,-67000.0,0.0,1732409.0909090906,15.0
2026-03-27,입점,리빙,1628781.8181818181,5.0,1366000.0,14.0
2026-03-27,입점,명품,6348727.2727272725,14.0,-1488999.9999999998,10.0
2026-03-27,입점,뷰티,977181.8181818181,11.0,917290.9090909087,24.0
2026-03-27,입점,슈즈,465090.90909090906,4.0,333136.36363636365,0.0
2026-03-27,입점,스포츠,188000.0,3.0,1262000.0,16.0
2026-03-27,입점,아웃도어,187286.36363636365,1.0,2359454.5454545445,25.0
2026-03-27,입점,여성,222681.81818181818,6.0,2195400.0,26.0
2026-03-27,입점,잡화,72727.27272727272,2.0,642872.7272727272,5.0
2026-03-27,입점,키즈,528218.1818181818,6.0,1964609.0909090906,25.0
2026-03-27,정상,골프,-357145.4545454545,-2.0,2082981.818181818,14.0
2026-03-27,정상,남성,2752699.9999999995,11.0,13726345.454545455,48.0
2026-03-27,정상,뷰티,60363.63636363636,2.0,60272.727272727265,1.0
2026-03-27,정상,슈즈,684545.4545454545,6.0,1396454.5454545454,7.0
2026-03-27,정상,스포츠,388181.8181818181,3.0,116363.63636363635,2.0
2026-03-27,정상,여성,889090.909090909,2.0,4544363.636363637,14.0
2026-03-27,정상,잡화,2589263.6363636367,21.0,2213463.636363636,16.0
2026-03-28,이월,골프,2662318.181818182,15.0,8787536.363636363,40.0
2026-03-28,이월,남성,7036663.636363638,40.0,39900263.63636365,145.0
2026-03-28,이월,슈즈,184300.0,1.0,-238027.2727272726,0.0
2026-03-28,이월,스포츠,349727.2727272727,5.0,699090.9090909092,8.0
2026-03-28,이월,여성,5915181.818181817,31.0,46991581.818181805,158.0
2026-03-28,이월,잡화,3290872.7272727275,24.0,6078018.181818183,40.0
2026-03-28,입점,OFM,0.0,0.0,-19090.90909090909,-1.0
2026-03-28,입점,골프,852909.0909090908,8.0,9953136.363636361,76.0
2026-03-28,입점,남성,1059000.0,15.0,4161545.454545455,56.0
2026-03-28,입점,리빙,233454.54545454544,3.0,935090.909090909,19.0
2026-03-28,입점,명품,1918909.0909090906,3.0,11220272.727272725,22.0
2026-03-28,입점,뷰티,277000.0,4.0,887727.2727272727,20.0
2026-03-28,입점,슈즈,71727.27272727272,1.0,938727.2727272727,7.0
2026-03-28,입점,스포츠,484090.90909090906,5.0,2242045.4545454546,34.0
2026-03-28,입점,아웃도어,462181.8181818182,5.0,897000.0,13.0
2026-03-28,입점,여성,619636.3636363636,5.0,5051654.545454545,50.0
2026-03-28,입점,잡화,478272.72727272724,3.0,1781000.0,12.0
2026-03-28,입점,키즈,79272.72727272726,1.0,1998627.2727272725,34.0
2026-03-28,정상,골프,470181.8181818182,3.0,1648981.8181818181,10.0
2026-03-28,정상,남성,-1110572.7272727266,-3.0,11880490.909090905,47.0
2026-03-28,정상,뷰티,0.0,0.0,38636.36363636363,2.0
2026-03-28,정상,슈즈,900000.0,7.0,252727.2727272727,2.0
2026-03-28,정상,스포츠,220909.09090909088,2.0,-217272.72727272726,-1.0
2026-03-28,정상,여성,581000.0,3.0,9015727.272727266,27.0
2026-03-28,정상,잡화,5385890.909090908,30.0,5502645.454545454,43.0
2026-03-29,이월,골프,596518.1818181818,5.0,14023509.090909094,77.0
2026-03-29,이월,남성,6870090.909090909,38.0,54363381.81818181,251.0
2026-03-29,이월,슈즈,172090.9090909091,2.0,1178681.8181818181,11.0
2026-03-29,이월,스포츠,549181.8181818181,7.0,1277363.6363636362,21.0
2026-03-29,이월,여성,8785372.727272728,29.0,55854272.72727271,199.0
2026-03-29,이월,잡화,4127981.818181818,30.0,11058172.727272727,61.0
2026-03-29,입점,골프,683400.0,10.0,14827054.545454545,91.0
2026-03-29,입점,남성,567999.9999999999,9.0,5093454.545454545,49.0
2026-03-29,입점,리빙,151909.09090909088,8.0,1501272.727272727,17.0
2026-03-29,입점,명품,1233636.3636363635,4.0,9922999.999999998,26.0
2026-03-29,입점,뷰티,914963.6363636364,14.0,920672.7272727271,19.0
2026-03-29,입점,슈즈,87272.72727272726,1.0,1838454.5454545454,9.0
2026-03-29,입점,스포츠,1221727.2727272727,11.0,2722772.7272727275,32.0
2026-03-29,입점,아웃도어,163909.09090909088,3.0,2055000.0000000005,32.0
2026-03-29,입점,여성,439318.18181818177,2.0,5639590.90909091,62.0
2026-03-29,입점,잡화,287272.7272727273,4.0,788027.2727272727,12.0
2026-03-29,입점,키즈,192645.45454545453,4.0,3896313.6363636367,49.0
2026-03-29,정상,골프,436454.5454545454,4.0,2242954.5454545454,14.0
2026-03-29,정상,남성,4108381.8181818174,16.0,22762090.909090906,77.0
2026-03-29,정상,뷰티,0.0,0.0,118454.54545454544,4.0
2026-03-29,정상,슈즈,820000.0,7.0,937272.7272727271,7.0
2026-03-29,정상,스포츠,0.0,0.0,0.0,0.0
2026-03-29,정상,여성,1500272.727272727,6.0,17342181.818181816,38.0
2026-03-29,정상,잡화,3120299.9999999995,21.0,6098036.363636361,42.0
2026-03-30,이월,골프,726309.0909090908,8.0,7929172.72727273,35.0
2026-03-30,이월,남성,13454454.545454541,51.0,22789045.454545442,133.0
2026-03-30,이월,슈즈,673063.6363636364,4.0,1077481.818181818,8.0
2026-03-30,이월,스포츠,1328818.1818181816,15.0,1197000.0,17.0
2026-03-30,이월,여성,5821863.636363635,25.0,26028781.818181828,103.0
2026-03-30,이월,잡화,3987654.545454544,27.0,11900909.09090909,54.0
2026-03-30,입점,골프,1029481.8181818181,13.0,5375718.18181818,41.0
2026-03-30,입점,남성,390090.90909090906,5.0,447881.81818181835,13.0
2026-03-30,입점,리빙,181272.72727272724,7.0,1590145.4545454544,23.0
2026-03-30,입점,명품,4237618.181818182,2.0,2560099.9999999995,11.0
2026-03-30,입점,뷰티,622318.1818181818,11.0,841327.2727272727,20.0
2026-03-30,입점,슈즈,-71727.27272727272,-1.0,444136.3636363636,3.0
2026-03-30,입점,스포츠,604000.0,7.0,2457181.818181818,34.0
2026-03-30,입점,아웃도어,37545.454545454544,1.0,913000.0000000002,16.0
2026-03-30,입점,여성,1168609.0909090908,14.0,-1002072.7272727278,-17.0
2026-03-30,입점,잡화,28400.0,-1.0,985918.1818181818,11.0
2026-03-30,입점,키즈,372836.36363636365,4.0,2432372.7272727266,28.0
2026-03-30,정상,골프,264963.63636363635,2.0,1983609.0909090908,12.0
2026-03-30,정상,남성,4755209.090909091,15.0,7906027.2727272725,37.0
2026-03-30,정상,뷰티,23999.999999999996,1.0,0.0,0.0
2026-03-30,정상,슈즈,1324545.4545454544,9.0,578181.8181818182,2.0
2026-03-30,정상,스포츠,261818.1818181818,2.0,298181.8181818181,0.0
2026-03-30,정상,여성,1829181.8181818181,6.0,201272.7272727267,-1.0
2026-03-30,정상,잡화,2276227.272727273,14.0,4927172.7272727275,36.0
2026-03-31,이월,골프,1664181.8181818181,13.0,6196154.545454545,44.0
2026-03-31,이월,남성,4995881.818181817,29.0,15952390.909090912,106.0
2026-03-31,이월,슈즈,181545.45454545453,3.0,558336.3636363635,3.0
2026-03-31,이월,스포츠,760272.7272727273,13.0,1354363.6363636365,15.0
2026-03-31,이월,여성,1819136.3636363633,13.0,13497609.09090909,53.0
2026-03-31,이월,잡화,4629327.272727272,32.0,7262818.181818182,53.0
2026-03-31,입점,OFM,0.0,0.0,-160000.0,-3.0
2026-03-31,입점,골프,1572627.2727272725,17.0,11140336.363636361,47.0
2026-03-31,입점,남성,518545.4545454545,6.0,3507372.7272727257,22.0
2026-03-31,입점,리빙,555545.4545454546,8.0,2613500.0000000005,27.0
2026-03-31,입점,명품,1037999.9999999999,9.0,2761272.727272727,6.0
2026-03-31,입점,뷰티,877363.6363636362,13.0,1172190.9090909087,26.0
2026-03-31,입점,슈즈,0.0,0.0,1243045.4545454546,6.0
2026-03-31,입점,스포츠,522000.0,4.0,5851181.818181818,24.0
2026-03-31,입점,아웃도어,29363.636363636382,2.0,1322909.0909090908,21.0
2026-03-31,입점,여성,-215181.81818181815,-2.0,1148999.9999999998,11.0
2026-03-31,입점,잡화,-11590.909090909096,-1.0,3121000.0,3.0
2026-03-31,입점,키즈,320545.4545454545,2.0,1011345.4545454546,21.0
2026-03-31,정상,골프,188363.63636363635,1.0,1073236.3636363638,8.0
2026-03-31,정상,남성,2556636.3636363633,13.0,7539045.454545453,50.0
2026-03-31,정상,뷰티,0.0,0.0,10000.0,1.0
2026-03-31,정상,슈즈,1172727.2727272725,10.0,1309999.9999999998,9.0
2026-03-31,정상,스포츠,626545.4545454546,6.0,462000.0,5.0
2026-03-31,정상,여성,352727.27272727265,2.0,2242090.9090909087,6.0
2026-03-31,정상,잡화,4530381.818181819,29.0,4451999.999999998,26.0
2026-04-01,이월,골프,879890.9090909088,6.0,2458245.4545454546,16.0
2026-04-01,이월,남성,7227372.727272725,53.0,23388754.54545454,135.0
2026-04-01,이월,슈즈,135000.0,1.0,814636.3636363638,3.0
2026-04-01,이월,스포츠,672163.6363636364,15.0,1299136.3636363633,24.0
2026-04-01,이월,여성,428772.72727272694,9.0,21274509.090909068,83.0
2026-04-01,이월,잡화,5128327.2727272725,36.0,11527436.363636363,83.0
2026-04-01,입점,골프,1311372.7272727268,6.0,3371454.5454545454,38.0
2026-04-01,입점,남성,176272.7272727273,3.0,2936445.454545454,21.0
2026-04-01,입점,리빙,778072.7272727272,14.0,2685499.9999999995,25.0
2026-04-01,입점,명품,1225909.0909090908,5.0,7084090.909090909,22.0
2026-04-01,입점,뷰티,1022909.0909090908,14.0,842727.2727272727,20.0
2026-04-01,입점,슈즈,421527.2727272727,3.0,578636.3636363636,5.0
2026-04-01,입점,스포츠,1173545.4545454544,13.0,1584518.1818181816,17.0
2026-04-01,입점,아웃도어,280909.0909090909,6.0,1713727.2727272725,23.0
2026-04-01,입점,여성,123545.45454545453,2.0,1918745.4545454548,12.0
2026-04-01,입점,잡화,-75454.54545454544,-1.0,922127.2727272725,11.0
2026-04-01,입점,키즈,497618.1818181818,9.0,1451018.1818181819,26.0
2026-04-01,정상,골프,215454.5454545454,2.0,1087763.6363636362,7.0
2026-04-01,정상,남성,3660799.999999999,19.0,5553336.363636363,39.0
2026-04-01,정상,뷰티,0.0,0.0,285636.3636363636,2.0
2026-04-01,정상,슈즈,1425454.5454545452,9.0,957272.7272727273,5.0
2026-04-01,정상,스포츠,893636.3636363636,7.0,1330909.0909090906,8.0
2026-04-01,정상,여성,-141909.09090909088,-2.0,-314181.8181818183,-3.0
2026-04-01,정상,잡화,2450154.545454545,23.0,4069463.6363636353,38.0
2026-04-02,이월,골프,857018.1818181818,6.0,3342009.0909090904,25.0
2026-04-02,이월,남성,3695518.181818182,21.0,9377918.181818176,50.0
2026-04-02,이월,슈즈,123545.45454545453,2.0,-12936.363636363603,2.0
2026-04-02,이월,스포츠,1080727.2727272727,16.0,1485999.9999999995,26.0
2026-04-02,이월,여성,4380954.545454545,22.0,16836463.63636363,86.0
2026-04-02,이월,잡화,3684054.545454545,29.0,8421599.999999998,59.0
2026-04-02,입점,골프,876972.7272727272,7.0,3570627.272727274,32.0
2026-04-02,입점,남성,625199.9999999999,6.0,483690.90909090906,9.0
2026-04-02,입점,리빙,402363.6363636363,6.0,1866509.0909090908,19.0
2026-04-02,입점,명품,1017727.2727272729,6.0,9942636.363636363,23.0
2026-04-02,입점,뷰티,426463.6363636363,12.0,1488300.0000000002,34.0
2026-04-02,입점,슈즈,56454.54545454545,1.0,1286454.5454545454,7.0
2026-04-02,입점,스포츠,395818.1818181819,5.0,1101363.636363636,18.0
2026-04-02,입점,아웃도어,188818.18181818182,3.0,1386000.0000000002,19.0
2026-04-02,입점,여성,85818.18181818182,2.0,791981.8181818184,11.0
2026-04-02,입점,잡화,18545.454545454537,2.0,1869490.9090909087,2.0
2026-04-02,입점,키즈,397390.90909090906,5.0,764409.0909090909,9.0
2026-04-02,정상,골프,496318.18181818177,3.0,1563081.8181818181,7.0
2026-04-02,정상,남성,4192645.454545455,14.0,2475772.7272727275,26.0
2026-04-02,정상,뷰티,0.0,0.0,78181.81818181818,1.0
2026-04-02,정상,슈즈,1145454.5454545454,10.0,234545.45454545444,2.0
2026-04-02,정상,스포츠,684727.2727272727,5.0,1208181.818181818,9.0
2026-04-02,정상,여성,1286545.4545454546,2.0,-330727.27272727224,-1.0
2026-04-02,정상,잡화,2973509.09090909,27.0,4779636.363636364,38.0
2026-04-03,이월,골프,1633518.1818181819,8.0,6186381.818181818,38.0
2026-04-03,이월,남성,5550254.545454544,36.0,22453345.454545457,89.0
2026-04-03,이월,슈즈,173000.0,2.0,1724809.0909090908,5.0
2026-04-03,이월,스포츠,498454.54545454535,7.0,504000.0,9.0
2026-04-03,이월,여성,6562400.0,15.0,19382936.36363637,68.0
2026-04-03,이월,잡화,3248036.363636364,29.0,8114109.090909091,47.0
2026-04-03,입점,골프,142500.00000000006,4.0,4377245.454545453,25.0
2026-04-03,입점,남성,603563.6363636364,3.0,1734418.1818181812,19.0
2026-04-03,입점,리빙,111454.54545454544,5.0,1511345.4545454546,18.0
2026-04-03,입점,명품,1460000.0,5.0,2033636.363636363,11.0
2026-04-03,입점,뷰티,765636.3636363636,17.0,843436.3636363635,17.0
2026-04-03,입점,슈즈,216363.63636363635,1.0,152909.09090909088,2.0
2026-04-03,입점,스포츠,764909.0909090908,6.0,842727.2727272727,10.0
2026-04-03,입점,아웃도어,188077.27272727274,1.0,1036054.5454545452,12.0
2026-04-03,입점,여성,-97181.81818181818,3.0,419918.18181818153,6.0
2026-04-03,입점,잡화,0.0,0.0,410754.5454545454,0.0
2026-04-03,입점,키즈,166736.36363636365,3.0,553663.6363636365,14.0
2026-04-03,정상,골프,247172.72727272724,3.0,1587090.909090909,12.0
2026-04-03,정상,남성,3101163.6363636362,17.0,7643781.818181819,40.0
2026-04-03,정상,뷰티,24999.999999999996,1.0,0.0,0.0
2026-04-03,정상,슈즈,765454.5454545455,7.0,740000.0,6.0
2026-04-03,정상,스포츠,531090.9090909091,3.0,1553818.181818182,11.0
2026-04-03,정상,여성,208909.09090909094,1.0,3178272.7272727275,10.0
2026-04-03,정상,잡화,2615418.181818181,21.0,2711345.454545454,25.0
2026-04-04,이월,골프,2080581.8181818177,13.0,9301245.454545453,50.0
2026-04-04,이월,남성,6143418.181818181,38.0,34138936.36363636,155.0
2026-04-04,이월,슈즈,544663.6363636364,3.0,1507781.818181818,4.0
2026-04-04,이월,스포츠,383454.5454545454,7.0,781636.3636363635,12.0
2026-04-04,이월,여성,9540545.454545455,35.0,34254790.90909091,132.0
2026-04-04,이월,잡화,4717927.2727272725,30.0,10410954.545454547,63.0
2026-04-04,입점,골프,1200645.4545454546,10.0,5718090.909090909,53.0
2026-04-04,입점,남성,595545.4545454544,6.0,2415963.636363636,26.0
2026-04-04,입점,리빙,408145.4545454546,5.0,2411981.818181818,25.0
2026-04-04,입점,명품,2408999.9999999995,9.0,9497272.727272725,25.0
2026-04-04,입점,뷰티,613981.8181818181,15.0,1319409.090909091,26.0
2026-04-04,입점,슈즈,203636.36363636362,1.0,1087409.0909090908,8.0
2026-04-04,입점,스포츠,164090.9090909091,2.0,1988818.181818181,19.0
2026-04-04,입점,아웃도어,506636.36363636353,8.0,1690863.6363636358,21.0
2026-04-04,입점,여성,809436.3636363635,5.0,2107945.4545454546,23.0
2026-04-04,입점,잡화,40909.090909090904,1.0,942363.6363636364,8.0
2026-04-04,입점,키즈,245545.45454545453,3.0,1330627.2727272725,20.0
2026-04-04,정상,골프,585681.8181818181,4.0,1192727.2727272727,4.0
2026-04-04,정상,남성,2381090.909090909,13.0,13221354.545454543,55.0
2026-04-04,정상,뷰티,0.0,0.0,40454.54545454545,2.0
2026-04-04,정상,슈즈,1189090.9090909092,10.0,1164545.4545454546,8.0
2026-04-04,정상,스포츠,411272.72727272724,4.0,500363.63636363635,3.0
2026-04-04,정상,여성,-315545.4545454546,0.0,1694363.636363636,10.0
2026-04-04,정상,잡화,4016363.6363636367,25.0,3486400.0,28.0
2026-04-05,이월,골프,1424154.5454545454,13.0,12654000.0,63.0
2026-04-05,이월,남성,9988672.727272725,57.0,43747554.54545454,218.0
2026-04-05,이월,슈즈,512818.1818181817,4.0,1083299.9999999998,7.0
2026-04-05,이월,스포츠,548363.6363636364,9.0,2035727.2727272725,18.0
2026-04-05,이월,여성,12559272.727272725,36.0,63145436.36363636,205.0
2026-04-05,이월,잡화,2824854.545454545,19.0,10548200.0,63.0
2026-04-05,입점,골프,1374190.9090909092,8.0,8906072.727272728,73.0
2026-04-05,입점,남성,384363.63636363635,5.0,3331363.6363636362,31.0
2026-04-05,입점,리빙,1265636.3636363635,3.0,3431054.545454545,34.0
2026-04-05,입점,명품,2942909.09090909,10.0,9355090.909090908,28.0
2026-04-05,입점,뷰티,1624763.6363636365,28.0,1446772.7272727275,38.0
2026-04-05,입점,슈즈,504154.5454545454,4.0,511090.90909090906,4.0
2026-04-05,입점,스포츠,146181.81818181818,4.0,2098727.2727272725,32.0
2026-04-05,입점,아웃도어,350363.63636363635,6.0,2410881.8181818184,32.0
2026-04-05,입점,여성,511927.2727272727,7.0,3130809.090909091,33.0
2026-04-05,입점,잡화,118181.81818181818,1.0,1202890.909090909,11.0
2026-04-05,입점,키즈,64872.72727272727,3.0,1361509.0909090908,25.0
2026-04-05,정상,골프,336590.90909090906,3.0,3838545.454545454,25.0
2026-04-05,정상,남성,2715045.454545454,14.0,17507545.454545457,66.0
2026-04-05,정상,뷰티,10000.0,1.0,42454.545454545456,1.0
2026-04-05,정상,슈즈,1298181.8181818184,9.0,820000.0,7.0
2026-04-05,정상,스포츠,1211090.9090909092,9.0,1047636.3636363635,8.0
2026-04-05,정상,여성,1724545.4545454544,3.0,12139545.454545451,37.0
2026-04-05,정상,잡화,2379309.090909091,20.0,6790681.8181818165,45.0
2026-04-06,이월,골프,2424263.636363636,16.0,7214736.363636362,27.0
2026-04-06,이월,남성,7962972.7272727275,48.0,20650445.454545457,110.0
2026-04-06,이월,슈즈,-609636.3636363635,-1.0,181636.36363636362,1.0
2026-04-06,이월,스포츠,674909.0909090908,11.0,1212818.1818181819,17.0
2026-04-06,이월,여성,-1322909.090909091,16.0,18846899.99999999,81.0
2026-04-06,이월,잡화,3000000.0,18.0,9643399.999999998,51.0
2026-04-06,입점,골프,35636.36363636366,1.0,2792027.2727272734,27.0
2026-04-06,입점,남성,197145.4545454546,4.0,2509745.454545454,15.0
2026-04-06,입점,리빙,483745.4545454545,3.0,-953509.0909090905,20.0
2026-04-06,입점,명품,994545.4545454546,7.0,-4052636.3636363624,3.0
2026-04-06,입점,뷰티,1643454.5454545454,22.0,1262827.2727272725,33.0
2026-04-06,입점,슈즈,603863.6363636362,3.0,448136.36363636365,6.0
2026-04-06,입점,스포츠,427363.6363636363,5.0,940063.6363636362,13.0
2026-04-06,입점,아웃도어,150909.09090909088,2.0,744545.4545454544,6.0
2026-04-06,입점,여성,180818.1818181818,4.0,4127463.636363636,18.0
2026-04-06,입점,잡화,0.0,0.0,1123981.8181818184,-2.0
2026-04-06,입점,키즈,154763.63636363635,3.0,981761.8181818184,13.0
2026-04-06,정상,골프,110100.0,2.0,1600718.1818181816,7.0
2026-04-06,정상,남성,946427.2727272728,10.0,5854627.272727273,37.0
2026-04-06,정상,뷰티,25454.545454545452,1.0,0.0,0.0
2026-04-06,정상,슈즈,747272.7272727273,7.0,1073636.3636363633,8.0
2026-04-06,정상,스포츠,372909.0909090909,4.0,1632363.636363636,11.0
2026-04-06,정상,여성,-444545.4545454545,1.0,1705454.5454545445,4.0
2026-04-06,정상,잡화,3173381.8181818184,25.0,4069754.545454546,33.0
2026-04-07,이월,골프,2657727.2727272725,19.0,9026672.727272727,45.0
2026-04-07,이월,남성,7692881.818181818,53.0,22288572.727272727,128.0
2026-04-07,이월,슈즈,638154.5454545454,4.0,781545.4545454546,5.0
2026-04-07,이월,스포츠,2116954.545454545,13.0,3111872.7272727275,29.0
2026-04-07,이월,여성,6143818.18181818,29.0,27900418.181818187,106.0
2026-04-07,이월,잡화,3306072.727272727,20.0,11653454.545454543,68.0
2026-04-07,입점,골프,1898563.6363636362,17.0,6411136.363636362,42.0
2026-04-07,입점,남성,476727.2727272727,5.0,3787936.363636363,42.0
2026-04-07,입점,리빙,199363.63636363632,4.0,2615663.6363636376,24.0
2026-04-07,입점,명품,4002999.999999999,9.0,5182954.545454544,12.0
2026-04-07,입점,뷰티,897327.2727272727,26.0,3336609.09090909,39.0
2026-04-07,입점,슈즈,0.0,0.0,2114554.5454545454,13.0
2026-04-07,입점,스포츠,486000.0,9.0,3081136.3636363638,37.0
2026-04-07,입점,아웃도어,1008909.0909090908,7.0,1204681.818181818,6.0
2026-04-07,입점,여성,98045.45454545454,1.0,1957200.0,13.0
2026-04-07,입점,잡화,86000.0,3.0,307572.72727272724,7.0
2026-04-07,입점,키즈,83045.45454545453,2.0,431545.45454545453,9.0
2026-04-07,정상,골프,691245.4545454545,5.0,1980872.7272727273,17.0
2026-04-07,정상,남성,2206372.727272727,15.0,12168209.090909088,59.0
2026-04-07,정상,뷰티,0.0,0.0,34000.0,2.0
2026-04-07,정상,슈즈,1422727.2727272727,13.0,764545.4545454545,9.0
2026-04-07,정상,스포츠,846545.4545454545,6.0,1100545.4545454541,8.0
2026-04-07,정상,여성,2181000.0,5.0,5556909.090909089,15.0
2026-04-07,정상,잡화,5010663.636363635,36.0,9628854.545454545,55.0
2026-04-08,이월,골프,2549527.2727272725,21.0,8790745.454545453,46.0
2026-04-08,이월,남성,6014754.545454543,35.0,36292290.90909091,154.0
2026-04-08,이월,슈즈,1000909.0909090909,8.0,804999.9999999999,4.0
2026-04-08,이월,스포츠,207000.0,5.0,2773727.272727273,34.0
2026-04-08,이월,여성,6800409.09090909,27.0,28332736.363636356,94.0
2026-04-08,이월,잡화,3839672.7272727266,29.0,8291527.272727273,46.0
2026-04-08,입점,골프,557945.4545454545,8.0,6787336.363636362,44.0
2026-04-08,입점,남성,-86909.09090909091,7.0,2730927.2727272725,33.0
2026-04-08,입점,리빙,664181.8181818181,5.0,3859963.636363636,31.0
2026-04-08,입점,명품,1839727.2727272725,8.0,1317545.4545454537,7.0
2026-04-08,입점,뷰티,1259290.909090909,21.0,2358499.9999999995,35.0
2026-04-08,입점,슈즈,429090.90909090906,3.0,1020272.7272727273,9.0
2026-04-08,입점,스포츠,634181.8181818181,7.0,1155545.4545454544,15.0
2026-04-08,입점,아웃도어,251818.1818181818,4.0,2388181.8181818184,21.0
2026-04-08,입점,여성,345890.90909090906,3.0,1282563.6363636365,8.0
2026-04-08,입점,잡화,-18181.818181818177,0.0,172527.27272727276,2.0
2026-04-08,입점,키즈,-141790.90909090906,-3.0,459277.2727272726,6.0
2026-04-08,정상,골프,461181.8181818181,4.0,3016045.4545454546,17.0
2026-04-08,정상,남성,2567263.6363636362,10.0,15688800.0,63.0
2026-04-08,정상,뷰티,114818.18181818181,4.0,80727.27272727272,2.0
2026-04-08,정상,슈즈,2630909.090909091,23.0,1650000.0,10.0
2026-04-08,정상,스포츠,487454.5454545454,5.0,568181.8181818181,5.0
2026-04-08,정상,여성,4496363.636363637,8.0,8006545.454545456,17.0
2026-04-08,정상,잡화,6694999.999999999,39.0,8064409.090909091,57.0
2026-04-09,이월,골프,319472.7272727273,3.0,5464263.636363635,43.0
2026-04-09,이월,남성,3365745.454545453,29.0,23202290.909090914,100.0
2026-04-09,이월,슈즈,-40454.54545454545,2.0,1244181.8181818181,5.0
2026-04-09,이월,스포츠,487090.90909090906,8.0,1157000.0,12.0
2026-04-09,이월,여성,3657954.545454545,19.0,22111072.727272727,69.0
2026-04-09,이월,잡화,2461509.0909090913,19.0,9795890.909090906,62.0
2026-04-09,입점,골프,-722163.6363636365,3.0,828245.4545454541,17.0
2026-04-09,입점,남성,132181.81818181818,4.0,2811536.3636363633,36.0
2026-04-09,입점,리빙,-200454.54545454544,3.0,5307236.363636363,40.0
2026-04-09,입점,명품,270545.4545454546,3.0,5460454.545454546,13.0
2026-04-09,입점,뷰티,760154.5454545454,15.0,1317036.3636363635,35.0
2026-04-09,입점,슈즈,-189090.9090909091,-1.0,519090.90909090906,3.0
2026-04-09,입점,스포츠,-59181.81818181815,2.0,480909.0909090909,9.0
2026-04-09,입점,아웃도어,247181.81818181815,2.0,-130363.6363636364,-4.0
2026-04-09,입점,여성,808272.7272727272,6.0,1461300.0,24.0
2026-04-09,입점,잡화,7272.727272727274,-1.0,263918.18181818177,4.0
2026-04-09,입점,키즈,64181.818181818184,0.0,195436.3636363636,10.0
2026-04-09,정상,골프,270727.2727272727,1.0,1989981.8181818181,11.0
2026-04-09,정상,남성,2429972.7272727266,8.0,3167581.8181818174,16.0
2026-04-09,정상,뷰티,45000.0,2.0,0.0,0.0
2026-04-09,정상,슈즈,937272.7272727272,7.0,258181.8181818182,3.0
2026-04-09,정상,스포츠,758363.6363636364,6.0,970727.2727272726,7.0
2026-04-09,정상,여성,1461090.9090909087,3.0,5244272.727272727,18.0
2026-04-09,정상,잡화,2186709.090909091,17.0,4242618.181818182,26.0
2026-04-10,이월,골프,-14136.363636363705,1.0,6178990.909090909,38.0
2026-04-10,이월,남성,3680818.181818181,19.0,20467672.727272734,67.0
2026-04-10,이월,슈즈,195000.0,3.0,0.0,0.0
2026-04-10,이월,스포츠,455818.18181818177,6.0,364781.8181818182,16.0
2026-04-10,이월,여성,2159545.454545454,10.0,25947772.727272727,81.0
2026-04-10,이월,잡화,2586836.3636363633,12.0,6532381.818181817,39.0
2026-04-10,입점,골프,732999.9999999999,5.0,3392463.636363636,29.0
2026-04-10,입점,남성,98181.81818181818,1.0,267354.5454545454,7.0
2026-04-10,입점,리빙,346090.90909090906,5.0,1492018.1818181816,22.0
2026-04-10,입점,명품,3537181.818181818,1.0,4019999.9999999995,18.0
2026-04-10,입점,뷰티,481636.36363636365,11.0,2075154.5454545452,38.0
2026-04-10,입점,슈즈,-305454.5454545454,-2.0,71636.36363636359,3.0
2026-04-10,입점,스포츠,641363.6363636362,6.0,699363.6363636362,10.0
2026-04-10,입점,아웃도어,662481.8181818181,6.0,1433772.7272727275,19.0
2026-04-10,입점,여성,-174800.0,-2.0,-220718.181818182,10.0
2026-04-10,입점,잡화,156227.27272727274,4.0,432181.8181818182,6.0
2026-04-10,입점,키즈,210718.1818181818,3.0,1192700.0,19.0
2026-04-10,정상,골프,192272.72727272724,2.0,2029263.6363636362,12.0
2026-04-10,정상,남성,-47336.36363636358,3.0,5067445.454545454,26.0
2026-04-10,정상,뷰티,40363.63636363636,1.0,0.0,0.0
2026-04-10,정상,슈즈,478181.8181818181,4.0,333636.36363636365,3.0
2026-04-10,정상,스포츠,652181.8181818181,6.0,741272.7272727271,4.0
2026-04-10,정상,여성,-149818.18181818177,1.0,7305363.636363635,19.0
2026-04-10,정상,잡화,1760727.2727272727,15.0,4407645.454545454,36.0
2026-04-11,이월,골프,908163.6363636362,4.0,10249381.818181816,50.0
2026-04-11,이월,남성,3552281.8181818174,14.0,27493490.90909091,117.0
2026-04-11,이월,슈즈,-103363.63636363638,1.0,190272.72727272726,2.0
2026-04-11,이월,스포츠,181272.72727272726,3.0,1349118.1818181816,17.0
2026-04-11,이월,여성,914818.1818181814,6.0,25191827.272727273,96.0
2026-04-11,이월,잡화,3239818.1818181816,18.0,9400754.545454545,58.0
2026-04-11,입점,골프,720454.5454545454,2.0,6616463.636363636,67.0
2026-04-11,입점,남성,485000.0,4.0,3037627.272727272,21.0
2026-04-11,입점,리빙,88727.27272727272,2.0,1793127.272727273,25.0
2026-04-11,입점,명품,1180272.7272727273,3.0,8927818.181818182,22.0
2026-04-11,입점,뷰티,544272.7272727272,13.0,1440509.0909090908,31.0
2026-04-11,입점,슈즈,0.0,0.0,858772.7272727273,8.0
2026-04-11,입점,스포츠,385181.8181818181,5.0,1232436.363636364,18.0
2026-04-11,입점,아웃도어,43090.90909090909,1.0,973354.5454545453,11.0
2026-04-11,입점,여성,781790.9090909091,7.0,2221963.6363636362,22.0
2026-04-11,입점,잡화,114545.45454545453,0.0,1535927.2727272727,13.0
2026-04-11,입점,키즈,0.0,0.0,2907009.09090909,36.0
2026-04-11,정상,골프,487954.5454545454,3.0,1087781.8181818181,9.0
2026-04-11,정상,남성,1316636.3636363638,2.0,7058881.818181816,33.0
2026-04-11,정상,뷰티,18000.0,1.0,60454.54545454544,2.0
2026-04-11,정상,슈즈,755454.5454545454,7.0,99090.90909090909,2.0
2026-04-11,정상,스포츠,331818.18181818177,3.0,1360590.909090909,8.0
2026-04-11,정상,여성,-633636.3636363636,-2.0,6094636.363636364,18.0
2026-04-11,정상,잡화,1597490.9090909087,10.0,1729972.727272727,14.0
2026-04-12,이월,골프,1486818.1818181816,11.0,11842672.727272728,60.0
2026-04-12,이월,남성,5770345.454545453,21.0,36763645.45454546,160.0
2026-04-12,이월,슈즈,240545.45454545453,2.0,784727.2727272727,6.0
2026-04-12,이월,스포츠,556636.3636363635,8.0,1451909.0909090906,20.0
2026-04-12,이월,여성,4569136.363636364,20.0,46249363.63636364,184.0
2026-04-12,이월,잡화,2896636.3636363633,21.0,9584899.999999998,71.0
2026-04-12,입점,골프,1437436.3636363635,9.0,6545363.636363638,61.0
2026-04-12,입점,남성,61909.090909090904,1.0,4025863.6363636353,44.0
2026-04-12,입점,리빙,57363.63636363636,3.0,3886718.181818181,50.0
2026-04-12,입점,명품,1478909.0909090908,9.0,8128363.636363635,25.0
2026-04-12,입점,뷰티,459909.0909090908,11.0,2101090.9090909082,44.0
2026-04-12,입점,슈즈,0.0,0.0,1120863.6363636362,7.0
2026-04-12,입점,스포츠,922909.0909090908,9.0,1746272.7272727275,25.0
2026-04-12,입점,아웃도어,593818.1818181818,6.0,2625909.0909090904,28.0
2026-04-12,입점,여성,611154.5454545454,4.0,4499800.000000001,39.0
2026-04-12,입점,잡화,57272.727272727265,1.0,646590.9090909091,8.0
2026-04-12,입점,키즈,594454.5454545454,7.0,3047000.0,37.0
2026-04-12,정상,골프,343818.18181818177,3.0,4291263.636363637,27.0
2026-04-12,정상,남성,1843454.5454545454,8.0,15693954.545454547,69.0
2026-04-12,정상,뷰티,0.0,0.0,186727.27272727274,3.0
2026-04-12,정상,슈즈,811818.1818181818,6.0,738181.8181818181,5.0
2026-04-12,정상,스포츠,734545.4545454545,4.0,831454.5454545454,6.0
2026-04-12,정상,여성,436545.45454545453,3.0,12489545.45454545,36.0
2026-04-12,정상,잡화,3755818.1818181807,21.0,5812681.8181818165,37.0
2026-04-13,이월,골프,1515036.3636363635,6.0,7845918.181818183,51.0
2026-04-13,이월,남성,1604836.3636363633,16.0,27519936.363636382,125.0
2026-04-13,이월,슈즈,-7636.363636363632,1.0,849972.7272727271,7.0
2026-04-13,이월,스포츠,352363.6363636363,6.0,1045909.0909090909,13.0
2026-04-13,이월,여성,457772.7272727271,2.0,23292345.454545464,98.0
2026-04-13,이월,잡화,1679999.9999999995,16.0,9160627.272727268,58.0
2026-04-13,입점,골프,373109.0909090909,4.0,9663527.272727275,81.0
2026-04-13,입점,남성,891309.0909090909,7.0,3486327.272727273,46.0
2026-04-13,입점,리빙,2687418.181818182,5.0,1284909.0909090908,21.0
2026-04-13,입점,명품,1082909.0909090908,5.0,4322954.545454544,8.0
2026-04-13,입점,뷰티,1038409.0909090908,15.0,1772627.2727272722,38.0
2026-04-13,입점,슈즈,0.0,0.0,949045.4545454546,7.0
2026-04-13,입점,스포츠,1023909.0909090908,4.0,1580363.6363636362,23.0
2026-04-13,입점,아웃도어,284999.99999999994,4.0,347645.4545454545,8.0
2026-04-13,입점,여성,443654.5454545454,2.0,851563.6363636364,4.0
2026-04-13,입점,잡화,38863.63636363636,1.0,-91836.36363636368,4.0
2026-04-13,입점,키즈,167390.90909090906,2.0,4088252.7272727285,49.0
2026-04-13,정상,골프,674181.8181818181,4.0,1521190.9090909092,14.0
2026-04-13,정상,남성,583609.0909090909,3.0,5202609.09090909,32.0
2026-04-13,정상,뷰티,28999.999999999996,1.0,282727.2727272727,2.0
2026-04-13,정상,슈즈,80000.0,1.0,279090.90909090906,4.0
2026-04-13,정상,스포츠,1100181.8181818181,6.0,1209090.909090909,9.0
2026-04-13,정상,여성,-778636.3636363635,-1.0,6911000.0,16.0
2026-04-13,정상,잡화,1961909.0909090913,13.0,6174536.363636365,40.0
2026-04-14,이월,골프,1879499.9999999995,8.0,5448145.454545453,34.0
2026-04-14,이월,남성,2127799.9999999995,21.0,14941363.636363639,116.0
2026-04-14,이월,슈즈,0.0,0.0,577727.2727272727,5.0
2026-04-14,이월,스포츠,585727.2727272727,11.0,242181.81818181812,11.0
2026-04-14,이월,여성,555136.3636363636,16.0,12126072.727272725,86.0
2026-04-14,이월,잡화,1474618.1818181816,13.0,8006981.8181818165,44.0
2026-04-14,입점,골프,1096636.3636363638,9.0,6927372.727272726,47.0
2026-04-14,입점,남성,528727.2727272727,3.0,1682090.9090909087,23.0
2026-04-14,입점,리빙,332272.7272727273,4.0,2525827.2727272725,21.0
2026-04-14,입점,명품,1780999.9999999998,8.0,3436409.090909091,24.0
2026-04-14,입점,뷰티,702063.6363636364,15.0,1339090.9090909087,29.0
2026-04-14,입점,슈즈,80909.0909090909,1.0,-477627.27272727265,1.0
2026-04-14,입점,스포츠,1032363.6363636362,7.0,974136.3636363634,10.0
2026-04-14,입점,아웃도어,314909.0909090909,6.0,3672227.272727272,36.0
2026-04-14,입점,여성,484727.2727272727,5.0,1223727.272727273,18.0
2026-04-14,입점,잡화,376045.4545454545,3.0,478499.99999999994,5.0
2026-04-14,입점,키즈,566827.2727272727,9.0,2880618.181818181,46.0
2026-04-14,정상,골프,513272.72727272724,4.0,1970463.636363636,14.0
2026-04-14,정상,남성,711118.1818181816,6.0,4760345.454545454,20.0
2026-04-14,정상,뷰티,0.0,0.0,528727.2727272728,2.0
2026-04-14,정상,슈즈,241818.1818181818,4.0,-909.0909090908826,1.0
2026-04-14,정상,스포츠,1321090.909090909,9.0,1205136.3636363635,11.0
2026-04-14,정상,여성,-965181.8181818181,1.0,8459181.818181816,27.0
2026-04-14,정상,잡화,2443872.727272727,14.0,5272527.272727271,37.0
2026-04-15,이월,골프,805018.1818181816,6.0,4237127.272727272,35.0
2026-04-15,이월,남성,5651281.818181817,30.0,19981472.727272734,133.0
2026-04-15,이월,슈즈,505545.4545454545,4.0,190272.7272727273,0.0
2026-04-15,이월,스포츠,159727.27272727274,2.0,733909.0909090907,13.0
2026-04-15,이월,여성,3054281.818181818,19.0,16100890.90909091,108.0
2026-04-15,이월,잡화,4689381.818181818,29.0,8087754.545454543,49.0
2026-04-15,입점,골프,1512727.2727272725,13.0,5629363.636363635,61.0
2026-04-15,입점,남성,589636.3636363635,6.0,1796854.5454545454,26.0
2026-04-15,입점,리빙,802999.9999999999,6.0,2077000.0,16.0
2026-04-15,입점,명품,1493090.9090909094,4.0,5431099.999999999,18.0
2026-04-15,입점,뷰티,772645.4545454545,15.0,1591827.2727272727,28.0
2026-04-15,입점,슈즈,0.0,0.0,-87818.18181818182,0.0
2026-04-15,입점,스포츠,876545.4545454544,8.0,2090136.3636363633,32.0
2026-04-15,입점,아웃도어,551818.1818181818,7.0,901181.8181818182,9.0
2026-04-15,입점,여성,89472.7272727272,1.0,1813209.0909090908,12.0
2026-04-15,입점,잡화,70000.0,1.0,686672.7272727273,6.0
2026-04-15,입점,키즈,164054.54545454544,2.0,2985727.272727273,49.0
2026-04-15,정상,골프,310590.90909090906,5.0,898809.0909090906,12.0
2026-04-15,정상,남성,2070318.1818181814,16.0,3024981.8181818184,22.0
2026-04-15,정상,뷰티,13636.363636363636,1.0,30909.090909090908,0.0
2026-04-15,정상,슈즈,891818.1818181819,8.0,1028181.8181818181,7.0
2026-04-15,정상,스포츠,5636.363636363632,0.0,632000.0,5.0
2026-04-15,정상,여성,270363.63636363635,3.0,4715318.181818182,16.0
2026-04-15,정상,잡화,3063709.090909091,24.0,2605636.3636363638,22.0
2026-04-16,이월,골프,2201363.6363636367,10.0,7705463.636363635,36.0
2026-04-16,이월,남성,7356999.999999999,44.0,12922890.909090918,82.0
2026-04-16,이월,슈즈,190909.09090909088,2.0,256363.63636363635,2.0
2026-04-16,이월,스포츠,374181.8181818181,5.0,749000.0,13.0
2026-04-16,이월,여성,4051863.636363636,14.0,15656190.909090906,85.0
2026-04-16,이월,잡화,4003109.09090909,27.0,7318236.363636361,52.0
2026-04-16,입점,골프,864018.1818181816,11.0,8303454.545454541,47.0
2026-04-16,입점,남성,307636.3636363636,3.0,1699990.909090909,29.0
2026-04-16,입점,리빙,317900.0,4.0,2990427.2727272725,22.0
2026-04-16,입점,명품,4217909.09090909,13.0,8340727.2727272725,19.0
2026-04-16,입점,뷰티,549818.1818181818,11.0,1780945.4545454541,23.0
2026-04-16,입점,슈즈,0.0,0.0,426499.9999999999,4.0
2026-04-16,입점,스포츠,854909.0909090907,8.0,1060636.3636363635,13.0
2026-04-16,입점,아웃도어,421000.0,5.0,2097636.363636363,23.0
2026-04-16,입점,여성,-212418.1818181818,-3.0,2214109.0909090904,12.0
2026-04-16,입점,잡화,-40090.90909090909,-1.0,1699290.9090909092,12.0
2026-04-16,입점,키즈,177963.63636363635,2.0,3162408.1818181816,30.0
2026-04-16,정상,골프,586272.7272727272,4.0,2606954.545454546,19.0
2026-04-16,정상,남성,922454.5454545454,11.0,3682318.1818181816,33.0
2026-04-16,정상,뷰티,38636.36363636363,1.0,24999.999999999996,1.0
2026-04-16,정상,슈즈,1271818.1818181816,6.0,884545.4545454544,7.0
2026-04-16,정상,스포츠,122000.0,1.0,-182909.09090909085,-1.0
2026-04-16,정상,여성,1377909.0909090908,7.0,4166090.9090909087,15.0
2026-04-16,정상,잡화,2448363.6363636353,20.0,6345209.090909092,37.0
2026-04-17,이월,골프,2437127.2727272725,7.0,5360063.636363637,33.0
2026-04-17,이월,남성,6514190.909090908,37.0,17456745.45454545,107.0
2026-04-17,이월,슈즈,-7363.636363636368,0.0,333090.90909090906,1.0
2026-04-17,이월,스포츠,174090.9090909091,3.0,430272.7272727273,10.0
2026-04-17,이월,여성,4181409.090909091,24.0,19656354.54545455,78.0
2026-04-17,이월,잡화,1279072.7272727273,11.0,7679454.545454544,52.0
2026-04-17,입점,골프,1720363.6363636358,15.0,8053045.454545454,74.0
2026-04-17,입점,남성,689554.5454545454,8.0,1720227.2727272725,20.0
2026-04-17,입점,리빙,283727.2727272727,3.0,1598772.7272727273,16.0
2026-04-17,입점,명품,-5380999.999999999,3.0,862190.9090909087,12.0
2026-04-17,입점,뷰티,449109.09090909094,9.0,540954.5454545454,11.0
2026-04-17,입점,슈즈,189090.9090909091,1.0,861863.6363636362,4.0
2026-04-17,입점,스포츠,841545.4545454545,11.0,1371018.1818181816,18.0
2026-04-17,입점,아웃도어,-319727.2727272727,0.0,1321227.272727273,25.0
2026-04-17,입점,여성,-112236.36363636359,-1.0,-231781.818181818,10.0
2026-04-17,입점,잡화,117636.36363636363,3.0,229354.54545454547,7.0
2026-04-17,입점,키즈,210109.0909090909,3.0,1421163.6363636362,17.0
2026-04-17,정상,골프,-88954.54545454544,1.0,3310418.181818181,17.0
2026-04-17,정상,남성,1717590.9090909087,11.0,2141690.909090909,20.0
2026-04-17,정상,뷰티,127818.18181818182,4.0,38000.0,1.0
2026-04-17,정상,슈즈,1080000.0,11.0,712727.2727272727,6.0
2026-04-17,정상,스포츠,450909.0909090909,4.0,95454.54545454546,1.0
2026-04-17,정상,여성,372909.0909090909,2.0,1502181.8181818174,11.0
2026-04-17,정상,잡화,1905272.727272727,14.0,3324363.6363636362,22.0
2026-04-18,이월,골프,1351327.2727272725,8.0,9921990.90909091,52.0
2026-04-18,이월,남성,5204927.272727271,35.0,34499845.45454547,178.0
2026-04-18,이월,슈즈,523454.54545454535,4.0,975545.4545454546,5.0
2026-04-18,이월,스포츠,96999.99999999999,3.0,1341545.4545454546,20.0
2026-04-18,이월,여성,4875454.545454545,24.0,21158227.272727277,100.0
2026-04-18,이월,잡화,2211872.727272727,13.0,5603218.18181818,31.0
2026-04-18,입점,골프,1045954.5454545453,10.0,11273881.818181813,90.0
2026-04-18,입점,남성,610409.0909090907,10.0,4940872.7272727275,42.0
2026-04-18,입점,리빙,12636.363636363636,1.0,861372.7272727275,10.0
2026-04-18,입점,명품,1886000.0000000002,8.0,6917727.2727272725,36.0
2026-04-18,입점,뷰티,948199.9999999999,13.0,1122100.0,21.0
2026-04-18,입점,슈즈,0.0,0.0,810545.4545454546,5.0
2026-04-18,입점,스포츠,820000.0,5.0,835709.0909090909,19.0
2026-04-18,입점,아웃도어,103181.81818181818,2.0,2252218.1818181816,24.0
2026-04-18,입점,여성,54672.727272727265,2.0,3896672.727272727,23.0
2026-04-18,입점,잡화,156818.1818181818,2.0,1662072.7272727266,8.0
2026-04-18,입점,키즈,91772.72727272726,2.0,2228740.0,38.0
2026-04-18,정상,골프,122863.63636363635,1.0,5123654.545454545,21.0
2026-04-18,정상,남성,1866881.8181818184,5.0,10595854.545454543,55.0
2026-04-18,정상,뷰티,-19090.90909090909,-1.0,49818.181818181816,1.0
2026-04-18,정상,슈즈,683636.3636363635,8.0,1220000.0,8.0
2026-04-18,정상,스포츠,641818.1818181818,4.0,207272.72727272724,2.0
2026-04-18,정상,여성,1866363.6363636365,5.0,6323181.818181819,27.0
2026-04-18,정상,잡화,1233272.727272727,8.0,2684754.545454545,15.0
2026-04-19,이월,골프,2379772.7272727275,14.0,9105890.909090908,50.0
2026-04-19,이월,남성,8485890.909090908,40.0,41443327.27272727,203.0
2026-04-19,이월,슈즈,46909.090909090904,1.0,498363.6363636363,4.0
2026-04-19,이월,스포츠,447454.5454545454,8.0,1090909.090909091,23.0
2026-04-19,이월,여성,5772027.272727273,27.0,38152390.9090909,173.0
2026-04-19,이월,잡화,1797563.636363636,13.0,10370327.272727272,73.0
2026-04-19,입점,골프,2397818.181818182,12.0,13066854.545454549,97.0
2026-04-19,입점,남성,1125727.2727272725,4.0,3676236.3636363638,38.0
2026-04-19,입점,리빙,305636.36363636365,6.0,2648227.2727272725,24.0
2026-04-19,입점,명품,1519545.4545454546,7.0,18137181.818181816,39.0
2026-04-19,입점,뷰티,563818.1818181818,12.0,880509.0909090909,19.0
2026-04-19,입점,슈즈,47045.454545454544,1.0,1358954.5454545452,10.0
2026-04-19,입점,스포츠,86636.3636363636,5.0,3308890.909090909,49.0
2026-04-19,입점,아웃도어,112363.63636363635,2.0,2848863.6363636362,35.0
2026-04-19,입점,여성,690181.8181818181,8.0,2207599.9999999995,22.0
2026-04-19,입점,잡화,81818.18181818181,1.0,488363.63636363624,8.0
2026-04-19,입점,키즈,0.0,0.0,3714009.0909090894,43.0
2026-04-19,정상,골프,796090.909090909,5.0,4375845.454545454,28.0
2026-04-19,정상,남성,2492954.545454545,10.0,10796363.636363631,51.0
2026-04-19,정상,뷰티,0.0,0.0,119999.99999999999,3.0
2026-04-19,정상,슈즈,603636.3636363636,6.0,577272.7272727272,4.0
2026-04-19,정상,스포츠,703636.3636363635,4.0,71818.18181818181,1.0
2026-04-19,정상,여성,2135000.0,5.0,12568545.454545455,50.0
2026-04-19,정상,잡화,2054981.818181818,11.0,5327636.363636362,31.0
2026-04-20,이월,골프,723772.7272727273,7.0,8259463.636363637,41.0
2026-04-20,이월,남성,4432281.818181817,34.0,20670309.09090909,104.0
2026-04-20,이월,슈즈,-41000.0,1.0,385272.7272727273,5.0
2026-04-20,이월,스포츠,198818.18181818182,5.0,714909.0909090908,10.0
2026-04-20,이월,여성,1951690.9090909085,11.0,7868999.999999998,54.0
2026-04-20,이월,잡화,2351872.727272727,20.0,9132090.909090906,50.0
2026-04-20,입점,골프,475409.0909090909,7.0,7219190.909090908,47.0
2026-04-20,입점,남성,442536.3636363636,-3.0,1900727.2727272727,27.0
2026-04-20,입점,리빙,937454.5454545454,4.0,4533600.0,30.0
2026-04-20,입점,명품,2907727.2727272725,7.0,-2609818.1818181826,2.0
2026-04-20,입점,뷰티,531836.3636363635,10.0,1545854.5454545452,32.0
2026-04-20,입점,슈즈,47045.454545454544,1.0,901999.9999999998,5.0
2026-04-20,입점,스포츠,350545.45454545453,3.0,1489045.4545454541,19.0
2026-04-20,입점,아웃도어,402727.2727272727,3.0,1894636.3636363638,21.0
2026-04-20,입점,여성,-469190.90909090906,-4.0,64099.999999999825,11.0
2026-04-20,입점,잡화,-13545.454545454537,1.0,143409.090909091,12.0
2026-04-20,입점,키즈,118909.09090909088,4.0,1031763.6363636362,8.0
2026-04-20,정상,골프,493909.0909090908,4.0,3561972.7272727275,21.0
2026-04-20,정상,남성,1046045.4545454546,7.0,9438109.090909092,51.0
2026-04-20,정상,뷰티,19090.90909090909,0.0,22636.363636363636,1.0
2026-04-20,정상,슈즈,820000.0,6.0,596363.6363636362,3.0
2026-04-20,정상,스포츠,373636.36363636365,2.0,690181.8181818181,4.0
2026-04-20,정상,여성,263636.36363636365,2.0,6247181.818181818,21.0
2026-04-20,정상,잡화,2576090.9090909087,20.0,3510363.6363636367,27.0
2026-04-21,이월,골프,1924272.727272727,10.0,5268300.000000002,31.0
2026-04-21,이월,남성,6085045.454545453,35.0,17093281.81818182,96.0
2026-04-21,이월,슈즈,126181.81818181818,3.0,-478181.8181818182,-2.0
2026-04-21,이월,스포츠,458318.18181818177,4.0,266545.4545454545,5.0
2026-04-21,이월,여성,6166818.181818182,26.0,14952409.090909092,61.0
2026-04-21,이월,잡화,2911672.727272728,19.0,5120190.909090909,31.0
2026-04-21,입점,골프,2443563.636363636,11.0,6002445.454545455,39.0
2026-04-21,입점,남성,280818.1818181819,4.0,2041336.3636363633,21.0
2026-04-21,입점,리빙,393909.0909090908,9.0,4625727.272727273,36.0
2026-04-21,입점,명품,4138318.181818182,14.0,2563454.545454545,10.0
2026-04-21,입점,뷰티,490363.63636363635,11.0,1239036.3636363635,28.0
2026-04-21,입점,슈즈,0.0,0.0,521727.2727272727,3.0
2026-04-21,입점,스포츠,445181.8181818181,5.0,1268045.4545454546,14.0
2026-04-21,입점,아웃도어,130545.45454545453,3.0,1457681.818181818,19.0
2026-04-21,입점,여성,-42163.63636363636,-2.0,2592490.9090909087,25.0
2026-04-21,입점,잡화,0.0,0.0,1024636.3636363634,11.0
2026-04-21,입점,키즈,132909.0909090909,2.0,1478509.0909090904,13.0
2026-04-21,정상,골프,515909.0909090909,5.0,2251963.6363636362,14.0
2026-04-21,정상,남성,1662500.0,8.0,3280054.5454545463,15.0
2026-04-21,정상,뷰티,76636.36363636363,3.0,219999.99999999997,2.0
2026-04-21,정상,슈즈,8181.818181818191,1.0,1239090.909090909,6.0
2026-04-21,정상,스포츠,-23454.54545454544,0.0,0.0,0.0
2026-04-21,정상,여성,659727.2727272726,2.0,2108545.454545455,9.0
2026-04-21,정상,잡화,629181.8181818182,4.0,2795954.545454546,19.0
2026-04-22,이월,골프,990318.1818181815,9.0,5422736.363636364,31.0
2026-04-22,이월,남성,6113581.818181818,37.0,16944490.90909091,94.0
2026-04-22,이월,슈즈,432818.18181818177,4.0,1448636.3636363635,4.0
2026-04-22,이월,스포츠,275090.9090909091,5.0,1014363.6363636365,16.0
2026-04-22,이월,여성,6544545.454545452,26.0,20257909.090909086,74.0
2026-04-22,이월,잡화,1973509.0909090908,18.0,5844745.454545454,35.0
2026-04-22,입점,골프,1339081.8181818184,8.0,6902472.7272727275,60.0
2026-04-22,입점,남성,108090.90909090906,-1.0,2392199.9999999995,20.0
2026-04-22,입점,리빙,936363.6363636362,4.0,1124227.2727272727,16.0
2026-04-22,입점,명품,1421272.727272727,7.0,785818.1818181821,17.0
2026-04-22,입점,뷰티,1024418.1818181816,16.0,2654972.727272727,29.0
2026-04-22,입점,슈즈,0.0,0.0,1083818.1818181816,4.0
2026-04-22,입점,스포츠,1021272.7272727274,11.0,1950036.363636363,28.0
2026-04-22,입점,아웃도어,-30636.36363636361,0.0,2196590.909090909,26.0
2026-04-22,입점,여성,680863.6363636364,8.0,2512681.818181818,30.0
2026-04-22,입점,잡화,202272.72727272724,2.0,416036.36363636365,5.0
2026-04-22,입점,키즈,175972.72727272726,3.0,712217.2727272727,13.0
2026-04-22,정상,골프,1013899.9999999997,9.0,1555672.7272727273,12.0
2026-04-22,정상,남성,1433336.3636363633,8.0,10693936.363636361,49.0
2026-04-22,정상,뷰티,0.0,0.0,181727.2727272727,3.0
2026-04-22,정상,슈즈,332727.2727272727,3.0,1550000.0,3.0
2026-04-22,정상,스포츠,152727.2727272727,2.0,877454.5454545453,6.0
2026-04-22,정상,여성,2792000.0,7.0,6523272.72727273,25.0
2026-04-22,정상,잡화,2427072.7272727275,19.0,5935999.999999999,31.0
2026-04-23,이월,골프,1578472.7272727273,11.0,2147063.636363636,19.0
2026-04-23,이월,남성,3707536.3636363647,33.0,16674254.545454543,103.0
2026-04-23,이월,슈즈,5090.909090909088,0.0,662090.9090909091,2.0
2026-04-23,이월,스포츠,475454.5454545454,7.0,699272.7272727272,11.0
2026-04-23,이월,여성,2599681.8181818174,13.0,21649318.181818176,67.0
2026-04-23,이월,잡화,4637163.636363636,17.0,5887236.363636365,36.0
2026-04-23,입점,골프,1255036.3636363633,11.0,8904118.181818182,54.0
2026-04-23,입점,남성,215545.45454545453,4.0,1117481.818181818,16.0
2026-04-23,입점,리빙,375336.36363636365,6.0,1808018.1818181812,12.0
2026-04-23,입점,명품,5275818.181818182,8.0,1725590.909090909,11.0
2026-04-23,입점,뷰티,890954.5454545454,18.0,1958345.4545454544,29.0
2026-04-23,입점,슈즈,164645.45454545453,2.0,749590.9090909091,4.0
2026-04-23,입점,스포츠,474454.5454545454,4.0,896090.9090909092,8.0
2026-04-23,입점,아웃도어,168909.09090909088,2.0,1449818.1818181816,17.0
2026-04-23,입점,여성,15181.818181818162,-1.0,3359218.181818181,31.0
2026-04-23,입점,잡화,750636.3636363635,7.0,886763.6363636362,12.0
2026-04-23,입점,키즈,0.0,0.0,426672.7272727272,4.0
2026-04-23,정상,골프,325363.63636363635,4.0,2506863.636363636,16.0
2026-04-23,정상,남성,738000.0,4.0,5540418.181818182,25.0
2026-04-23,정상,뷰티,57999.99999999999,2.0,14999.999999999998,1.0
2026-04-23,정상,슈즈,1559090.9090909087,14.0,595454.5454545454,5.0
2026-04-23,정상,스포츠,45454.54545454544,1.0,297272.72727272724,3.0
2026-04-23,정상,여성,1437272.7272727273,4.0,9982090.909090905,24.0
2026-04-23,정상,잡화,4025454.5454545454,17.0,3980118.181818182,33.0
2026-04-24,이월,골프,891909.0909090908,9.0,5520627.272727271,33.0
2026-04-24,이월,남성,6461863.636363639,38.0,13412400.0,67.0
2026-04-24,이월,슈즈,126636.36363636363,1.0,89772.7272727273,2.0
2026-04-24,이월,스포츠,268545.45454545453,3.0,484545.4545454545,9.0
2026-04-24,이월,여성,4568454.545454545,16.0,20676863.636363644,70.0
2026-04-24,이월,잡화,1430872.7272727275,13.0,5877545.454545454,26.0
2026-04-24,입점,골프,559909.0909090908,6.0,4679854.545454545,26.0
2026-04-24,입점,남성,178727.2727272727,1.0,2075972.727272727,23.0
2026-04-24,입점,리빙,347272.72727272724,1.0,2448309.090909091,18.0
2026-04-24,입점,명품,3244999.9999999995,10.0,1415272.7272727273,23.0
2026-04-24,입점,뷰티,273181.8181818181,7.0,720945.4545454544,17.0
2026-04-24,입점,슈즈,0.0,0.0,808909.0909090908,7.0
2026-04-24,입점,스포츠,347090.90909090906,5.0,1352572.727272727,14.0
2026-04-24,입점,아웃도어,-13245.45454545453,0.0,2374772.727272727,17.0
2026-04-24,입점,여성,298218.18181818177,5.0,1703809.0909090908,17.0
2026-04-24,입점,잡화,64636.36363636363,1.0,942809.0909090909,9.0
2026-04-24,입점,키즈,64027.27272727272,1.0,1272154.5454545454,13.0
2026-04-24,정상,골프,954118.1818181818,8.0,3846599.999999999,30.0
2026-04-24,정상,남성,3423863.636363636,8.0,7282990.909090909,35.0
2026-04-24,정상,뷰티,0.0,0.0,90272.72727272726,2.0
2026-04-24,정상,슈즈,883636.3636363635,7.0,260000.0,3.0
2026-04-24,정상,스포츠,77272.72727272726,1.0,331818.18181818177,1.0
2026-04-24,정상,여성,1555090.9090909092,5.0,6471681.81818182,19.0
2026-04-24,정상,잡화,2491545.454545454,16.0,7256227.2727272725,34.0
2026-04-25,이월,골프,708772.7272727273,5.0,11986781.81818182,64.0
2026-04-25,이월,남성,4828590.909090907,28.0,16246818.181818182,93.0
2026-04-25,이월,슈즈,-32363.63636363636,-1.0,1442454.5454545454,8.0
2026-04-25,이월,스포츠,138636.36363636362,3.0,1238545.4545454546,10.0
2026-04-25,이월,여성,3440454.5454545445,20.0,37800309.09090909,152.0
2026-04-25,이월,잡화,1459381.8181818181,8.0,6542945.454545453,42.0
2026-04-25,입점,골프,1227109.0909090906,13.0,8198454.545454543,60.0
2026-04-25,입점,남성,767363.6363636365,5.0,3990009.090909091,44.0
2026-04-25,입점,리빙,211599.99999999997,4.0,3415818.1818181816,20.0
2026-04-25,입점,명품,2362000.0,8.0,10625727.272727273,25.0
2026-04-25,입점,뷰티,1208745.4545454544,19.0,2768436.363636364,33.0
2026-04-25,입점,슈즈,0.0,0.0,455999.99999999994,3.0
2026-04-25,입점,스포츠,198454.54545454544,4.0,1455636.3636363638,19.0
2026-04-25,입점,아웃도어,270881.8181818182,4.0,2310363.636363636,22.0
2026-04-25,입점,여성,509909.09090909094,4.0,3142136.3636363633,35.0
2026-04-25,입점,잡화,105636.36363636363,2.0,2891454.545454545,20.0
2026-04-25,입점,키즈,125654.54545454544,1.0,1484718.1818181814,23.0
2026-04-25,정상,골프,678136.3636363635,7.0,4112563.6363636362,21.0
2026-04-25,정상,남성,2083936.3636363638,11.0,9300936.363636363,23.0
2026-04-25,정상,뷰티,16818.181818181816,1.0,29090.90909090909,2.0
2026-04-25,정상,슈즈,397272.7272727273,3.0,621818.1818181818,5.0
2026-04-25,정상,스포츠,285636.3636363636,2.0,433636.3636363636,4.0
2026-04-25,정상,여성,1826181.8181818181,8.0,11629272.727272727,39.0
2026-04-25,정상,잡화,2323545.454545454,18.0,8707790.909090908,44.0
2026-04-26,이월,골프,865045.4545454546,8.0,11582390.909090908,72.0
2026-04-26,이월,남성,7035609.090909092,44.0,33075299.999999996,179.0
2026-04-26,이월,슈즈,552545.4545454545,4.0,547145.4545454545,5.0
2026-04-26,이월,스포츠,537636.3636363635,10.0,895818.1818181819,15.0
2026-04-26,이월,여성,5970418.181818181,27.0,38968481.81818183,164.0
2026-04-26,이월,잡화,2246818.181818181,18.0,9203818.181818182,57.0
2026-04-26,입점,골프,2542536.3636363633,18.0,10063818.181818182,85.0
2026-04-26,입점,남성,227272.72727272726,3.0,2890518.181818182,40.0
2026-04-26,입점,리빙,900181.8181818182,6.0,4311200.0,35.0
2026-04-26,입점,명품,2196545.4545454546,13.0,6308499.999999999,19.0
2026-04-26,입점,뷰티,1346790.909090909,17.0,1600281.8181818181,30.0
2026-04-26,입점,슈즈,105163.63636363635,1.0,714363.6363636362,4.0
2026-04-26,입점,스포츠,137727.2727272727,2.0,1778636.3636363633,21.0
2026-04-26,입점,아웃도어,234000.0,4.0,2243590.9090909087,24.0
2026-04-26,입점,여성,206981.81818181818,4.0,4000099.9999999995,34.0
2026-04-26,입점,잡화,167363.63636363632,2.0,1075772.7272727273,21.0
2026-04-26,입점,키즈,323136.36363636365,3.0,1532390.9090909092,25.0
2026-04-26,정상,골프,341999.99999999994,2.0,6594118.181818182,33.0
2026-04-26,정상,남성,1653909.0909090908,10.0,20360981.818181816,95.0
2026-04-26,정상,뷰티,0.0,0.0,68272.72727272726,3.0
2026-04-26,정상,슈즈,1291090.909090909,10.0,611818.1818181818,5.0
2026-04-26,정상,스포츠,251909.09090909088,2.0,170909.09090909088,2.0
2026-04-26,정상,여성,1623000.0,7.0,21344818.18181818,64.0
2026-04-26,정상,잡화,3082363.6363636362,23.0,11996390.90909091,69.0
2026-04-27,이월,골프,1673409.0909090906,9.0,8638709.09090909,54.0
2026-04-27,이월,남성,5693400.0,32.0,18555654.545454536,120.0
2026-04-27,이월,슈즈,576454.5454545454,3.0,828363.6363636364,4.0
2026-04-27,이월,스포츠,600363.6363636364,4.0,353999.99999999994,6.0
2026-04-27,이월,여성,5456090.909090908,14.0,16523345.454545451,84.0
2026-04-27,이월,잡화,2746327.272727273,15.0,8318763.636363637,41.0
2026-04-27,입점,골프,764290.9090909091,12.0,6702581.818181818,39.0
2026-04-27,입점,남성,588745.4545454546,7.0,1185400.0,23.0
2026-04-27,입점,리빙,395363.63636363635,4.0,2229400.0,32.0
2026-04-27,입점,명품,4041454.545454545,14.0,9133454.545454549,14.0
2026-04-27,입점,뷰티,1107909.0909090908,20.0,2076181.8181818184,37.0
2026-04-27,입점,슈즈,455999.99999999994,3.0,577000.0,3.0
2026-04-27,입점,스포츠,817909.0909090908,7.0,1217290.909090909,19.0
2026-04-27,입점,아웃도어,74181.81818181818,1.0,1946727.2727272725,28.0
2026-04-27,입점,여성,99463.63636363635,2.0,-105563.63636363618,15.0
2026-04-27,입점,잡화,21272.727272727272,1.0,10320209.090909088,12.0
2026-04-27,입점,키즈,246945.45454545456,4.0,1604772.7272727273,22.0
2026-04-27,정상,골프,809781.8181818181,5.0,4010999.9999999995,24.0
2026-04-27,정상,남성,1314499.9999999998,7.0,7486127.272727272,38.0
2026-04-27,정상,뷰티,65272.727272727265,2.0,59272.727272727265,2.0
2026-04-27,정상,슈즈,720909.0909090908,4.0,315454.5454545454,5.0
2026-04-27,정상,스포츠,384727.2727272727,2.0,297272.72727272724,3.0
2026-04-27,정상,여성,3045227.2727272725,9.0,2796363.6363636362,17.0
2026-04-27,정상,잡화,2382999.999999999,17.0,7163563.636363635,49.0
2026-04-28,이월,골프,2017681.8181818181,13.0,6828009.090909091,49.0
2026-04-28,이월,남성,4658409.090909089,32.0,16433972.727272727,102.0
2026-04-28,이월,슈즈,215090.90909090906,1.0,697272.7272727272,6.0
2026-04-28,이월,스포츠,483909.0909090909,6.0,191272.72727272724,2.0
2026-04-28,이월,여성,3649727.272727273,17.0,21346209.090909094,46.0
2026-04-28,이월,잡화,2117381.818181818,17.0,8904927.272727273,50.0
2026-04-28,입점,골프,1706909.0909090908,7.0,2516509.090909091,35.0
2026-04-28,입점,남성,490563.6363636363,9.0,899245.4545454544,12.0
2026-04-28,입점,리빙,201636.3636363636,4.0,3417545.4545454537,24.0
2026-04-28,입점,명품,1201636.3636363633,6.0,8361727.272727273,25.0
2026-04-28,입점,뷰티,879927.2727272726,13.0,615536.3636363635,26.0
2026-04-28,입점,슈즈,44545.454545454544,1.0,379272.72727272724,3.0
2026-04-28,입점,스포츠,82181.81818181818,4.0,1269799.9999999998,15.0
2026-04-28,입점,아웃도어,491363.63636363635,2.0,1432818.1818181814,23.0
2026-04-28,입점,여성,237163.63636363632,6.0,175654.5454545454,5.0
2026-04-28,입점,잡화,643272.7272727272,3.0,1364745.4545454544,14.0
2026-04-28,입점,키즈,349190.90909090906,2.0,1382654.5454545456,16.0
2026-04-28,정상,골프,499363.63636363635,2.0,3475954.545454546,19.0
2026-04-28,정상,남성,583681.8181818181,8.0,7076027.272727271,31.0
2026-04-28,정상,뷰티,55272.727272727265,2.0,18181.81818181818,1.0
2026-04-28,정상,슈즈,1280909.0909090908,8.0,-370909.0909090909,-2.0
2026-04-28,정상,스포츠,0.0,0.0,178272.72727272726,2.0
2026-04-28,정상,여성,1731181.818181818,8.0,10560136.363636365,37.0
2026-04-28,정상,잡화,4682272.7272727275,29.0,7797063.636363636,51.0
2026-04-29,이월,골프,3294454.545454545,14.0,9750118.181818178,55.0
2026-04-29,이월,남성,10624472.727272728,66.0,20879200.0,124.0
2026-04-29,이월,슈즈,130636.36363636362,0.0,133727.2727272727,2.0
2026-04-29,이월,스포츠,589909.0909090908,8.0,417636.36363636365,3.0
2026-04-29,이월,여성,4176327.2727272725,22.0,21146954.545454536,77.0
2026-04-29,이월,잡화,1634909.090909091,12.0,9260218.18181818,55.0
2026-04-29,입점,골프,3279881.818181818,17.0,2775300.0000000005,33.0
2026-04-29,입점,남성,444954.54545454547,3.0,1579918.1818181814,10.0
2026-04-29,입점,리빙,263545.45454545453,4.0,2166909.0909090913,33.0
2026-04-29,입점,명품,1789818.1818181816,9.0,2847909.0909090913,9.0
2026-04-29,입점,뷰티,613663.6363636364,17.0,1244772.7272727273,23.0
2026-04-29,입점,슈즈,462272.72727272724,1.0,689109.0909090909,8.0
2026-04-29,입점,스포츠,144909.0909090909,1.0,852009.0909090908,14.0
2026-04-29,입점,아웃도어,1060181.818181818,4.0,1993954.5454545456,24.0
2026-04-29,입점,여성,132090.90909090906,3.0,607309.0909090909,10.0
2026-04-29,입점,잡화,191909.09090909088,3.0,1288500.0,5.0
2026-04-29,입점,키즈,515509.0909090909,5.0,1237609.0909090908,18.0
2026-04-29,정상,골프,756545.4545454544,5.0,4239127.2727272725,16.0
2026-04-29,정상,남성,2187654.5454545454,16.0,5121745.454545452,26.0
2026-04-29,정상,뷰티,5272.727272727276,0.0,78090.90909090909,4.0
2026-04-29,정상,슈즈,667272.7272727273,6.0,296545.4545454546,4.0
2026-04-29,정상,스포츠,144545.45454545453,1.0,317454.5454545454,2.0
2026-04-29,정상,여성,2410136.3636363633,13.0,4549181.818181817,20.0
2026-04-29,정상,잡화,4147418.1818181816,28.0,5950672.7272727275,37.0
2026-04-30,이월,골프,695172.7272727273,7.0,4763145.454545454,30.0
2026-04-30,이월,남성,6930199.999999997,36.0,5717245.454545456,54.0
2026-04-30,이월,슈즈,701545.4545454545,6.0,1844136.363636364,18.0
2026-04-30,이월,스포츠,38272.72727272726,2.0,671272.7272727273,8.0
2026-04-30,이월,여성,6322909.090909089,27.0,15213272.727272727,57.0
2026-04-30,이월,잡화,2250363.6363636367,17.0,7960309.09090909,44.0
2026-04-30,입점,골프,990054.5454545454,6.0,1565799.9999999995,24.0
2026-04-30,입점,남성,405554.54545454535,3.0,2874045.4545454537,19.0
2026-04-30,입점,리빙,423090.90909090906,5.0,3373109.0909090918,47.0
2026-04-30,입점,명품,1489272.727272727,6.0,3507654.545454546,16.0
2026-04-30,입점,뷰티,757499.9999999998,8.0,1275481.8181818177,30.0
2026-04-30,입점,슈즈,141818.1818181818,1.0,257999.99999999994,2.0
2026-04-30,입점,스포츠,153000.0,3.0,-38318.18181818182,3.0
2026-04-30,입점,아웃도어,338090.90909090906,4.0,1875136.3636363626,17.0
2026-04-30,입점,여성,56454.54545454545,1.0,1263472.7272727273,8.0
2026-04-30,입점,잡화,479636.36363636353,2.0,1639727.272727273,9.0
2026-04-30,입점,키즈,120481.81818181818,3.0,799445.4545454545,18.0
2026-04-30,정상,골프,981545.4545454546,5.0,3294790.9090909096,15.0
2026-04-30,정상,남성,266554.54545454535,11.0,2803681.818181818,33.0
2026-04-30,정상,뷰티,23181.81818181818,1.0,0.0,0.0
2026-04-30,정상,슈즈,1300090.9090909092,11.0,-390909.0909090909,0.0
2026-04-30,정상,스포츠,356363.63636363635,3.0,331000.0,3.0
2026-04-30,정상,여성,3106727.2727272725,7.0,9923727.27272727,34.0
2026-04-30,정상,잡화,1512363.6363636362,15.0,5751399.999999999,22.0
2026-05-01,이월,골프,1209572.727272727,5.0,9636009.090909088,49.0
2026-05-01,이월,남성,8958145.454545455,51.0,33308981.818181813,170.0
2026-05-01,이월,슈즈,654272.7272727273,7.0,1291363.6363636362,16.0
2026-05-01,이월,스포츠,482363.63636363635,7.0,1076363.6363636365,18.0
2026-05-01,이월,여성,5254818.181818181,22.0,36720227.27272727,144.0
2026-05-01,이월,잡화,2654490.9090909087,15.0,7342218.181818183,49.0
2026-05-01,입점,골프,443454.5454545454,5.0,6122518.181818182,46.0
2026-05-01,입점,남성,486818.1818181818,5.0,2526772.7272727275,33.0
2026-05-01,입점,리빙,146818.1818181818,2.0,3153545.454545455,70.0
2026-05-01,입점,명품,1623545.4545454546,8.0,8601509.090909088,36.0
2026-05-01,입점,뷰티,557272.7272727273,12.0,1336127.272727273,36.0
2026-05-01,입점,슈즈,137636.36363636362,1.0,2259972.727272727,14.0
2026-05-01,입점,스포츠,400272.7272727272,5.0,1895318.1818181819,25.0
2026-05-01,입점,아웃도어,157363.63636363635,2.0,3681636.3636363647,34.0
2026-05-01,입점,여성,368454.54545454547,4.0,3237800.0,40.0
2026-05-01,입점,잡화,777090.909090909,5.0,2565636.3636363633,19.0
2026-05-01,입점,키즈,0.0,0.0,1908654.5454545452,22.0
2026-05-01,정상,골프,476781.8181818182,5.0,2937563.636363637,20.0
2026-05-01,정상,남성,1640627.2727272725,11.0,10344600.0,57.0
2026-05-01,정상,뷰티,148090.9090909091,4.0,18090.90909090909,1.0
2026-05-01,정상,슈즈,1206363.6363636362,13.0,476363.6363636363,6.0
2026-05-01,정상,스포츠,234545.45454545453,2.0,292727.2727272727,3.0
2026-05-01,정상,여성,2334863.6363636362,10.0,15737818.18181818,50.0
2026-05-01,정상,잡화,3004363.636363636,20.0,5941109.09090909,33.0
2026-05-02,이월,골프,3678818.181818181,22.0,10943909.090909088,62.0
2026-05-02,이월,남성,10602981.818181816,49.0,37548063.636363626,179.0
2026-05-02,이월,슈즈,411545.45454545453,3.0,945818.1818181818,8.0
2026-05-02,이월,스포츠,344636.3636363636,6.0,572818.1818181818,10.0
2026-05-02,이월,여성,5138909.090909092,29.0,37293181.818181805,126.0
2026-05-02,이월,잡화,2224054.545454545,17.0,11363236.363636365,58.0
2026-05-02,입점,골프,670800.0,7.0,5721436.363636363,45.0
2026-05-02,입점,남성,859254.5454545454,8.0,3691036.3636363633,41.0
2026-05-02,입점,리빙,334454.5454545454,5.0,3041636.3636363633,36.0
2026-05-02,입점,명품,3529636.3636363633,13.0,7212636.363636363,22.0
2026-05-02,입점,뷰티,728545.4545454546,8.0,1499672.727272727,35.0
2026-05-02,입점,슈즈,216363.63636363635,1.0,1381499.9999999998,9.0
2026-05-02,입점,스포츠,643181.8181818181,9.0,2409181.818181818,29.0
2026-05-02,입점,아웃도어,559999.9999999999,4.0,1633909.0909090906,21.0
2026-05-02,입점,여성,143663.63636363635,2.0,2472218.181818182,28.0
2026-05-02,입점,잡화,106545.45454545453,2.0,1207863.6363636362,11.0
2026-05-02,입점,키즈,83381.81818181818,2.0,1801109.0909090908,20.0
2026-05-02,정상,골프,1566545.4545454546,10.0,2561509.0909090913,14.0
2026-05-02,정상,남성,2440545.4545454546,14.0,10409345.454545455,53.0
2026-05-02,정상,뷰티,156363.63636363635,4.0,71363.63636363635,3.0
2026-05-02,정상,슈즈,1370909.0909090908,11.0,1852727.2727272725,10.0
2026-05-02,정상,스포츠,234545.45454545453,2.0,70909.0909090909,2.0
2026-05-02,정상,여성,3998681.8181818174,15.0,14654227.27272727,55.0
2026-05-02,정상,잡화,2436818.1818181816,19.0,5505309.090909091,28.0
2026-05-03,이월,골프,2702036.363636363,14.0,8240145.454545456,47.0
2026-05-03,이월,남성,8235654.545454542,50.0,31017881.81818182,139.0
2026-05-03,이월,슈즈,-127363.63636363635,3.0,635909.0909090908,10.0
2026-05-03,이월,스포츠,1037727.2727272729,10.0,1672181.818181818,22.0
2026-05-03,이월,여성,4624772.727272727,19.0,24644490.90909089,80.0
2026-05-03,이월,잡화,2892854.5454545445,16.0,8667345.454545453,58.0
2026-05-03,입점,골프,1610236.3636363635,16.0,6568709.090909092,63.0
2026-05-03,입점,남성,1042872.7272727273,11.0,3657645.4545454546,36.0
2026-05-03,입점,리빙,290272.72727272724,2.0,2753727.272727273,31.0
2026-05-03,입점,명품,3171545.4545454546,8.0,6638909.090909091,26.0
2026-05-03,입점,뷰티,1009545.4545454544,15.0,2515699.999999999,55.0
2026-05-03,입점,슈즈,375909.0909090909,2.0,2675727.2727272725,13.0
2026-05-03,입점,스포츠,597636.3636363635,7.0,1958400.0,29.0
2026-05-03,입점,아웃도어,524363.6363636364,6.0,4103363.6363636367,37.0
2026-05-03,입점,여성,340527.2727272727,3.0,3820081.818181819,38.0
2026-05-03,입점,잡화,724136.3636363636,2.0,1857009.0909090908,10.0
2026-05-03,입점,키즈,332372.7272727272,3.0,2037645.4545454541,27.0
2026-05-03,정상,골프,319909.0909090909,1.0,4081009.090909091,16.0
2026-05-03,정상,남성,1247018.1818181816,7.0,12156109.090909086,64.0
2026-05-03,정상,뷰티,120999.99999999999,4.0,65454.54545454545,2.0
2026-05-03,정상,슈즈,944545.4545454546,8.0,960999.9999999998,5.0
2026-05-03,정상,스포츠,99090.90909090909,1.0,367272.7272727273,5.0
2026-05-03,정상,여성,2214818.1818181816,10.0,10002727.272727272,32.0
2026-05-03,정상,잡화,3400272.727272727,18.0,4249045.454545456,35.0
2026-05-04,이월,골프,2202545.4545454546,12.0,4862927.2727272725,35.0
2026-05-04,이월,남성,8699581.818181816,51.0,20027781.81818182,123.0
2026-05-04,이월,슈즈,355272.72727272724,4.0,1059945.4545454546,10.0
2026-05-04,이월,스포츠,343454.5454545454,5.0,1590636.3636363638,13.0
2026-05-04,이월,여성,4074545.454545455,22.0,13024772.727272728,75.0
2026-05-04,이월,잡화,3824054.545454545,27.0,8994818.181818178,53.0
2026-05-04,입점,골프,2748618.1818181816,11.0,2362045.4545454546,8.0
2026-05-04,입점,남성,562090.909090909,4.0,2258863.6363636362,24.0
2026-05-04,입점,리빙,507781.8181818182,4.0,3523727.272727272,31.0
2026-05-04,입점,명품,1979999.9999999988,2.0,4541181.818181817,11.0
2026-05-04,입점,뷰티,895772.7272727272,12.0,1696981.818181818,33.0
2026-05-04,입점,슈즈,-189090.9090909091,-1.0,-165381.81818181823,1.0
2026-05-04,입점,스포츠,408181.8181818182,3.0,1076845.4545454544,9.0
2026-05-04,입점,아웃도어,383845.45454545453,0.0,2279636.3636363633,31.0
2026-05-04,입점,여성,165000.0,3.0,-565136.3636363636,14.0
2026-05-04,입점,잡화,-3545.4545454545478,0.0,29090.90909090906,6.0
2026-05-04,입점,키즈,-13999.999999999998,-1.0,929449.0909090909,18.0
2026-05-04,정상,골프,1137090.909090909,7.0,3198336.3636363633,18.0
2026-05-04,정상,남성,1541545.4545454541,8.0,10311872.727272728,50.0
2026-05-04,정상,뷰티,93909.0909090909,3.0,32727.272727272724,1.0
2026-05-04,정상,슈즈,2610363.6363636362,15.0,144545.45454545453,1.0
2026-05-04,정상,스포츠,195454.5454545454,3.0,379181.8181818182,5.0
2026-05-04,정상,여성,1793454.5454545454,9.0,6352227.272727272,27.0
2026-05-04,정상,잡화,3809254.5454545454,32.0,4394163.636363637,33.0
2026-05-05,이월,골프,2038763.6363636365,11.0,10642854.545454549,55.0
2026-05-05,이월,남성,6060436.363636364,49.0,35692936.363636374,189.0
2026-05-05,이월,슈즈,213727.2727272727,3.0,1252454.5454545454,12.0
2026-05-05,이월,스포츠,1105272.7272727273,13.0,1714181.818181818,19.0
2026-05-05,이월,여성,8787590.909090908,31.0,21283500.0,119.0
2026-05-05,이월,잡화,2940654.545454545,16.0,13225672.72727273,63.0
2026-05-05,입점,골프,928454.5454545452,11.0,4898463.636363639,44.0
2026-05-05,입점,남성,369909.0909090909,5.0,3319081.8181818174,36.0
2026-05-05,입점,리빙,279409.0909090909,4.0,3934818.1818181816,35.0
2026-05-05,입점,명품,1088181.8181818181,7.0,8257363.636363639,37.0
2026-05-05,입점,뷰티,697109.0909090909,14.0,2979700.000000001,58.0
2026-05-05,입점,슈즈,180090.9090909091,1.0,1341118.1818181819,9.0
2026-05-05,입점,스포츠,282727.2727272727,5.0,2797345.4545454546,39.0
2026-05-05,입점,아웃도어,204999.99999999997,3.0,3622909.09090909,35.0
2026-05-05,입점,여성,185909.0909090909,3.0,4480600.000000001,53.0
2026-05-05,입점,잡화,68363.63636363635,2.0,2211090.9090909096,15.0
2026-05-05,입점,키즈,114090.90909090907,3.0,1157918.1818181814,21.0
2026-05-05,정상,골프,1082981.8181818181,6.0,3565472.727272727,23.0
2026-05-05,정상,남성,2618881.8181818184,13.0,13790172.727272728,83.0
2026-05-05,정상,뷰티,56727.27272727272,2.0,97636.36363636362,3.0
2026-05-05,정상,슈즈,556181.8181818181,3.0,702727.2727272726,6.0
2026-05-05,정상,스포츠,279090.90909090906,2.0,95363.63636363635,1.0
2026-05-05,정상,여성,463000.0000000001,5.0,11441863.636363631,43.0
2026-05-05,정상,잡화,3539254.5454545445,21.0,6390709.090909091,47.0
2026-05-06,이월,골프,186172.72727272732,9.0,10935309.090909095,55.0
2026-05-06,이월,남성,6591900.000000003,39.0,29937054.54545453,156.0
2026-05-06,이월,슈즈,257545.45454545453,2.0,235090.9090909091,5.0
2026-05-06,이월,스포츠,693000.0,8.0,2166209.0909090904,22.0
2026-05-06,이월,여성,3040272.727272728,22.0,23815636.363636356,116.0
2026-05-06,이월,잡화,4402981.818181818,24.0,14046818.181818182,79.0
2026-05-06,입점,골프,1298500.0,9.0,3099745.454545456,33.0
2026-05-06,입점,남성,477072.7272727273,6.0,2685481.8181818184,26.0
2026-05-06,입점,리빙,193454.5454545454,2.0,1851454.545454545,13.0
2026-05-06,입점,명품,1268909.0909090908,4.0,4522636.363636363,16.0
2026-05-06,입점,뷰티,586272.7272727272,13.0,1893063.636363636,45.0
2026-05-06,입점,슈즈,-225454.54545454544,-2.0,1043727.2727272726,11.0
2026-05-06,입점,스포츠,531272.7272727273,3.0,522363.6363636363,6.0
2026-05-06,입점,아웃도어,319727.2727272727,2.0,3166636.363636364,24.0
2026-05-06,입점,여성,-37127.27272727272,-1.0,3834800.0000000005,23.0
2026-05-06,입점,잡화,502090.90909090906,5.0,-2039099.9999999998,5.0
2026-05-06,입점,키즈,145136.36363636365,1.0,1295727.2727272727,24.0
2026-05-06,정상,골프,346090.90909090906,5.0,3617000.0,20.0
2026-05-06,정상,남성,1171827.2727272727,7.0,8231618.181818182,38.0
2026-05-06,정상,뷰티,192090.9090909091,5.0,91454.54545454544,3.0
2026-05-06,정상,슈즈,1188181.8181818181,12.0,1293909.0909090908,9.0
2026-05-06,정상,스포츠,296454.5454545454,3.0,116363.63636363635,2.0
2026-05-06,정상,여성,-188000.00000000012,4.0,11635045.454545448,36.0
2026-05-06,정상,잡화,3909254.545454545,34.0,9187427.27272727,62.0
2026-05-07,이월,골프,2837963.636363636,18.0,5107099.999999998,25.0
2026-05-07,이월,남성,4086409.0909090894,37.0,7725190.909090908,65.0
2026-05-07,이월,슈즈,184545.45454545453,3.0,48636.36363636362,1.0
2026-05-07,이월,스포츠,728818.1818181819,12.0,1519636.3636363635,18.0
2026-05-07,이월,여성,-3298272.727272727,-10.0,4944763.636363638,34.0
2026-05-07,이월,잡화,2831127.272727272,22.0,5418890.909090908,21.0
2026-05-07,입점,골프,2006627.2727272725,8.0,5208963.636363636,39.0
2026-05-07,입점,남성,564963.6363636364,4.0,1980799.9999999995,25.0
2026-05-07,입점,리빙,418181.8181818181,5.0,1358290.9090909092,19.0
2026-05-07,입점,명품,2776454.545454545,8.0,7392454.545454546,20.0
2026-05-07,입점,뷰티,660090.9090909091,10.0,1412209.0909090906,37.0
2026-05-07,입점,슈즈,-252727.2727272727,-1.0,1061909.0909090908,4.0
2026-05-07,입점,스포츠,88545.45454545454,1.0,1293218.1818181816,20.0
2026-05-07,입점,아웃도어,346090.90909090906,5.0,6003363.636363636,19.0
2026-05-07,입점,여성,87827.27272727272,1.0,1599236.3636363635,22.0
2026-05-07,입점,잡화,126090.90909090907,2.0,-289509.0909090908,14.0
2026-05-07,입점,키즈,117118.18181818181,2.0,842225.4545454544,15.0
2026-05-07,정상,골프,381545.45454545453,1.0,1246999.9999999998,7.0
2026-05-07,정상,남성,2677836.3636363633,16.0,6373709.09090909,39.0
2026-05-07,정상,뷰티,51727.27272727272,2.0,32727.272727272724,1.0
2026-05-07,정상,슈즈,1510000.0000000002,10.0,351818.18181818177,3.0
2026-05-07,정상,스포츠,44545.454545454544,1.0,521545.4545454546,2.0
2026-05-07,정상,여성,-436181.8181818183,-4.0,4522590.909090908,22.0
2026-05-07,정상,잡화,3323981.8181818184,26.0,6053627.272727271,39.0
2026-05-08,이월,골프,1590000.0000000002,10.0,14155436.36363636,31.0
2026-05-08,이월,남성,6052318.18181818,33.0,9645445.454545457,70.0
2026-05-08,이월,슈즈,57454.54545454547,1.0,414909.0909090909,7.0
2026-05-08,이월,스포츠,898027.2727272727,11.0,877090.9090909092,11.0
2026-05-08,이월,여성,7967681.818181818,23.0,20117727.27272727,56.0
2026-05-08,이월,잡화,2933490.909090909,22.0,2467018.181818182,22.0
2026-05-08,입점,골프,1275372.7272727273,13.0,1152927.2727272725,21.0
2026-05-08,입점,남성,594809.0909090909,5.0,908836.3636363633,15.0
2026-05-08,입점,리빙,115181.81818181818,3.0,1766399.9999999998,8.0
2026-05-08,입점,명품,3150727.2727272725,11.0,8896454.545454545,15.0
2026-05-08,입점,뷰티,637181.8181818182,12.0,1215190.909090909,34.0
2026-05-08,입점,슈즈,143200.0,1.0,467090.90909090906,5.0
2026-05-08,입점,스포츠,505454.54545454547,6.0,3619845.454545454,16.0
2026-05-08,입점,아웃도어,839727.2727272727,8.0,3385272.727272727,26.0
2026-05-08,입점,여성,194545.45454545453,2.0,1371845.4545454544,20.0
2026-05-08,입점,잡화,99000.0,3.0,389909.0909090909,5.0
2026-05-08,입점,키즈,49245.454545454544,0.0,789009.0909090907,10.0
2026-05-08,정상,골프,1236272.727272727,7.0,3069399.9999999995,18.0
2026-05-08,정상,남성,5355918.181818182,27.0,7711454.545454544,35.0
2026-05-08,정상,뷰티,61727.27272727272,2.0,0.0,0.0
2026-05-08,정상,슈즈,1135454.5454545454,9.0,220818.1818181818,4.0
2026-05-08,정상,스포츠,376636.36363636365,3.0,377363.63636363635,0.0
2026-05-08,정상,여성,401045.4545454545,4.0,5262136.363636362,21.0
2026-05-08,정상,잡화,1863236.3636363635,15.0,6003363.636363636,41.0
2026-05-09,이월,골프,1199545.4545454546,7.0,3822209.0909090904,25.0
2026-05-09,이월,남성,4147854.545454545,25.0,20964081.81818182,87.0
2026-05-09,이월,슈즈,428090.90909090906,2.0,1160636.3636363638,9.0
2026-05-09,이월,스포츠,659454.5454545454,6.0,1142090.909090909,12.0
2026-05-09,이월,여성,10967318.181818182,35.0,23829181.818181805,99.0
2026-05-09,이월,잡화,3813327.2727272725,21.0,6507963.636363636,38.0
2026-05-09,입점,골프,2521809.090909091,24.0,5727481.818181818,50.0
2026-05-09,입점,남성,443909.0909090908,5.0,1972172.727272727,25.0
2026-05-09,입점,리빙,387181.8181818181,4.0,2011727.2727272727,23.0
2026-05-09,입점,명품,3721818.1818181816,11.0,7072545.454545454,21.0
2026-05-09,입점,뷰티,1513772.7272727275,30.0,1961327.272727273,42.0
2026-05-09,입점,슈즈,389136.36363636365,2.0,1058000.0,8.0
2026-05-09,입점,스포츠,349090.90909090906,5.0,1126727.2727272727,16.0
2026-05-09,입점,아웃도어,30909.090909090908,1.0,2764818.181818181,27.0
2026-05-09,입점,여성,150600.0,2.0,3270872.727272726,32.0
2026-05-09,입점,잡화,159999.99999999997,3.0,496909.0909090908,12.0
2026-05-09,입점,키즈,-113272.72727272726,-1.0,1167727.2727272722,26.0
2026-05-09,정상,골프,1586972.727272727,10.0,2949718.1818181816,18.0
2026-05-09,정상,남성,2266100.0,9.0,6699018.181818181,33.0
2026-05-09,정상,뷰티,54454.54545454545,2.0,58545.454545454544,3.0
2026-05-09,정상,슈즈,1315454.5454545454,13.0,-81818.1818181818,0.0
2026-05-09,정상,스포츠,288181.8181818181,3.0,151909.09090909088,2.0
2026-05-09,정상,여성,1976181.8181818184,8.0,9996090.909090908,42.0
2026-05-09,정상,잡화,4693572.727272727,31.0,8150672.727272726,40.0
2026-05-10,이월,골프,1514990.9090909087,13.0,6393409.09090909,34.0
2026-05-10,이월,남성,7354045.454545454,50.0,23415163.63636363,122.0
2026-05-10,이월,슈즈,146727.2727272727,1.0,368727.2727272727,5.0
2026-05-10,이월,스포츠,692909.0909090908,13.0,1463363.6363636362,25.0
2026-05-10,이월,여성,7995636.363636361,37.0,30207227.272727273,128.0
2026-05-10,이월,잡화,2562872.727272727,12.0,7258399.999999997,43.0
2026-05-10,입점,골프,2312454.545454545,20.0,6398945.454545455,59.0
2026-05-10,입점,남성,575854.5454545453,6.0,3877572.7272727275,31.0
2026-05-10,입점,리빙,508863.6363636364,5.0,5321863.636363635,24.0
2026-05-10,입점,명품,3674999.9999999995,15.0,9679090.909090908,31.0
2026-05-10,입점,뷰티,874272.7272727272,18.0,2901936.3636363633,65.0
2026-05-10,입점,슈즈,0.0,0.0,1290145.4545454544,9.0
2026-05-10,입점,스포츠,701363.6363636364,9.0,2595000.0,31.0
2026-05-10,입점,아웃도어,435454.5454545454,6.0,2440363.6363636362,32.0
2026-05-10,입점,여성,271590.90909090906,2.0,5248381.818181818,55.0
2026-05-10,입점,잡화,93727.2727272727,3.0,2471672.727272727,23.0
2026-05-10,입점,키즈,56363.63636363636,1.0,1391709.0909090904,26.0
2026-05-10,정상,골프,2674763.6363636362,16.0,3518472.727272727,23.0
2026-05-10,정상,남성,2923909.090909091,17.0,12976836.363636361,60.0
2026-05-10,정상,뷰티,41545.454545454544,2.0,20000.0,1.0
2026-05-10,정상,슈즈,1062727.2727272727,10.0,621818.1818181818,6.0
2026-05-10,정상,스포츠,305454.5454545454,3.0,210818.18181818182,4.0
2026-05-10,정상,여성,1785590.9090909087,7.0,13666045.454545457,52.0
2026-05-10,정상,잡화,3820936.363636363,34.0,7942445.454545453,53.0
2026-05-11,이월,골프,1991581.8181818184,7.0,-29118.181818181605,6.0
2026-05-11,이월,남성,4724981.818181819,31.0,4439318.181818181,37.0
2026-05-11,이월,슈즈,124999.99999999997,0.0,994636.3636363634,11.0
2026-05-11,이월,스포츠,473272.7272727272,4.0,1562727.2727272725,14.0
2026-05-11,이월,여성,-17818.181818181634,4.0,11271818.18181818,38.0
2026-05-11,이월,잡화,2221672.727272727,15.0,7705127.2727272725,21.0
2026-05-11,입점,골프,2077445.4545454544,19.0,4425372.7272727275,19.0
2026-05-11,입점,남성,991100.0,8.0,1179063.6363636358,26.0
2026-05-11,입점,리빙,281599.99999999994,4.0,-503909.0909090918,21.0
2026-05-11,입점,명품,1693454.5454545454,6.0,3871636.3636363633,15.0
2026-05-11,입점,뷰티,2403118.1818181816,34.0,1887563.6363636365,30.0
2026-05-11,입점,슈즈,0.0,0.0,1965936.3636363635,11.0
2026-05-11,입점,스포츠,531545.4545454546,3.0,-938600.0,14.0
2026-05-11,입점,아웃도어,285727.2727272727,3.0,2519045.4545454546,25.0
2026-05-11,입점,여성,70836.3636363636,2.0,2717309.0909090918,26.0
2026-05-11,입점,잡화,65090.90909090909,1.0,1099363.636363636,6.0
2026-05-11,입점,키즈,184390.9090909091,3.0,2510727.2727272725,32.0
2026-05-11,정상,골프,251272.72727272726,2.0,1836236.3636363638,11.0
2026-05-11,정상,남성,935572.7272727272,8.0,5504254.545454543,35.0
2026-05-11,정상,뷰티,49727.27272727272,2.0,42090.90909090909,2.0
2026-05-11,정상,슈즈,641818.1818181818,4.0,2600954.545454546,0.0
2026-05-11,정상,스포츠,152727.2727272727,2.0,591909.0909090908,5.0
2026-05-11,정상,여성,-159545.45454545456,1.0,5590954.545454546,17.0
2026-05-11,정상,잡화,4189490.909090909,30.0,3418290.9090909096,27.0
2026-05-12,이월,골프,2443372.727272727,8.0,6255318.181818181,33.0
2026-05-12,이월,남성,5450781.818181817,36.0,11858827.272727277,65.0
2026-05-12,이월,슈즈,-290363.63636363635,0.0,124090.90909090906,3.0
2026-05-12,이월,스포츠,1056181.8181818181,15.0,1007999.9999999998,15.0
2026-05-12,이월,여성,2700181.818181819,17.0,7672818.1818181835,46.0
2026-05-12,이월,잡화,3033381.8181818174,23.0,6410418.18181818,38.0
2026-05-12,입점,골프,2368527.2727272725,15.0,5434309.090909089,38.0
2026-05-12,입점,남성,579418.1818181818,6.0,3708372.727272728,21.0
2026-05-12,입점,리빙,109181.81818181818,3.0,1430727.2727272727,26.0
2026-05-12,입점,명품,2608909.0909090904,6.0,4160000.0,15.0
2026-05-12,입점,뷰티,798227.2727272727,20.0,1796009.090909091,38.0
2026-05-12,입점,슈즈,53318.181818181816,1.0,1047999.9999999999,6.0
2026-05-12,입점,스포츠,503545.4545454546,3.0,3880599.9999999995,11.0
2026-05-12,입점,아웃도어,337818.1818181818,8.0,3087181.818181818,28.0
2026-05-12,입점,여성,159045.45454545453,1.0,3508509.0909090913,41.0
2026-05-12,입점,잡화,1623727.272727273,5.0,527745.4545454545,9.0
2026-05-12,입점,키즈,6309.0909090909045,0.0,1222627.2727272725,22.0
2026-05-12,정상,골프,-355500.00000000006,-2.0,2110909.0909090904,16.0
2026-05-12,정상,남성,719972.7272727271,6.0,5374127.272727272,29.0
2026-05-12,정상,뷰티,10000.0,1.0,170818.1818181818,2.0
2026-05-12,정상,슈즈,432727.2727272727,4.0,696363.6363636362,4.0
2026-05-12,정상,스포츠,773636.3636363635,5.0,-235454.54545454547,0.0
2026-05-12,정상,여성,1622090.9090909087,7.0,10916454.545454547,25.0
2026-05-12,정상,잡화,2813181.818181818,23.0,4168418.181818182,29.0
2026-05-13,이월,골프,1495563.636363636,10.0,2889554.545454546,12.0
2026-05-13,이월,남성,4671236.363636362,31.0,17493563.63636363,108.0
2026-05-13,이월,슈즈,249818.1818181818,4.0,1150818.1818181816,7.0
2026-05-13,이월,스포츠,461272.7272727272,6.0,1104272.7272727266,8.0
2026-05-13,이월,여성,484818.18181818223,10.0,23210727.272727285,63.0
2026-05-13,이월,잡화,2175272.727272727,12.0,8474327.272727272,42.0
2026-05-13,입점,골프,2547663.6363636362,21.0,7242299.999999999,40.0
2026-05-13,입점,남성,430190.90909090906,5.0,1807236.3636363638,24.0
2026-05-13,입점,리빙,566663.6363636364,4.0,2352872.727272727,14.0
2026-05-13,입점,명품,-2429909.090909091,2.0,2180545.4545454546,17.0
2026-05-13,입점,뷰티,512590.90909090906,9.0,1996027.2727272722,33.0
2026-05-13,입점,슈즈,35636.36363636363,1.0,1071727.2727272725,10.0
2026-05-13,입점,스포츠,271909.0909090909,3.0,2502154.545454545,28.0
2026-05-13,입점,아웃도어,11181.818181818155,0.0,3013136.3636363638,38.0
2026-05-13,입점,여성,429781.81818181823,8.0,2325427.2727272725,18.0
2026-05-13,입점,잡화,322090.90909090906,2.0,879299.9999999999,16.0
2026-05-13,입점,키즈,57454.54545454545,1.0,294079.99999999994,17.0
2026-05-13,정상,골프,272909.0909090909,3.0,4791209.090909092,24.0
2026-05-13,정상,남성,1839536.3636363633,11.0,10188981.818181818,47.0
2026-05-13,정상,뷰티,95181.81818181818,2.0,10000.0,1.0
2026-05-13,정상,슈즈,-136363.63636363635,0.0,294545.4545454545,4.0
2026-05-13,정상,스포츠,324545.45454545453,3.0,884727.2727272726,5.0
2026-05-13,정상,여성,3326727.272727273,11.0,15458318.181818178,43.0
2026-05-13,정상,잡화,2777363.6363636353,24.0,6260127.272727272,37.0
2026-05-14,이월,골프,1243227.2727272727,9.0,3812527.2727272725,23.0
2026-05-14,이월,남성,3196881.8181818184,31.0,21070045.45454546,112.0
2026-05-14,이월,슈즈,71272.72727272725,2.0,14727.272727272706,3.0
2026-05-14,이월,스포츠,582000.0,9.0,2099090.909090909,20.0
2026-05-14,이월,여성,4981318.181818182,18.0,21303772.727272727,66.0
2026-05-14,이월,잡화,1493490.9090909087,10.0,5128090.909090909,25.0
2026-05-14,입점,골프,2570436.363636363,20.0,3764290.909090909,30.0
2026-05-14,입점,남성,576190.9090909091,5.0,2734490.909090909,29.0
2026-05-14,입점,리빙,294763.63636363635,5.0,863427.2727272727,14.0
2026-05-14,입점,명품,2198181.818181818,8.0,5950318.181818179,20.0
2026-05-14,입점,뷰티,1135181.818181818,14.0,1209318.1818181816,40.0
2026-05-14,입점,슈즈,418272.7272727273,3.0,1265818.1818181816,9.0
2026-05-14,입점,스포츠,425727.2727272727,2.0,1598536.3636363633,23.0
2026-05-14,입점,아웃도어,1022272.7272727273,10.0,2729500.0000000005,42.0
2026-05-14,입점,여성,531636.3636363635,5.0,2300090.909090909,24.0
2026-05-14,입점,잡화,67090.90909090909,2.0,143863.63636363635,7.0
2026-05-14,입점,키즈,185218.18181818182,4.0,1871698.1818181816,37.0
2026-05-14,정상,골프,691454.5454545454,5.0,3933163.6363636362,21.0
2026-05-14,정상,남성,2740472.727272727,14.0,17352118.18181818,65.0
2026-05-14,정상,뷰티,68454.54545454546,2.0,51636.36363636363,2.0
2026-05-14,정상,슈즈,1054727.2727272725,9.0,1056363.6363636362,7.0
2026-05-14,정상,스포츠,216363.63636363635,2.0,1241363.6363636362,6.0
2026-05-14,정상,여성,-624454.5454545454,-2.0,11478636.363636363,26.0
2026-05-14,정상,잡화,1516454.5454545452,20.0,3164127.272727273,28.0
2026-05-15,이월,골프,664372.7272727272,9.0,6618281.818181817,42.0
2026-05-15,이월,남성,4207199.999999999,23.0,15490990.909090908,84.0
2026-05-15,이월,슈즈,236545.45454545453,3.0,1110181.8181818181,6.0
2026-05-15,이월,스포츠,427909.0909090909,6.0,581363.6363636362,9.0
2026-05-15,이월,여성,4656272.727272727,17.0,11332681.818181818,57.0
2026-05-15,이월,잡화,1616981.818181818,12.0,4258890.909090907,29.0
2026-05-15,입점,골프,1953799.9999999993,11.0,1523709.0909090913,27.0
2026-05-15,입점,남성,199518.18181818177,4.0,2220036.3636363633,18.0
2026-05-15,입점,리빙,453636.3636363636,4.0,2320927.2727272725,6.0
2026-05-15,입점,명품,1503090.909090909,7.0,10472999.999999998,16.0
2026-05-15,입점,뷰티,546909.0909090908,12.0,1816318.1818181819,29.0
2026-05-15,입점,슈즈,62727.27272727272,1.0,471954.54545454547,3.0
2026-05-15,입점,스포츠,233636.36363636365,2.0,2181181.818181818,8.0
2026-05-15,입점,아웃도어,727272.7272727272,4.0,1606681.8181818181,21.0
2026-05-15,입점,여성,244800.0,5.0,1904581.8181818186,16.0
2026-05-15,입점,잡화,127554.54545454544,4.0,1841218.1818181814,27.0
2026-05-15,입점,키즈,235272.72727272724,2.0,798890.9090909092,14.0
2026-05-15,정상,골프,249563.63636363635,2.0,2888745.454545455,21.0
2026-05-15,정상,남성,2224854.545454545,15.0,6009127.2727272725,37.0
2026-05-15,정상,뷰티,47272.72727272727,1.0,42727.27272727272,1.0
2026-05-15,정상,슈즈,179090.90909090915,4.0,1799090.909090909,5.0
2026-05-15,정상,스포츠,0.0,0.0,99000.0,1.0
2026-05-15,정상,여성,1085636.3636363638,5.0,5487045.454545456,23.0
2026-05-15,정상,잡화,3214781.8181818184,25.0,5063509.090909088,36.0
2026-05-16,이월,골프,450699.9999999999,2.0,3860609.0909090894,29.0
2026-05-16,이월,남성,4067936.3636363633,29.0,22861854.545454543,133.0
2026-05-16,이월,슈즈,0.0,0.0,1033181.818181818,10.0
2026-05-16,이월,스포츠,370999.99999999994,7.0,771636.3636363635,9.0
2026-05-16,이월,여성,501909.0909090905,15.0,21454999.99999999,90.0
2026-05-16,이월,잡화,1500563.6363636362,10.0,5374200.0,28.0
2026-05-16,입점,골프,2027618.1818181816,14.0,6009099.999999997,58.0
2026-05-16,입점,남성,399399.99999999994,3.0,3432036.3636363624,34.0
2026-05-16,입점,리빙,39636.36363636363,1.0,2048422.727272727,15.0
2026-05-16,입점,명품,2218636.3636363633,11.0,6836090.909090908,29.0
2026-05-16,입점,뷰티,1045363.6363636362,20.0,1666827.272727273,25.0
2026-05-16,입점,슈즈,0.0,0.0,1200245.4545454544,13.0
2026-05-16,입점,스포츠,435000.0,9.0,1973181.8181818181,25.0
2026-05-16,입점,아웃도어,421727.2727272727,5.0,2792090.909090909,39.0
2026-05-16,입점,여성,688681.8181818181,7.0,4955499.999999999,53.0
2026-05-16,입점,잡화,42318.181818181816,1.0,1464636.3636363633,20.0
2026-05-16,입점,키즈,357909.0909090908,4.0,1271354.5454545454,19.0
2026-05-16,정상,골프,28636.363636363632,1.0,1110999.9999999998,10.0
2026-05-16,정상,남성,-47545.454545454486,3.0,7467136.363636363,46.0
2026-05-16,정상,뷰티,19090.90909090909,1.0,0.0,0.0
2026-05-16,정상,슈즈,667272.7272727273,5.0,-108181.81818181818,-1.0
2026-05-16,정상,스포츠,279090.90909090906,2.0,610000.0,6.0
2026-05-16,정상,여성,1861636.3636363638,6.0,6286772.727272725,26.0
2026-05-16,정상,잡화,2015463.6363636362,16.0,8135763.636363635,35.0
2026-05-17,이월,골프,1228036.3636363633,7.0,8958400.000000002,56.0
2026-05-17,이월,남성,7460672.727272727,44.0,22601881.818181816,135.0
2026-05-17,이월,슈즈,513636.3636363636,3.0,970181.818181818,10.0
2026-05-17,이월,스포츠,651727.2727272728,10.0,1077209.0909090908,15.0
2026-05-17,이월,여성,6534409.090909091,24.0,32533363.63636364,132.0
2026-05-17,이월,잡화,1395236.3636363635,8.0,9035163.636363637,54.0
2026-05-17,입점,골프,1512099.9999999998,19.0,13155545.454545453,66.0
2026-05-17,입점,남성,713154.5454545453,6.0,6750072.727272727,55.0
2026-05-17,입점,리빙,233545.45454545453,3.0,3591327.2727272725,31.0
2026-05-17,입점,명품,1721545.4545454544,7.0,6412545.454545453,23.0
2026-05-17,입점,뷰티,1025972.7272727273,23.0,1992936.3636363635,44.0
2026-05-17,입점,슈즈,98545.45454545454,1.0,2765381.8181818184,20.0
2026-05-17,입점,스포츠,184636.36363636362,4.0,2072363.6363636365,30.0
2026-05-17,입점,아웃도어,532545.4545454546,6.0,3322372.7272727275,41.0
2026-05-17,입점,여성,291672.72727272724,3.0,5829454.545454545,63.0
2026-05-17,입점,잡화,72545.45454545453,2.0,1688181.818181818,17.0
2026-05-17,입점,키즈,-75909.0909090909,-1.0,1519599.9999999998,31.0
2026-05-17,정상,골프,57272.727272727265,1.0,4074927.2727272725,29.0
2026-05-17,정상,남성,3429900.0,23.0,18925636.363636363,90.0
2026-05-17,정상,뷰티,0.0,0.0,30272.727272727272,1.0
2026-05-17,정상,슈즈,949999.9999999999,5.0,739090.9090909091,7.0
2026-05-17,정상,스포츠,0.0,0.0,121818.1818181818,2.0
2026-05-17,정상,여성,778181.8181818181,4.0,16656181.818181816,63.0
2026-05-17,정상,잡화,4435018.181818182,25.0,8278045.454545454,63.0
2026-05-18,이월,골프,-155890.90909090903,0.0,5120245.454545454,36.0
2026-05-18,이월,남성,4166745.454545454,32.0,17442418.181818184,106.0
2026-05-18,이월,슈즈,428363.6363636364,6.0,1038363.6363636364,11.0
2026-05-18,이월,스포츠,223636.36363636365,4.0,638818.1818181818,4.0
2026-05-18,이월,여성,958181.8181818182,11.0,-1404909.0909090901,40.0
2026-05-18,이월,잡화,1529836.3636363638,11.0,5004363.636363636,31.0
2026-05-18,입점,골프,1390181.818181818,13.0,3323918.181818182,37.0
2026-05-18,입점,남성,146563.63636363635,3.0,1947609.0909090908,16.0
2026-05-18,입점,리빙,97181.81818181818,2.0,1831027.2727272727,17.0
2026-05-18,입점,명품,2174727.2727272725,10.0,-9089545.454545453,11.0
2026-05-18,입점,뷰티,420927.2727272727,12.0,2740672.727272727,41.0
2026-05-18,입점,슈즈,-6254.545454545456,1.0,789999.9999999999,7.0
2026-05-18,입점,스포츠,185909.09090909088,1.0,-884454.5454545452,10.0
2026-05-18,입점,아웃도어,285909.09090909094,5.0,799227.2727272726,25.0
2026-05-18,입점,여성,281154.5454545454,2.0,2065581.8181818184,26.0
2026-05-18,입점,잡화,101699.99999999999,4.0,1517427.2727272725,24.0
2026-05-18,입점,키즈,22727.272727272724,1.0,1289209.0909090904,17.0
2026-05-18,정상,골프,756054.5454545454,2.0,1837054.5454545454,16.0
2026-05-18,정상,남성,324681.8181818181,6.0,2155518.181818182,25.0
2026-05-18,정상,뷰티,43000.0,0.0,39454.545454545456,2.0
2026-05-18,정상,슈즈,386363.63636363635,4.0,397272.72727272724,3.0
2026-05-18,정상,스포츠,233636.36363636368,3.0,216363.63636363635,2.0
2026-05-18,정상,여성,-17363.636363636426,0.0,2199727.272727273,4.0
2026-05-18,정상,잡화,1328309.090909091,11.0,7376072.727272727,56.0
2026-05-19,이월,골프,2005136.3636363635,10.0,4784372.727272727,24.0
2026-05-19,이월,남성,5175936.363636362,36.0,6404827.2727272725,58.0
2026-05-19,이월,슈즈,255090.90909090906,3.0,399181.8181818182,7.0
2026-05-19,이월,스포츠,481818.18181818177,8.0,851272.7272727272,9.0
2026-05-19,이월,여성,789272.7272727273,10.0,8376499.999999998,43.0
2026-05-19,이월,잡화,1777109.0909090906,13.0,4654254.545454546,26.0
2026-05-19,입점,골프,215972.72727272718,2.0,2409381.8181818184,39.0
2026-05-19,입점,남성,690236.3636363635,4.0,2131663.6363636362,24.0
2026-05-19,입점,리빙,521200.0,7.0,485102.72727272735,18.0
2026-05-19,입점,명품,1847636.3636363635,5.0,1964727.272727272,10.0
2026-05-19,입점,뷰티,1049727.2727272727,24.0,1042527.2727272727,15.0
2026-05-19,입점,슈즈,538863.6363636364,3.0,1507527.272727273,10.0
2026-05-19,입점,스포츠,867000.0,7.0,417636.36363636353,9.0
2026-05-19,입점,아웃도어,885727.2727272726,7.0,2947818.1818181816,31.0
2026-05-19,입점,여성,135390.9090909091,2.0,880245.4545454547,13.0
2026-05-19,입점,잡화,235500.0,7.0,474227.27272727276,10.0
2026-05-19,입점,키즈,9227.272727272728,1.0,1185699.9999999995,22.0
2026-05-19,정상,골프,234018.1818181818,2.0,694218.1818181818,4.0
2026-05-19,정상,남성,945681.818181818,5.0,6344618.181818182,36.0
2026-05-19,정상,뷰티,48090.90909090909,2.0,208454.54545454544,2.0
2026-05-19,정상,슈즈,533636.3636363636,3.0,-638181.8181818181,0.0
2026-05-19,정상,스포츠,63636.36363636362,1.0,60909.09090909088,1.0
2026-05-19,정상,여성,-929181.8181818182,-1.0,-3736818.181818182,-8.0
2026-05-19,정상,잡화,3310927.2727272725,26.0,5987536.363636363,53.0
2026-05-20,이월,골프,1648318.1818181816,7.0,3444263.636363636,25.0
2026-05-20,이월,남성,4263390.909090908,18.0,7784290.909090907,64.0
2026-05-20,이월,슈즈,76090.90909090909,1.0,23000.000000000007,-1.0
2026-05-20,이월,스포츠,616363.6363636362,8.0,1142454.5454545454,16.0
2026-05-20,이월,여성,3546409.0909090904,14.0,8598045.454545453,46.0
2026-05-20,이월,잡화,3702054.5454545454,17.0,4710636.363636363,26.0
2026-05-20,입점,골프,1668409.0909090906,16.0,749418.1818181816,16.0
2026-05-20,입점,남성,114336.36363636363,2.0,1125836.3636363638,12.0
2026-05-20,입점,리빙,268090.90909090906,3.0,4064490.9090909087,28.0
2026-05-20,입점,명품,1121454.5454545452,7.0,4600818.181818182,21.0
2026-05-20,입점,뷰티,1282272.7272727273,21.0,964018.1818181819,28.0
2026-05-20,입점,슈즈,161272.72727272726,1.0,2045454.5454545452,12.0
2026-05-20,입점,스포츠,343636.3636363636,2.0,829181.8181818181,20.0
2026-05-20,입점,아웃도어,1845090.909090909,5.0,83657636.36363636,38.0
2026-05-20,입점,여성,359718.18181818177,2.0,-203936.36363636347,-1.0
2026-05-20,입점,잡화,401136.36363636365,3.0,574227.2727272727,14.0
2026-05-20,입점,키즈,98772.72727272726,1.0,733363.6363636365,15.0
2026-05-20,정상,골프,152963.63636363635,1.0,646909.0909090908,5.0
2026-05-20,정상,남성,3471636.3636363633,17.0,3668872.727272727,33.0
2026-05-20,정상,뷰티,0.0,0.0,13636.363636363636,1.0
2026-05-20,정상,슈즈,414545.4545454546,3.0,279090.90909090906,3.0
2026-05-20,정상,스포츠,99090.90909090909,1.0,240909.09090909088,2.0
2026-05-20,정상,여성,35272.727272727294,1.0,-1187818.1818181812,6.0
2026-05-20,정상,잡화,2375618.1818181816,18.0,7539972.7272727275,45.0
2026-05-21,이월,골프,841354.5454545454,6.0,2488499.9999999995,15.0
2026-05-21,이월,남성,6622181.818181818,36.0,11140045.454545451,62.0
2026-05-21,이월,슈즈,83272.72727272726,1.0,1257727.272727273,9.0
2026-05-21,이월,스포츠,371727.27272727265,5.0,1088818.1818181819,15.0
2026-05-21,이월,여성,3784000.0,16.0,3874863.6363636353,24.0
2026-05-21,이월,잡화,1508345.4545454544,9.0,3708818.1818181816,19.0
2026-05-21,입점,골프,1203445.4545454546,8.0,3514100.0,42.0
2026-05-21,입점,남성,-123936.3636363636,0.0,1197345.4545454544,10.0
2026-05-21,입점,리빙,112727.27272727272,4.0,363436.36363636376,16.0
2026-05-21,입점,명품,2240545.4545454546,6.0,1994545.4545454544,8.0
2026-05-21,입점,뷰티,455454.5454545455,8.0,1748490.909090909,28.0
2026-05-21,입점,슈즈,130727.27272727272,1.0,706818.1818181818,5.0
2026-05-21,입점,스포츠,258818.1818181818,2.0,1398818.1818181819,21.0
2026-05-21,입점,아웃도어,317818.18181818177,4.0,30032090.9090909,34.0
2026-05-21,입점,여성,46409.0909090909,1.0,935981.8181818185,8.0
2026-05-21,입점,잡화,75545.45454545453,2.0,1304109.0909090906,12.0
2026-05-21,입점,키즈,108181.81818181818,1.0,426054.54545454547,7.0
2026-05-21,정상,골프,455727.2727272727,4.0,1173399.9999999998,4.0
2026-05-21,정상,남성,2253636.3636363633,12.0,5114854.545454543,33.0
2026-05-21,정상,뷰티,40363.63636363636,1.0,0.0,0.0
2026-05-21,정상,슈즈,492909.09090909094,4.0,982727.2727272727,7.0
2026-05-21,정상,스포츠,216363.63636363635,2.0,259272.7272727272,2.0
2026-05-21,정상,여성,-780545.4545454546,-2.0,3139681.8181818184,21.0
2026-05-21,정상,잡화,2526536.3636363633,24.0,7449290.90909091,43.0
2026-05-22,이월,골프,2312881.818181818,11.0,1993081.8181818177,14.0
2026-05-22,이월,남성,4212181.818181818,25.0,22942709.090909086,91.0
2026-05-22,이월,슈즈,0.0,0.0,457363.6363636363,4.0
2026-05-22,이월,스포츠,86727.27272727272,1.0,597636.3636363636,11.0
2026-05-22,이월,여성,3016636.363636364,10.0,7520818.181818183,31.0
2026-05-22,이월,잡화,1757854.545454545,13.0,4626945.454545454,31.0
2026-05-22,입점,골프,70872.72727272726,12.0,2348718.181818182,25.0
2026-05-22,입점,남성,-118636.36363636362,1.0,1104718.1818181816,11.0
2026-05-22,입점,리빙,-162727.2727272727,1.0,1972627.2727272725,24.0
2026-05-22,입점,명품,773727.2727272728,3.0,9254999.999999998,16.0
2026-05-22,입점,뷰티,1521863.6363636362,26.0,1167163.6363636362,16.0
2026-05-22,입점,슈즈,-130727.27272727272,-1.0,700227.2727272725,4.0
2026-05-22,입점,스포츠,185818.18181818182,2.0,277181.8181818181,9.0
2026-05-22,입점,아웃도어,1288454.5454545454,5.0,7990954.545454544,32.0
2026-05-22,입점,여성,23381.818181818162,2.0,1626554.5454545456,19.0
2026-05-22,입점,잡화,205818.1818181818,2.0,2546990.9090909087,17.0
2026-05-22,입점,키즈,70418.18181818181,1.0,570063.6363636364,10.0
2026-05-22,정상,골프,587963.6363636362,3.0,783418.1818181816,5.0
2026-05-22,정상,남성,1432590.9090909087,11.0,2634272.7272727266,32.0
2026-05-22,정상,뷰티,123272.72727272726,2.0,0.0,0.0
2026-05-22,정상,슈즈,1777272.7272727273,11.0,-26363.636363636382,0.0
2026-05-22,정상,스포츠,0.0,0.0,-187999.99999999997,3.0
2026-05-22,정상,여성,3300272.7272727266,7.0,4051363.636363636,10.0
2026-05-22,정상,잡화,3321327.2727272725,22.0,4283327.272727273,25.0
2026-05-23,이월,골프,2310690.9090909087,12.0,6350136.363636362,37.0
2026-05-23,이월,남성,6320790.909090907,42.0,19109300.0,98.0
2026-05-23,이월,슈즈,115909.09090909091,2.0,209727.2727272727,4.0
2026-05-23,이월,스포츠,475090.90909090906,8.0,1023363.6363636365,14.0
2026-05-23,이월,여성,6571409.090909092,33.0,23836454.54545453,97.0
2026-05-23,이월,잡화,790090.9090909091,9.0,5765036.363636362,32.0
2026-05-23,입점,골프,1208000.0,12.0,4608581.818181817,46.0
2026-05-23,입점,남성,447009.0909090909,4.0,3783245.454545454,30.0
2026-05-23,입점,리빙,495909.0909090908,5.0,4399927.2727272725,24.0
2026-05-23,입점,명품,3854727.2727272725,11.0,10935090.909090905,29.0
2026-05-23,입점,뷰티,784090.9090909091,15.0,1932454.5454545456,36.0
2026-05-23,입점,슈즈,305454.5454545454,2.0,1969563.6363636365,11.0
2026-05-23,입점,스포츠,495454.5454545454,3.0,1494090.9090909087,20.0
2026-05-23,입점,아웃도어,1750999.9999999998,14.0,4716227.272727271,27.0
2026-05-23,입점,여성,639090.9090909091,5.0,6749599.999999999,56.0
2026-05-23,입점,잡화,691863.6363636362,6.0,971818.1818181818,12.0
2026-05-23,입점,키즈,0.0,0.0,698145.4545454545,17.0
2026-05-23,정상,골프,270000.0,1.0,2680727.272727273,16.0
2026-05-23,정상,남성,1968772.727272727,13.0,7258545.454545451,48.0
2026-05-23,정상,뷰티,-32727.272727272724,-1.0,88636.36363636363,4.0
2026-05-23,정상,슈즈,90000.0,1.0,704545.4545454546,5.0
2026-05-23,정상,스포츠,207272.72727272726,1.0,222000.0,2.0
2026-05-23,정상,여성,2832000.0,9.0,13317363.636363631,44.0
2026-05-23,정상,잡화,2578963.636363636,15.0,5546309.090909091,34.0
2026-05-24,이월,골프,-98727.27272727266,1.0,2958172.7272727275,17.0
2026-05-24,이월,남성,3015036.3636363638,23.0,14088827.27272727,90.0
2026-05-24,이월,슈즈,260818.18181818182,2.0,748818.1818181818,5.0
2026-05-24,이월,스포츠,276727.2727272727,4.0,518909.0909090909,7.0
2026-05-24,이월,여성,2114681.818181819,10.0,12938727.272727272,65.0
2026-05-24,이월,잡화,1969381.818181818,13.0,4988345.454545454,27.0
2026-05-24,입점,골프,1169281.8181818181,14.0,8700481.818181816,60.0
2026-05-24,입점,남성,205200.0,2.0,3677245.4545454546,39.0
2026-05-24,입점,리빙,114199.99999999999,1.0,-1286499.9999999998,21.0
2026-05-24,입점,명품,1166272.7272727273,7.0,7234272.727272727,17.0
2026-05-24,입점,뷰티,716181.818181818,12.0,1604581.8181818181,30.0
2026-05-24,입점,슈즈,98545.45454545454,1.0,942727.2727272727,8.0
2026-05-24,입점,스포츠,1029454.5454545454,7.0,2265863.6363636362,28.0
2026-05-24,입점,아웃도어,1180272.7272727273,5.0,10277318.181818182,36.0
2026-05-24,입점,여성,450954.5454545454,6.0,4382227.272727273,57.0
2026-05-24,입점,잡화,1616272.7272727273,9.0,4112745.454545454,25.0
2026-05-24,입점,키즈,174018.1818181818,4.0,1194809.0909090908,22.0
2026-05-24,정상,골프,405636.3636363636,3.0,2354018.1818181816,18.0
2026-05-24,정상,남성,1904499.9999999998,10.0,4592909.09090909,44.0
2026-05-24,정상,뷰티,65363.63636363636,1.0,87272.72727272726,3.0
2026-05-24,정상,슈즈,80909.09090909091,1.0,631818.1818181818,2.0
2026-05-24,정상,스포츠,44545.454545454544,1.0,99090.90909090909,1.0
2026-05-24,정상,여성,702000.0,2.0,5591727.2727272725,21.0
2026-05-24,정상,잡화,3396909.0909090904,27.0,6445545.454545454,35.0
2026-05-25,이월,골프,1291309.090909091,9.0,6417663.636363635,38.0
2026-05-25,이월,남성,3772218.1818181816,34.0,16587572.727272727,77.0
2026-05-25,이월,슈즈,-164181.81818181818,-1.0,421363.63636363635,3.0
2026-05-25,이월,스포츠,252545.45454545453,2.0,197545.45454545453,5.0
2026-05-25,이월,여성,1546727.2727272725,12.0,19429590.909090918,86.0
2026-05-25,이월,잡화,2190854.545454545,15.0,4465454.545454545,23.0
2026-05-25,입점,골프,1176472.727272727,11.0,5449009.090909093,60.0
2026-05-25,입점,남성,539272.7272727272,5.0,3173545.454545454,37.0
2026-05-25,입점,리빙,340181.8181818181,5.0,2034163.6363636362,34.0
2026-05-25,입점,명품,2582727.2727272725,7.0,10008909.090909092,28.0
2026-05-25,입점,뷰티,1376909.0909090906,19.0,2048536.3636363633,38.0
2026-05-25,입점,슈즈,100818.18181818181,2.0,2769454.545454546,17.0
2026-05-25,입점,스포츠,234045.45454545453,5.0,2874363.6363636362,27.0
2026-05-25,입점,아웃도어,1272636.3636363635,9.0,3466909.090909091,33.0
2026-05-25,입점,여성,259645.45454545453,3.0,4874990.909090908,48.0
2026-05-25,입점,잡화,112272.72727272726,4.0,817536.3636363635,20.0
2026-05-25,입점,키즈,83709.09090909091,2.0,1170836.3636363633,25.0
2026-05-25,정상,골프,220799.99999999994,2.0,3125527.2727272725,14.0
2026-05-25,정상,남성,1833909.0909090906,11.0,9942590.909090908,46.0
2026-05-25,정상,뷰티,22636.363636363636,1.0,67636.36363636363,3.0
2026-05-25,정상,슈즈,406363.63636363635,3.0,2311999.9999999995,13.0
2026-05-25,정상,스포츠,289090.90909090906,2.0,-3636.3636363636324,0.0
2026-05-25,정상,여성,26181.818181818177,0.0,8754000.0,38.0
2026-05-25,정상,잡화,2528618.1818181816,20.0,5592181.818181817,42.0
2026-05-26,이월,골프,1436472.727272727,10.0,8988581.818181816,38.0
2026-05-26,이월,남성,5363299.999999999,34.0,17410581.818181816,109.0
2026-05-26,이월,슈즈,120272.72727272726,1.0,145727.2727272727,1.0
2026-05-26,이월,스포츠,508363.63636363635,7.0,776636.3636363634,11.0
2026-05-26,이월,여성,3745909.0909090894,17.0,12885727.272727273,62.0
2026-05-26,이월,잡화,1760872.7272727268,13.0,5775709.090909089,33.0
2026-05-26,입점,골프,723745.4545454544,11.0,3167300.0000000005,25.0
2026-05-26,입점,남성,478181.8181818181,4.0,1593809.0909090908,15.0
2026-05-26,입점,리빙,-59381.81818181818,0.0,2150727.272727273,37.0
2026-05-26,입점,명품,1121818.1818181819,7.0,-3251727.272727273,6.0
2026-05-26,입점,뷰티,887272.7272727273,19.0,1957290.9090909087,38.0
2026-05-26,입점,슈즈,178181.81818181818,2.0,1457954.5454545452,8.0
2026-05-26,입점,스포츠,300545.4545454546,2.0,1404181.818181818,24.0
2026-05-26,입점,아웃도어,1858999.9999999993,10.0,1170363.6363636362,10.0
2026-05-26,입점,여성,801618.1818181819,6.0,3218572.7272727266,47.0
2026-05-26,입점,잡화,1710318.1818181816,5.0,1076154.5454545452,13.0
2026-05-26,입점,키즈,147581.81818181818,4.0,513300.0,12.0
2026-05-26,정상,골프,1274945.4545454544,7.0,5207918.181818183,30.0
2026-05-26,정상,남성,2930727.2727272725,20.0,7345581.8181818165,45.0
2026-05-26,정상,뷰티,10000.0,1.0,82909.09090909091,2.0
2026-05-26,정상,슈즈,2457272.7272727275,12.0,721818.1818181819,4.0
2026-05-26,정상,스포츠,167454.54545454544,2.0,1010909.0909090908,8.0
2026-05-26,정상,여성,1917727.2727272727,10.0,12396636.363636365,34.0
2026-05-26,정상,잡화,4065372.7272727266,30.0,7781190.90909091,58.0
2026-05-27,이월,골프,364563.63636363635,4.0,1837327.2727272722,7.0
2026-05-27,이월,남성,3551090.909090908,28.0,5595718.181818181,57.0
2026-05-27,이월,슈즈,-46909.090909090904,-1.0,215363.63636363632,3.0
2026-05-27,이월,스포츠,302909.0909090909,6.0,1542545.4545454544,20.0
2026-05-27,이월,여성,333545.4545454546,7.0,12959954.545454541,46.0
2026-05-27,이월,잡화,744800.0,5.0,6493545.454545454,28.0
2026-05-27,입점,골프,1125381.8181818181,14.0,2545745.454545454,25.0
2026-05-27,입점,남성,414909.0909090908,3.0,944800.0,14.0
2026-05-27,입점,리빙,714909.0909090908,5.0,1603054.5454545459,36.0
2026-05-27,입점,명품,1073272.727272727,5.0,3396090.909090909,12.0
2026-05-27,입점,뷰티,794890.9090909091,20.0,1746690.909090909,41.0
2026-05-27,입점,슈즈,203727.27272727274,1.0,1816999.9999999995,13.0
2026-05-27,입점,스포츠,585909.0909090909,5.0,1668090.909090909,26.0
2026-05-27,입점,아웃도어,346636.3636363636,9.0,2104809.090909091,24.0
2026-05-27,입점,여성,470363.6363636363,7.0,5794218.181818183,57.0
2026-05-27,입점,잡화,123999.99999999999,1.0,475972.72727272724,22.0
2026-05-27,입점,키즈,655054.5454545453,7.0,727432.7272727273,14.0
2026-05-27,정상,골프,274945.4545454545,4.0,2658254.5454545454,16.0
2026-05-27,정상,남성,2087727.2727272725,18.0,3222281.818181818,21.0
2026-05-27,정상,뷰티,0.0,0.0,46272.72727272727,2.0
2026-05-27,정상,슈즈,1128181.8181818181,8.0,684545.4545454544,5.0
2026-05-27,정상,스포츠,314545.45454545453,3.0,99090.90909090909,1.0
2026-05-27,정상,여성,1996636.363636363,7.0,2207545.4545454537,9.0
2026-05-27,정상,잡화,2719590.9090909096,26.0,6554563.636363635,29.0
2026-05-28,이월,골프,267399.9999999999,3.0,4577127.272727273,32.0
2026-05-28,이월,남성,2308072.727272727,14.0,8629999.999999998,65.0
2026-05-28,이월,슈즈,186636.36363636362,4.0,-148727.27272727274,0.0
2026-05-28,이월,스포츠,223636.36363636362,3.0,568545.4545454546,10.0
2026-05-28,이월,여성,4009272.7272727266,22.0,3809909.090909091,21.0
2026-05-28,이월,잡화,2584563.6363636362,11.0,5206872.727272727,28.0
2026-05-28,입점,골프,534545.4545454545,9.0,2059709.0909090906,14.0
2026-05-28,입점,남성,399936.36363636353,4.0,764190.9090909091,4.0
2026-05-28,입점,리빙,-416218.1818181818,2.0,4488472.7272727275,35.0
2026-05-28,입점,명품,1927272.7272727273,9.0,9585272.727272727,29.0
2026-05-28,입점,뷰티,544709.0909090907,14.0,1396390.909090909,29.0
2026-05-28,입점,슈즈,279509.09090909094,1.0,1200090.909090909,6.0
2026-05-28,입점,스포츠,497500.0,6.0,1254818.1818181819,19.0
2026-05-28,입점,아웃도어,279454.5454545454,3.0,1505545.4545454546,17.0
2026-05-28,입점,여성,510518.18181818177,7.0,4390390.909090909,49.0
2026-05-28,입점,잡화,352027.27272727276,7.0,1652090.9090909092,22.0
2026-05-28,입점,키즈,91454.54545454544,2.0,1011098.1818181819,19.0
2026-05-28,정상,골프,309054.54545454547,3.0,998445.4545454546,13.0
2026-05-28,정상,남성,1310045.4545454544,11.0,4476045.454545454,27.0
2026-05-28,정상,뷰티,106272.72727272726,2.0,30636.363636363636,2.0
2026-05-28,정상,슈즈,1002727.2727272727,7.0,784545.4545454546,7.0
2026-05-28,정상,스포츠,315454.5454545454,3.0,418545.4545454545,2.0
2026-05-28,정상,여성,459545.45454545435,2.0,3508909.090909091,12.0
2026-05-28,정상,잡화,2616254.5454545454,16.0,3795272.727272727,36.0
2026-05-29,이월,골프,1598145.4545454544,14.0,3083481.8181818184,19.0
2026-05-29,이월,남성,776181.8181818182,9.0,14491218.181818182,89.0
2026-05-29,이월,슈즈,254272.72727272724,2.0,-5454.545454545449,2.0
2026-05-29,이월,스포츠,401999.99999999994,6.0,324454.5454545454,9.0
2026-05-29,이월,여성,1753681.8181818181,16.0,12837681.818181813,51.0
2026-05-29,이월,잡화,1021090.9090909091,5.0,4532199.999999999,33.0
2026-05-29,입점,골프,2249336.3636363633,14.0,3570118.181818181,38.0
2026-05-29,입점,남성,291454.5454545454,5.0,261009.09090909082,9.0
2026-05-29,입점,리빙,327272.72727272724,2.0,-898736.3636363634,6.0
2026-05-29,입점,명품,637272.7272727272,4.0,4268636.363636362,17.0
2026-05-29,입점,뷰티,748690.909090909,16.0,1348409.0909090906,21.0
2026-05-29,입점,슈즈,342818.1818181818,3.0,661727.2727272726,4.0
2026-05-29,입점,스포츠,-33636.36363636359,1.0,1387181.8181818181,18.0
2026-05-29,입점,아웃도어,426636.36363636353,4.0,650999.9999999999,15.0
2026-05-29,입점,여성,129909.0909090909,2.0,2619136.3636363638,36.0
2026-05-29,입점,잡화,280272.7272727272,4.0,1433500.0,19.0
2026-05-29,입점,키즈,58727.27272727272,2.0,1433276.3636363635,26.0
2026-05-29,정상,골프,963654.5454545454,7.0,1362463.6363636365,8.0
2026-05-29,정상,남성,2803681.8181818184,16.0,4538254.545454543,31.0
2026-05-29,정상,뷰티,16818.181818181816,1.0,0.0,0.0
2026-05-29,정상,슈즈,278181.8181818181,3.0,-459999.99999999994,-3.0
2026-05-29,정상,스포츠,0.0,0.0,1136363.6363636362,9.0
2026-05-29,정상,여성,1374181.8181818181,5.0,6212681.818181818,25.0
2026-05-29,정상,잡화,1035681.818181818,16.0,4129436.3636363633,41.0
2026-05-30,이월,골프,997318.1818181816,7.0,4426890.909090909,28.0
2026-05-30,이월,남성,7104245.454545454,43.0,18574327.27272727,96.0
2026-05-30,이월,슈즈,198090.90909090906,2.0,448636.3636363636,5.0
2026-05-30,이월,스포츠,352545.45454545453,5.0,672363.6363636364,8.0
2026-05-30,이월,여성,2493318.181818182,12.0,21978000.0,86.0
2026-05-30,이월,잡화,2363454.5454545454,12.0,4494581.818181817,29.0
2026-05-30,입점,골프,1306972.727272727,12.0,4677700.0,53.0
2026-05-30,입점,남성,76818.18181818181,2.0,3682299.9999999995,26.0
2026-05-30,입점,리빙,0.0,0.0,4580299.999999999,21.0
2026-05-30,입점,명품,2303545.4545454546,7.0,8321363.636363635,19.0
2026-05-30,입점,뷰티,982209.0909090908,19.0,1298636.3636363635,21.0
2026-05-30,입점,슈즈,355909.0909090909,2.0,2040681.818181818,14.0
2026-05-30,입점,스포츠,532727.2727272727,4.0,3390409.0909090904,44.0
2026-05-30,입점,아웃도어,511363.6363636363,5.0,1717272.727272727,20.0
2026-05-30,입점,여성,634718.1818181819,7.0,3917227.272727272,39.0
2026-05-30,입점,잡화,57909.090909090904,2.0,572899.9999999999,12.0
2026-05-30,입점,키즈,134500.0,4.0,1891214.5454545456,30.0
2026-05-30,정상,골프,394045.45454545453,2.0,2005527.2727272727,14.0
2026-05-30,정상,남성,1618045.4545454546,13.0,5752136.363636362,31.0
2026-05-30,정상,뷰티,0.0,0.0,70363.63636363635,3.0
2026-05-30,정상,슈즈,218363.63636363632,3.0,1063636.3636363635,7.0
2026-05-30,정상,스포츠,297272.7272727273,3.0,843636.3636363635,8.0
2026-05-30,정상,여성,-335909.09090909094,2.0,12825181.818181816,48.0
2026-05-30,정상,잡화,1417263.6363636365,14.0,5396590.909090909,43.0
2026-05-31,이월,골프,920636.3636363635,6.0,5104190.909090909,37.0
2026-05-31,이월,남성,5215045.454545453,32.0,24413636.363636363,132.0
2026-05-31,이월,슈즈,220636.36363636362,2.0,297909.0909090909,5.0
2026-05-31,이월,스포츠,264727.2727272727,4.0,741090.9090909091,14.0
2026-05-31,이월,여성,6210681.8181818165,24.0,21077545.454545442,88.0
2026-05-31,이월,잡화,2211927.272727273,15.0,4681681.818181817,29.0
2026-05-31,입점,골프,1265000.0,6.0,5027172.727272726,53.0
2026-05-31,입점,남성,187909.0909090909,3.0,2779681.818181818,21.0
2026-05-31,입점,리빙,746418.1818181818,5.0,2169618.181818182,32.0
2026-05-31,입점,명품,3281454.545454545,11.0,8222727.272727273,35.0
2026-05-31,입점,뷰티,593618.1818181816,16.0,1763809.0909090904,29.0
2026-05-31,입점,슈즈,0.0,0.0,3066754.5454545454,20.0
2026-05-31,입점,스포츠,280000.0,5.0,2795772.7272727266,39.0
2026-05-31,입점,아웃도어,1320272.727272727,9.0,2330454.545454545,31.0
2026-05-31,입점,여성,514363.6363636363,5.0,4252963.636363636,33.0
2026-05-31,입점,잡화,250090.90909090906,6.0,3205772.7272727266,21.0
2026-05-31,입점,키즈,23636.363636363636,1.0,2191399.9999999995,35.0
2026-05-31,정상,골프,1025381.8181818181,8.0,5850618.181818181,36.0
2026-05-31,정상,남성,2418499.9999999995,13.0,11017436.36363636,65.0
2026-05-31,정상,뷰티,0.0,0.0,119090.90909090909,3.0
2026-05-31,정상,슈즈,720909.0909090908,4.0,874545.4545454545,8.0
2026-05-31,정상,스포츠,62727.27272727272,1.0,684545.4545454546,6.0
2026-05-31,정상,여성,3051181.818181818,13.0,14874818.181818184,53.0
2026-05-31,정상,잡화,2602836.3636363633,23.0,9315454.545454543,62.0
2026-06-01,이월,골프,1852745.4545454546,12.0,3375445.454545455,24.0
2026-06-01,이월,남성,3671499.999999999,24.0,13957681.818181813,97.0
2026-06-01,이월,슈즈,83636.36363636365,0.0,81454.54545454547,0.0
2026-06-01,이월,스포츠,303000.0,5.0,617181.818181818,11.0
2026-06-01,이월,여성,3043727.272727273,13.0,11959909.090909092,69.0
2026-06-01,이월,잡화,2072036.3636363638,10.0,5574681.8181818165,38.0
2026-06-01,입점,골프,1604836.3636363635,12.0,3178627.272727272,27.0
2026-06-01,입점,남성,303845.4545454546,4.0,1712345.4545454544,23.0
2026-06-01,입점,리빙,761490.9090909091,6.0,993618.1818181819,20.0
2026-06-01,입점,명품,1694545.4545454544,7.0,-1691454.5454545454,13.0
2026-06-01,입점,뷰티,830181.8181818181,19.0,1464545.4545454546,34.0
2026-06-01,입점,슈즈,306909.0909090909,2.0,673636.3636363635,7.0
2026-06-01,입점,스포츠,476636.3636363636,6.0,2435090.9090909087,43.0
2026-06-01,입점,아웃도어,1511454.5454545452,9.0,2538090.9090909096,45.0
2026-06-01,입점,여성,152727.27272727274,1.0,4033463.6363636362,29.0
2026-06-01,입점,잡화,213363.63636363632,5.0,1089818.1818181816,11.0
2026-06-01,입점,키즈,21818.181818181816,1.0,781981.8181818182,15.0
2026-06-01,정상,골프,832781.8181818181,4.0,2784718.1818181816,14.0
2026-06-01,정상,남성,2882990.909090908,16.0,1519345.454545455,24.0
2026-06-01,정상,뷰티,0.0,0.0,253545.45454545453,3.0
2026-06-01,정상,슈즈,2101818.181818181,15.0,1827272.727272727,9.0
2026-06-01,정상,스포츠,130181.81818181818,1.0,723909.0909090907,6.0
2026-06-01,정상,여성,798000.0000000001,4.0,4156818.1818181807,17.0
2026-06-01,정상,잡화,4003618.1818181816,23.0,8797381.81818182,56.0
2026-06-02,이월,골프,161227.27272727274,4.0,3440754.545454545,18.0
2026-06-02,이월,남성,5481627.2727272725,34.0,17821063.636363637,87.0
2026-06-02,이월,슈즈,46909.090909090904,1.0,10727.272727272728,-1.0
2026-06-02,이월,스포츠,269818.18181818177,4.0,635363.6363636362,6.0
2026-06-02,이월,여성,2168818.181818181,14.0,14946272.727272727,72.0
2026-06-02,이월,잡화,2235636.3636363638,11.0,4240545.454545454,27.0
2026-06-02,입점,골프,976818.1818181816,10.0,3743954.545454544,29.0
2026-06-02,입점,남성,381727.27272727265,3.0,1685563.6363636358,19.0
2026-06-02,입점,리빙,100772.72727272726,4.0,2178847.2727272725,31.0
2026-06-02,입점,명품,3775818.1818181816,14.0,2623072.727272727,9.0
2026-06-02,입점,뷰티,1012181.818181818,15.0,1230581.818181818,24.0
2026-06-02,입점,슈즈,52499.99999999999,1.0,385300.0,3.0
2026-06-02,입점,스포츠,-155727.2727272727,3.0,1150145.4545454544,22.0
2026-06-02,입점,아웃도어,219090.90909090906,3.0,749363.6363636362,20.0
2026-06-02,입점,여성,497527.2727272727,5.0,3911881.818181819,24.0
2026-06-02,입점,잡화,0.0,0.0,2951272.7272727266,9.0
2026-06-02,입점,키즈,72845.45454545453,3.0,1211600.0,20.0
2026-06-02,정상,골프,1221681.818181818,4.0,3555727.2727272725,19.0
2026-06-02,정상,남성,748363.6363636362,8.0,5685972.7272727275,30.0
2026-06-02,정상,뷰티,0.0,0.0,103818.18181818182,2.0
2026-06-02,정상,슈즈,1689090.9090909087,10.0,821818.1818181818,4.0
2026-06-02,정상,스포츠,89090.90909090909,2.0,148181.81818181818,0.0
2026-06-02,정상,여성,2193318.1818181816,9.0,3249818.181818182,19.0
2026-06-02,정상,잡화,4255400.0,26.0,9771872.727272727,42.0
2026-06-03,이월,골프,693299.9999999999,5.0,6213909.090909091,35.0
2026-06-03,이월,남성,5106327.2727272725,36.0,24906590.909090884,127.0
2026-06-03,이월,슈즈,75727.27272727272,1.0,1008363.6363636362,4.0
2026-06-03,이월,스포츠,353818.18181818177,6.0,1230363.6363636362,15.0
2026-06-03,이월,여성,5883545.454545454,37.0,29735454.545454554,129.0
2026-06-03,이월,잡화,2610727.2727272734,15.0,7749727.272727272,52.0
2026-06-03,입점,골프,1437545.4545454541,14.0,6104099.999999999,50.0
2026-06-03,입점,남성,511927.27272727265,5.0,3116390.909090908,37.0
2026-06-03,입점,리빙,228818.1818181818,4.0,3370781.818181818,36.0
2026-06-03,입점,명품,3089363.636363636,9.0,10877727.272727272,26.0
2026-06-03,입점,뷰티,1013681.8181818181,22.0,3700136.3636363633,48.0
2026-06-03,입점,슈즈,154272.72727272726,1.0,1537281.8181818181,9.0
2026-06-03,입점,스포츠,454181.8181818182,8.0,2401681.818181818,34.0
2026-06-03,입점,아웃도어,982372.7272727273,11.0,2742663.636363636,27.0
2026-06-03,입점,여성,533272.7272727273,8.0,5219936.363636365,59.0
2026-06-03,입점,잡화,261090.90909090906,4.0,2945281.818181818,21.0
2026-06-03,입점,키즈,47863.63636363636,2.0,1381536.3636363638,27.0
2026-06-03,정상,골프,1504709.0909090906,11.0,5378854.545454545,27.0
2026-06-03,정상,남성,2237409.090909091,15.0,8883509.09090909,57.0
2026-06-03,정상,뷰티,22636.363636363636,1.0,143818.18181818182,5.0
2026-06-03,정상,슈즈,1659999.9999999995,13.0,532727.2727272727,1.0
2026-06-03,정상,스포츠,99090.90909090909,1.0,514545.4545454545,3.0
2026-06-03,정상,여성,4241681.818181817,18.0,18383909.090909094,58.0
2026-06-03,정상,잡화,5864490.909090908,30.0,9662245.454545455,67.0
2026-06-04,이월,골프,1460863.6363636362,9.0,3615854.5454545435,17.0
2026-06-04,이월,남성,2454045.4545454537,23.0,14528145.454545453,67.0
2026-06-04,이월,슈즈,164818.1818181818,1.0,-282909.0909090909,-2.0
2026-06-04,이월,스포츠,149000.0,2.0,638727.2727272727,4.0
2026-06-04,이월,여성,1978818.1818181819,14.0,8032272.7272727275,58.0
2026-06-04,이월,잡화,1688545.4545454544,12.0,6347263.636363635,33.0
2026-06-04,입점,골프,1071290.909090909,12.0,1778681.8181818181,18.0
2026-06-04,입점,남성,727672.7272727272,5.0,1978000.0,18.0
2026-06-04,입점,리빙,226454.54545454544,4.0,3898145.454545454,21.0
2026-06-04,입점,명품,2854818.181818181,6.0,4734363.636363637,19.0
2026-06-04,입점,뷰티,523936.36363636353,16.0,777545.4545454544,19.0
2026-06-04,입점,슈즈,155272.72727272724,0.0,2026872.7272727278,10.0
2026-06-04,입점,스포츠,445545.45454545453,5.0,605772.7272727273,13.0
2026-06-04,입점,아웃도어,316818.18181818177,6.0,200772.72727272724,5.0
2026-06-04,입점,여성,12654.545454545441,-3.0,1806072.7272727268,28.0
2026-06-04,입점,잡화,-86172.7272727273,2.0,34136.36363636363,4.0
2026-06-04,입점,키즈,86236.36363636363,3.0,1258609.0909090908,15.0
2026-06-04,정상,골프,852754.5454545454,5.0,1249672.7272727273,7.0
2026-06-04,정상,남성,1279000.0,9.0,6785209.090909094,40.0
2026-06-04,정상,뷰티,14636.36363636364,0.0,142000.0,1.0
2026-06-04,정상,슈즈,1597272.7272727268,12.0,456545.4545454545,4.0
2026-06-04,정상,스포츠,306181.8181818182,4.0,-198181.81818181818,-2.0
2026-06-04,정상,여성,447272.72727272724,3.0,5322954.545454542,14.0
2026-06-04,정상,잡화,3669736.3636363638,22.0,4785936.363636362,43.0
2026-06-05,이월,골프,1282363.6363636365,10.0,2693054.5454545445,14.0
2026-06-05,이월,남성,1540818.1818181819,17.0,6637318.181818182,48.0
2026-06-05,이월,슈즈,446181.8181818181,2.0,-45000.0,-1.0
2026-06-05,이월,스포츠,410090.90909090906,4.0,367181.8181818182,6.0
2026-06-05,이월,여성,532318.181818182,12.0,8381500.0,47.0
2026-06-05,이월,잡화,2655381.8181818184,14.0,3790263.6363636362,27.0
2026-06-05,입점,골프,729272.7272727273,11.0,3371545.4545454546,20.0
2026-06-05,입점,남성,564863.6363636362,6.0,536145.4545454545,5.0
2026-06-05,입점,리빙,26181.818181818177,3.0,1262454.5454545454,23.0
2026-06-05,입점,명품,2694545.454545454,10.0,3939181.818181818,6.0
2026-06-05,입점,뷰티,937636.3636363635,29.0,1875181.8181818177,23.0
2026-06-05,입점,슈즈,0.0,0.0,1769363.636363636,15.0
2026-06-05,입점,스포츠,212545.45454545453,3.0,650409.0909090908,10.0
2026-06-05,입점,아웃도어,-475909.09090909094,2.0,581045.4545454545,9.0
2026-06-05,입점,여성,319254.54545454547,3.0,456299.9999999999,-3.0
2026-06-05,입점,잡화,60272.727272727265,2.0,2212245.454545454,9.0
2026-06-05,입점,키즈,69545.45454545454,-1.0,1035345.4545454545,14.0
2026-06-05,정상,골프,366272.7272727273,4.0,1205436.3636363635,10.0
2026-06-05,정상,남성,4099954.545454546,24.0,13899863.636363637,68.0
2026-06-05,정상,뷰티,22636.363636363636,1.0,28181.81818181818,1.0
2026-06-05,정상,슈즈,196363.63636363635,5.0,568181.8181818181,5.0
2026-06-05,정상,스포츠,126363.63636363635,1.0,189090.9090909091,2.0
2026-06-05,정상,여성,2742727.272727272,14.0,8181636.363636361,39.0
2026-06-05,정상,잡화,3519245.454545454,21.0,3765445.4545454546,29.0
2026-06-06,이월,골프,388454.5454545454,4.0,4455027.2727272725,20.0
2026-06-06,이월,남성,3013954.545454545,22.0,23629327.272727262,112.0
2026-06-06,이월,슈즈,-181.8181818181838,0.0,569181.8181818181,3.0
2026-06-06,이월,스포츠,124636.36363636363,3.0,261090.90909090906,5.0
2026-06-06,이월,여성,1800363.6363636362,11.0,13584499.999999994,71.0
2026-06-06,이월,잡화,1378654.5454545454,11.0,6362436.363636363,37.0
2026-06-06,입점,골프,499454.5454545454,8.0,4510163.636363636,44.0
2026-06-06,입점,남성,698245.4545454545,6.0,1809154.5454545456,19.0
2026-06-06,입점,리빙,285181.8181818182,4.0,1387963.636363636,12.0
2026-06-06,입점,명품,1483000.0,6.0,9470909.090909092,27.0
2026-06-06,입점,뷰티,1722190.9090909092,37.0,958990.9090909091,23.0
2026-06-06,입점,슈즈,398181.8181818182,3.0,1337909.0909090908,11.0
2026-06-06,입점,스포츠,562272.7272727273,8.0,1812909.0909090908,26.0
2026-06-06,입점,아웃도어,1845454.5454545452,6.0,1604590.9090909092,17.0
2026-06-06,입점,여성,-41527.27272727273,0.0,4002572.7272727275,44.0
2026-06-06,입점,잡화,276590.90909090906,5.0,1437490.909090909,19.0
2026-06-06,입점,키즈,158700.0,3.0,1290436.3636363633,23.0
2026-06-06,정상,골프,-128054.54545454548,1.0,3974181.818181818,19.0
2026-06-06,정상,남성,1826727.2727272722,13.0,12218272.727272728,63.0
2026-06-06,정상,뷰티,0.0,0.0,13636.363636363636,1.0
2026-06-06,정상,슈즈,1047272.7272727272,7.0,954909.0909090909,6.0
2026-06-06,정상,스포츠,280000.0,2.0,225454.54545454544,0.0
2026-06-06,정상,여성,1721727.272727273,11.0,20061727.272727273,82.0
2026-06-06,정상,잡화,3012636.3636363633,16.0,5061909.090909092,33.0
2026-06-07,이월,골프,1785181.8181818181,11.0,4325245.454545454,24.0
2026-06-07,이월,남성,5488390.909090909,37.0,19428827.272727266,113.0
2026-06-07,이월,슈즈,646999.9999999999,3.0,94818.18181818181,0.0
2026-06-07,이월,스포츠,286181.8181818182,5.0,678818.1818181816,9.0
2026-06-07,이월,여성,2986818.1818181816,21.0,21352772.727272734,102.0
2026-06-07,이월,잡화,1835636.3636363638,11.0,9506545.454545453,51.0
2026-06-07,입점,골프,874381.818181818,13.0,5553736.363636362,52.0
2026-06-07,입점,남성,941336.3636363635,8.0,2455790.9090909087,30.0
2026-06-07,입점,리빙,815727.2727272728,6.0,2159445.454545454,20.0
2026-06-07,입점,명품,1561272.727272727,7.0,5283636.363636362,17.0
2026-06-07,입점,뷰티,2863090.9090909087,39.0,1396809.0909090908,34.0
2026-06-07,입점,슈즈,663772.7272727272,5.0,2409909.090909091,17.0
2026-06-07,입점,스포츠,75818.18181818181,2.0,2100272.727272727,27.0
2026-06-07,입점,아웃도어,541536.3636363635,5.0,1668545.454545455,21.0
2026-06-07,입점,여성,492600.0,7.0,3155836.3636363638,19.0
2026-06-07,입점,잡화,96545.45454545454,1.0,1876327.2727272725,13.0
2026-06-07,입점,키즈,0.0,0.0,1246072.7272727275,20.0
2026-06-07,정상,골프,586618.1818181818,4.0,3252972.7272727266,19.0
2026-06-07,정상,남성,3541909.090909091,20.0,14070590.909090906,88.0
2026-06-07,정상,뷰티,0.0,0.0,47636.36363636363,2.0
2026-06-07,정상,슈즈,2200181.818181818,14.0,1235636.3636363635,9.0
2026-06-07,정상,스포츠,0.0,0.0,198181.81818181818,2.0
2026-06-07,정상,여성,3205363.6363636362,15.0,24801363.636363637,107.0
2026-06-07,정상,잡화,2851909.090909091,15.0,7209890.90909091,54.0
2026-06-08,이월,골프,821772.7272727272,8.0,4044745.4545454537,23.0
2026-06-08,이월,남성,2133572.7272727275,22.0,13543572.72727272,67.0
2026-06-08,이월,슈즈,301363.63636363635,2.0,266090.9090909091,3.0
2026-06-08,이월,스포츠,184454.54545454544,4.0,830818.1818181816,11.0
2026-06-08,이월,여성,2706909.0909090904,14.0,11765090.90909091,60.0
2026-06-08,이월,잡화,3659454.5454545454,16.0,7120254.545454544,39.0
2026-06-08,입점,골프,-929554.5454545453,2.0,4697954.545454546,29.0
2026-06-08,입점,남성,-125072.72727272725,2.0,899500.0000000001,17.0
2026-06-08,입점,리빙,-131872.7272727273,1.0,326118.1818181819,13.0
2026-06-08,입점,명품,505818.18181818177,4.0,2096636.3636363635,4.0
2026-06-08,입점,뷰티,493227.2727272727,14.0,330245.45454545453,29.0
2026-06-08,입점,슈즈,-101272.72727272728,0.0,1797727.2727272725,17.0
2026-06-08,입점,스포츠,489818.18181818177,3.0,530045.4545454545,12.0
2026-06-08,입점,아웃도어,225363.63636363635,5.0,499818.18181818177,9.0
2026-06-08,입점,여성,-139145.45454545453,-3.0,-668972.7272727276,-10.0
2026-06-08,입점,잡화,-460909.09090909094,0.0,749727.2727272726,7.0
2026-06-08,입점,키즈,262454.54545454547,8.0,192072.72727272724,8.0
2026-06-08,정상,골프,527345.4545454546,5.0,3026118.1818181816,14.0
2026-06-08,정상,남성,2216545.454545454,18.0,8946181.818181822,57.0
2026-06-08,정상,뷰티,27181.81818181818,1.0,72000.0,3.0
2026-06-08,정상,슈즈,866363.6363636364,7.0,260909.09090909088,3.0
2026-06-08,정상,스포츠,0.0,0.0,-297363.63636363635,-1.0
2026-06-08,정상,여성,1706090.909090909,7.0,7866090.909090911,34.0
2026-06-08,정상,잡화,5111254.545454546,32.0,5984072.7272727275,52.0
2026-06-09,이월,골프,954818.1818181816,7.0,435636.3636363635,11.0
2026-06-09,이월,남성,2364345.454545454,22.0,-961681.818181817,37.0
2026-06-09,이월,슈즈,46909.090909090904,1.0,573636.3636363635,5.0
2026-06-09,이월,스포츠,198318.1818181818,5.0,-117909.09090909093,1.0
2026-06-09,이월,여성,338681.8181818181,5.0,-557954.5454545447,8.0
2026-06-09,이월,잡화,1475727.2727272727,10.0,7642381.818181817,23.0
2026-06-09,입점,골프,646000.0,7.0,6652909.090909092,52.0
2026-06-09,입점,남성,621999.9999999999,6.0,2201018.1818181816,27.0
2026-06-09,입점,리빙,623909.0909090909,5.0,2808172.7272727275,33.0
2026-06-09,입점,명품,96363.63636363641,1.0,11234663.636363635,14.0
2026-06-09,입점,뷰티,1962781.8181818181,32.0,1184963.636363636,31.0
2026-06-09,입점,슈즈,-60000.000000000015,1.0,693545.4545454544,9.0
2026-06-09,입점,스포츠,-9090.909090909088,0.0,1565272.7272727266,18.0
2026-06-09,입점,아웃도어,306909.0909090909,3.0,1480145.4545454548,11.0
2026-06-09,입점,여성,-179363.63636363635,-1.0,1616636.3636363638,12.0
2026-06-09,입점,잡화,375272.72727272724,5.0,873518.1818181819,12.0
2026-06-09,입점,키즈,-90.90909090909554,-1.0,338590.9090909092,9.0
2026-06-09,정상,골프,753727.2727272727,5.0,1150718.181818182,9.0
2026-06-09,정상,남성,2751363.6363636362,18.0,5951909.090909092,43.0
2026-06-09,정상,뷰티,27272.727272727272,1.0,27181.81818181818,1.0
2026-06-09,정상,슈즈,-99090.90909090907,-1.0,1127272.7272727273,9.0
2026-06-09,정상,스포츠,225454.5454545454,2.0,188272.72727272726,2.0
2026-06-09,정상,여성,2176636.3636363633,7.0,-2411454.5454545473,8.0
2026-06-09,정상,잡화,4363545.454545454,29.0,3992672.727272727,18.0
2026-06-10,이월,골프,202154.54545454544,2.0,483227.2727272727,9.0
2026-06-10,이월,남성,2447281.8181818174,21.0,8694536.363636361,62.0
2026-06-10,이월,슈즈,-114272.72727272725,0.0,152090.9090909091,1.0
2026-06-10,이월,스포츠,561363.6363636364,12.0,281227.2727272728,1.0
2026-06-10,이월,여성,2585636.363636363,11.0,884999.9999999999,14.0
2026-06-10,이월,잡화,1908909.0909090908,14.0,8629727.272727273,35.0
2026-06-10,입점,골프,348136.3636363636,5.0,1604045.454545455,19.0
2026-06-10,입점,남성,484763.63636363624,3.0,804245.4545454545,11.0
2026-06-10,입점,리빙,449363.6363636363,5.0,1654927.2727272727,16.0
2026-06-10,입점,명품,3524909.090909091,11.0,1730909.0909090904,13.0
2026-06-10,입점,뷰티,1176409.0909090908,27.0,1404363.6363636362,24.0
2026-06-10,입점,슈즈,0.0,0.0,131045.45454545459,5.0
2026-06-10,입점,스포츠,576545.4545454545,2.0,977590.909090909,8.0
2026-06-10,입점,아웃도어,582818.1818181818,6.0,307363.6363636363,7.0
2026-06-10,입점,여성,-122327.27272727272,-3.0,122872.72727272724,3.0
2026-06-10,입점,잡화,44672.727272727265,2.0,646363.6363636362,7.0
2026-06-10,입점,키즈,138181.81818181818,4.0,597981.8181818179,6.0
2026-06-10,정상,골프,474236.36363636353,4.0,1602172.7272727273,7.0
2026-06-10,정상,남성,1256500.0,10.0,7374554.545454546,46.0
2026-06-10,정상,뷰티,62363.63636363636,2.0,21727.272727272728,1.0
2026-06-10,정상,슈즈,630909.0909090908,5.0,1172727.2727272727,7.0
2026-06-10,정상,스포츠,275454.5454545454,2.0,-416363.63636363635,-2.0
2026-06-10,정상,여성,2346045.454545454,13.0,6549409.090909089,33.0
2026-06-10,정상,잡화,2920545.4545454537,20.0,6199418.181818182,39.0
2026-06-11,이월,골프,-384136.3636363636,-1.0,2033709.0909090906,10.0
2026-06-11,이월,남성,4271545.454545454,27.0,5147800.0,52.0
2026-06-11,이월,슈즈,212999.99999999997,2.0,-99545.45454545456,0.0
2026-06-11,이월,스포츠,423727.2727272727,9.0,269500.0,4.0
2026-06-11,이월,여성,1523909.0909090908,9.0,5490090.90909091,20.0
2026-06-11,이월,잡화,826218.1818181818,6.0,6449563.636363632,32.0
2026-06-11,입점,골프,836818.1818181818,7.0,3073090.9090909087,30.0
2026-06-11,입점,남성,434218.18181818177,6.0,-692209.0909090908,-1.0
2026-06-11,입점,리빙,903927.2727272726,3.0,407072.7272727272,21.0
2026-06-11,입점,명품,-1124181.8181818181,-3.0,-1816163.636363637,21.0
2026-06-11,입점,뷰티,1164363.6363636362,24.0,1221254.5454545452,25.0
2026-06-11,입점,슈즈,316272.72727272724,3.0,145263.63636363644,8.0
2026-06-11,입점,스포츠,-124545.45454545454,1.0,1564272.727272727,17.0
2026-06-11,입점,아웃도어,-637181.8181818182,0.0,1206545.4545454544,17.0
2026-06-11,입점,여성,190927.2727272727,2.0,2177572.727272726,16.0
2026-06-11,입점,잡화,81454.54545454546,2.0,553245.4545454545,6.0
2026-06-11,입점,키즈,118318.18181818181,2.0,918518.1818181818,9.0
2026-06-11,정상,골프,538363.6363636364,4.0,771627.2727272729,10.0
2026-06-11,정상,남성,3260999.999999999,19.0,4278272.727272728,31.0
2026-06-11,정상,뷰티,0.0,0.0,40000.0,1.0
2026-06-11,정상,슈즈,722727.2727272727,5.0,175272.72727272732,1.0
2026-06-11,정상,스포츠,99090.90909090909,1.0,99090.90909090909,1.0
2026-06-11,정상,여성,2607999.999999999,18.0,4435000.0,41.0
2026-06-11,정상,잡화,1927909.090909091,21.0,4800981.818181817,34.0
2026-06-12,이월,골프,834181.818181818,6.0,1947254.5454545454,14.0
2026-06-12,이월,남성,3272045.4545454546,22.0,5541936.363636364,40.0
2026-06-12,이월,슈즈,93818.18181818181,2.0,0.0,0.0
2026-06-12,이월,스포츠,325409.0909090909,5.0,379999.99999999994,6.0
2026-06-12,이월,여성,4959000.0,22.0,7320818.181818182,30.0
2026-06-12,이월,잡화,1331763.6363636362,10.0,2778309.0909090904,15.0
2026-06-12,입점,골프,499836.3636363636,7.0,3512845.4545454546,30.0
2026-06-12,입점,남성,-15818.181818181816,2.0,340609.09090909094,13.0
2026-06-12,입점,리빙,383581.8181818181,4.0,1605045.4545454546,16.0
2026-06-12,입점,명품,352363.63636363635,2.0,1086136.363636363,9.0
2026-06-12,입점,뷰티,853954.5454545454,11.0,1409836.3636363633,30.0
2026-06-12,입점,슈즈,228363.63636363635,3.0,-492636.36363636353,2.0
2026-06-12,입점,스포츠,268636.3636363636,7.0,529736.3636363636,15.0
2026-06-12,입점,아웃도어,-1126181.818181818,1.0,1537545.4545454544,18.0
2026-06-12,입점,여성,120763.63636363634,2.0,1009990.9090909092,15.0
2026-06-12,입점,잡화,1574645.4545454548,7.0,203018.18181818182,3.0
2026-06-12,입점,키즈,45163.63636363635,0.0,228854.54545454538,4.0
2026-06-12,정상,골프,1364090.909090909,4.0,2157345.4545454546,12.0
2026-06-12,정상,남성,1514545.4545454544,9.0,7210418.18181818,38.0
2026-06-12,정상,뷰티,53636.36363636363,1.0,0.0,0.0
2026-06-12,정상,슈즈,368181.8181818181,5.0,81818.1818181818,-1.0
2026-06-12,정상,스포츠,120909.0909090909,2.0,132636.36363636362,1.0
2026-06-12,정상,여성,3308000.0,21.0,9092409.090909086,45.0
2026-06-12,정상,잡화,2231527.2727272725,21.0,9167236.363636361,46.0
2026-06-13,이월,골프,1061045.4545454546,7.0,3237999.9999999995,24.0
2026-06-13,이월,남성,3287490.909090909,27.0,15827281.818181816,65.0
2026-06-13,이월,슈즈,46909.090909090904,1.0,-152090.9090909091,-1.0
2026-06-13,이월,스포츠,309090.9090909091,7.0,278727.2727272727,6.0
2026-06-13,이월,여성,3033090.9090909096,14.0,17437500.0,50.0
2026-06-13,이월,잡화,1009272.7272727272,11.0,2746799.9999999995,16.0
2026-06-13,입점,골프,459727.27272727265,7.0,4233427.2727272725,51.0
2026-06-13,입점,남성,529181.8181818181,4.0,2384645.4545454546,20.0
2026-06-13,입점,리빙,127318.18181818182,3.0,2324772.7272727266,20.0
2026-06-13,입점,명품,242909.09090909088,2.0,5917636.363636363,23.0
2026-06-13,입점,뷰티,576409.0909090908,13.0,1308054.5454545454,28.0
2026-06-13,입점,슈즈,41909.090909090904,1.0,1762090.909090909,13.0
2026-06-13,입점,스포츠,111818.18181818181,2.0,1824090.909090909,26.0
2026-06-13,입점,아웃도어,255909.09090909088,4.0,2233454.5454545454,27.0
2026-06-13,입점,여성,561072.7272727273,4.0,332290.9090909087,24.0
2026-06-13,입점,잡화,-556000.0,0.0,444145.45454545453,9.0
2026-06-13,입점,키즈,175545.45454545453,6.0,471698.18181818177,13.0
2026-06-13,정상,골프,-149200.0,2.0,1018318.1818181819,10.0
2026-06-13,정상,남성,3979681.818181818,25.0,10532045.454545451,68.0
2026-06-13,정상,뷰티,59000.0,2.0,54090.90909090909,2.0
2026-06-13,정상,슈즈,583636.3636363635,6.0,559090.9090909091,6.0
2026-06-13,정상,스포츠,0.0,0.0,216727.2727272727,2.0
2026-06-13,정상,여성,2523863.6363636362,16.0,19013727.272727277,85.0
2026-06-13,정상,잡화,2288418.181818181,14.0,5059381.818181818,27.0
2026-06-14,이월,골프,415727.2727272727,4.0,4375463.636363636,28.0
2026-06-14,이월,남성,5387109.09090909,36.0,21473190.90909091,109.0
2026-06-14,이월,슈즈,46909.090909090904,1.0,0.0,0.0
2026-06-14,이월,스포츠,960227.2727272726,11.0,240000.0,5.0
2026-06-14,이월,여성,5719454.545454544,31.0,32154454.545454554,116.0
2026-06-14,이월,잡화,1352909.0909090908,12.0,6267454.545454545,37.0
2026-06-14,입점,골프,742545.4545454546,8.0,3952909.09090909,42.0
2026-06-14,입점,남성,304181.8181818181,4.0,2143290.909090909,20.0
2026-06-14,입점,리빙,95727.27272727272,2.0,2835190.9090909087,23.0
2026-06-14,입점,명품,538181.8181818181,2.0,9893909.090909088,28.0
2026-06-14,입점,뷰티,814272.7272727273,18.0,1881318.181818181,35.0
2026-06-14,입점,슈즈,414727.27272727265,4.0,1656090.9090909092,14.0
2026-06-14,입점,스포츠,467454.5454545454,6.0,1458136.3636363633,23.0
2026-06-14,입점,아웃도어,681818.1818181819,5.0,1861909.0909090908,20.0
2026-06-14,입점,여성,428827.2727272727,5.0,2859772.7272727275,39.0
2026-06-14,입점,잡화,515636.36363636365,4.0,336745.45454545453,7.0
2026-06-14,입점,키즈,139999.99999999997,4.0,943990.909090909,25.0
2026-06-14,정상,골프,944999.9999999999,5.0,3001145.454545455,25.0
2026-06-14,정상,남성,3740590.9090909082,20.0,16660090.909090903,85.0
2026-06-14,정상,뷰티,0.0,0.0,29090.90909090909,1.0
2026-06-14,정상,슈즈,909999.9999999999,9.0,549090.9090909091,6.0
2026-06-14,정상,스포츠,0.0,0.0,310000.0,2.0
2026-06-14,정상,여성,6688499.999999999,32.0,26117545.454545446,128.0
2026-06-14,정상,잡화,2519800.0,18.0,7796999.999999997,42.0
2026-06-15,이월,골프,1635818.1818181816,11.0,4759954.545454545,19.0
2026-06-15,이월,남성,6486545.454545457,35.0,17402536.363636363,103.0
2026-06-15,이월,슈즈,0.0,0.0,1060454.5454545452,5.0
2026-06-15,이월,스포츠,359727.27272727265,5.0,484727.2727272727,7.0
2026-06-15,이월,여성,4351227.2727272725,13.0,17161681.818181824,46.0
2026-06-15,이월,잡화,1509854.5454545452,15.0,7705963.636363637,37.0
2026-06-15,입점,골프,546818.1818181818,10.0,3748363.6363636353,39.0
2026-06-15,입점,남성,50545.454545454515,1.0,4329272.727272727,26.0
2026-06-15,입점,리빙,1156890.909090909,7.0,1803709.0909090908,33.0
2026-06-15,입점,명품,917272.7272727272,4.0,2573718.1818181816,17.0
2026-06-15,입점,뷰티,547272.7272727272,15.0,1198299.9999999998,35.0
2026-06-15,입점,슈즈,53636.363636363625,-1.0,-923545.4545454544,-5.0
2026-06-15,입점,스포츠,12545.45454545454,1.0,469672.7272727272,7.0
2026-06-15,입점,아웃도어,686272.7272727273,7.0,1270999.9999999998,19.0
2026-06-15,입점,여성,357727.2727272727,5.0,407499.9999999997,12.0
2026-06-15,입점,잡화,130863.63636363635,4.0,2360181.818181818,11.0
2026-06-15,입점,키즈,404318.1818181818,7.0,1772290.909090909,24.0
2026-06-15,정상,골프,1163600.0,7.0,3854372.7272727275,27.0
2026-06-15,정상,남성,3370999.9999999995,27.0,9740363.636363633,68.0
2026-06-15,정상,뷰티,0.0,0.0,27181.81818181818,1.0
2026-06-15,정상,슈즈,1418636.3636363635,11.0,829999.9999999999,6.0
2026-06-15,정상,스포츠,379090.90909090906,2.0,252727.2727272727,2.0
2026-06-15,정상,여성,2210818.1818181816,15.0,16084090.909090906,66.0
2026-06-15,정상,잡화,3848145.454545454,26.0,7453527.272727275,52.0
2026-06-16,이월,골프,1902181.8181818184,12.0,2788045.454545455,21.0
2026-06-16,이월,남성,5099218.181818182,27.0,10375154.545454543,65.0
2026-06-16,이월,슈즈,-46909.090909090904,-1.0,347636.3636363636,1.0
2026-06-16,이월,스포츠,332727.2727272727,6.0,533181.8181818181,7.0
2026-06-16,이월,여성,2398181.818181818,11.0,10955863.636363639,49.0
2026-06-16,이월,잡화,2971036.3636363633,13.0,8461900.0,38.0
2026-06-16,입점,골프,941909.0909090908,8.0,2034509.090909091,26.0
2026-06-16,입점,남성,-237263.63636363635,-1.0,1469709.090909091,16.0
2026-06-16,입점,리빙,279863.6363636363,5.0,5723563.636363638,24.0
2026-06-16,입점,명품,2291363.636363636,7.0,7595363.636363637,23.0
2026-06-16,입점,뷰티,972909.0909090908,19.0,1940272.7272727273,44.0
2026-06-16,입점,슈즈,0.0,0.0,1413409.0909090908,7.0
2026-06-16,입점,스포츠,524627.2727272726,10.0,647090.909090909,10.0
2026-06-16,입점,아웃도어,655454.5454545454,5.0,1727909.0909090913,18.0
2026-06-16,입점,여성,71736.36363636363,2.0,-935627.2727272725,-6.0
2026-06-16,입점,잡화,18818.181818181816,1.0,3033227.272727272,12.0
2026-06-16,입점,키즈,184081.81818181818,4.0,584436.3636363636,12.0
2026-06-16,정상,골프,767818.1818181818,4.0,2011009.0909090913,13.0
2026-06-16,정상,남성,4221727.2727272725,26.0,11147309.090909094,60.0
2026-06-16,정상,슈즈,179090.90909090906,3.0,260909.09090909088,3.0
2026-06-16,정상,스포츠,568181.8181818181,4.0,49090.90909090909,1.0
2026-06-16,정상,여성,2748999.999999999,14.0,19132545.45454545,70.0
2026-06-16,정상,잡화,2137636.3636363638,19.0,5896327.27272727,40.0
2026-06-17,이월,골프,681363.6363636364,4.0,3342818.1818181816,20.0
2026-06-17,이월,남성,6191945.454545453,36.0,12314845.454545453,88.0
2026-06-17,이월,슈즈,45000.0,1.0,152090.9090909091,1.0
2026-06-17,이월,스포츠,435227.2727272727,8.0,535863.6363636362,11.0
2026-06-17,이월,여성,8352454.545454544,31.0,10112000.0,67.0
2026-06-17,이월,잡화,2704272.7272727266,16.0,10531163.636363637,47.0
2026-06-17,입점,골프,1698363.6363636362,9.0,4137463.636363636,43.0
2026-06-17,입점,남성,359827.2727272727,2.0,1045154.5454545454,12.0
2026-06-17,입점,리빙,683672.7272727273,7.0,1289572.7272727273,25.0
2026-06-17,입점,명품,5023000.0,10.0,13377918.181818182,34.0
2026-06-17,입점,뷰티,708636.3636363635,17.0,1317609.0909090906,25.0
2026-06-17,입점,슈즈,108181.81818181818,1.0,2041909.0909090908,12.0
2026-06-17,입점,스포츠,47636.36363636362,4.0,103290.90909090913,-1.0
2026-06-17,입점,아웃도어,-187181.81818181818,-2.0,1080181.818181818,14.0
2026-06-17,입점,여성,-8272.72727272728,0.0,1228581.8181818177,25.0
2026-06-17,입점,잡화,12727.272727272728,1.0,1810909.0909090908,17.0
2026-06-17,입점,키즈,1683718.1818181816,7.0,2464318.1818181816,30.0
2026-06-17,정상,골프,254300.0,4.0,1136627.2727272725,5.0
2026-06-17,정상,남성,3636054.5454545454,31.0,10629445.454545457,66.0
2026-06-17,정상,슈즈,421818.18181818177,5.0,712727.2727272727,5.0
2026-06-17,정상,스포츠,108181.81818181818,1.0,281000.0,3.0
2026-06-17,정상,여성,3772727.272727273,17.0,7846227.272727275,42.0
2026-06-17,정상,잡화,4489545.454545454,30.0,10675154.545454543,53.0
2026-06-18,이월,골프,2204927.2727272725,12.0,3103627.2727272734,19.0
2026-06-18,이월,남성,6546709.090909093,35.0,12669954.545454541,89.0
2026-06-18,이월,슈즈,126636.36363636363,1.0,-341090.90909090906,-1.0
2026-06-18,이월,스포츠,448499.99999999994,8.0,1116909.0909090908,16.0
2026-06-18,이월,여성,1886454.5454545454,7.0,14708999.999999994,45.0
2026-06-18,이월,잡화,3316036.363636363,15.0,8239963.636363635,47.0
2026-06-18,입점,골프,907727.2727272726,18.0,9124272.727272727,32.0
2026-06-18,입점,남성,359754.5454545454,3.0,2795481.818181818,17.0
2026-06-18,입점,리빙,191181.81818181818,3.0,1844427.2727272727,12.0
2026-06-18,입점,명품,4299090.909090908,13.0,10623663.636363635,27.0
2026-06-18,입점,뷰티,387045.4545454545,11.0,1144581.8181818181,31.0
2026-06-18,입점,슈즈,0.0,0.0,714909.0909090907,5.0
2026-06-18,입점,스포츠,178545.45454545453,3.0,829227.2727272727,13.0
2026-06-18,입점,아웃도어,607999.9999999999,5.0,2401136.363636363,23.0
2026-06-18,입점,여성,147500.0,4.0,2258045.454545454,30.0
2026-06-18,입점,잡화,132772.72727272726,3.0,2398227.2727272715,16.0
2026-06-18,입점,키즈,377636.3636363636,5.0,757727.2727272727,17.0
2026-06-18,정상,골프,1634327.2727272727,3.0,3218490.9090909082,19.0
2026-06-18,정상,남성,3956863.6363636362,27.0,10723909.090909092,68.0
2026-06-18,정상,뷰티,0.0,0.0,42727.27272727272,2.0
2026-06-18,정상,슈즈,236181.81818181818,4.0,296363.63636363635,4.0
2026-06-18,정상,스포츠,324727.2727272727,3.0,0.0,0.0
2026-06-18,정상,여성,4030818.1818181807,19.0,11229890.909090912,39.0
2026-06-18,정상,잡화,4461890.909090908,29.0,7714890.909090906,47.0
2026-06-19,이월,골프,321727.2727272727,2.0,6281354.545454543,23.0
2026-06-19,이월,남성,3391827.2727272725,20.0,7893054.545454543,52.0
2026-06-19,이월,슈즈,126909.09090909088,0.0,-217636.36363636362,-1.0
2026-06-19,이월,스포츠,508499.99999999994,10.0,369227.27272727265,7.0
2026-06-19,이월,여성,5135636.363636363,25.0,22025499.999999985,80.0
2026-06-19,이월,잡화,1626090.9090909087,9.0,4738981.818181817,25.0
2026-06-19,입점,골프,547181.8181818181,8.0,3318454.545454545,31.0
2026-06-19,입점,남성,133227.2727272727,3.0,1933327.272727273,17.0
2026-06-19,입점,리빙,497636.36363636353,7.0,1323409.0909090906,18.0
2026-06-19,입점,명품,2847999.9999999995,7.0,2148199.9999999995,5.0
2026-06-19,입점,뷰티,797227.2727272727,17.0,1497354.545454545,24.0
2026-06-19,입점,슈즈,161818.18181818182,2.0,576490.9090909091,8.0
2026-06-19,입점,스포츠,240636.3636363636,4.0,969672.727272727,13.0
2026-06-19,입점,아웃도어,154727.2727272727,0.0,790909.0909090908,9.0
2026-06-19,입점,여성,787500.0,4.0,3148309.0909090904,24.0
2026-06-19,입점,잡화,3727.2727272727207,1.0,4416309.090909091,6.0
2026-06-19,입점,키즈,-341381.8181818181,1.0,1165436.3636363638,21.0
2026-06-19,정상,골프,103190.90909090916,0.0,2212518.1818181816,16.0
2026-06-19,정상,남성,3570545.4545454546,26.0,8127972.727272731,67.0
2026-06-19,정상,뷰티,71818.18181818181,1.0,10000.0,1.0
2026-06-19,정상,슈즈,620909.0909090908,7.0,878409.0909090909,5.0
2026-06-19,정상,스포츠,-99090.90909090909,-1.0,57272.72727272727,1.0
2026-06-19,정상,여성,3380909.090909091,18.0,13387681.81818181,52.0
2026-06-19,정상,잡화,4122481.818181818,30.0,5860418.181818182,35.0
2026-06-20,이월,골프,683454.5454545454,6.0,4257127.2727272725,23.0
2026-06-20,이월,남성,5768136.363636361,34.0,17380627.272727277,92.0
2026-06-20,이월,스포츠,353454.5454545454,4.0,-35136.363636363625,0.0
2026-06-20,이월,여성,-908545.4545454548,5.0,21204999.999999993,102.0
2026-06-20,이월,잡화,2500527.272727273,12.0,4798636.363636363,26.0
2026-06-20,입점,골프,1119454.5454545454,12.0,3758236.3636363638,48.0
2026-06-20,입점,남성,178863.63636363635,3.0,4534536.363636363,42.0
2026-06-20,입점,리빙,833818.1818181818,4.0,2225627.2727272725,22.0
2026-06-20,입점,명품,824818.1818181816,6.0,6217072.7272727275,27.0
2026-06-20,입점,뷰티,987590.9090909088,14.0,815372.7272727272,21.0
2026-06-20,입점,슈즈,402363.63636363635,3.0,2041999.9999999998,13.0
2026-06-20,입점,스포츠,490909.0909090909,9.0,1078118.1818181816,21.0
2026-06-20,입점,아웃도어,331545.45454545453,5.0,1902499.9999999998,20.0
2026-06-20,입점,여성,293181.8181818182,3.0,3152009.0909090904,33.0
2026-06-20,입점,잡화,229363.63636363635,3.0,1693072.727272727,11.0
2026-06-20,입점,키즈,169818.1818181818,3.0,790136.3636363636,15.0
2026-06-20,정상,골프,321954.5454545454,4.0,3376736.363636363,22.0
2026-06-20,정상,남성,3427000.0,23.0,11987409.090909088,63.0
2026-06-20,정상,뷰티,0.0,0.0,120727.27272727272,3.0
2026-06-20,정상,슈즈,334545.4545454545,2.0,513636.36363636353,5.0
2026-06-20,정상,스포츠,396363.63636363635,1.0,27272.727272727272,0.0
2026-06-20,정상,여성,2227454.5454545454,11.0,17144000.0,67.0
2026-06-20,정상,잡화,2943072.7272727266,21.0,6537818.181818181,34.0
2026-06-21,이월,골프,1292045.4545454544,8.0,4678472.727272727,27.0
2026-06-21,이월,남성,4288681.818181817,29.0,28062663.636363637,147.0
2026-06-21,이월,슈즈,0.0,0.0,389272.72727272724,3.0
2026-06-21,이월,스포츠,587909.0909090908,9.0,493727.2727272727,9.0
2026-06-21,이월,여성,6084636.363636363,31.0,29299590.909090903,126.0
2026-06-21,이월,잡화,4361127.272727272,18.0,8374472.727272728,41.0
2026-06-21,입점,골프,1277000.0,12.0,6081418.181818182,52.0
2026-06-21,입점,남성,131727.2727272727,2.0,2684245.454545454,27.0
2026-06-21,입점,리빙,635454.5454545454,7.0,2309090.9090909087,25.0
2026-06-21,입점,명품,894363.6363636362,5.0,9012227.27272727,27.0
2026-06-21,입점,뷰티,953918.1818181816,16.0,886863.6363636362,25.0
2026-06-21,입점,슈즈,565181.8181818181,3.0,1461181.8181818181,12.0
2026-06-21,입점,스포츠,708090.9090909091,10.0,1195363.6363636362,20.0
2026-06-21,입점,아웃도어,246181.81818181818,4.0,895909.090909091,15.0
2026-06-21,입점,여성,154818.18181818182,3.0,4092981.818181818,48.0
2026-06-21,입점,잡화,0.0,0.0,3050181.818181818,19.0
2026-06-21,입점,키즈,56363.63636363635,2.0,1225245.4545454546,23.0
2026-06-21,정상,골프,781454.5454545454,7.0,4741272.727272727,28.0
2026-06-21,정상,남성,2542045.454545454,24.0,19183590.90909091,92.0
2026-06-21,정상,뷰티,42181.81818181818,1.0,191818.18181818182,3.0
2026-06-21,정상,슈즈,792727.2727272726,8.0,901818.1818181816,8.0
2026-06-21,정상,스포츠,162727.2727272727,1.0,505454.54545454547,4.0
2026-06-21,정상,여성,3504090.9090909087,18.0,29498590.909090914,123.0
2026-06-21,정상,잡화,3792227.2727272715,30.0,8669454.545454545,55.0
2026-06-22,이월,골프,396727.2727272727,5.0,2870290.909090909,17.0
2026-06-22,이월,남성,8412690.909090908,34.0,11271472.727272725,60.0
2026-06-22,이월,슈즈,69363.63636363635,1.0,58818.18181818181,2.0
2026-06-22,이월,스포츠,191681.81818181818,3.0,196272.7272727273,1.0
2026-06-22,이월,여성,3784863.636363637,21.0,11113272.727272728,61.0
2026-06-22,이월,잡화,-263727.2727272727,6.0,7746054.545454543,30.0
2026-06-22,입점,골프,816181.8181818181,7.0,1868618.1818181812,8.0
2026-06-22,입점,남성,132181.81818181818,3.0,358645.4545454546,18.0
2026-06-22,입점,리빙,171272.72727272726,2.0,2745545.454545454,7.0
2026-06-22,입점,명품,-136818.18181818185,6.0,7058172.727272725,16.0
2026-06-22,입점,뷰티,180545.45454545453,11.0,706818.1818181819,21.0
2026-06-22,입점,슈즈,236636.36363636362,3.0,838690.9090909092,6.0
2026-06-22,입점,스포츠,38181.81818181818,2.0,851909.0909090908,9.0
2026-06-22,입점,아웃도어,151000.0,3.0,876654.5454545454,9.0
2026-06-22,입점,여성,670954.5454545455,6.0,2500009.0909090913,27.0
2026-06-22,입점,잡화,0.0,0.0,2292936.3636363633,2.0
2026-06-22,입점,키즈,456590.90909090906,6.0,756300.0,13.0
2026-06-22,정상,골프,606109.0909090909,3.0,904681.8181818181,7.0
2026-06-22,정상,남성,3702136.3636363638,24.0,9445181.818181818,47.0
2026-06-22,정상,뷰티,71818.18181818181,1.0,154454.54545454544,1.0
2026-06-22,정상,슈즈,107272.72727272728,2.0,99090.90909090909,2.0
2026-06-22,정상,스포츠,0.0,0.0,121818.18181818181,1.0
2026-06-22,정상,여성,3071000.0,18.0,12890290.909090912,66.0
2026-06-22,정상,잡화,2672418.1818181807,23.0,3762399.999999998,25.0
2026-06-23,이월,골프,1421454.5454545456,11.0,2217781.8181818184,22.0
2026-06-23,이월,남성,5587045.454545454,39.0,9436163.636363639,74.0
2026-06-23,이월,슈즈,426909.0909090909,4.0,169090.90909090906,2.0
2026-06-23,이월,스포츠,135272.72727272724,3.0,513045.4545454545,5.0
2026-06-23,이월,여성,2951090.9090909096,13.0,9361636.363636367,48.0
2026-06-23,이월,잡화,2027799.9999999998,14.0,5902872.727272727,30.0
2026-06-23,입점,골프,132818.1818181817,4.0,969645.4545454544,16.0
2026-06-23,입점,남성,-99954.54545454547,2.0,2007554.5454545452,23.0
2026-06-23,입점,리빙,640136.3636363635,8.0,1745290.909090909,19.0
2026-06-23,입점,명품,1425727.2727272727,3.0,4511981.818181817,19.0
2026-06-23,입점,뷰티,660090.9090909092,9.0,1047127.2727272727,20.0
2026-06-23,입점,슈즈,625636.3636363636,5.0,1310727.2727272727,4.0
2026-06-23,입점,스포츠,394181.8181818182,9.0,866154.5454545455,12.0
2026-06-23,입점,아웃도어,144727.2727272727,1.0,3460090.9090909087,22.0
2026-06-23,입점,여성,317490.90909090906,1.0,1496590.909090909,23.0
2026-06-23,입점,잡화,29090.90909090909,1.0,2260563.6363636362,11.0
2026-06-23,입점,키즈,473136.3636363636,6.0,1078627.2727272725,24.0
2026-06-23,정상,골프,328454.54545454547,2.0,1640645.4545454544,13.0
2026-06-23,정상,남성,1439000.0000000002,12.0,7311818.18181818,45.0
2026-06-23,정상,슈즈,1101818.1818181819,7.0,909090.909090909,6.0
2026-06-23,정상,스포츠,162727.2727272727,1.0,0.0,0.0
2026-06-23,정상,여성,1672272.7272727266,6.0,-1340863.6363636358,15.0
2026-06-23,정상,잡화,3765090.9090909087,27.0,4719472.727272729,31.0
2026-06-24,이월,골프,1934727.2727272722,15.0,3500781.8181818174,26.0
2026-06-24,이월,남성,2050018.1818181819,16.0,8409563.636363635,55.0
2026-06-24,이월,슈즈,0.0,0.0,-60818.181818181794,-1.0
2026-06-24,이월,스포츠,467318.1818181818,4.0,195909.09090909088,3.0
2026-06-24,이월,여성,4353818.181818182,14.0,9003227.272727273,63.0
2026-06-24,이월,잡화,1508545.4545454541,14.0,6232672.727272727,40.0
2026-06-24,입점,골프,112363.63636363634,0.0,4110090.9090909087,29.0
2026-06-24,입점,남성,305072.72727272724,7.0,1028363.6363636362,16.0
2026-06-24,입점,리빙,249454.54545454544,3.0,1366454.5454545452,9.0
2026-06-24,입점,명품,-320909.09090909094,-1.0,4224981.818181818,17.0
2026-06-24,입점,뷰티,747909.0909090909,12.0,1141354.5454545454,19.0
2026-06-24,입점,슈즈,77545.45454545453,2.0,2057818.1818181814,12.0
2026-06-24,입점,스포츠,348090.90909090906,7.0,992363.6363636364,16.0
2026-06-24,입점,아웃도어,664454.5454545454,3.0,2074499.9999999995,27.0
2026-06-24,입점,여성,412400.0,7.0,2288727.2727272725,27.0
2026-06-24,입점,잡화,203181.81818181818,1.0,-180081.8181818183,4.0
2026-06-24,입점,키즈,217727.27272727268,2.0,1327990.9090909092,19.0
2026-06-24,정상,골프,306236.36363636365,4.0,1701090.9090909087,12.0
2026-06-24,정상,남성,2191927.2727272725,19.0,7869299.999999998,43.0
2026-06-24,정상,뷰티,0.0,0.0,29090.909090909092,1.0
2026-06-24,정상,슈즈,370000.0,2.0,227272.7272727273,0.0
2026-06-24,정상,스포츠,-106181.81818181822,1.0,26545.45454545453,0.0
2026-06-24,정상,여성,2122409.090909091,11.0,7018090.909090907,38.0
2026-06-24,정상,잡화,1045763.6363636365,10.0,5005690.909090908,32.0
2026-06-25,이월,골프,1055272.727272727,8.0,2695336.3636363633,18.0
2026-06-25,이월,남성,1157654.5454545454,18.0,7544609.09090909,65.0
2026-06-25,이월,스포츠,242181.81818181815,4.0,893590.909090909,9.0
2026-06-25,이월,여성,3648909.090909091,28.0,7994681.818181816,31.0
2026-06-25,이월,잡화,2542981.818181818,14.0,6110272.727272727,27.0
2026-06-25,입점,골프,-25236.363636363603,1.0,2377681.8181818184,13.0
2026-06-25,입점,남성,259363.63636363635,4.0,2151509.0909090904,18.0
2026-06-25,입점,리빙,692272.7272727273,5.0,4109200.0,16.0
2026-06-25,입점,명품,181727.2727272727,2.0,6264545.454545454,10.0
2026-06-25,입점,뷰티,495781.8181818182,9.0,1184054.5454545452,20.0
2026-06-25,입점,슈즈,-192636.36363636362,-1.0,932590.909090909,7.0
2026-06-25,입점,스포츠,305090.90909090906,7.0,370090.909090909,8.0
2026-06-25,입점,아웃도어,1134286.3636363635,5.0,941636.3636363634,12.0
2026-06-25,입점,여성,313709.0909090909,5.0,2341300.0,31.0
2026-06-25,입점,잡화,81727.27272727272,2.0,8782318.18181818,12.0
2026-06-25,입점,키즈,320045.45454545453,5.0,425445.4545454543,6.0
2026-06-25,정상,골프,115909.0909090909,2.0,2890427.2727272725,13.0
2026-06-25,정상,남성,3737727.2727272725,21.0,6997427.272727272,55.0
2026-06-25,정상,뷰티,-71818.18181818181,-1.0,22636.363636363636,1.0
2026-06-25,정상,슈즈,1236545.4545454544,8.0,422818.18181818177,4.0
2026-06-25,정상,스포츠,-18181.818181818177,0.0,209909.09090909088,3.0
2026-06-25,정상,여성,3239000.000000001,21.0,4144454.545454545,26.0
2026-06-25,정상,잡화,2933090.909090909,20.0,5213472.727272727,36.0
2026-06-26,이월,골프,447636.3636363636,2.0,2000281.818181818,12.0
2026-06-26,이월,남성,1064390.909090909,20.0,8693954.545454545,54.0
2026-06-26,이월,슈즈,0.0,0.0,292090.90909090906,0.0
2026-06-26,이월,스포츠,429863.63636363635,5.0,924409.0909090909,10.0
2026-06-26,이월,여성,3320590.9090909087,20.0,11630681.818181816,50.0
2026-06-26,이월,잡화,1319218.1818181816,8.0,7542454.545454544,27.0
2026-06-26,입점,골프,196636.3636363636,8.0,2765272.727272728,28.0
2026-06-26,입점,남성,296190.90909090906,6.0,1566318.1818181819,19.0
2026-06-26,입점,리빙,77181.81818181818,2.0,2015363.6363636362,13.0
2026-06-26,입점,명품,324000.0,3.0,8553854.545454545,14.0
2026-06-26,입점,뷰티,754363.6363636364,13.0,1877945.4545454544,29.0
2026-06-26,입점,슈즈,972181.8181818182,4.0,2241345.454545454,12.0
2026-06-26,입점,스포츠,596636.3636363635,7.0,555363.6363636364,11.0
2026-06-26,입점,아웃도어,647363.6363636362,4.0,878818.1818181818,10.0
2026-06-26,입점,여성,523818.1818181818,5.0,3039690.9090909087,36.0
2026-06-26,입점,잡화,170681.81818181815,2.0,4307590.909090909,6.0
2026-06-26,입점,키즈,366227.2727272727,6.0,280872.72727272724,8.0
2026-06-26,정상,골프,764818.1818181818,5.0,945200.0,12.0
2026-06-26,정상,남성,4307090.909090909,32.0,6705472.72727273,61.0
2026-06-26,정상,뷰티,22727.272727272724,1.0,0.0,0.0
2026-06-26,정상,슈즈,1329272.727272727,7.0,216363.63636363635,2.0
2026-06-26,정상,스포츠,53636.36363636363,1.0,135454.54545454544,1.0
2026-06-26,정상,여성,2399272.7272727266,16.0,12888090.909090906,66.0
2026-06-26,정상,잡화,1827000.0,20.0,4230709.09090909,31.0
2026-06-27,이월,골프,688381.8181818181,7.0,3291463.636363636,22.0
2026-06-27,이월,남성,5818363.636363637,43.0,16509218.181818184,92.0
2026-06-27,이월,슈즈,0.0,0.0,620181.8181818181,5.0
2026-06-27,이월,스포츠,241363.63636363635,4.0,1083045.4545454544,19.0
2026-06-27,이월,여성,6468454.545454546,26.0,22039181.818181816,74.0
2026-06-27,이월,잡화,944763.6363636362,4.0,5045181.818181817,27.0
2026-06-27,입점,골프,515999.99999999994,4.0,4130218.1818181826,39.0
2026-06-27,입점,남성,408272.7272727272,6.0,3690881.8181818184,24.0
2026-06-27,입점,리빙,189363.63636363635,3.0,1760636.3636363633,16.0
2026-06-27,입점,명품,1311181.818181818,9.0,6319736.363636363,24.0
2026-06-27,입점,뷰티,724545.4545454545,14.0,1437909.0909090908,25.0
2026-06-27,입점,슈즈,216454.54545454544,3.0,2074000.0,15.0
2026-06-27,입점,스포츠,628909.0909090909,9.0,1065181.8181818181,16.0
2026-06-27,입점,아웃도어,734181.8181818181,4.0,734909.0909090908,13.0
2026-06-27,입점,여성,1041999.9999999999,12.0,3415781.8181818184,46.0
2026-06-27,입점,잡화,478181.8181818181,1.0,6502454.545454545,16.0
2026-06-27,입점,키즈,154718.18181818182,3.0,1592336.3636363633,17.0
2026-06-27,정상,골프,238727.2727272727,3.0,926499.9999999999,9.0
2026-06-27,정상,남성,3714590.9090909096,28.0,9478954.545454545,65.0
2026-06-27,정상,뷰티,18090.90909090909,1.0,0.0,0.0
2026-06-27,정상,슈즈,1784090.909090909,9.0,233636.36363636365,1.0
2026-06-27,정상,스포츠,0.0,0.0,108181.81818181818,1.0
2026-06-27,정상,여성,5500818.18181818,22.0,7548999.999999998,43.0
2026-06-27,정상,잡화,3503272.727272727,17.0,8404309.09090909,52.0
2026-06-28,이월,골프,2793672.7272727266,13.0,7029972.727272727,43.0
2026-06-28,이월,남성,6296363.636363637,29.0,29122227.272727266,179.0
2026-06-28,이월,슈즈,0.0,0.0,54181.81818181818,1.0
2026-06-28,이월,스포츠,415772.72727272724,6.0,1175272.7272727273,19.0
2026-06-28,이월,여성,6485454.545454546,31.0,28544181.818181813,131.0
2026-06-28,이월,잡화,1737527.2727272725,14.0,12410690.909090908,60.0
2026-06-28,입점,골프,578554.5454545453,8.0,5795045.454545453,48.0
2026-06-28,입점,남성,331045.45454545453,6.0,1853445.4545454544,32.0
2026-06-28,입점,리빙,172545.45454545453,3.0,2082272.7272727268,16.0
2026-06-28,입점,명품,597545.4545454545,4.0,5795181.818181817,13.0
2026-06-28,입점,뷰티,717909.0909090909,12.0,1869863.6363636362,33.0
2026-06-28,입점,슈즈,536454.5454545454,4.0,3234536.363636363,23.0
2026-06-28,입점,스포츠,628545.4545454546,10.0,2148954.545454545,29.0
2026-06-28,입점,아웃도어,250181.81818181812,5.0,1785090.9090909092,27.0
2026-06-28,입점,여성,609781.8181818182,8.0,4583845.454545454,61.0
2026-06-28,입점,잡화,84363.63636363635,1.0,724227.2727272726,10.0
2026-06-28,입점,키즈,387254.5454545454,4.0,1181545.4545454546,19.0
2026-06-28,정상,골프,426927.2727272727,4.0,3780272.7272727275,28.0
2026-06-28,정상,남성,5360863.636363637,32.0,17067154.545454547,95.0
2026-06-28,정상,슈즈,841999.9999999999,6.0,767272.7272727272,6.0
2026-06-28,정상,스포츠,0.0,0.0,581818.1818181818,5.0
2026-06-28,정상,여성,5706454.545454544,23.0,23100954.545454536,109.0
2026-06-28,정상,잡화,1943999.9999999998,16.0,7963063.636363636,64.0
2026-06-29,이월,골프,785545.4545454545,7.0,4186672.7272727275,27.0
2026-06-29,이월,남성,6090054.545454544,46.0,14114772.72727272,100.0
2026-06-29,이월,슈즈,-173818.1818181818,-1.0,268636.3636363636,2.0
2026-06-29,이월,스포츠,182181.81818181815,3.0,474863.63636363635,8.0
2026-06-29,이월,여성,-9727.27272727259,7.0,5920590.90909091,46.0
2026-06-29,이월,잡화,4899909.090909092,18.0,14851227.272727273,40.0
2026-06-29,입점,골프,738545.4545454546,10.0,4363090.909090908,32.0
2026-06-29,입점,남성,12072.727272727294,2.0,2501990.909090909,24.0
2026-06-29,입점,리빙,145045.45454545453,4.0,2431272.7272727275,26.0
2026-06-29,입점,명품,18181.818181818177,0.0,1566754.5454545452,4.0
2026-06-29,입점,뷰티,431054.5454545455,8.0,1767027.2727272725,26.0
2026-06-29,입점,슈즈,90000.0,1.0,146545.4545454545,-2.0
2026-06-29,입점,스포츠,751272.7272727273,10.0,951027.2727272725,23.0
2026-06-29,입점,아웃도어,255454.54545454547,3.0,1757318.1818181816,22.0
2026-06-29,입점,여성,424636.3636363636,5.0,1005163.6363636362,13.0
2026-06-29,입점,잡화,163181.81818181818,3.0,-263318.1818181818,5.0
2026-06-29,입점,키즈,25490.90909090909,1.0,1078036.3636363635,16.0
2026-06-29,정상,골프,239181.81818181818,2.0,2713500.0,18.0
2026-06-29,정상,남성,2584318.1818181816,17.0,10152354.545454545,59.0
2026-06-29,정상,뷰티,83454.54545454544,1.0,0.0,0.0
2026-06-29,정상,슈즈,1009090.909090909,10.0,531818.1818181818,5.0
2026-06-29,정상,스포츠,0.0,0.0,0.0,0.0
2026-06-29,정상,여성,2570772.727272727,6.0,5788681.8181818165,31.0
2026-06-29,정상,잡화,1206363.6363636362,8.0,6192018.181818181,37.0
2026-06-30,이월,골프,228000.0,3.0,4706490.909090909,25.0
2026-06-30,이월,남성,2004136.3636363635,18.0,3551318.181818182,29.0
2026-06-30,이월,슈즈,0.0,0.0,547000.0,2.0
2026-06-30,이월,스포츠,57045.45454545454,3.0,896181.8181818182,15.0
2026-06-30,이월,여성,2058000.0000000002,9.0,4459681.818181818,27.0
2026-06-30,이월,잡화,3012181.818181818,18.0,5248645.454545453,24.0
2026-06-30,입점,골프,205272.7272727273,6.0,3211818.1818181807,26.0
2026-06-30,입점,남성,24045.45454545455,1.0,280854.5454545454,20.0
2026-06-30,입점,리빙,332545.45454545453,3.0,1228690.909090909,22.0
2026-06-30,입점,명품,1568090.909090909,8.0,2705254.5454545445,8.0
2026-06-30,입점,뷰티,468999.99999999994,8.0,969272.7272727271,20.0
2026-06-30,입점,슈즈,-171636.36363636362,0.0,1392636.3636363635,9.0
2026-06-30,입점,스포츠,355181.8181818182,4.0,881981.8181818184,13.0
2026-06-30,입점,아웃도어,-105636.36363636365,3.0,1846409.0909090908,15.0
2026-06-30,입점,여성,159445.45454545453,1.0,385290.90909090923,0.0
2026-06-30,입점,잡화,1075181.8181818181,3.0,584272.7272727271,8.0
2026-06-30,입점,키즈,56772.72727272726,3.0,912500.0,18.0
2026-06-30,정상,골프,420509.0909090908,6.0,1552599.9999999995,12.0
2026-06-30,정상,남성,1459136.3636363633,13.0,6450454.545454546,33.0
2026-06-30,정상,뷰티,89090.90909090909,1.0,39090.90909090909,1.0
2026-06-30,정상,슈즈,67090.90909090903,5.0,739999.9999999998,3.0
2026-06-30,정상,스포츠,108181.81818181818,1.0,213545.45454545453,2.0
2026-06-30,정상,여성,-29090.909090909146,1.0,8357136.363636369,44.0
2026-06-30,정상,잡화,2464045.4545454546,15.0,7734527.272727271,45.0
2026-07-01,이월,골프,968381.8181818181,9.0,4910336.363636364,38.0
2026-07-01,이월,남성,146099.99999999985,12.0,4207463.636363636,26.0
2026-07-01,이월,슈즈,152090.9090909091,1.0,473272.7272727272,2.0
2026-07-01,이월,스포츠,580227.2727272726,9.0,1927772.727272727,24.0
2026-07-01,이월,여성,7539272.7272727275,33.0,10716863.636363635,59.0
2026-07-01,이월,잡화,2352145.454545454,14.0,18902881.818181816,38.0
2026-07-01,입점,골프,557454.5454545454,10.0,3279618.1818181816,46.0
2026-07-01,입점,남성,723209.0909090908,5.0,1232600.0,13.0
2026-07-01,입점,리빙,346636.36363636365,6.0,4888290.909090908,36.0
2026-07-01,입점,명품,2276454.5454545454,7.0,5188236.363636363,19.0
2026-07-01,입점,뷰티,616454.5454545454,10.0,1015272.7272727272,18.0
2026-07-01,입점,슈즈,-107999.99999999999,0.0,1551636.3636363635,8.0
2026-07-01,입점,스포츠,618363.6363636364,9.0,2298627.2727272725,32.0
2026-07-01,입점,아웃도어,538363.6363636362,4.0,1005772.7272727272,14.0
2026-07-01,입점,여성,80227.27272727272,1.0,2290654.545454546,20.0
2026-07-01,입점,잡화,58818.18181818181,2.0,1305954.5454545454,14.0
2026-07-01,입점,키즈,191000.0,3.0,1229227.2727272725,16.0
2026-07-01,정상,골프,760036.3636363636,5.0,929081.8181818181,9.0
2026-07-01,정상,남성,2376500.0,15.0,12359136.363636365,66.0
2026-07-01,정상,뷰티,0.0,0.0,25909.090909090908,1.0
2026-07-01,정상,슈즈,604545.4545454545,5.0,1050909.0909090908,13.0
2026-07-01,정상,스포츠,124227.2727272727,2.0,44545.454545454544,1.0
2026-07-01,정상,여성,2961272.7272727266,15.0,4122818.1818181807,24.0
2026-07-01,정상,잡화,1640709.0909090908,12.0,7891863.636363636,32.0
2026-07-02,이월,골프,572400.0,6.0,3590309.0909090913,25.0
2026-07-02,이월,남성,2222818.1818181816,13.0,658372.7272727271,27.0
2026-07-02,이월,슈즈,141636.36363636362,2.0,216818.1818181818,1.0
2026-07-02,이월,스포츠,112318.18181818181,2.0,691954.5454545454,12.0
2026-07-02,이월,여성,-499454.5454545453,6.0,9690954.545454545,53.0
2026-07-02,이월,잡화,2121309.0909090913,13.0,8688572.727272725,37.0
2026-07-02,입점,골프,352909.0909090909,4.0,1968818.1818181816,25.0
2026-07-02,입점,남성,97090.90909090909,2.0,1161236.3636363638,10.0
2026-07-02,입점,리빙,365563.6363636363,5.0,3393436.3636363638,32.0
2026-07-02,입점,명품,248545.45454545453,-1.0,7159009.09090909,14.0
2026-07-02,입점,뷰티,823400.0,20.0,1309709.0909090906,19.0
2026-07-02,입점,슈즈,306545.45454545453,2.0,173636.36363636356,-1.0
2026-07-02,입점,스포츠,488636.36363636353,7.0,1091090.909090909,23.0
2026-07-02,입점,아웃도어,442727.2727272727,5.0,2052090.9090909087,17.0
2026-07-02,입점,여성,41872.727272727294,2.0,108018.18181818184,4.0
2026-07-02,입점,잡화,93363.63636363635,2.0,1313863.6363636365,13.0
2026-07-02,입점,키즈,161809.0909090909,4.0,568545.4545454546,10.0
2026-07-02,정상,골프,365636.3636363636,3.0,867345.4545454546,4.0
2026-07-02,정상,남성,3701318.181818181,26.0,5525772.727272728,46.0
2026-07-02,정상,뷰티,0.0,0.0,29999.999999999996,1.0
2026-07-02,정상,슈즈,883636.3636363635,7.0,422727.2727272726,4.0
2026-07-02,정상,스포츠,198181.81818181818,2.0,108181.81818181818,1.0
2026-07-02,정상,여성,772363.6363636358,8.0,7930818.181818182,39.0
2026-07-02,정상,잡화,267254.5454545454,4.0,2978181.818181818,20.0
2026-07-03,이월,골프,648636.3636363635,2.0,3800436.3636363638,20.0
2026-07-03,이월,남성,630272.7272727273,11.0,11681127.272727262,68.0
2026-07-03,이월,슈즈,0.0,0.0,-15363.636363636353,0.0
2026-07-03,이월,스포츠,228681.8181818182,2.0,1132090.909090909,15.0
2026-07-03,이월,여성,893727.2727272727,12.0,10945272.72727273,52.0
2026-07-03,이월,잡화,1950836.3636363638,11.0,9308763.636363639,45.0
2026-07-03,입점,골프,530090.9090909091,1.0,1716318.1818181819,17.0
2026-07-03,입점,남성,51818.18181818182,2.0,1257200.0000000002,20.0
2026-07-03,입점,리빙,421199.99999999994,2.0,3003972.7272727275,27.0
2026-07-03,입점,명품,1144909.0909090908,4.0,1118472.7272727275,13.0
2026-07-03,입점,뷰티,577181.8181818182,16.0,1043727.2727272727,20.0
2026-07-03,입점,슈즈,-90909.09090909088,0.0,1102727.2727272727,5.0
2026-07-03,입점,스포츠,223818.1818181818,4.0,822927.2727272727,11.0
2026-07-03,입점,아웃도어,37636.36363636362,1.0,3449318.181818182,18.0
2026-07-03,입점,여성,56909.0909090909,1.0,211523.63636363632,7.0
2026-07-03,입점,잡화,366363.63636363635,2.0,1532318.1818181816,12.0
2026-07-03,입점,키즈,46472.72727272727,1.0,414636.36363636365,10.0
2026-07-03,정상,골프,464636.36363636365,4.0,2186727.272727273,15.0
2026-07-03,정상,남성,3580272.7272727266,20.0,9941172.727272723,55.0
2026-07-03,정상,뷰티,0.0,0.0,106363.63636363635,2.0
2026-07-03,정상,슈즈,395454.5454545454,5.0,937272.7272727272,8.0
2026-07-03,정상,스포츠,99090.90909090909,1.0,198181.81818181818,2.0
2026-07-03,정상,여성,2964363.6363636362,19.0,9780636.363636363,45.0
2026-07-03,정상,잡화,282181.81818181823,5.0,4549381.818181817,28.0
2026-07-04,이월,골프,1516527.2727272722,7.0,3809554.545454545,25.0
2026-07-04,이월,남성,5429418.181818182,23.0,20580263.636363637,115.0
2026-07-04,이월,슈즈,183272.72727272724,2.0,550227.2727272727,3.0
2026-07-04,이월,스포츠,208272.72727272726,4.0,855999.9999999999,11.0
2026-07-04,이월,여성,834090.9090909092,10.0,12907545.454545453,81.0
2026-07-04,이월,잡화,3700054.545454545,20.0,8034672.727272726,42.0
2026-07-04,입점,골프,571763.6363636362,2.0,5906181.818181816,52.0
2026-07-04,입점,남성,0.0,0.0,2069109.0909090908,19.0
2026-07-04,입점,리빙,137272.72727272726,1.0,2323181.8181818184,26.0
2026-07-04,입점,명품,321818.18181818177,2.0,7150118.181818182,24.0
2026-07-04,입점,뷰티,612545.4545454546,14.0,1171327.2727272722,24.0
2026-07-04,입점,슈즈,35636.36363636363,1.0,1761900.0,10.0
2026-07-04,입점,스포츠,910000.0,13.0,1233054.5454545454,18.0
2026-07-04,입점,아웃도어,32363.63636363636,1.0,1540909.0909090908,15.0
2026-07-04,입점,여성,408545.4545454545,4.0,1624081.8181818181,25.0
2026-07-04,입점,잡화,0.0,0.0,1781636.3636363635,13.0
2026-07-04,입점,키즈,0.0,0.0,363818.1818181818,8.0
2026-07-04,정상,골프,422363.63636363635,4.0,3502190.909090909,21.0
2026-07-04,정상,남성,3325636.3636363633,21.0,13117372.727272725,65.0
2026-07-04,정상,뷰티,0.0,0.0,35000.0,2.0
2026-07-04,정상,슈즈,279090.90909090906,2.0,431818.18181818177,5.0
2026-07-04,정상,스포츠,0.0,0.0,188772.72727272726,2.0
2026-07-04,정상,여성,983545.4545454544,6.0,8995545.454545451,44.0
2026-07-04,정상,잡화,1176636.3636363635,7.0,6263863.636363636,41.0
2026-07-05,이월,골프,1190745.4545454544,6.0,6661854.545454544,37.0
2026-07-05,이월,남성,4649463.636363637,35.0,23255409.09090909,136.0
2026-07-05,이월,슈즈,0.0,0.0,939300.0,5.0
2026-07-05,이월,스포츠,491272.7272727272,7.0,1363181.8181818181,15.0
2026-07-05,이월,여성,3985636.3636363638,20.0,29161136.363636367,130.0
2026-07-05,이월,잡화,2524436.3636363633,13.0,11090554.545454545,50.0
2026-07-05,입점,골프,640036.3636363635,12.0,5559863.636363638,44.0
2026-07-05,입점,남성,167090.9090909091,4.0,2372018.181818182,22.0
2026-07-05,입점,리빙,448818.1818181818,5.0,3334781.818181819,29.0
2026-07-05,입점,명품,98181.81818181818,1.0,6486681.818181816,21.0
2026-07-05,입점,뷰티,252272.72727272724,7.0,1688599.9999999998,30.0
2026-07-05,입점,슈즈,290727.2727272727,3.0,831181.8181818181,7.0
2026-07-05,입점,스포츠,607818.1818181818,10.0,1682436.3636363633,27.0
2026-07-05,입점,아웃도어,72727.27272727272,2.0,1603500.0,16.0
2026-07-05,입점,여성,298181.8181818182,3.0,3200836.363636363,33.0
2026-07-05,입점,잡화,88863.63636363635,3.0,7840690.909090905,21.0
2026-07-05,입점,키즈,21818.181818181816,1.0,677254.5454545455,13.0
2026-07-05,정상,골프,546181.8181818181,5.0,3492463.6363636362,20.0
2026-07-05,정상,남성,4233818.181818183,26.0,14631545.454545453,97.0
2026-07-05,정상,뷰티,20000.0,1.0,237272.72727272726,2.0
2026-07-05,정상,슈즈,586363.6363636364,5.0,2074545.4545454541,17.0
2026-07-05,정상,스포츠,189090.90909090906,2.0,198181.81818181818,2.0
2026-07-05,정상,여성,2626272.727272727,13.0,15056272.727272727,74.0
2026-07-05,정상,잡화,2363818.1818181816,16.0,14043627.272727272,81.0
2026-07-06,이월,골프,866290.9090909091,4.0,5056854.545454545,32.0
2026-07-06,이월,남성,4622454.545454546,18.0,16071836.363636361,97.0
2026-07-06,이월,슈즈,206454.54545454544,1.0,-109272.72727272726,0.0
2026-07-06,이월,스포츠,71000.0,3.0,1239272.727272727,20.0
2026-07-06,이월,여성,-959727.2727272728,10.0,11943681.81818182,55.0
2026-07-06,이월,잡화,3580836.3636363633,20.0,7930381.8181818165,35.0
2026-07-06,입점,골프,-290454.54545454547,4.0,2958518.181818182,25.0
2026-07-06,입점,남성,-16454.54545454544,0.0,1083454.5454545454,17.0
2026-07-06,입점,리빙,-47272.72727272727,-1.0,5620309.09090909,24.0
2026-07-06,입점,명품,2158090.9090909087,6.0,2931090.909090909,10.0
2026-07-06,입점,뷰티,670499.9999999999,10.0,927409.0909090908,32.0
2026-07-06,입점,슈즈,-269818.1818181818,-2.0,346772.72727272724,1.0
2026-07-06,입점,스포츠,396636.3636363636,7.0,1906654.5454545454,22.0
2026-07-06,입점,아웃도어,245727.2727272727,4.0,5205181.818181818,31.0
2026-07-06,입점,여성,-158727.2727272727,0.0,943454.5454545454,5.0
2026-07-06,입점,잡화,190390.9090909091,2.0,-1958136.3636363638,4.0
2026-07-06,입점,키즈,283327.2727272727,2.0,665163.6363636362,22.0
2026-07-06,정상,골프,656272.7272727272,5.0,2498263.6363636367,19.0
2026-07-06,정상,남성,2755545.4545454546,15.0,9512909.090909084,63.0
2026-07-06,정상,슈즈,41818.18181818181,4.0,259090.90909090912,3.0
2026-07-06,정상,스포츠,496363.6363636363,4.0,99090.90909090909,1.0
2026-07-06,정상,여성,2341454.5454545454,14.0,7437909.09090909,32.0
2026-07-06,정상,잡화,3226527.2727272725,21.0,9094200.0,53.0
2026-07-07,이월,골프,873818.1818181818,7.0,3529145.4545454546,22.0
2026-07-07,이월,남성,1910590.9090909092,17.0,18707309.090909094,85.0
2026-07-07,이월,슈즈,165454.54545454544,-1.0,784200.0,4.0
2026-07-07,이월,스포츠,277181.8181818181,5.0,1248454.5454545452,17.0
2026-07-07,이월,여성,1391363.636363636,13.0,8029181.818181819,44.0
2026-07-07,이월,잡화,2583472.7272727275,14.0,7872854.545454545,50.0
2026-07-07,입점,골프,259054.5454545455,6.0,5563000.000000002,40.0
2026-07-07,입점,남성,78454.54545454544,0.0,986454.5454545454,9.0
2026-07-07,입점,리빙,466090.90909090906,6.0,-696818.1818181818,7.0
2026-07-07,입점,명품,1071636.3636363635,4.0,-78727.27272727242,13.0
2026-07-07,입점,뷰티,1035363.6363636361,19.0,1413763.636363636,32.0
2026-07-07,입점,슈즈,44545.454545454544,1.0,775563.6363636365,8.0
2026-07-07,입점,스포츠,509454.54545454535,5.0,619654.5454545454,15.0
2026-07-07,입점,아웃도어,732454.5454545454,3.0,10864545.454545455,23.0
2026-07-07,입점,여성,-76299.99999999997,1.0,759145.4545454544,11.0
2026-07-07,입점,잡화,88827.27272727272,2.0,6057836.363636363,10.0
2026-07-07,입점,키즈,59918.181818181816,3.0,415936.3636363635,13.0
2026-07-07,정상,골프,232545.45454545453,4.0,1937554.5454545452,15.0
2026-07-07,정상,남성,2614318.1818181816,20.0,11774818.181818184,75.0
2026-07-07,정상,뷰티,40000.0,1.0,49999.99999999999,2.0
2026-07-07,정상,슈즈,152727.2727272727,2.0,307272.72727272724,2.0
2026-07-07,정상,스포츠,311818.18181818177,3.0,9090.909090909088,0.0
2026-07-07,정상,여성,1032090.9090909091,11.0,9548954.545454543,38.0
2026-07-07,정상,잡화,3580545.4545454546,24.0,7093890.909090907,43.0
2026-07-08,이월,골프,895818.1818181819,4.0,4063109.0909090918,31.0
2026-07-08,이월,남성,4540700.0,18.0,12612809.09090909,72.0
2026-07-08,이월,슈즈,292090.90909090906,1.0,123499.99999999999,1.0
2026-07-08,이월,스포츠,289999.99999999994,5.0,438454.54545454535,5.0
2026-07-08,이월,여성,4067090.909090909,9.0,9419272.727272723,56.0
2026-07-08,이월,잡화,1048009.0909090908,8.0,8585963.636363637,43.0
2026-07-08,입점,골프,371145.4545454545,7.0,4587009.090909089,38.0
2026-07-08,입점,남성,219727.2727272727,1.0,735618.1818181818,15.0
2026-07-08,입점,리빙,49909.090909090904,1.0,1761499.9999999995,26.0
2026-07-08,입점,명품,631272.7272727273,1.0,2083472.727272727,13.0
2026-07-08,입점,뷰티,493545.4545454544,14.0,2314000.0,37.0
2026-07-08,입점,슈즈,312090.90909090906,2.0,366727.2727272728,0.0
2026-07-08,입점,스포츠,107999.99999999999,1.0,267818.1818181818,8.0
2026-07-08,입점,아웃도어,-327636.36363636365,1.0,2417318.181818182,13.0
2026-07-08,입점,여성,-84736.36363636365,1.0,1735299.9999999998,23.0
2026-07-08,입점,잡화,63909.09090909091,2.0,-2077636.3636363638,8.0
2026-07-08,입점,키즈,121818.1818181818,3.0,564272.7272727273,9.0
2026-07-08,정상,골프,290454.5454545454,3.0,4353172.7272727275,30.0
2026-07-08,정상,남성,3983172.727272727,19.0,7933818.181818178,65.0
2026-07-08,정상,슈즈,90000.0,1.0,44545.454545454544,1.0
2026-07-08,정상,스포츠,-543636.3636363636,-1.0,731818.1818181818,5.0
2026-07-08,정상,여성,66454.54545454534,5.0,6865999.999999998,35.0
2026-07-08,정상,잡화,1688818.1818181816,10.0,10677009.090909094,65.0
2026-07-09,이월,골프,612181.8181818181,7.0,1446590.9090909087,17.0
2026-07-09,이월,남성,-447909.0909090914,17.0,11821700.0,68.0
2026-07-09,이월,슈즈,216499.99999999997,2.0,847136.3636363635,3.0
2026-07-09,이월,스포츠,467454.5454545454,5.0,627363.6363636364,7.0
2026-07-09,이월,여성,286818.181818182,10.0,11185727.27272727,56.0
2026-07-09,이월,잡화,1682527.2727272725,14.0,9136981.818181816,45.0
2026-07-09,입점,골프,557545.4545454545,5.0,2279381.818181818,20.0
2026-07-09,입점,남성,314000.0,2.0,1725963.6363636367,13.0
2026-07-09,입점,리빙,198318.1818181818,2.0,2171600.0,26.0
2026-07-09,입점,명품,90636.36363636362,1.0,2786945.4545454537,12.0
2026-07-09,입점,뷰티,578272.7272727272,12.0,1417890.909090909,27.0
2026-07-09,입점,슈즈,-36000.0,0.0,446454.54545454535,4.0
2026-07-09,입점,스포츠,391090.90909090906,5.0,877954.5454545454,14.0
2026-07-09,입점,아웃도어,1084272.727272727,2.0,24269181.818181816,23.0
2026-07-09,입점,여성,204872.72727272726,3.0,2264545.454545454,23.0
2026-07-09,입점,잡화,-83636.36363636363,0.0,2049181.818181818,4.0
2026-07-09,입점,키즈,90854.54545454544,2.0,2056872.727272727,21.0
2026-07-09,정상,골프,790699.9999999999,4.0,2303872.7272727266,17.0
2026-07-09,정상,남성,1826999.9999999995,12.0,8794363.636363639,51.0
2026-07-09,정상,뷰티,0.0,0.0,69090.90909090909,2.0
2026-07-09,정상,슈즈,878363.6363636364,3.0,497272.7272727272,3.0
2026-07-09,정상,스포츠,0.0,0.0,225727.2727272727,1.0
2026-07-09,정상,여성,1113727.2727272727,8.0,6343454.545454545,32.0
2026-07-09,정상,잡화,2720327.2727272725,18.0,9492763.636363639,49.0
2026-07-10,이월,골프,-68572.72727272726,2.0,2919963.6363636367,19.0
2026-07-10,이월,남성,950427.2727272724,14.0,14482372.727272727,98.0
2026-07-10,이월,슈즈,152090.9090909091,1.0,391954.5454545454,2.0
2026-07-10,이월,스포츠,-134727.2727272727,-3.0,1336090.909090909,16.0
2026-07-10,이월,여성,2354545.4545454546,10.0,19507500.0,56.0
2026-07-10,이월,잡화,4176618.1818181816,6.0,8181745.454545456,35.0
2026-07-10,입점,골프,69454.54545454544,1.0,5390536.363636362,34.0
2026-07-10,입점,남성,552090.9090909091,7.0,625045.4545454544,15.0
2026-07-10,입점,리빙,329818.18181818177,2.0,1958245.4545454544,13.0
2026-07-10,입점,명품,-27272.727272727272,1.0,4425200.0,16.0
2026-07-10,입점,뷰티,409909.09090909094,13.0,2010472.727272727,31.0
2026-07-10,입점,슈즈,0.0,0.0,-340363.6363636363,0.0
2026-07-10,입점,스포츠,216363.63636363638,2.0,635163.6363636364,11.0
2026-07-10,입점,아웃도어,-183090.90909090906,0.0,1535090.9090909094,10.0
2026-07-10,입점,여성,117090.90909090907,1.0,122009.09090909082,8.0
2026-07-10,입점,잡화,0.0,0.0,3216400.0,7.0
2026-07-10,입점,키즈,166309.09090909088,2.0,1672572.727272727,14.0
2026-07-10,정상,골프,237199.99999999997,3.0,1992109.0909090908,10.0
2026-07-10,정상,남성,3297727.2727272725,20.0,12224590.909090908,66.0
2026-07-10,정상,뷰티,56363.63636363636,1.0,0.0,0.0
2026-07-10,정상,슈즈,351818.18181818177,3.0,-199090.90909090906,0.0
2026-07-10,정상,스포츠,-220818.1818181818,-1.0,0.0,0.0
2026-07-10,정상,여성,2358818.181818181,10.0,7186454.545454545,45.0
2026-07-10,정상,잡화,1693000.0,12.0,6369163.636363636,33.0
2026-07-11,이월,골프,1479181.818181818,11.0,4366645.454545454,22.0
2026-07-11,이월,남성,5335609.090909091,37.0,10553590.909090908,85.0
2026-07-11,이월,슈즈,0.0,0.0,568000.0,3.0
2026-07-11,이월,스포츠,59454.54545454545,1.0,1121999.9999999998,15.0
2026-07-11,이월,여성,5786909.090909089,17.0,18822499.999999996,88.0
2026-07-11,이월,잡화,638127.2727272727,9.0,9012136.363636361,44.0
2026-07-11,입점,골프,1154045.4545454546,10.0,8092736.363636363,60.0
2026-07-11,입점,남성,366645.4545454545,6.0,2206181.818181819,29.0
2026-07-11,입점,리빙,141727.2727272727,2.0,868136.3636363636,12.0
2026-07-11,입점,명품,174545.45454545453,2.0,7804454.545454545,9.0
2026-07-11,입점,뷰티,347818.18181818177,10.0,1233281.818181818,24.0
2026-07-11,입점,슈즈,116181.81818181818,2.0,1686999.9999999998,11.0
2026-07-11,입점,스포츠,200181.81818181818,4.0,798581.8181818181,13.0
2026-07-11,입점,아웃도어,308636.36363636365,2.0,1798363.6363636362,20.0
2026-07-11,입점,여성,229563.63636363635,5.0,2944999.9999999995,33.0
2026-07-11,입점,잡화,0.0,0.0,520590.90909090906,7.0
2026-07-11,입점,키즈,80336.36363636363,2.0,926163.6363636364,22.0
2026-07-11,정상,골프,977918.1818181818,8.0,1292827.2727272727,13.0
2026-07-11,정상,남성,3464045.4545454546,14.0,14708499.999999998,74.0
2026-07-11,정상,뷰티,0.0,0.0,34272.727272727265,1.0
2026-07-11,정상,슈즈,62727.27272727272,1.0,577272.7272727272,5.0
2026-07-11,정상,스포츠,0.0,0.0,40090.90909090909,1.0
2026-07-11,정상,여성,2375090.9090909087,15.0,6519000.0,32.0
2026-07-11,정상,잡화,2082454.5454545456,11.0,6938254.545454544,44.0
2026-07-12,이월,골프,1593245.4545454544,10.0,6057781.818181817,38.0
2026-07-12,이월,남성,6073172.7272727275,43.0,23659572.727272723,142.0
2026-07-12,이월,슈즈,0.0,0.0,333181.8181818182,2.0
2026-07-12,이월,스포츠,325090.90909090906,7.0,945545.4545454545,11.0
2026-07-12,이월,여성,4009090.909090909,19.0,29486636.363636356,128.0
2026-07-12,이월,잡화,2014527.2727272727,15.0,8617272.727272725,59.0
2026-07-12,입점,골프,616781.8181818181,10.0,7515927.2727272725,95.0
2026-07-12,입점,남성,156272.72727272726,3.0,2795845.454545454,35.0
2026-07-12,입점,리빙,227454.54545454544,3.0,875863.6363636365,12.0
2026-07-12,입점,명품,798181.8181818181,4.0,6435909.090909091,15.0
2026-07-12,입점,뷰티,567627.2727272726,12.0,623800.0,17.0
2026-07-12,입점,슈즈,137454.54545454544,2.0,1545818.1818181816,11.0
2026-07-12,입점,스포츠,891272.7272727271,12.0,1789809.0909090908,30.0
2026-07-12,입점,아웃도어,498181.8181818181,3.0,2938636.3636363638,20.0
2026-07-12,입점,여성,72463.63636363635,2.0,3279109.0909090904,31.0
2026-07-12,입점,잡화,124363.63636363637,3.0,3203818.1818181807,15.0
2026-07-12,입점,키즈,30909.090909090908,2.0,1699454.5454545454,22.0
2026-07-12,정상,골프,247272.72727272726,1.0,4704345.454545454,28.0
2026-07-12,정상,남성,4884227.272727273,29.0,21261318.181818187,116.0
2026-07-12,정상,슈즈,234545.45454545453,2.0,667272.7272727272,5.0
2026-07-12,정상,스포츠,108272.72727272726,2.0,207363.63636363635,2.0
2026-07-12,정상,여성,2059090.9090909085,13.0,16211090.909090906,66.0
2026-07-12,정상,잡화,1250727.2727272725,9.0,9813154.545454543,65.0
2026-07-13,이월,골프,747836.3636363636,6.0,3348090.9090909096,22.0
2026-07-13,이월,남성,3275345.4545454537,24.0,11157600.000000002,88.0
2026-07-13,이월,슈즈,164818.18181818182,1.0,-248181.81818181818,0.0
2026-07-13,이월,스포츠,363454.5454545454,7.0,324454.5454545454,7.0
2026-07-13,이월,여성,3021045.4545454537,12.0,8451590.909090906,49.0
2026-07-13,이월,잡화,2928672.7272727275,21.0,17083018.181818187,53.0
2026-07-13,입점,골프,339000.0,4.0,5220281.818181818,33.0
2026-07-13,입점,남성,227227.2727272727,3.0,614999.9999999999,11.0
2026-07-13,입점,리빙,198000.0,3.0,5589545.454545455,25.0
2026-07-13,입점,명품,44545.45454545456,1.0,3486000.0,10.0
2026-07-13,입점,뷰티,938363.6363636364,18.0,1169881.8181818181,25.0
2026-07-13,입점,슈즈,248090.9090909091,2.0,1429454.5454545452,9.0
2026-07-13,입점,스포츠,173181.81818181815,4.0,2984454.5454545445,32.0
2026-07-13,입점,아웃도어,68818.18181818182,2.0,570818.1818181818,13.0
2026-07-13,입점,여성,460272.7272727273,4.0,333172.7272727272,11.0
2026-07-13,입점,잡화,0.0,0.0,489018.18181818177,9.0
2026-07-13,입점,키즈,0.0,0.0,802618.1818181818,21.0
2026-07-13,정상,골프,429545.4545454545,4.0,2074490.909090909,14.0
2026-07-13,정상,남성,3360363.6363636367,19.0,10195954.54545454,68.0
2026-07-13,정상,뷰티,0.0,0.0,23545.454545454544,1.0
2026-07-13,정상,슈즈,260909.09090909088,2.0,252727.2727272727,2.0
2026-07-13,정상,스포츠,218454.54545454544,2.0,128272.7272727273,0.0
2026-07-13,정상,여성,2647000.0,13.0,8022045.454545457,45.0
2026-07-13,정상,잡화,894272.7272727274,9.0,8378854.545454547,42.0
2026-07-14,이월,골프,1216345.4545454546,9.0,2425045.454545454,21.0
2026-07-14,이월,남성,6997181.818181818,26.0,2191872.727272727,43.0
2026-07-14,이월,슈즈,-189636.36363636362,-2.0,100545.45454545459,2.0
2026-07-14,이월,스포츠,127545.45454545453,3.0,1034818.1818181815,11.0
2026-07-14,이월,여성,2731909.090909091,14.0,1780636.3636363628,14.0
2026-07-14,이월,잡화,1353490.9090909092,7.0,9271509.090909088,52.0
2026-07-14,입점,골프,369272.7272727272,7.0,1016936.3636363639,16.0
2026-07-14,입점,남성,206272.72727272724,4.0,1505309.0909090904,16.0
2026-07-14,입점,리빙,22181.81818181818,1.0,352818.18181818194,17.0
2026-07-14,입점,명품,529545.4545454546,2.0,10231163.636363635,21.0
2026-07-14,입점,뷰티,602818.1818181818,9.0,1342227.272727273,27.0
2026-07-14,입점,슈즈,-35636.36363636363,-1.0,1338909.0909090906,7.0
2026-07-14,입점,스포츠,168363.63636363632,4.0,2046200.0,31.0
2026-07-14,입점,아웃도어,204090.9090909091,2.0,347136.36363636353,7.0
2026-07-14,입점,여성,125136.36363636363,2.0,3016072.727272727,25.0
2026-07-14,입점,잡화,577545.4545454545,3.0,5451027.2727272725,9.0
2026-07-14,입점,키즈,140090.9090909091,2.0,443290.909090909,9.0
2026-07-14,정상,골프,394272.72727272724,4.0,3905099.999999999,24.0
2026-07-14,정상,남성,3626136.3636363633,26.0,3250227.2727272734,38.0
2026-07-14,정상,뷰티,23545.454545454544,1.0,0.0,0.0
2026-07-14,정상,슈즈,72727.2727272727,0.0,387272.7272727272,4.0
2026-07-14,정상,스포츠,99090.90909090909,1.0,158181.81818181818,2.0
2026-07-14,정상,여성,2088727.2727272725,9.0,4653772.7272727275,31.0
2026-07-14,정상,잡화,2848090.909090909,22.0,5041654.545454545,45.0
2026-07-15,이월,골프,843745.4545454545,6.0,4446772.727272727,29.0
2026-07-15,이월,남성,1548200.0,23.0,10467436.36363636,63.0
2026-07-15,이월,슈즈,0.0,0.0,272363.63636363635,2.0
2026-07-15,이월,스포츠,-31363.636363636353,0.0,547727.2727272727,11.0
2026-07-15,이월,여성,-3334909.0909090918,11.0,10269590.909090906,60.0
2026-07-15,이월,잡화,1448818.1818181819,9.0,5291890.909090908,34.0
2026-07-15,입점,골프,499090.90909090906,6.0,3297118.1818181816,36.0
2026-07-15,입점,남성,316709.09090909094,2.0,3012090.9090909087,20.0
2026-07-15,입점,리빙,94272.72727272726,4.0,697272.7272727272,12.0
2026-07-15,입점,명품,557000.0,1.0,9358454.545454545,15.0
2026-07-15,입점,뷰티,582418.1818181818,11.0,950509.0909090907,15.0
2026-07-15,입점,슈즈,209272.72727272724,0.0,1701727.2727272727,12.0
2026-07-15,입점,스포츠,102090.90909090909,5.0,1752127.2727272725,21.0
2026-07-15,입점,아웃도어,185090.90909090906,2.0,1980318.1818181814,19.0
2026-07-15,입점,여성,-19799.999999999993,0.0,2433490.909090909,20.0
2026-07-15,입점,잡화,101636.36363636363,2.0,1766999.9999999995,9.0
2026-07-15,입점,키즈,36445.454545454544,2.0,956427.2727272727,19.0
2026-07-15,정상,골프,914345.4545454545,6.0,1008754.5454545453,14.0
2026-07-15,정상,남성,2281681.818181818,17.0,9119063.636363637,55.0
2026-07-15,정상,슈즈,0.0,0.0,287272.7272727273,4.0
2026-07-15,정상,스포츠,0.0,0.0,0.0,0.0
2026-07-15,정상,여성,941863.6363636362,2.0,2499954.5454545454,17.0
2026-07-15,정상,잡화,682999.9999999999,13.0,7036999.999999998,45.0
2026-07-16,이월,골프,-761818.1818181818,-2.0,2742263.6363636362,21.0
2026-07-16,이월,남성,1315454.5454545454,13.0,6846918.181818182,44.0
2026-07-16,이월,슈즈,0.0,0.0,564772.7272727272,4.0
2026-07-16,이월,스포츠,354272.72727272724,4.0,-37818.181818181816,1.0
2026-07-16,이월,여성,2635454.5454545445,13.0,11456454.545454536,39.0
2026-07-16,이월,잡화,2246509.090909091,12.0,6320109.090909089,39.0
2026-07-16,입점,골프,556972.7272727272,7.0,3169327.272727273,26.0
2026-07-16,입점,남성,78363.63636363635,0.0,1199736.3636363633,10.0
2026-07-16,입점,리빙,28999.999999999996,1.0,1630545.4545454546,16.0
2026-07-16,입점,명품,223636.3636363636,1.0,2064090.909090909,2.0
2026-07-16,입점,뷰티,556545.4545454546,14.0,1372063.6363636362,18.0
2026-07-16,입점,슈즈,130909.0909090909,1.0,1017427.2727272727,10.0
2026-07-16,입점,스포츠,-20909.090909090908,-1.0,1218372.7272727273,11.0
2026-07-16,입점,아웃도어,71818.18181818181,1.0,310636.3636363636,7.0
2026-07-16,입점,여성,198381.81818181818,3.0,872927.2727272726,10.0
2026-07-16,입점,잡화,-62727.27272727273,0.0,510318.1818181818,11.0
2026-07-16,입점,키즈,-67190.90909090909,-3.0,871399.9999999998,11.0
2026-07-16,정상,골프,355181.8181818181,3.0,1297918.1818181819,14.0
2026-07-16,정상,남성,2416327.2727272725,17.0,7697790.909090908,59.0
2026-07-16,정상,슈즈,677272.7272727272,5.0,109090.90909090909,0.0
2026-07-16,정상,스포츠,0.0,0.0,-33363.63636363638,0.0
2026-07-16,정상,여성,2012181.8181818174,13.0,3255909.09090909,27.0
2026-07-16,정상,잡화,2019445.4545454544,17.0,3991136.3636363638,32.0
2026-07-17,이월,골프,764236.3636363635,7.0,5338545.454545454,27.0
2026-07-17,이월,남성,4277636.363636363,40.0,22055781.818181805,114.0
2026-07-17,이월,슈즈,0.0,0.0,246909.09090909088,2.0
2026-07-17,이월,스포츠,481363.63636363635,6.0,2225545.4545454537,22.0
2026-07-17,이월,여성,5621818.181818178,29.0,27059818.18181818,114.0
2026-07-17,이월,잡화,1760327.2727272725,11.0,6704309.090909091,41.0
2026-07-17,입점,골프,1579645.4545454544,7.0,6125109.09090909,36.0
2026-07-17,입점,남성,355000.0,4.0,923654.5454545454,10.0
2026-07-17,입점,리빙,115999.99999999999,4.0,2274590.9090909096,19.0
2026-07-17,입점,명품,2090000.0,2.0,14013090.90909091,25.0
2026-07-17,입점,뷰티,540181.8181818181,9.0,1061545.4545454546,16.0
2026-07-17,입점,슈즈,0.0,0.0,2104454.545454545,12.0
2026-07-17,입점,스포츠,218909.09090909088,4.0,2957299.9999999995,29.0
2026-07-17,입점,아웃도어,177636.36363636362,3.0,1814500.0,23.0
2026-07-17,입점,여성,32636.363636363632,1.0,2751454.5454545454,34.0
2026-07-17,입점,잡화,130436.36363636363,2.0,1346218.1818181816,10.0
2026-07-17,입점,키즈,172027.2727272727,2.0,952354.5454545452,17.0
2026-07-17,정상,골프,101909.0909090909,1.0,4401581.818181817,29.0
2026-07-17,정상,남성,4234709.090909092,31.0,10034472.727272725,66.0
2026-07-17,정상,슈즈,62727.27272727272,1.0,414545.45454545453,4.0
2026-07-17,정상,스포츠,0.0,0.0,100363.63636363635,2.0
2026-07-17,정상,여성,1879090.9090909092,14.0,13358636.36363636,69.0
2026-07-17,정상,잡화,2753999.9999999995,18.0,7793963.636363634,61.0
2026-07-18,이월,골프,410563.63636363635,4.0,3876545.4545454546,29.0
2026-07-18,이월,남성,3052100.0,25.0,9161309.090909088,83.0
2026-07-18,이월,슈즈,0.0,0.0,322636.3636363636,3.0
2026-07-18,이월,스포츠,323454.5454545454,5.0,696909.0909090909,11.0
2026-07-18,이월,여성,3274909.0909090904,22.0,15380818.18181818,62.0
2026-07-18,이월,잡화,1804763.6363636362,13.0,6630163.636363638,32.0
2026-07-18,입점,골프,2015845.4545454546,11.0,4096663.6363636362,45.0
2026-07-18,입점,남성,531863.6363636362,6.0,975372.7272727273,12.0
2026-07-18,입점,리빙,230454.5454545454,6.0,2206181.8181818184,19.0
2026-07-18,입점,명품,256272.72727272724,2.0,5223545.454545454,12.0
2026-07-18,입점,뷰티,293636.36363636365,6.0,2037172.727272727,21.0
2026-07-18,입점,슈즈,210545.45454545453,2.0,2360545.4545454546,17.0
2026-07-18,입점,스포츠,385818.18181818177,4.0,2284454.5454545454,37.0
2026-07-18,입점,아웃도어,458818.18181818177,4.0,1477318.1818181816,17.0
2026-07-18,입점,여성,260345.45454545453,3.0,2452427.272727273,24.0
2026-07-18,입점,잡화,0.0,0.0,454236.3636363636,7.0
2026-07-18,입점,키즈,155700.0,4.0,988472.7272727273,17.0
2026-07-18,정상,골프,967818.1818181819,5.0,1109500.0,11.0
2026-07-18,정상,남성,2713363.6363636362,14.0,9367554.545454543,57.0
2026-07-18,정상,슈즈,-89090.9090909091,-2.0,487272.7272727272,4.0
2026-07-18,정상,스포츠,353000.0,3.0,27090.90909090909,0.0
2026-07-18,정상,여성,2089636.363636364,15.0,5904863.636363635,15.0
2026-07-18,정상,잡화,1746000.0,16.0,7774272.727272728,49.0
2026-07-19,이월,골프,1938672.727272727,10.0,3900972.727272728,34.0
2026-07-19,이월,남성,6110881.818181817,39.0,22943900.0,135.0
2026-07-19,이월,슈즈,294863.63636363635,1.0,117590.90909090909,1.0
2026-07-19,이월,스포츠,49545.454545454544,1.0,952181.818181818,14.0
2026-07-19,이월,여성,5515999.999999999,30.0,23373681.818181816,104.0
2026-07-19,이월,잡화,2860381.818181818,18.0,7236718.181818181,36.0
2026-07-19,입점,골프,1901490.909090909,12.0,4951399.999999999,43.0
2026-07-19,입점,남성,465790.90909090906,6.0,1733772.727272727,25.0
2026-07-19,입점,리빙,86727.27272727272,3.0,1623290.909090909,18.0
2026-07-19,입점,명품,609090.9090909091,1.0,2120636.3636363638,7.0
2026-07-19,입점,뷰티,478909.0909090908,9.0,1386445.4545454546,33.0
2026-07-19,입점,슈즈,170909.09090909088,1.0,2655363.636363636,20.0
2026-07-19,입점,스포츠,752636.3636363636,8.0,4728818.181818182,47.0
2026-07-19,입점,아웃도어,127999.99999999999,1.0,202409.09090909082,8.0
2026-07-19,입점,여성,373981.8181818181,5.0,1700745.4545454548,20.0
2026-07-19,입점,잡화,28818.181818181813,1.0,856363.6363636364,9.0
2026-07-19,입점,키즈,0.0,0.0,928672.7272727274,18.0
2026-07-19,정상,골프,419545.45454545453,3.0,2867854.5454545454,22.0
2026-07-19,정상,남성,3448163.6363636362,27.0,11651736.363636363,80.0
2026-07-19,정상,슈즈,244545.45454545453,1.0,650363.6363636364,7.0
2026-07-19,정상,스포츠,180000.0,2.0,301909.09090909094,2.0
2026-07-19,정상,여성,1997272.7272727273,6.0,10782318.181818184,58.0
2026-07-19,정상,잡화,2937527.2727272725,18.0,9147218.18181818,58.0
2026-07-20,이월,골프,895281.8181818181,8.0,3275272.7272727275,25.0
2026-07-20,이월,남성,2891872.727272728,24.0,11744663.636363633,80.0
2026-07-20,이월,슈즈,0.0,0.0,78545.45454545453,1.0
2026-07-20,이월,스포츠,242909.09090909085,3.0,805727.2727272727,10.0
2026-07-20,이월,여성,3749818.181818181,9.0,6107500.0,26.0
2026-07-20,이월,잡화,2386654.5454545454,15.0,16061618.18181818,55.0
2026-07-20,입점,골프,818136.3636363636,9.0,1079045.4545454544,9.0
2026-07-20,입점,남성,126181.81818181818,2.0,283490.90909090906,11.0
2026-07-20,입점,리빙,233363.63636363635,3.0,1541181.8181818184,15.0
2026-07-20,입점,명품,413454.5454545454,5.0,-7650727.272727272,5.0
2026-07-20,입점,뷰티,956909.0909090907,10.0,759345.4545454545,27.0
2026-07-20,입점,슈즈,289454.5454545454,2.0,677636.3636363636,5.0
2026-07-20,입점,스포츠,401909.0909090909,5.0,2713090.909090909,30.0
2026-07-20,입점,아웃도어,480090.90909090906,2.0,-25499.999999999884,16.0
2026-07-20,입점,여성,59263.63636363635,1.0,-778909.0909090908,-6.0
2026-07-20,입점,잡화,0.0,0.0,195272.72727272726,3.0
2026-07-20,입점,키즈,90909.0909090909,5.0,539081.8181818181,12.0
2026-07-20,정상,골프,1171263.6363636362,9.0,3135699.9999999995,20.0
2026-07-20,정상,남성,2715890.9090909087,23.0,6760636.363636363,47.0
2026-07-20,정상,뷰티,0.0,0.0,31818.181818181816,1.0
2026-07-20,정상,슈즈,225636.36363636362,2.0,1101999.9999999998,8.0
2026-07-20,정상,스포츠,201909.0909090909,3.0,391909.0909090909,2.0
2026-07-20,정상,여성,524000.0000000001,4.0,644363.6363636369,1.0
2026-07-20,정상,잡화,2046072.7272727273,17.0,8035190.909090908,40.0
2026-07-21,이월,골프,1036036.3636363635,8.0,2592063.636363636,21.0
2026-07-21,이월,남성,4592872.7272727275,30.0,9654800.000000002,71.0
2026-07-21,이월,슈즈,0.0,0.0,-437181.8181818181,-3.0
2026-07-21,이월,스포츠,106727.2727272727,3.0,244090.9090909091,8.0
2026-07-21,이월,여성,499909.0909090908,10.0,8215318.181818182,57.0
2026-07-21,이월,잡화,2458381.818181818,18.0,11303545.454545455,49.0
2026-07-21,입점,골프,763763.6363636362,9.0,3467799.9999999986,32.0
2026-07-21,입점,남성,176272.72727272726,3.0,691500.0000000001,4.0
2026-07-21,입점,리빙,507090.90909090906,4.0,1114254.5454545454,4.0
2026-07-21,입점,명품,806363.6363636364,5.0,537136.3636363635,10.0
2026-07-21,입점,뷰티,388463.63636363635,11.0,1661390.909090909,43.0
2026-07-21,입점,슈즈,144545.45454545453,1.0,711690.909090909,8.0
2026-07-21,입점,스포츠,392727.2727272727,7.0,3370390.909090908,51.0
2026-07-21,입점,아웃도어,148181.81818181818,3.0,1950000.0,22.0
2026-07-21,입점,여성,-307227.2727272727,0.0,-623390.9090909094,11.0
2026-07-21,입점,잡화,129454.54545454544,1.0,888363.6363636362,14.0
2026-07-21,입점,키즈,40909.090909090904,1.0,254045.45454545453,5.0
2026-07-21,정상,골프,877181.8181818181,6.0,-3345.454545454588,2.0
2026-07-21,정상,남성,2597399.9999999995,11.0,4197272.7272727275,29.0
2026-07-21,정상,뷰티,0.0,0.0,54272.727272727265,2.0
2026-07-21,정상,슈즈,1103818.1818181819,3.0,276545.45454545453,0.0
2026-07-21,정상,스포츠,182636.36363636365,0.0,390181.8181818181,3.0
2026-07-21,정상,여성,1503999.9999999998,7.0,8037045.454545454,30.0
2026-07-21,정상,잡화,2247890.9090909087,17.0,9510181.818181818,36.0
2026-07-22,이월,골프,1300854.5454545454,10.0,2457127.2727272725,15.0
2026-07-22,이월,남성,1860781.8181818174,33.0,10201763.636363635,85.0
2026-07-22,이월,슈즈,0.0,0.0,101181.81818181818,1.0
2026-07-22,이월,스포츠,521545.45454545453,7.0,343000.0,8.0
2026-07-22,이월,여성,4185818.1818181807,16.0,11239681.818181816,40.0
2026-07-22,이월,잡화,1618254.5454545454,10.0,7289009.09090909,41.0
2026-07-22,입점,골프,1201372.7272727268,6.0,3551727.2727272715,19.0
2026-07-22,입점,남성,185636.36363636365,3.0,-573281.8181818178,-1.0
2026-07-22,입점,리빙,251363.63636363638,5.0,915454.5454545453,11.0
2026-07-22,입점,명품,0.0,0.0,5047772.727272727,14.0
2026-07-22,입점,뷰티,698909.0909090909,15.0,842963.6363636364,22.0
2026-07-22,입점,슈즈,130909.0909090909,1.0,1599363.6363636362,11.0
2026-07-22,입점,스포츠,102000.0,1.0,2751699.9999999995,53.0
2026-07-22,입점,아웃도어,27272.727272727272,1.0,1112545.4545454541,15.0
2026-07-22,입점,여성,-54018.181818181816,-2.0,1619318.1818181816,17.0
2026-07-22,입점,잡화,-109545.45454545453,0.0,259545.45454545447,5.0
2026-07-22,입점,키즈,0.0,0.0,938954.5454545452,12.0
2026-07-22,정상,골프,603727.2727272727,6.0,1730400.0000000002,13.0
2026-07-22,정상,남성,1431090.9090909094,8.0,4307372.727272727,34.0
2026-07-22,정상,뷰티,0.0,0.0,61818.181818181816,1.0
2026-07-22,정상,슈즈,650000.0,4.0,795454.5454545454,5.0
2026-07-22,정상,스포츠,363727.2727272727,3.0,53636.36363636363,1.0
2026-07-22,정상,여성,974272.7272727271,8.0,4139818.181818181,19.0
2026-07-22,정상,잡화,1537318.1818181819,13.0,7555545.454545454,48.0
2026-07-23,이월,골프,590272.7272727273,5.0,4316727.272727272,24.0
2026-07-23,이월,남성,2217372.727272727,19.0,9535199.999999996,61.0
2026-07-23,이월,슈즈,0.0,0.0,0.0,0.0
2026-07-23,이월,스포츠,92181.81818181818,1.0,430272.7272727273,7.0
2026-07-23,이월,여성,3706090.909090909,23.0,6053454.545454546,46.0
2026-07-23,이월,잡화,1828890.9090909092,16.0,5541172.727272727,30.0
2026-07-23,입점,골프,602454.5454545454,9.0,3877518.1818181807,22.0
2026-07-23,입점,남성,270736.3636363636,4.0,1560699.9999999995,17.0
2026-07-23,입점,리빙,89181.81818181818,3.0,1211809.0909090908,14.0
2026-07-23,입점,명품,366363.63636363635,2.0,5113363.636363637,20.0
2026-07-23,입점,뷰티,288000.0,6.0,1185818.1818181816,13.0
2026-07-23,입점,슈즈,-71181.81818181818,0.0,1334354.5454545456,6.0
2026-07-23,입점,스포츠,285636.3636363636,6.0,1264363.6363636365,34.0
2026-07-23,입점,아웃도어,0.0,0.0,1105672.727272727,12.0
2026-07-23,입점,여성,18027.272727272724,1.0,1946100.0,29.0
2026-07-23,입점,잡화,0.0,0.0,388745.4545454546,5.0
2026-07-23,입점,키즈,669781.8181818181,4.0,3217327.2727272725,23.0
2026-07-23,정상,골프,466181.8181818181,4.0,2235118.1818181816,16.0
2026-07-23,정상,남성,2027390.9090909085,8.0,5160399.999999999,30.0
2026-07-23,정상,뷰티,23545.454545454544,1.0,23545.454545454544,1.0
2026-07-23,정상,슈즈,740000.0,6.0,1094818.1818181816,9.0
2026-07-23,정상,스포츠,25545.45454545456,1.0,140000.0,0.0
2026-07-23,정상,여성,1130272.7272727273,7.0,2848409.09090909,19.0
2026-07-23,정상,잡화,1928481.818181818,13.0,4513327.272727272,26.0
2026-07-24,이월,골프,2253363.6363636367,13.0,2941281.818181818,19.0
2026-07-24,이월,남성,236436.36363636353,23.0,11285609.090909088,72.0
2026-07-24,이월,스포츠,322909.0909090909,5.0,524454.5454545454,9.0
2026-07-24,이월,여성,2877999.9999999995,14.0,5721227.27272727,36.0
2026-07-24,이월,잡화,1308890.909090909,7.0,5269872.727272727,31.0
2026-07-24,입점,골프,320390.90909090923,0.0,3804081.818181818,27.0
2026-07-24,입점,남성,74036.36363636362,0.0,1222890.909090909,5.0
2026-07-24,입점,리빙,0.0,0.0,163090.9090909091,7.0
2026-07-24,입점,명품,405454.5454545454,2.0,3011181.818181818,21.0
2026-07-24,입점,뷰티,475090.90909090906,10.0,1225745.4545454546,17.0
2026-07-24,입점,슈즈,0.0,0.0,19454.545454545514,2.0
2026-07-24,입점,스포츠,61636.36363636363,1.0,1170418.1818181816,27.0
2026-07-24,입점,아웃도어,434636.3636363636,2.0,838318.1818181818,16.0
2026-07-24,입점,여성,330690.90909090906,2.0,1378800.0,14.0
2026-07-24,입점,잡화,40181.81818181818,2.0,494954.54545454547,5.0
2026-07-24,입점,키즈,115999.99999999999,-1.0,561090.9090909091,8.0
2026-07-24,정상,골프,953772.7272727272,10.0,4559763.636363636,29.0
2026-07-24,정상,남성,633727.2727272727,6.0,4332600.0,27.0
2026-07-24,정상,슈즈,-55454.54545454544,1.0,1128181.8181818181,8.0
2026-07-24,정상,스포츠,126363.63636363635,1.0,-6454.545454545456,0.0
2026-07-24,정상,여성,1040818.1818181815,4.0,7419272.7272727275,37.0
2026-07-24,정상,잡화,189954.54545454538,5.0,3538699.999999999,32.0
2026-07-25,이월,골프,1337518.1818181819,11.0,2716454.545454545,17.0
2026-07-25,이월,남성,2548463.6363636362,16.0,17420754.54545454,91.0
2026-07-25,이월,슈즈,349363.63636363635,1.0,0.0,0.0
2026-07-25,이월,스포츠,258272.72727272724,4.0,952090.909090909,4.0
2026-07-25,이월,여성,1804727.2727272727,10.0,14567363.636363637,48.0
2026-07-25,이월,잡화,1915163.6363636365,14.0,9830390.909090906,47.0
2026-07-25,입점,골프,433927.2727272727,3.0,5725936.363636363,39.0
2026-07-25,입점,남성,100181.81818181818,2.0,1000909.090909091,11.0
2026-07-25,입점,리빙,57272.727272727265,1.0,87318.18181818182,4.0
2026-07-25,입점,명품,580454.5454545454,4.0,3317454.5454545454,14.0
2026-07-25,입점,뷰티,424818.18181818177,8.0,335681.8181818182,9.0
2026-07-25,입점,슈즈,36545.454545454544,1.0,661181.8181818181,7.0
2026-07-25,입점,스포츠,449636.36363636365,7.0,2257272.7272727266,38.0
2026-07-25,입점,아웃도어,489090.90909090906,3.0,716818.1818181816,12.0
2026-07-25,입점,여성,190636.36363636365,3.0,2121972.7272727266,28.0
2026-07-25,입점,잡화,90427.27272727272,2.0,1126090.9090909092,7.0
2026-07-25,입점,키즈,598436.3636363636,2.0,617818.1818181818,11.0
2026-07-25,정상,골프,301418.18181818177,3.0,1307909.090909091,6.0
2026-07-25,정상,남성,601027.2727272728,4.0,3007700.0000000005,25.0
2026-07-25,정상,뷰티,0.0,0.0,18090.90909090909,1.0
2026-07-25,정상,슈즈,-181818.1818181818,0.0,172181.81818181818,3.0
2026-07-25,정상,스포츠,0.0,0.0,196363.63636363635,3.0
2026-07-25,정상,여성,1595181.818181818,9.0,8909181.81818182,43.0
2026-07-25,정상,잡화,1342163.6363636365,11.0,3061736.3636363624,29.0
2026-07-26,이월,골프,1270127.2727272725,9.0,5313545.454545455,36.0
2026-07-26,이월,남성,2306536.3636363633,25.0,18429336.363636363,116.0
2026-07-26,이월,슈즈,0.0,0.0,120272.72727272726,1.0
2026-07-26,이월,스포츠,186545.45454545453,3.0,978363.6363636362,6.0
2026-07-26,이월,여성,4596818.181818181,27.0,22712272.72727273,98.0
2026-07-26,이월,잡화,1000781.818181818,7.0,6899581.8181818165,46.0
2026-07-26,입점,골프,724690.9090909091,7.0,4263954.545454545,43.0
2026-07-26,입점,남성,141100.0,1.0,1960754.5454545459,26.0
2026-07-26,입점,리빙,67909.0909090909,2.0,1068318.1818181816,12.0
2026-07-26,입점,명품,59999.99999999999,2.0,7223363.636363635,15.0
2026-07-26,입점,뷰티,294363.63636363635,6.0,758654.5454545454,13.0
2026-07-26,입점,슈즈,0.0,0.0,1102909.0909090908,7.0
2026-07-26,입점,스포츠,403181.8181818181,8.0,2641636.3636363633,46.0
2026-07-26,입점,아웃도어,59909.0909090909,2.0,732090.909090909,12.0
2026-07-26,입점,여성,168618.18181818182,2.0,2160218.1818181816,26.0
2026-07-26,입점,잡화,379999.99999999994,1.0,1409272.7272727273,6.0
2026-07-26,입점,키즈,420536.36363636365,2.0,1226263.6363636362,18.0
2026-07-26,정상,골프,773909.0909090909,7.0,3049663.6363636362,24.0
2026-07-26,정상,남성,2052981.818181818,11.0,6945390.909090907,46.0
2026-07-26,정상,슈즈,495454.5454545454,3.0,678181.8181818181,4.0
2026-07-26,정상,스포츠,138272.72727272726,1.0,248181.81818181818,3.0
2026-07-26,정상,여성,2024090.9090909087,10.0,11559545.45454545,57.0
2026-07-26,정상,잡화,1562045.4545454544,12.0,5584627.272727273,42.0
2026-07-27,이월,골프,2201054.545454545,10.0,4291381.818181817,27.0
2026-07-27,이월,남성,2016781.818181818,21.0,9324599.999999998,62.0
2026-07-27,이월,슈즈,0.0,0.0,395863.63636363635,3.0
2026-07-27,이월,스포츠,339181.8181818182,5.0,1105454.5454545452,12.0
2026-07-27,이월,여성,2694000.0000000005,20.0,10895999.999999996,51.0
2026-07-27,이월,잡화,2461945.454545454,19.0,19107181.81818181,68.0
2026-07-27,입점,골프,582372.7272727273,8.0,2031636.3636363645,22.0
2026-07-27,입점,남성,276545.45454545453,3.0,-1140681.818181818,3.0
2026-07-27,입점,리빙,336090.9090909091,3.0,1516036.3636363635,10.0
2026-07-27,입점,명품,892181.8181818184,4.0,832545.454545455,0.0
2026-07-27,입점,뷰티,565754.5454545454,14.0,33454.54545454543,1.0
2026-07-27,입점,슈즈,36272.72727272727,1.0,606463.6363636362,2.0
2026-07-27,입점,스포츠,594272.7272727273,7.0,1282145.4545454548,19.0
2026-07-27,입점,아웃도어,-20000.0,-1.0,933090.9090909092,11.0
2026-07-27,입점,여성,103436.36363636363,0.0,-826445.4545454544,4.0
2026-07-27,입점,잡화,136181.81818181818,2.0,797999.9999999999,7.0
2026-07-27,입점,키즈,0.0,0.0,335227.2727272727,10.0
2026-07-27,정상,골프,229181.81818181818,2.0,1358399.999999999,10.0
2026-07-27,정상,남성,2427409.090909091,14.0,4785872.7272727275,32.0
2026-07-27,정상,슈즈,423636.3636363636,4.0,1129090.909090909,6.0
2026-07-27,정상,스포츠,-37181.81818181818,0.0,152818.18181818182,1.0
2026-07-27,정상,여성,1394636.3636363635,9.0,3604363.6363636367,25.0
2026-07-27,정상,잡화,1964845.4545454544,18.0,6804763.636363638,36.0
2026-07-28,이월,골프,-45081.81818181824,-1.0,3926690.9090909082,29.0
2026-07-28,이월,남성,1423300.0,11.0,2020754.545454545,43.0
2026-07-28,이월,슈즈,0.0,0.0,158454.54545454544,1.0
2026-07-28,이월,스포츠,178363.63636363635,3.0,949818.1818181816,14.0
2026-07-28,이월,여성,1807636.3636363635,13.0,3046590.9090909082,40.0
2026-07-28,이월,잡화,2838645.4545454537,19.0,16040799.999999996,66.0
2026-07-28,입점,골프,578027.2727272727,3.0,1418572.7272727275,18.0
2026-07-28,입점,남성,220681.81818181818,3.0,225045.45454545453,5.0
2026-07-28,입점,리빙,-190709.09090909085,1.0,960000.0,7.0
2026-07-28,입점,명품,-220909.0909090909,2.0,2952272.7272727275,14.0
2026-07-28,입점,뷰티,-97727.2727272727,3.0,870536.3636363635,15.0
2026-07-28,입점,슈즈,46363.63636363635,1.0,883272.7272727273,8.0
2026-07-28,입점,스포츠,163636.36363636362,5.0,-194999.99999999994,-5.0
2026-07-28,입점,아웃도어,548909.0909090908,3.0,748272.7272727273,11.0
2026-07-28,입점,여성,-40881.818181818184,1.0,358927.2727272727,7.0
2026-07-28,입점,잡화,0.0,0.0,-253281.81818181815,-3.0
2026-07-28,입점,키즈,-14545.454545454544,-1.0,375527.2727272727,8.0
2026-07-28,정상,골프,538590.9090909091,4.0,2168245.454545454,16.0
2026-07-28,정상,남성,2566954.5454545454,7.0,904172.7272727273,9.0
2026-07-28,정상,뷰티,89090.90909090909,1.0,0.0,0.0
2026-07-28,정상,슈즈,99090.90909090909,1.0,487272.7272727273,4.0
2026-07-28,정상,스포츠,0.0,0.0,99090.90909090909,1.0
2026-07-28,정상,여성,2118181.818181818,7.0,1304909.0909090904,7.0
2026-07-28,정상,잡화,1921781.818181818,17.0,6379199.999999999,47.0
2026-07-29,이월,골프,803909.0909090908,4.0,3232890.909090909,25.0
2026-07-29,이월,남성,3664772.7272727285,36.0,10037027.27272727,77.0
2026-07-29,이월,슈즈,0.0,0.0,152090.9090909091,1.0
2026-07-29,이월,스포츠,306545.45454545453,5.0,724272.7272727273,8.0
2026-07-29,이월,여성,1935181.8181818184,14.0,16329045.45454545,67.0
2026-07-29,이월,잡화,2565981.8181818174,19.0,11050163.636363633,66.0
2026-07-29,입점,골프,439081.8181818182,5.0,457436.36363636376,18.0
2026-07-29,입점,남성,43909.090909090904,1.0,61536.36363636365,-1.0
2026-07-29,입점,리빙,279272.7272727273,2.0,594818.1818181816,8.0
2026-07-29,입점,명품,1112363.6363636362,2.0,20509090.909090906,23.0
2026-07-29,입점,뷰티,378272.72727272724,9.0,439118.18181818177,10.0
2026-07-29,입점,슈즈,-130909.0909090909,-1.0,270000.0,3.0
2026-07-29,입점,스포츠,494818.1818181818,10.0,524472.7272727272,7.0
2026-07-29,입점,아웃도어,121545.45454545453,2.0,495090.90909090906,8.0
2026-07-29,입점,여성,54454.54545454545,1.0,591163.6363636364,8.0
2026-07-29,입점,잡화,271090.90909090906,2.0,869745.4545454545,11.0
2026-07-29,입점,키즈,0.0,0.0,509190.90909090906,9.0
2026-07-29,정상,골프,339699.99999999994,4.0,2082863.6363636367,8.0
2026-07-29,정상,남성,419136.36363636353,5.0,5886018.181818181,33.0
2026-07-29,정상,뷰티,0.0,0.0,80000.0,1.0
2026-07-29,정상,슈즈,323818.18181818177,4.0,693636.3636363636,7.0
2026-07-29,정상,스포츠,0.0,0.0,287363.63636363635,3.0
2026-07-29,정상,여성,1827818.1818181814,12.0,3497363.6363636367,11.0
2026-07-29,정상,잡화,2558454.545454546,15.0,7420636.363636363,50.0
2026-07-30,이월,골프,1244727.2727272725,7.0,3292863.6363636362,19.0
2026-07-30,이월,남성,4409481.818181818,29.0,19010727.272727273,108.0
2026-07-30,이월,슈즈,0.0,0.0,578454.5454545454,0.0
2026-07-30,이월,스포츠,124363.63636363635,2.0,673045.4545454544,10.0
2026-07-30,이월,여성,4797909.09090909,27.0,11404363.636363635,62.0
2026-07-30,이월,잡화,5471363.636363638,21.0,9858690.909090908,44.0
2026-07-30,입점,골프,-818636.3636363636,0.0,2737236.3636363633,22.0
2026-07-30,입점,남성,0.0,0.0,692536.3636363635,6.0
2026-07-30,입점,리빙,0.0,0.0,219154.54545454547,9.0
2026-07-30,입점,명품,102727.27272727272,1.0,-852000.0,5.0
2026-07-30,입점,뷰티,311727.2727272727,8.0,277263.63636363635,9.0
2026-07-30,입점,슈즈,32727.272727272724,1.0,-881545.4545454544,-6.0
2026-07-30,입점,스포츠,65909.0909090909,4.0,-736309.0909090908,-7.0
2026-07-30,입점,아웃도어,334636.3636363636,3.0,100909.09090909087,4.0
2026-07-30,입점,여성,130963.63636363635,3.0,833263.6363636362,12.0
2026-07-30,입점,잡화,14999.999999999998,1.0,-49554.54545454541,4.0
2026-07-30,입점,키즈,18263.636363636364,1.0,335690.9090909092,7.0
2026-07-30,정상,골프,703245.4545454545,6.0,2376545.4545454546,18.0
2026-07-30,정상,남성,1219909.0909090906,11.0,3790572.727272727,28.0
2026-07-30,정상,뷰티,23636.363636363636,1.0,0.0,0.0
2026-07-30,정상,슈즈,-145272.72727272724,0.0,-107272.72727272724,-2.0
2026-07-30,정상,스포츠,152727.2727272727,1.0,125454.54545454544,2.0
2026-07-30,정상,여성,1803363.6363636362,13.0,4445272.727272727,27.0
2026-07-30,정상,잡화,4077418.1818181816,13.0,8064581.818181817,50.0
2026-07-31,이월,골프,462063.63636363635,5.0,3608854.545454545,18.0
2026-07-31,이월,남성,1145509.0909090908,13.0,7317627.272727273,50.0
2026-07-31,이월,슈즈,0.0,0.0,215090.90909090906,1.0
2026-07-31,이월,스포츠,-49545.454545454544,-1.0,748999.9999999999,11.0
2026-07-31,이월,여성,2126727.2727272725,18.0,21805409.09090909,79.0
2026-07-31,이월,잡화,1802309.0909090906,13.0,7542809.09090909,42.0
2026-07-31,입점,골프,131818.18181818177,4.0,3106545.4545454546,29.0
2026-07-31,입점,남성,101136.36363636363,1.0,399363.6363636363,4.0
2026-07-31,입점,리빙,-8836.36363636364,0.0,1111363.6363636362,10.0
2026-07-31,입점,명품,493000.0,3.0,2504227.2727272725,8.0
2026-07-31,입점,뷰티,145272.72727272726,5.0,1054100.0,13.0
2026-07-31,입점,슈즈,36272.72727272727,1.0,517954.5454545454,5.0
2026-07-31,입점,스포츠,-183272.7272727273,1.0,-238363.6363636363,0.0
2026-07-31,입점,아웃도어,152727.2727272727,1.0,479636.3636363637,3.0
2026-07-31,입점,여성,0.0,0.0,1097281.818181818,8.0
2026-07-31,입점,잡화,0.0,0.0,96999.99999999999,1.0
2026-07-31,입점,키즈,229299.99999999994,3.0,1745509.0909090913,18.0
2026-07-31,정상,골프,75945.45454545453,1.0,-263463.63636363624,3.0
2026-07-31,정상,남성,689072.7272727271,8.0,8333945.454545452,39.0
2026-07-31,정상,슈즈,0.0,0.0,18181.818181818177,0.0
2026-07-31,정상,스포츠,0.0,0.0,407363.63636363635,4.0
2026-07-31,정상,여성,1217545.4545454546,12.0,5217590.909090909,24.0
2026-07-31,정상,잡화,2135763.6363636367,18.0,7949190.909090906,43.0
2026-08-01,이월,골프,171318.18181818182,2.0,4012427.2727272725,24.0
2026-08-01,이월,남성,3167327.272727273,21.0,7967463.636363637,46.0
2026-08-01,이월,스포츠,417999.9999999999,6.0,-28909.09090909092,5.0
2026-08-01,이월,여성,2519272.727272727,15.0,21121318.181818184,98.0
2026-08-01,이월,잡화,604709.0909090908,5.0,8430509.09090909,52.0
2026-08-01,입점,골프,210181.81818181815,4.0,4378309.090909092,38.0
2026-08-01,입점,남성,246818.1818181818,4.0,688550.9090909091,11.0
2026-08-01,입점,리빙,70909.0909090909,2.0,1004209.0909090908,12.0
2026-08-01,입점,명품,2968909.090909091,6.0,2176909.09090909,14.0
2026-08-01,입점,뷰티,138636.36363636362,4.0,1125345.4545454544,22.0
2026-08-01,입점,슈즈,440909.0909090909,1.0,195545.45454545453,4.0
2026-08-01,입점,스포츠,70909.09090909091,1.0,1572954.5454545454,21.0
2026-08-01,입점,아웃도어,270454.5454545454,2.0,1212136.3636363638,11.0
2026-08-01,입점,여성,182727.27272727268,2.0,821427.2727272726,12.0
2026-08-01,입점,잡화,44454.545454545456,2.0,334363.63636363635,9.0
2026-08-01,입점,키즈,262372.72727272724,3.0,468163.63636363635,9.0
2026-08-01,정상,골프,1102045.4545454544,5.0,2031009.0909090908,18.0
2026-08-01,정상,남성,2725681.8181818174,14.0,5668727.272727272,43.0
2026-08-01,정상,슈즈,-36363.63636363635,0.0,539999.9999999999,6.0
2026-08-01,정상,스포츠,0.0,0.0,194909.09090909088,2.0
2026-08-01,정상,여성,1055727.2727272727,6.0,11420454.545454543,48.0
2026-08-01,정상,잡화,11838209.09090909,13.0,8496218.18181818,36.0
2026-08-02,이월,골프,1152727.2727272725,3.0,1730999.9999999998,12.0
2026-08-02,이월,남성,2096736.363636363,19.0,8660336.363636363,49.0
2026-08-02,이월,슈즈,0.0,0.0,0.0,0.0
2026-08-02,이월,스포츠,155818.18181818182,3.0,869772.7272727272,11.0
2026-08-02,이월,여성,3424136.363636363,23.0,36085272.72727273,135.0
2026-08-02,이월,잡화,1385290.9090909087,11.0,12988690.909090906,64.0
2026-08-02,입점,골프,390181.8181818182,8.0,7168699.999999999,43.0
2026-08-02,입점,남성,353318.18181818177,5.0,1634100.0,20.0
2026-08-02,입점,리빙,355909.0909090909,3.0,1629990.9090909085,19.0
2026-08-02,입점,명품,730000.0,5.0,5773727.272727272,16.0
2026-08-02,입점,뷰티,378272.72727272724,11.0,1749218.1818181812,32.0
2026-08-02,입점,슈즈,144545.45454545453,1.0,1693636.3636363633,10.0
2026-08-02,입점,스포츠,264272.7272727273,4.0,2131181.818181818,28.0
2026-08-02,입점,아웃도어,86000.0,2.0,1127045.4545454544,14.0
2026-08-02,입점,여성,216090.90909090906,3.0,1045890.909090909,18.0
2026-08-02,입점,잡화,0.0,0.0,1338090.909090909,9.0
2026-08-02,입점,키즈,0.0,0.0,615963.6363636362,14.0
2026-08-02,정상,골프,443363.6363636363,4.0,3030445.454545454,21.0
2026-08-02,정상,남성,1475363.6363636365,12.0,12044327.272727277,68.0
2026-08-02,정상,뷰티,173636.36363636365,2.0,25454.545454545452,1.0
2026-08-02,정상,슈즈,170909.09090909088,2.0,1355454.5454545454,8.0
2026-08-02,정상,스포츠,0.0,0.0,224545.45454545453,2.0
2026-08-02,정상,여성,595636.3636363635,4.0,10448181.818181818,45.0
2026-08-02,정상,잡화,2733236.3636363633,19.0,19023009.090909082,60.0
2026-08-03,이월,골프,489072.7272727272,5.0,1894200.0000000002,8.0
2026-08-03,이월,남성,2573418.181818182,17.0,4140272.727272727,24.0
2026-08-03,이월,슈즈,317545.45454545453,1.0,-190909.0909090909,0.0
2026-08-03,이월,스포츠,267909.0909090909,4.0,926363.6363636364,12.0
2026-08-03,이월,여성,2179636.3636363633,12.0,15954727.272727277,88.0
2026-08-03,이월,잡화,1777218.1818181819,15.0,11605400.0,49.0
2026-08-03,입점,골프,-82090.90909090909,2.0,3111281.818181818,29.0
2026-08-03,입점,남성,-51272.727272727265,-1.0,2502881.818181818,16.0
2026-08-03,입점,리빙,-66272.72727272726,-1.0,2380872.7272727275,21.0
2026-08-03,입점,명품,456136.36363636353,3.0,5210454.545454545,8.0
2026-08-03,입점,뷰티,668354.5454545454,15.0,1779818.1818181816,41.0
2026-08-03,입점,슈즈,0.0,0.0,1109590.9090909092,9.0
2026-08-03,입점,스포츠,588545.4545454545,8.0,1005245.4545454544,25.0
2026-08-03,입점,아웃도어,282104.5454545454,3.0,1536181.8181818181,13.0
2026-08-03,입점,여성,32663.636363636353,1.0,1276909.0909090908,22.0
2026-08-03,입점,잡화,27272.727272727272,1.0,2030181.8181818181,13.0
2026-08-03,입점,키즈,418718.18181818177,2.0,1344927.2727272725,18.0
2026-08-03,정상,골프,587354.5454545454,3.0,3389436.363636363,25.0
2026-08-03,정상,남성,1970409.0909090904,17.0,6727472.727272727,51.0
2026-08-03,정상,뷰티,0.0,0.0,24999.999999999996,1.0
2026-08-03,정상,슈즈,180000.0,2.0,820000.0,8.0
2026-08-03,정상,스포츠,0.0,0.0,99999.99999999999,0.0
2026-08-03,정상,여성,231636.36363636365,1.0,1922454.5454545445,23.0
2026-08-03,정상,잡화,3537845.454545454,16.0,8500409.090909088,51.0
2026-08-04,이월,골프,936090.909090909,9.0,764027.2727272726,8.0
2026-08-04,이월,남성,1950672.727272727,10.0,8372145.454545455,35.0
2026-08-04,이월,스포츠,276000.0,3.0,941818.1818181819,10.0
2026-08-04,이월,여성,3215727.2727272725,15.0,10315045.454545453,30.0
2026-08-04,이월,잡화,2391472.7272727275,18.0,9114527.272727273,35.0
2026-08-04,입점,골프,511636.3636363636,4.0,3761963.6363636353,34.0
2026-08-04,입점,남성,142454.54545454544,2.0,-3909.090909091021,12.0
2026-08-04,입점,리빙,0.0,0.0,2437038.1818181816,33.0
2026-08-04,입점,명품,692727.2727272726,6.0,4605427.2727272725,23.0
2026-08-04,입점,뷰티,520027.27272727265,9.0,1583199.9999999998,29.0
2026-08-04,입점,슈즈,95454.54545454544,1.0,639754.5454545452,7.0
2026-08-04,입점,스포츠,542090.9090909092,7.0,2238263.6363636362,38.0
2026-08-04,입점,아웃도어,347545.4545454545,4.0,3196727.272727273,23.0
2026-08-04,입점,여성,45454.545454545434,1.0,1585136.3636363638,21.0
2026-08-04,입점,잡화,37727.27272727272,1.0,699872.7272727272,11.0
2026-08-04,입점,키즈,50600.0,2.0,1307481.818181818,21.0
2026-08-04,정상,골프,833909.0909090908,7.0,187827.27272727274,4.0
2026-08-04,정상,남성,2362527.2727272725,16.0,6861218.181818181,40.0
2026-08-04,정상,뷰티,47272.72727272727,1.0,36272.72727272727,1.0
2026-08-04,정상,슈즈,8909.090909090926,0.0,297272.7272727273,4.0
2026-08-04,정상,스포츠,0.0,0.0,77272.72727272726,1.0
2026-08-04,정상,여성,694545.4545454545,4.0,2226454.545454546,11.0
2026-08-04,정상,잡화,1508563.6363636362,9.0,3633772.727272727,21.0
2026-08-05,이월,골프,-307545.4545454547,2.0,2274545.4545454546,18.0
2026-08-05,이월,남성,3977827.272727271,35.0,9454218.18181818,71.0
2026-08-05,이월,슈즈,-197272.72727272726,0.0,-266000.0,-2.0
2026-08-05,이월,스포츠,320272.72727272724,4.0,842545.4545454545,9.0
2026-08-05,이월,여성,4123136.3636363633,18.0,13412636.363636361,72.0
2026-08-05,이월,잡화,3617636.3636363638,23.0,9264236.363636363,52.0
2026-08-05,입점,골프,1132909.0909090908,6.0,1939736.3636363635,21.0
2026-08-05,입점,남성,30909.090909090908,1.0,1078172.727272727,14.0
2026-08-05,입점,리빙,139909.09090909088,3.0,2391254.5454545454,18.0
2026-08-05,입점,명품,713636.3636363635,4.0,6246299.999999999,17.0
2026-08-05,입점,뷰티,607090.909090909,12.0,1124499.9999999998,29.0
2026-08-05,입점,슈즈,35636.36363636363,1.0,548545.4545454546,6.0
2026-08-05,입점,스포츠,496545.4545454545,7.0,2510545.4545454537,45.0
2026-08-05,입점,아웃도어,280272.72727272724,1.0,1639727.2727272727,19.0
2026-08-05,입점,여성,262590.90909090906,4.0,1811254.5454545452,24.0
2026-08-05,입점,잡화,19909.090909090908,1.0,1407418.1818181816,17.0
2026-08-05,입점,키즈,111536.36363636363,2.0,520272.7272727272,7.0
2026-08-05,정상,골프,660818.1818181818,7.0,3373900.0000000005,19.0
2026-08-05,정상,남성,1470500.0000000002,13.0,6580327.272727272,41.0
2026-08-05,정상,뷰티,32727.272727272724,1.0,43636.36363636363,1.0
2026-08-05,정상,슈즈,162727.27272727274,1.0,-82727.27272727272,1.0
2026-08-05,정상,스포츠,99090.90909090909,1.0,72727.27272727274,0.0
2026-08-05,정상,여성,500181.8181818181,1.0,3550090.9090909087,6.0
2026-08-05,정상,잡화,1971709.090909091,9.0,5683536.363636364,27.0
2026-08-06,이월,골프,172636.36363636365,2.0,7917818.181818181,30.0
2026-08-06,이월,남성,3681909.0909090904,29.0,16133218.18181818,106.0
2026-08-06,이월,슈즈,215090.90909090906,2.0,120272.72727272726,1.0
2026-08-06,이월,스포츠,113909.0909090909,1.0,597127.2727272727,8.0
2026-08-06,이월,여성,-256545.45454545488,7.0,3120772.727272727,48.0
2026-08-06,이월,잡화,1870363.6363636362,17.0,11539909.09090909,57.0
2026-08-06,입점,골프,-115181.81818181815,2.0,3705863.636363636,26.0
2026-08-06,입점,남성,70909.0909090909,1.0,832784.5454545454,10.0
2026-08-06,입점,리빙,0.0,0.0,2590854.545454545,19.0
2026-08-06,입점,명품,-844545.4545454545,-1.0,3842545.4545454546,10.0
2026-08-06,입점,뷰티,409545.4545454545,7.0,2354118.1818181816,36.0
2026-08-06,입점,슈즈,0.0,0.0,681381.8181818181,7.0
2026-08-06,입점,스포츠,309363.6363636363,8.0,2728681.818181819,36.0
2026-08-06,입점,아웃도어,-72363.63636363638,1.0,2558590.9090909087,16.0
2026-08-06,입점,여성,317672.72727272724,3.0,3073963.6363636367,38.0
2026-08-06,입점,잡화,438363.63636363635,0.0,1202581.818181818,13.0
2026-08-06,입점,키즈,179945.45454545453,2.0,1584718.1818181819,16.0
2026-08-06,정상,골프,232199.99999999997,3.0,1681663.6363636362,7.0
2026-08-06,정상,남성,2114772.727272727,14.0,8770954.545454543,51.0
2026-08-06,정상,뷰티,40000.0,2.0,40000.0,0.0
2026-08-06,정상,슈즈,289090.90909090906,2.0,198181.81818181818,3.0
2026-08-06,정상,스포츠,191909.09090909088,2.0,362818.18181818177,3.0
2026-08-06,정상,여성,983909.0909090907,2.0,-475045.4545454549,-4.0
2026-08-06,정상,잡화,2139636.3636363633,14.0,5026709.090909091,44.0
2026-08-07,이월,골프,1480427.272727273,11.0,6156227.2727272725,36.0
2026-08-07,이월,남성,417454.5454545453,15.0,18429927.272727255,97.0
2026-08-07,이월,스포츠,254727.2727272727,3.0,782363.6363636364,8.0
2026-08-07,이월,여성,2853272.7272727266,23.0,10829954.545454543,66.0
2026-08-07,이월,잡화,1875127.272727273,11.0,12116836.363636365,59.0
2026-08-07,입점,골프,204363.63636363635,4.0,1517399.9999999995,19.0
2026-08-07,입점,남성,263545.4545454546,1.0,883836.3636363635,8.0
2026-08-07,입점,리빙,72727.27272727272,1.0,2135618.181818182,17.0
2026-08-07,입점,명품,646000.0,2.0,1017727.2727272724,12.0
2026-08-07,입점,뷰티,562818.1818181818,12.0,946781.8181818181,22.0
2026-08-07,입점,슈즈,0.0,0.0,136499.99999999997,2.0
2026-08-07,입점,스포츠,705509.0909090908,8.0,3658218.181818182,40.0
2026-08-07,입점,아웃도어,181363.63636363635,1.0,906409.0909090908,6.0
2026-08-07,입점,여성,-112636.36363636363,1.0,2388163.6363636362,25.0
2026-08-07,입점,잡화,-399090.90909090906,0.0,9805318.181818182,26.0
2026-08-07,입점,키즈,516436.3636363636,5.0,1063009.0909090908,19.0
2026-08-07,정상,골프,761363.6363636364,4.0,2568254.5454545454,14.0
2026-08-07,정상,남성,1431954.5454545454,9.0,4028854.545454545,32.0
2026-08-07,정상,뷰티,0.0,0.0,29999.999999999996,1.0
2026-08-07,정상,슈즈,252727.2727272727,1.0,721818.1818181818,6.0
2026-08-07,정상,스포츠,0.0,0.0,138272.72727272726,1.0
2026-08-07,정상,여성,153272.72727272732,-1.0,1595227.2727272725,-1.0
2026-08-07,정상,잡화,1424754.5454545456,10.0,14345745.454545455,47.0
2026-08-08,이월,골프,139636.36363636365,2.0,3717154.545454545,27.0
2026-08-08,이월,남성,3936418.181818182,30.0,18988672.72727273,111.0
2026-08-08,이월,스포츠,70363.63636363635,1.0,388818.1818181818,6.0
2026-08-08,이월,여성,3776181.818181818,18.0,15726363.636363631,78.0
2026-08-08,이월,잡화,1231509.0909090908,9.0,8075090.909090907,40.0
2026-08-08,입점,골프,264100.0,6.0,6169045.454545455,33.0
2026-08-08,입점,남성,151636.36363636362,1.0,1112500.0,11.0
2026-08-08,입점,리빙,0.0,0.0,1167718.1818181819,17.0
2026-08-08,입점,명품,296363.63636363635,2.0,6931954.545454546,29.0
2026-08-08,입점,뷰티,631818.1818181818,8.0,983390.9090909088,24.0
2026-08-08,입점,슈즈,0.0,0.0,975954.5454545453,9.0
2026-08-08,입점,스포츠,670363.6363636362,9.0,2969954.5454545445,43.0
2026-08-08,입점,아웃도어,90000.0,0.0,2229727.2727272725,18.0
2026-08-08,입점,여성,192127.2727272727,6.0,3870936.3636363633,35.0
2026-08-08,입점,잡화,0.0,0.0,1646636.3636363633,18.0
2026-08-08,입점,키즈,15454.545454545454,1.0,2033672.7272727273,20.0
2026-08-08,정상,골프,554090.9090909091,4.0,2866345.4545454546,19.0
2026-08-08,정상,남성,1161818.1818181816,7.0,5549363.636363634,26.0
2026-08-08,정상,슈즈,-90909.0909090909,-1.0,72727.27272727272,0.0
2026-08-08,정상,스포츠,59090.90909090909,1.0,135818.1818181818,2.0
2026-08-08,정상,여성,66090.90909090909,-1.0,2235090.909090909,2.0
2026-08-08,정상,잡화,2152672.727272727,13.0,7357654.545454546,42.0
2026-08-09,이월,골프,742999.9999999999,8.0,4969818.181818182,34.0
2026-08-09,이월,남성,3726300.0,33.0,24322954.54545454,143.0
2026-08-09,이월,슈즈,0.0,0.0,456909.0909090909,2.0
2026-08-09,이월,스포츠,92181.81818181818,1.0,680636.3636363635,9.0
2026-08-09,이월,여성,8066454.545454544,22.0,29510454.545454547,121.0
2026-08-09,이월,잡화,3336609.09090909,18.0,14753836.363636361,70.0
2026-08-09,입점,골프,315763.63636363635,2.0,6718072.727272725,43.0
2026-08-09,입점,남성,227454.5454545454,1.0,2796345.4545454537,24.0
2026-08-09,입점,리빙,224454.5454545454,2.0,1097272.7272727273,12.0
2026-08-09,입점,명품,340272.72727272724,3.0,10273818.18181818,30.0
2026-08-09,입점,뷰티,390509.0909090909,7.0,2035599.9999999998,42.0
2026-08-09,입점,슈즈,144272.72727272726,2.0,1753472.7272727273,14.0
2026-08-09,입점,스포츠,93727.27272727272,2.0,4882999.999999999,38.0
2026-08-09,입점,아웃도어,246363.63636363635,2.0,2914818.181818181,16.0
2026-08-09,입점,여성,566109.0909090908,4.0,2361109.090909091,33.0
2026-08-09,입점,잡화,0.0,0.0,1031363.6363636362,13.0
2026-08-09,입점,키즈,15181.81818181818,1.0,2921927.2727272715,43.0
2026-08-09,정상,골프,357636.3636363636,3.0,4142999.999999999,23.0
2026-08-09,정상,남성,2461909.0909090913,13.0,10893081.818181818,58.0
2026-08-09,정상,뷰티,0.0,0.0,64000.0,2.0
2026-08-09,정상,슈즈,90000.0,1.0,694545.4545454545,6.0
2026-08-09,정상,스포츠,138272.72727272726,1.0,283909.0909090909,2.0
2026-08-09,정상,여성,340000.0,2.0,6985545.454545455,20.0
2026-08-09,정상,잡화,2818272.727272727,13.0,9935563.636363635,61.0
2026-08-10,이월,골프,1059454.5454545454,6.0,4150763.6363636362,22.0
2026-08-10,이월,남성,2917472.7272727275,23.0,12004754.545454549,82.0
2026-08-10,이월,슈즈,0.0,0.0,399000.0,3.0
2026-08-10,이월,스포츠,256636.36363636362,3.0,207909.09090909088,3.0
2026-08-10,이월,여성,4579590.909090907,19.0,18876454.54545455,78.0
2026-08-10,이월,잡화,1573018.1818181816,14.0,13732254.545454541,54.0
2026-08-10,입점,골프,631727.2727272727,4.0,4276190.909090908,39.0
2026-08-10,입점,남성,-21636.363636363632,0.0,2626263.6363636353,14.0
2026-08-10,입점,리빙,234181.81818181818,5.0,1358181.8181818181,15.0
2026-08-10,입점,명품,1194545.4545454546,3.0,5400681.818181817,18.0
2026-08-10,입점,뷰티,480999.99999999994,12.0,1148172.727272727,32.0
2026-08-10,입점,슈즈,0.0,0.0,216590.9090909091,3.0
2026-08-10,입점,스포츠,148545.45454545453,3.0,207027.2727272731,21.0
2026-08-10,입점,아웃도어,0.0,0.0,3824090.909090909,19.0
2026-08-10,입점,여성,294727.27272727265,2.0,3289099.9999999995,28.0
2026-08-10,입점,잡화,1116272.727272727,3.0,5807227.272727272,27.0
2026-08-10,입점,키즈,66645.45454545454,2.0,888963.6363636362,9.0
2026-08-10,정상,골프,76636.36363636363,1.0,3375063.6363636362,22.0
2026-08-10,정상,남성,561818.1818181816,5.0,4743099.999999999,33.0
2026-08-10,정상,뷰티,23636.363636363636,1.0,0.0,0.0
2026-08-10,정상,슈즈,199090.90909090906,1.0,848181.8181818182,5.0
2026-08-10,정상,스포츠,-53636.36363636363,-1.0,44545.454545454544,1.0
2026-08-10,정상,여성,-1187272.727272727,-3.0,5189063.636363635,9.0
2026-08-10,정상,잡화,855581.818181818,5.0,6101727.2727272725,37.0
2026-08-11,이월,골프,222290.90909090912,2.0,1307590.9090909094,16.0
2026-08-11,이월,남성,3171327.2727272725,22.0,18534054.545454536,86.0
2026-08-11,이월,슈즈,0.0,0.0,329000.0,3.0
2026-08-11,이월,스포츠,279272.72727272724,3.0,101045.45454545457,4.0
2026-08-11,이월,여성,3466727.2727272715,13.0,10784227.272727273,38.0
2026-08-11,이월,잡화,2207236.3636363638,14.0,12560272.72727273,65.0
2026-08-11,입점,골프,759563.6363636362,4.0,4838827.272727272,22.0
2026-08-11,입점,남성,22181.81818181819,1.0,526881.8181818181,12.0
2026-08-11,입점,리빙,0.0,0.0,2036272.7272727273,20.0
2026-08-11,입점,명품,183636.36363636362,1.0,2441999.9999999995,16.0
2026-08-11,입점,뷰티,617727.2727272727,14.0,1015881.818181818,28.0
2026-08-11,입점,슈즈,-36272.72727272727,-1.0,839909.0909090908,6.0
2026-08-11,입점,스포츠,188636.36363636362,2.0,2065727.2727272725,33.0
2026-08-11,입점,아웃도어,1059454.5454545454,4.0,845090.9090909092,9.0
2026-08-11,입점,여성,-36236.36363636363,2.0,492736.3636363635,21.0
2026-08-11,입점,잡화,24545.454545454544,1.0,10159909.09090909,16.0
2026-08-11,입점,키즈,0.0,0.0,1233045.4545454544,22.0
2026-08-11,정상,골프,252309.09090909088,3.0,443881.8181818182,4.0
2026-08-11,정상,남성,380272.7272727271,6.0,6648945.454545453,42.0
2026-08-11,정상,뷰티,25454.545454545452,1.0,0.0,0.0
2026-08-11,정상,슈즈,62727.27272727272,1.0,-343636.36363636365,-2.0
2026-08-11,정상,스포츠,121818.18181818181,1.0,0.0,0.0
2026-08-11,정상,여성,1134272.727272727,7.0,4591909.09090909,17.0
2026-08-11,정상,잡화,640327.2727272725,7.0,6226545.454545454,45.0
2026-08-12,이월,골프,603563.6363636364,5.0,3533181.818181818,23.0
2026-08-12,이월,남성,2997136.3636363633,28.0,10740781.818181816,68.0
2026-08-12,이월,스포츠,83181.81818181818,1.0,346500.0,6.0
2026-08-12,이월,여성,4017454.545454546,22.0,11123363.636363635,39.0
2026-08-12,이월,잡화,1988636.3636363638,14.0,12493563.636363637,66.0
2026-08-12,입점,골프,979145.4545454546,9.0,3335336.3636363624,31.0
2026-08-12,입점,남성,132090.9090909091,1.0,1777954.5454545452,9.0
2026-08-12,입점,리빙,97000.0,2.0,713000.0,9.0
2026-08-12,입점,명품,1457000.0,5.0,3883718.1818181816,14.0
2026-08-12,입점,뷰티,760363.6363636362,14.0,1765609.0909090906,30.0
2026-08-12,입점,슈즈,119999.99999999999,1.0,560263.6363636362,7.0
2026-08-12,입점,스포츠,367854.5454545454,5.0,2662645.454545455,36.0
2026-08-12,입점,아웃도어,503909.0909090909,4.0,2041181.818181818,15.0
2026-08-12,입점,여성,365409.0909090909,5.0,2637545.454545454,19.0
2026-08-12,입점,잡화,58327.27272727272,2.0,11291081.818181818,6.0
2026-08-12,입점,키즈,235609.09090909088,2.0,541390.9090909092,8.0
2026-08-12,정상,골프,567454.5454545454,4.0,1935609.0909090908,11.0
2026-08-12,정상,남성,2835318.1818181816,12.0,2957272.727272727,24.0
2026-08-12,정상,슈즈,-307272.7272727273,-2.0,-80909.09090909088,-2.0
2026-08-12,정상,스포츠,259272.72727272724,2.0,0.0,0.0
2026-08-12,정상,여성,1160181.8181818184,3.0,3650500.0,17.0
2026-08-12,정상,잡화,2117999.9999999995,14.0,6033454.545454544,50.0
2026-08-13,이월,골프,186681.81818181818,1.0,3510654.545454545,23.0
2026-08-13,이월,남성,3684454.5454545454,27.0,18298945.45454545,81.0
2026-08-13,이월,슈즈,0.0,0.0,-197272.72727272726,0.0
2026-08-13,이월,스포츠,-92181.81818181818,-1.0,151999.99999999994,4.0
2026-08-13,이월,여성,-1000409.0909090908,-1.0,11574454.545454543,57.0
2026-08-13,이월,잡화,1307818.1818181814,9.0,10719054.545454547,59.0
2026-08-13,입점,골프,525463.6363636362,2.0,2427318.181818181,23.0
2026-08-13,입점,남성,151072.72727272726,3.0,1102090.9090909092,11.0
2026-08-13,입점,리빙,103636.36363636362,2.0,1317463.6363636365,11.0
2026-08-13,입점,명품,157545.45454545453,2.0,1270690.909090909,13.0
2026-08-13,입점,뷰티,593909.0909090908,7.0,1058954.5454545452,17.0
2026-08-13,입점,슈즈,0.0,0.0,753727.2727272727,7.0
2026-08-13,입점,스포츠,441818.18181818177,7.0,1658145.4545454546,26.0
2026-08-13,입점,아웃도어,411999.99999999994,2.0,1794909.0909090908,15.0
2026-08-13,입점,여성,65600.0,2.0,548063.6363636364,7.0
2026-08-13,입점,잡화,0.0,0.0,549627.2727272728,4.0
2026-08-13,입점,키즈,189090.9090909091,1.0,1179227.2727272722,18.0
2026-08-13,정상,골프,-17000.0,0.0,851727.2727272728,8.0
2026-08-13,정상,남성,1466227.2727272725,12.0,4039527.2727272725,26.0
2026-08-13,정상,슈즈,0.0,0.0,524545.4545454546,2.0
2026-08-13,정상,스포츠,0.0,0.0,135454.54545454544,1.0
2026-08-13,정상,여성,470272.7272727272,3.0,2339500.0000000005,20.0
2026-08-13,정상,잡화,836872.7272727271,8.0,7581581.8181818165,35.0
2026-08-14,이월,골프,226181.81818181818,2.0,3692227.272727272,25.0
2026-08-14,이월,남성,4864545.454545453,27.0,21097754.545454558,75.0
2026-08-14,이월,슈즈,0.0,0.0,120272.72727272726,1.0
2026-08-14,이월,스포츠,49545.454545454544,1.0,631545.4545454544,7.0
2026-08-14,이월,여성,8376818.181818182,26.0,25982363.636363644,80.0
2026-08-14,이월,잡화,14657763.636363633,28.0,10132363.636363635,44.0
2026-08-14,입점,골프,437999.99999999994,3.0,4629118.181818182,32.0
2026-08-14,입점,남성,490872.72727272724,3.0,1681272.727272727,14.0
2026-08-14,입점,리빙,17181.81818181818,1.0,579772.7272727274,22.0
2026-08-14,입점,명품,-262727.2727272728,1.0,295999.9999999999,4.0
2026-08-14,입점,뷰티,387499.99999999994,7.0,1876890.909090909,24.0
2026-08-14,입점,슈즈,0.0,0.0,1167209.0909090908,6.0
2026-08-14,입점,스포츠,531545.4545454545,5.0,234354.5454545454,3.0
2026-08-14,입점,아웃도어,986272.7272727272,6.0,429136.36363636365,10.0
2026-08-14,입점,여성,66000.0,1.0,938163.6363636365,10.0
2026-08-14,입점,잡화,-54454.545454545456,0.0,6745954.545454545,9.0
2026-08-14,입점,키즈,-210318.1818181818,0.0,119609.09090909085,7.0
2026-08-14,정상,골프,569090.9090909091,5.0,2578227.2727272725,13.0
2026-08-14,정상,남성,1559663.6363636362,10.0,6287363.636363635,32.0
2026-08-14,정상,슈즈,198181.81818181818,2.0,234545.45454545453,2.0
2026-08-14,정상,스포츠,99090.90909090909,1.0,243636.36363636362,1.0
2026-08-14,정상,여성,1206836.3636363638,5.0,3526363.6363636362,15.0
2026-08-14,정상,잡화,3729709.090909091,18.0,8758290.909090908,42.0
2026-08-15,이월,골프,634045.4545454545,6.0,4387636.363636362,25.0
2026-08-15,이월,남성,2049290.9090909085,21.0,27420009.09090909,105.0
2026-08-15,이월,슈즈,0.0,0.0,693636.3636363635,3.0
2026-08-15,이월,스포츠,280636.36363636365,4.0,392272.72727272724,6.0
2026-08-15,이월,여성,7197363.636363635,25.0,33908181.81818182,128.0
2026-08-15,이월,잡화,2409400.0,12.0,9832018.181818182,52.0
2026-08-15,입점,골프,571854.5454545454,8.0,7336681.8181818165,47.0
2026-08-15,입점,남성,0.0,0.0,1619372.727272727,11.0
2026-08-15,입점,리빙,0.0,0.0,4019136.363636364,113.0
2026-08-15,입점,명품,1000000.0,2.0,3917454.545454546,10.0
2026-08-15,입점,뷰티,362909.0909090909,6.0,1517790.909090909,24.0
2026-08-15,입점,슈즈,189090.9090909091,1.0,1040272.7272727273,5.0
2026-08-15,입점,스포츠,414090.90909090906,6.0,1079672.7272727273,17.0
2026-08-15,입점,아웃도어,18636.363636363636,1.0,1554636.3636363635,19.0
2026-08-15,입점,여성,490254.54545454535,5.0,3114518.1818181816,38.0
2026-08-15,입점,잡화,0.0,0.0,1109909.0909090908,5.0
2026-08-15,입점,키즈,87218.18181818181,1.0,583409.0909090908,8.0
2026-08-15,정상,골프,0.0,0.0,2240272.727272727,15.0
2026-08-15,정상,남성,1532945.4545454546,10.0,4849045.454545454,32.0
2026-08-15,정상,뷰티,24999.999999999996,1.0,32272.72727272727,2.0
2026-08-15,정상,슈즈,125454.54545454544,2.0,170909.09090909088,2.0
2026-08-15,정상,스포츠,-27272.72727272728,0.0,0.0,0.0
2026-08-15,정상,여성,808090.9090909091,4.0,5909454.545454545,28.0
2026-08-15,정상,잡화,2909145.454545454,19.0,9829636.363636365,57.0
2026-08-16,이월,골프,1713572.7272727266,9.0,5258081.818181818,32.0
2026-08-16,이월,남성,9129727.272727272,46.0,19969336.363636356,113.0
2026-08-16,이월,슈즈,0.0,0.0,126636.36363636363,1.0
2026-08-16,이월,스포츠,107545.45454545453,1.0,672818.1818181816,6.0
2026-08-16,이월,여성,9200500.0,27.0,44841045.45454545,129.0
2026-08-16,이월,잡화,5259345.454545454,23.0,19233709.090909086,80.0
2026-08-16,입점,골프,930218.1818181818,8.0,6919045.454545454,46.0
2026-08-16,입점,남성,179454.54545454544,1.0,914000.0,15.0
2026-08-16,입점,리빙,113999.99999999999,2.0,3195636.3636363633,106.0
2026-08-16,입점,명품,114545.45454545453,1.0,15995818.181818182,19.0
2026-08-16,입점,뷰티,503090.90909090906,9.0,725445.4545454545,14.0
2026-08-16,입점,슈즈,0.0,0.0,1184499.9999999998,8.0
2026-08-16,입점,스포츠,81272.72727272726,2.0,1798699.9999999998,24.0
2026-08-16,입점,아웃도어,211818.18181818182,3.0,1055727.2727272727,12.0
2026-08-16,입점,여성,127709.09090909091,2.0,2475890.909090909,34.0
2026-08-16,입점,잡화,0.0,0.0,4470409.09090909,15.0
2026-08-16,입점,키즈,113845.45454545453,1.0,931545.4545454544,15.0
2026-08-16,정상,골프,643545.4545454545,5.0,3406727.2727272725,21.0
2026-08-16,정상,남성,2521909.090909091,13.0,6533409.090909092,42.0
2026-08-16,정상,뷰티,0.0,0.0,24999.999999999996,1.0
2026-08-16,정상,슈즈,413636.3636363636,4.0,604545.4545454545,2.0
2026-08-16,정상,여성,1858090.909090909,9.0,6806181.818181817,24.0
2026-08-16,정상,잡화,1787909.0909090908,15.0,9279872.727272727,53.0
2026-08-17,이월,골프,1504090.9090909087,9.0,2840963.636363636,18.0
2026-08-17,이월,남성,5016981.818181819,23.0,15611427.272727272,86.0
2026-08-17,이월,슈즈,0.0,0.0,621727.2727272727,3.0
2026-08-17,이월,스포츠,0.0,0.0,324000.0,5.0
2026-08-17,이월,여성,4911727.272727272,16.0,18887636.36363636,63.0
2026-08-17,이월,잡화,3195018.1818181816,15.0,16941254.545454543,79.0
2026-08-17,입점,골프,2311090.909090909,10.0,5665845.454545454,43.0
2026-08-17,입점,남성,159909.09090909088,2.0,1848136.3636363633,19.0
2026-08-17,입점,리빙,304545.45454545453,18.0,3949000.0000000005,64.0
2026-08-17,입점,명품,94545.45454545454,1.0,944909.0909090904,21.0
2026-08-17,입점,뷰티,998545.4545454545,16.0,1029709.0909090908,14.0
2026-08-17,입점,슈즈,144545.45454545453,1.0,970363.6363636362,6.0
2026-08-17,입점,스포츠,370818.18181818177,6.0,2520536.3636363633,33.0
2026-08-17,입점,아웃도어,-25454.545454545456,0.0,2919740.9090909082,24.0
2026-08-17,입점,여성,192881.81818181818,3.0,3514381.8181818184,38.0
2026-08-17,입점,잡화,0.0,0.0,3549818.1818181816,12.0
2026-08-17,입점,키즈,220136.36363636365,3.0,1339009.090909091,20.0
2026-08-17,정상,골프,418909.0909090908,3.0,788981.818181818,9.0
2026-08-17,정상,남성,526545.4545454545,3.0,6176990.909090907,34.0
2026-08-17,정상,뷰티,0.0,0.0,63636.36363636363,2.0
2026-08-17,정상,슈즈,351818.18181818177,3.0,72727.27272727272,0.0
2026-08-17,정상,스포츠,99090.90909090909,1.0,0.0,0.0
2026-08-17,정상,여성,777681.8181818181,5.0,5691272.727272726,36.0
2026-08-17,정상,잡화,3599981.818181818,20.0,5123600.000000001,34.0
