date,category,광고_이월,광고_입점,광고_정상,EP_이월,EP_입점,EP_정상
2025-01-01,골프,628727.0,502727.0,1085600.0,2006327.0,4700173.0,1682236.0
2025-01-01,남성,2842127.0,107273.0,2016445.0,13928545.0,1958945.0,13456618.0
2025-01-01,리빙,0.0,1638636.0,0.0,0.0,4701418.0,0.0
2025-01-01,명품,0.0,879545.0,0.0,0.0,5772364.0,0.0
2025-01-01,뷰티,0.0,843727.0,167909.0,0.0,2148736.0,0.0
2025-01-01,슈즈,402545.0,633636.0,232500.0,447291.0,873091.0,479545.0
2025-01-01,스포츠,570909.0,265273.0,198182.0,1025273.0,3913573.0,230182.0
2025-01-01,아웃도어,0.0,22273.0,0.0,0.0,1101000.0,0.0
2025-01-01,여성,1237909.0,200582.0,639636.0,12734955.0,7147673.0,11194545.0
2025-01-01,잡화,2266527.0,293891.0,4949945.0,11323255.0,3647391.0,6432145.0
2025-01-01,키즈,0.0,512818.0,0.0,0.0,1789391.0,0.0
2025-01-02,골프,93818.0,704636.0,20309.0,-883582.0,1505091.0,1177891.0
2025-01-02,남성,5387155.0,94773.0,2873655.0,11564291.0,3572000.0,9172564.0
2025-01-02,리빙,0.0,401909.0,0.0,0.0,3361436.0,0.0
2025-01-02,명품,0.0,225000.0,0.0,0.0,-2378400.0,0.0
2025-01-02,뷰티,0.0,513455.0,315364.0,0.0,1502795.0,312727.0
2025-01-02,슈즈,616727.0,-27273.0,225682.0,994336.0,249909.0,378591.0
2025-01-02,스포츠,59455.0,227909.0,0.0,1040273.0,6068273.0,373000.0
2025-01-02,아웃도어,0.0,48455.0,0.0,0.0,753000.0,0.0
2025-01-02,여성,1585636.0,1944145.0,-17227.0,13935000.0,-352418.0,-6714091.0
2025-01-02,잡화,3324491.0,226818.0,3319918.0,16978436.0,2788482.0,6310182.0
2025-01-02,키즈,0.0,587455.0,0.0,0.0,1094155.0,0.0
2025-01-03,골프,209964.0,1039364.0,848455.0,2203891.0,2665364.0,20591.0
2025-01-03,남성,1081091.0,333727.0,1268309.0,18226009.0,2131818.0,16087609.0
2025-01-03,리빙,0.0,173455.0,0.0,0.0,3942291.0,0.0
2025-01-03,명품,0.0,837727.0,0.0,0.0,2238364.0,0.0
2025-01-03,뷰티,0.0,580818.0,262909.0,0.0,319327.0,-455.0
2025-01-03,슈즈,331764.0,580000.0,155455.0,1275673.0,368182.0,332318.0
2025-01-03,스포츠,276545.0,2097273.0,0.0,730364.0,4067755.0,81818.0
2025-01-03,아웃도어,0.0,-34273.0,0.0,0.0,1797909.0,0.0
2025-01-03,여성,6494636.0,68273.0,1988000.0,14044973.0,2059509.0,10472818.0
2025-01-03,잡화,3010891.0,443000.0,2454627.0,12884436.0,1855409.0,4708436.0
2025-01-03,키즈,0.0,172455.0,0.0,0.0,1386545.0,0.0
2025-01-04,골프,480200.0,1131955.0,1316455.0,4863091.0,6400582.0,1339827.0
2025-01-04,남성,3522745.0,193273.0,1053364.0,17157836.0,1505818.0,15182973.0
2025-01-04,리빙,0.0,315818.0,0.0,0.0,3306773.0,0.0
2025-01-04,명품,0.0,1883000.0,0.0,0.0,15461636.0,0.0
2025-01-04,뷰티,0.0,1185818.0,156364.0,0.0,1300627.0,27000.0
2025-01-04,슈즈,569909.0,195364.0,1172500.0,530455.0,829636.0,1497727.0
2025-01-04,스포츠,43091.0,34455.0,405455.0,1277455.0,2443609.0,126364.0
2025-01-04,아웃도어,0.0,842727.0,0.0,0.0,2431909.0,0.0
2025-01-04,여성,1298727.0,298227.0,2151955.0,20673227.0,6375618.0,5416545.0
2025-01-04,잡화,3258782.0,409300.0,2555645.0,12033273.0,4350982.0,4344345.0
2025-01-04,키즈,0.0,776982.0,0.0,0.0,2492291.0,0.0
2025-01-05,골프,1457273.0,983036.0,2035091.0,2389327.0,6346309.0,1878418.0
2025-01-05,남성,4201318.0,85364.0,2208427.0,24667145.0,2846400.0,13514455.0
2025-01-05,리빙,0.0,899545.0,0.0,0.0,2441909.0,0.0
2025-01-05,명품,0.0,772909.0,0.0,0.0,3476455.0,0.0
2025-01-05,뷰티,0.0,1857091.0,0.0,0.0,1763891.0,-26727.0
2025-01-05,슈즈,875364.0,135455.0,324091.0,1541545.0,43636.0,685727.0
2025-01-05,스포츠,76364.0,154727.0,0.0,846273.0,2548195.0,0.0
2025-01-05,아웃도어,0.0,383636.0,0.0,0.0,5842091.0,0.0
2025-01-05,여성,6462364.0,647927.0,851455.0,25756018.0,3649164.0,13001318.0
2025-01-05,잡화,3067455.0,70182.0,2114636.0,18013582.0,2143455.0,5092509.0
2025-01-05,키즈,0.0,261909.0,0.0,0.0,1718600.0,0.0
2025-01-06,골프,603300.0,938191.0,178545.0,1580582.0,1962000.0,4558818.0
2025-01-06,남성,1624182.0,-145155.0,-23000.0,10343145.0,1492645.0,4203627.0
2025-01-06,리빙,0.0,927818.0,0.0,0.0,4272409.0,0.0
2025-01-06,명품,0.0,279091.0,0.0,0.0,1926364.0,0.0
2025-01-06,뷰티,0.0,830818.0,222727.0,0.0,1191073.0,78182.0
2025-01-06,슈즈,412045.0,-6364.0,945773.0,637136.0,765545.0,650000.0
2025-01-06,스포츠,86273.0,752682.0,279091.0,1107727.0,2185932.0,0.0
2025-01-06,아웃도어,0.0,375727.0,0.0,0.0,-1767182.0,0.0
2025-01-06,여성,732636.0,501727.0,-188364.0,7627182.0,3232200.0,5493273.0
2025-01-06,잡화,2588982.0,771818.0,3677645.0,13787645.0,2059855.0,6291255.0
2025-01-06,키즈,0.0,640909.0,0.0,0.0,2700518.0,0.0
2025-01-07,골프,845455.0,895300.0,-490909.0,6711945.0,2101273.0,2087636.0
2025-01-07,남성,4383436.0,-765818.0,1382227.0,19583364.0,3527218.0,8372355.0
2025-01-07,리빙,0.0,1098545.0,0.0,0.0,1678085.0,0.0
2025-01-07,명품,0.0,3590000.0,0.0,0.0,6875364.0,0.0
2025-01-07,뷰티,0.0,714773.0,28364.0,0.0,2021618.0,90273.0
2025-01-07,슈즈,-150091.0,425818.0,1203364.0,267300.0,355636.0,1537727.0
2025-01-07,스포츠,348318.0,325182.0,0.0,758455.0,2601445.0,280909.0
2025-01-07,아웃도어,0.0,645636.0,0.0,0.0,6178182.0,0.0
2025-01-07,여성,933364.0,1318227.0,2697227.0,21207455.0,4735273.0,7615545.0
2025-01-07,잡화,2723691.0,1163273.0,2982000.0,12391727.0,826273.0,5039900.0
2025-01-07,키즈,0.0,900627.0,0.0,0.0,2119455.0,0.0
2025-01-08,골프,-271182.0,859909.0,183691.0,1394855.0,5076309.0,120982.0
2025-01-08,남성,4536109.0,824818.0,2815727.0,18679873.0,2012827.0,10121564.0
2025-01-08,리빙,0.0,1373818.0,0.0,0.0,4806825.0,0.0
2025-01-08,명품,0.0,2029364.0,0.0,0.0,7402600.0,0.0
2025-01-08,뷰티,0.0,853909.0,0.0,0.0,2190436.0,225727.0
2025-01-08,슈즈,597845.0,441818.0,-27045.0,753509.0,586636.0,930227.0
2025-01-08,스포츠,224000.0,912091.0,0.0,1437182.0,2865227.0,53636.0
2025-01-08,아웃도어,0.0,766091.0,0.0,0.0,8736427.0,0.0
2025-01-08,여성,1109000.0,1213364.0,2687364.0,16930545.0,3972936.0,16244227.0
2025-01-08,잡화,3419636.0,901818.0,3821036.0,13887236.0,1286691.0,5557900.0
2025-01-08,키즈,0.0,3755000.0,0.0,0.0,3874045.0,0.0
2025-01-09,골프,114545.0,855818.0,101909.0,379564.0,1733727.0,483582.0
2025-01-09,남성,3932445.0,473636.0,-211391.0,12162536.0,2604500.0,14294773.0
2025-01-09,리빙,0.0,1016591.0,0.0,0.0,3974545.0,0.0
2025-01-09,명품,0.0,1404091.0,0.0,0.0,5044364.0,0.0
2025-01-09,뷰티,0.0,907909.0,212727.0,0.0,1258464.0,77909.0
2025-01-09,슈즈,321727.0,360000.0,942409.0,359300.0,-458727.0,240455.0
2025-01-09,스포츠,192909.0,82000.0,53636.0,1347500.0,1572727.0,126364.0
2025-01-09,아웃도어,0.0,509091.0,0.0,0.0,3915000.0,0.0
2025-01-09,여성,-3696818.0,404500.0,-898955.0,12422591.0,768000.0,5385909.0
2025-01-09,잡화,1686164.0,378000.0,3860227.0,9448782.0,10910909.0,5243891.0
2025-01-09,키즈,0.0,822091.0,0.0,0.0,2268109.0,0.0
2025-01-10,골프,641818.0,-207955.0,-4189709.0,917327.0,934536.0,2440291.0
2025-01-10,남성,2705318.0,0.0,369227.0,17554845.0,2273064.0,11628736.0
2025-01-10,리빙,0.0,985000.0,0.0,0.0,2656727.0,0.0
2025-01-10,명품,0.0,129091.0,0.0,0.0,7652882.0,0.0
2025-01-10,뷰티,0.0,454018.0,78182.0,0.0,1668618.0,190000.0
2025-01-10,슈즈,168818.0,0.0,929636.0,428918.0,281727.0,616364.0
2025-01-10,스포츠,322182.0,1179236.0,0.0,499091.0,3166473.0,0.0
2025-01-10,아웃도어,0.0,867273.0,0.0,0.0,4587909.0,0.0
2025-01-10,여성,2648636.0,-88227.0,974227.0,16836118.0,1050900.0,17396409.0
2025-01-10,잡화,2366818.0,568591.0,3754400.0,9455536.0,2965382.0,6993155.0
2025-01-10,키즈,0.0,571818.0,0.0,0.0,1372591.0,0.0
2025-01-11,골프,160636.0,1132164.0,761909.0,558727.0,4317727.0,73818.0
2025-01-11,남성,2512564.0,275455.0,828291.0,20985409.0,4637155.0,6715736.0
2025-01-11,리빙,0.0,1732427.0,0.0,0.0,3229182.0,0.0
2025-01-11,명품,0.0,2089727.0,0.0,0.0,5852364.0,0.0
2025-01-11,뷰티,0.0,480091.0,137091.0,0.0,2744964.0,0.0
2025-01-11,슈즈,426491.0,298182.0,642864.0,1350955.0,1696764.0,1225409.0
2025-01-11,스포츠,160636.0,765273.0,53636.0,924909.0,3401000.0,0.0
2025-01-11,아웃도어,0.0,1732455.0,0.0,0.0,8813273.0,0.0
2025-01-11,여성,4986182.0,227455.0,1235500.0,19785818.0,3628255.0,13803727.0
2025-01-11,잡화,895527.0,536818.0,1916336.0,9531491.0,1308018.0,8298882.0
2025-01-11,키즈,0.0,-103455.0,0.0,0.0,1784336.0,0.0
2025-01-12,골프,260727.0,1316236.0,388236.0,4878218.0,3344091.0,2491218.0
2025-01-12,남성,5210618.0,1139136.0,1285636.0,29293027.0,3074227.0,11020091.0
2025-01-12,리빙,0.0,1871091.0,0.0,0.0,2330955.0,0.0
2025-01-12,명품,0.0,106364.0,0.0,0.0,11816182.0,0.0
2025-01-12,뷰티,0.0,843000.0,0.0,0.0,1846491.0,24091.0
2025-01-12,슈즈,111727.0,360909.0,863136.0,1507482.0,1326000.0,1197955.0
2025-01-12,스포츠,170818.0,696727.0,0.0,1375545.0,2996391.0,0.0
2025-01-12,아웃도어,0.0,465091.0,0.0,0.0,8618636.0,0.0
2025-01-12,여성,5184000.0,370727.0,475773.0,21207818.0,4210664.0,10297045.0
2025-01-12,잡화,1604236.0,868136.0,4324755.0,14482291.0,471955.0,7642964.0
2025-01-12,키즈,0.0,834909.0,0.0,0.0,2368109.0,0.0
2025-01-13,골프,714000.0,-183318.0,893809.0,2636327.0,216718.0,1761236.0
2025-01-13,남성,2054182.0,72818.0,1214609.0,13500127.0,4364209.0,5659818.0
2025-01-13,리빙,0.0,805018.0,0.0,0.0,2358064.0,0.0
2025-01-13,명품,0.0,-1672273.0,0.0,0.0,-37309.0,0.0
2025-01-13,뷰티,0.0,1757091.0,60000.0,0.0,2967191.0,116273.0
2025-01-13,슈즈,44155.0,510364.0,1007455.0,573909.0,832545.0,2731045.0
2025-01-13,스포츠,365000.0,663236.0,36182.0,1135727.0,975964.0,235455.0
2025-01-13,아웃도어,0.0,186727.0,0.0,0.0,3576455.0,0.0
2025-01-13,여성,1938364.0,-853282.0,3147318.0,12818364.0,1662845.0,1821955.0
2025-01-13,잡화,2303382.0,89909.0,2812791.0,16346418.0,6762045.0,8190127.0
2025-01-13,키즈,0.0,817545.0,0.0,0.0,2536691.0,0.0
2025-01-14,골프,1091000.0,723200.0,434636.0,1587091.0,1947509.0,2620927.0
2025-01-14,남성,1274600.0,-54455.0,2341682.0,5974500.0,2958645.0,9050500.0
2025-01-14,리빙,0.0,1902636.0,0.0,0.0,3884875.0,0.0
2025-01-14,명품,0.0,-2397273.0,0.0,0.0,4100091.0,0.0
2025-01-14,뷰티,0.0,9091.0,0.0,0.0,2613755.0,19000.0
2025-01-14,슈즈,1247545.0,86364.0,388682.0,861509.0,-2818.0,816818.0
2025-01-14,스포츠,480909.0,1223818.0,-144545.0,1257364.0,2292082.0,35455.0
2025-01-14,아웃도어,0.0,-174545.0,0.0,0.0,2645818.0,0.0
2025-01-14,여성,-1066818.0,775636.0,1290182.0,11651545.0,1858673.0,4827273.0
2025-01-14,잡화,3070000.0,216455.0,5193945.0,14605927.0,1387182.0,12497836.0
2025-01-14,키즈,0.0,420545.0,0.0,0.0,1571709.0,0.0
2025-01-15,골프,365582.0,392455.0,1195200.0,2023400.0,3164625.0,-2059727.0
2025-01-15,남성,1884682.0,390400.0,2821409.0,15602464.0,1226436.0,10517673.0
2025-01-15,리빙,0.0,562627.0,0.0,0.0,2609500.0,0.0
2025-01-15,명품,0.0,1540909.0,0.0,0.0,14434927.0,0.0
2025-01-15,뷰티,0.0,629273.0,197000.0,0.0,1801477.0,50818.0
2025-01-15,슈즈,478618.0,460000.0,389364.0,1132845.0,543455.0,2514545.0
2025-01-15,스포츠,519818.0,490000.0,0.0,662909.0,944091.0,134545.0
2025-01-15,아웃도어,0.0,334091.0,0.0,0.0,1047909.0,0.0
2025-01-15,여성,3912182.0,598091.0,909045.0,15524427.0,1759209.0,7561409.0
2025-01-15,잡화,2758418.0,-432182.0,3036045.0,11997509.0,3035545.0,9163145.0
2025-01-15,키즈,0.0,315727.0,0.0,0.0,1164391.0,0.0
2025-01-16,골프,786364.0,775009.0,990727.0,3298173.0,1308309.0,5380145.0
2025-01-16,남성,2998991.0,75455.0,1932182.0,16579382.0,3175809.0,8560691.0
2025-01-16,리빙,0.0,251727.0,0.0,0.0,3746000.0,0.0
2025-01-16,명품,0.0,-798182.0,0.0,0.0,1598000.0,0.0
2025-01-16,뷰티,0.0,384182.0,28364.0,0.0,581455.0,0.0
2025-01-16,슈즈,353273.0,461273.0,275455.0,606745.0,496364.0,887455.0
2025-01-16,스포츠,154818.0,419691.0,0.0,1096545.0,-1344318.0,44545.0
2025-01-16,아웃도어,0.0,1289091.0,0.0,0.0,-476636.0,0.0
2025-01-16,여성,121364.0,12673.0,1748227.0,5052555.0,4597864.0,8961636.0
2025-01-16,잡화,2945364.0,-86818.0,3696991.0,14796145.0,2652355.0,4802673.0
2025-01-16,키즈,0.0,192273.0,0.0,0.0,1520218.0,0.0
2025-01-17,골프,499127.0,659691.0,214655.0,1473655.0,1393182.0,2855218.0
2025-01-17,남성,4026682.0,89182.0,1244500.0,20515927.0,3344491.0,4808891.0
2025-01-17,리빙,0.0,418000.0,0.0,0.0,2229009.0,0.0
2025-01-17,명품,0.0,673727.0,0.0,0.0,-4077109.0,0.0
2025-01-17,뷰티,0.0,837273.0,0.0,0.0,2126736.0,0.0
2025-01-17,슈즈,447727.0,460182.0,885364.0,1283273.0,811000.0,925409.0
2025-01-17,스포츠,321091.0,495636.0,352727.0,1359818.0,929009.0,-235455.0
2025-01-17,아웃도어,0.0,-390909.0,0.0,0.0,1520000.0,0.0
2025-01-17,여성,1459882.0,461045.0,2683773.0,22062764.0,-2113091.0,10238091.0
2025-01-17,잡화,1749091.0,515727.0,4463318.0,9482309.0,1098791.0,10587000.0
2025-01-17,키즈,0.0,84909.0,0.0,0.0,652264.0,0.0
2025-01-18,골프,728655.0,2732500.0,679964.0,2059927.0,4751000.0,1519309.0
2025-01-18,남성,2630045.0,689818.0,2218527.0,21614836.0,1965400.0,6866400.0
2025-01-18,리빙,0.0,918182.0,0.0,0.0,2879936.0,0.0
2025-01-18,명품,0.0,2121455.0,0.0,0.0,7232364.0,0.0
2025-01-18,뷰티,0.0,1007273.0,0.0,0.0,1484627.0,27000.0
2025-01-18,슈즈,255727.0,481273.0,1077227.0,669500.0,687364.0,2080091.0
2025-01-18,스포츠,259636.0,452182.0,44545.0,533636.0,2181673.0,252727.0
2025-01-18,아웃도어,0.0,295909.0,0.0,0.0,3282909.0,0.0
2025-01-18,여성,464455.0,473818.0,511045.0,7959336.0,2482891.0,11374091.0
2025-01-18,잡화,1369818.0,848909.0,3352309.0,15320636.0,2255727.0,5150273.0
2025-01-18,키즈,0.0,262636.0,0.0,0.0,1414555.0,0.0
2025-01-19,골프,815636.0,208000.0,802691.0,1683745.0,6243955.0,4326018.0
2025-01-19,남성,3450964.0,570455.0,3272655.0,20849382.0,3820673.0,10425909.0
2025-01-19,리빙,0.0,580045.0,0.0,0.0,3117600.0,0.0
2025-01-19,명품,0.0,1250909.0,0.0,0.0,5125727.0,0.0
2025-01-19,뷰티,0.0,1248455.0,206545.0,0.0,1344973.0,0.0
2025-01-19,슈즈,286564.0,209091.0,397273.0,1069027.0,1164545.0,2017182.0
2025-01-19,스포츠,127182.0,781327.0,99091.0,1836000.0,4363441.0,199091.0
2025-01-19,아웃도어,0.0,400727.0,0.0,0.0,4402091.0,0.0
2025-01-19,여성,3264764.0,644318.0,3178864.0,28536991.0,2201391.0,16117591.0
2025-01-19,잡화,3128782.0,486273.0,5712064.0,18666655.0,2697318.0,11264500.0
2025-01-19,키즈,0.0,173182.0,0.0,0.0,1364964.0,0.0
2025-01-20,골프,1056782.0,503745.0,811455.0,1943936.0,972018.0,1822991.0
2025-01-20,남성,2416727.0,138364.0,4668409.0,7941427.0,2423282.0,6695655.0
2025-01-20,리빙,0.0,882727.0,0.0,0.0,4881345.0,0.0
2025-01-20,명품,0.0,494364.0,0.0,0.0,3943364.0,0.0
2025-01-20,뷰티,0.0,1333836.0,0.0,0.0,810991.0,175891.0
2025-01-20,슈즈,687364.0,960091.0,761136.0,1478273.0,1545182.0,677636.0
2025-01-20,스포츠,203182.0,-3636.0,0.0,779273.0,2063427.0,0.0
2025-01-20,아웃도어,0.0,-96364.0,0.0,0.0,1006545.0,0.0
2025-01-20,여성,1465727.0,152573.0,1055273.0,7416155.0,1398045.0,12710455.0
2025-01-20,잡화,2491327.0,101818.0,4145891.0,15374055.0,-89136.0,10611436.0
2025-01-20,키즈,0.0,344182.0,0.0,0.0,970264.0,0.0
2025-01-21,OFM,0.0,0.0,0.0,0.0,50000.0,0.0
2025-01-21,골프,-24636.0,1426409.0,1181855.0,85655.0,2891348.0,2861745.0
2025-01-21,남성,3101673.0,598909.0,568136.0,8416945.0,445400.0,8820045.0
2025-01-21,리빙,0.0,662000.0,0.0,0.0,3110427.0,0.0
2025-01-21,명품,0.0,592636.0,0.0,0.0,5626000.0,0.0
2025-01-21,뷰티,0.0,515582.0,61636.0,0.0,1753264.0,0.0
2025-01-21,슈즈,373545.0,343473.0,624773.0,1022191.0,1243000.0,-1040955.0
2025-01-21,스포츠,170091.0,873082.0,0.0,1292364.0,1862264.0,0.0
2025-01-21,아웃도어,0.0,368182.0,0.0,0.0,3325818.0,0.0
2025-01-21,여성,1051364.0,-111345.0,1471727.0,13654245.0,1008673.0,5898227.0
2025-01-21,잡화,2428055.0,694527.0,4375818.0,12071436.0,1420145.0,9450336.0
2025-01-21,키즈,0.0,26273.0,0.0,0.0,1104100.0,0.0
2025-01-22,골프,884545.0,26927.0,408727.0,5172927.0,1465327.0,2348409.0
2025-01-22,남성,2458409.0,48273.0,1035045.0,18898891.0,1584018.0,10751000.0
2025-01-22,리빙,0.0,814364.0,0.0,0.0,1086000.0,0.0
2025-01-22,명품,0.0,1981818.0,0.0,0.0,67909.0,0.0
2025-01-22,뷰티,0.0,447273.0,160182.0,0.0,2125436.0,45455.0
2025-01-22,슈즈,244636.0,285818.0,719500.0,911973.0,1159436.0,564500.0
2025-01-22,스포츠,-71455.0,540000.0,0.0,425364.0,2967127.0,450909.0
2025-01-22,아웃도어,0.0,116364.0,0.0,0.0,-46536.0,0.0
2025-01-22,여성,684455.0,283727.0,252318.0,7505309.0,1432391.0,5949409.0
2025-01-22,잡화,2546182.0,114273.0,5892455.0,10611218.0,863500.0,8392091.0
2025-01-22,키즈,0.0,295509.0,0.0,0.0,543655.0,0.0
2025-01-23,골프,497473.0,83091.0,414582.0,2849945.0,2180636.0,915418.0
2025-01-23,남성,3885182.0,184545.0,1701045.0,19562164.0,216500.0,9580255.0
2025-01-23,리빙,0.0,-244182.0,0.0,0.0,2042182.0,0.0
2025-01-23,명품,0.0,0.0,0.0,0.0,5999818.0,0.0
2025-01-23,뷰티,0.0,1141364.0,26727.0,0.0,1576318.0,166364.0
2025-01-23,슈즈,133000.0,245664.0,-402682.0,663955.0,594091.0,1311318.0
2025-01-23,스포츠,229727.0,217273.0,126364.0,1266845.0,1468082.0,307273.0
2025-01-23,아웃도어,0.0,93455.0,0.0,0.0,998045.0,0.0
2025-01-23,여성,206364.0,363136.0,886227.0,10567391.0,2526918.0,6345227.0
2025-01-23,잡화,2535327.0,-209545.0,5398236.0,8963164.0,741745.0,8308809.0
2025-01-23,키즈,0.0,258636.0,0.0,0.0,511655.0,0.0
2025-01-24,골프,204364.0,284682.0,-87964.0,4152873.0,1273800.0,2776818.0
2025-01-24,남성,4691318.0,85636.0,31909.0,11681000.0,2118036.0,1929436.0
2025-01-24,리빙,0.0,429455.0,0.0,0.0,1700964.0,0.0
2025-01-24,명품,0.0,1484545.0,0.0,0.0,1869636.0,0.0
2025-01-24,뷰티,0.0,558909.0,117273.0,0.0,411936.0,0.0
2025-01-24,슈즈,538573.0,841818.0,100000.0,102409.0,817364.0,513591.0
2025-01-24,스포츠,-54545.0,452182.0,0.0,835909.0,274464.0,143636.0
2025-01-24,아웃도어,0.0,20636.0,0.0,0.0,1143445.0,0.0
2025-01-24,여성,2384182.0,425455.0,1074455.0,12379227.0,369191.0,9284591.0
2025-01-24,잡화,1075600.0,150727.0,3310864.0,7752636.0,1151073.0,8853455.0
2025-01-24,키즈,0.0,527273.0,0.0,0.0,375455.0,0.0
2025-01-25,골프,388545.0,46545.0,245091.0,3885873.0,2756491.0,2577691.0
2025-01-25,남성,1427273.0,0.0,2486455.0,27275964.0,1281527.0,7376427.0
2025-01-25,리빙,0.0,306000.0,0.0,0.0,692791.0,0.0
2025-01-25,명품,0.0,1247818.0,0.0,0.0,5360609.0,0.0
2025-01-25,뷰티,0.0,393291.0,50818.0,0.0,847636.0,53091.0
2025-01-25,슈즈,601273.0,693636.0,170545.0,580909.0,924545.0,1674818.0
2025-01-25,스포츠,651000.0,235364.0,126364.0,1020891.0,857727.0,333636.0
2025-01-25,아웃도어,0.0,525455.0,0.0,0.0,1465318.0,0.0
2025-01-25,여성,7605909.0,334909.0,2351364.0,17936773.0,3830455.0,16296045.0
2025-01-25,잡화,2843982.0,254182.0,2649536.0,7893055.0,2888418.0,4684218.0
2025-01-25,키즈,0.0,50000.0,0.0,0.0,1216836.0,0.0
2025-01-26,골프,134145.0,551355.0,-107818.0,1930182.0,2765455.0,-436455.0
2025-01-26,남성,3849909.0,195273.0,1386545.0,22129664.0,1077818.0,4685955.0
2025-01-26,리빙,0.0,580273.0,0.0,0.0,2380536.0,0.0
2025-01-26,명품,0.0,0.0,0.0,0.0,2693091.0,0.0
2025-01-26,뷰티,0.0,137636.0,98000.0,0.0,460909.0,60909.0
2025-01-26,슈즈,92182.0,420909.0,124091.0,593545.0,1478364.0,404909.0
2025-01-26,스포츠,116455.0,322000.0,152727.0,727055.0,1581064.0,0.0
2025-01-26,아웃도어,0.0,328455.0,0.0,0.0,3871164.0,0.0
2025-01-26,여성,3844727.0,490000.0,652318.0,19245891.0,3516800.0,6542864.0
2025-01-26,잡화,2056836.0,171182.0,2068218.0,7611945.0,191364.0,4557491.0
2025-01-26,키즈,0.0,493818.0,0.0,0.0,1311709.0,0.0
2025-01-27,골프,390000.0,239455.0,56455.0,2961182.0,3236973.0,2495691.0
2025-01-27,남성,2225545.0,127909.0,886909.0,23838818.0,1951800.0,5056364.0
2025-01-27,리빙,0.0,180364.0,0.0,0.0,2217318.0,0.0
2025-01-27,명품,0.0,0.0,0.0,0.0,8659273.0,0.0
2025-01-27,뷰티,0.0,1005636.0,-50818.0,0.0,404336.0,444909.0
2025-01-27,슈즈,272545.0,715273.0,1017455.0,850455.0,827273.0,1088227.0
2025-01-27,스포츠,72027.0,377545.0,125455.0,1021000.0,930109.0,153636.0
2025-01-27,아웃도어,0.0,684727.0,0.0,0.0,1588636.0,0.0
2025-01-27,여성,1723455.0,800000.0,1220455.0,28074973.0,6631191.0,9221182.0
2025-01-27,잡화,2858473.0,199091.0,961582.0,10243509.0,615955.0,5079845.0
2025-01-27,키즈,0.0,247818.0,0.0,0.0,672227.0,0.0
2025-01-28,골프,208182.0,0.0,165455.0,3690545.0,2642264.0,2423818.0
2025-01-28,남성,3815909.0,419000.0,514273.0,19554300.0,1473900.0,2734291.0
2025-01-28,리빙,0.0,541655.0,0.0,0.0,1513145.0,0.0
2025-01-28,명품,0.0,0.0,0.0,0.0,7517364.0,0.0
2025-01-28,뷰티,0.0,201091.0,0.0,0.0,1163891.0,213273.0
2025-01-28,슈즈,473273.0,643182.0,596136.0,1066273.0,1047636.0,675318.0
2025-01-28,스포츠,54000.0,396591.0,0.0,1109618.0,1113118.0,362727.0
2025-01-28,아웃도어,0.0,235218.0,0.0,0.0,2848455.0,0.0
2025-01-28,여성,1399909.0,684136.0,721364.0,19770773.0,2224227.0,3666773.0
2025-01-28,잡화,2982964.0,0.0,1246327.0,9994982.0,212273.0,5108727.0
2025-01-28,키즈,0.0,630818.0,0.0,0.0,629091.0,0.0
2025-01-29,골프,723636.0,324591.0,927818.0,3096564.0,2576027.0,2683000.0
2025-01-29,남성,3018182.0,0.0,1201727.0,24303827.0,744836.0,5408318.0
2025-01-29,리빙,0.0,324818.0,0.0,0.0,1976900.0,0.0
2025-01-29,명품,0.0,0.0,0.0,0.0,6361091.0,0.0
2025-01-29,뷰티,0.0,340364.0,0.0,0.0,606455.0,0.0
2025-01-29,슈즈,357300.0,511818.0,13636.0,2395591.0,480909.0,996727.0
2025-01-29,스포츠,70364.0,275727.0,0.0,1416964.0,1915145.0,0.0
2025-01-29,아웃도어,0.0,80909.0,0.0,0.0,1875200.0,0.0
2025-01-29,여성,2043818.0,445164.0,2855455.0,23772273.0,1578391.0,7037182.0
2025-01-29,잡화,1851855.0,5981909.0,1865691.0,12190964.0,2131191.0,6619891.0
2025-01-29,키즈,0.0,142455.0,0.0,0.0,379273.0,0.0
2025-01-30,골프,753564.0,336364.0,517818.0,3180718.0,3729009.0,3084109.0
2025-01-30,남성,2987909.0,85818.0,551182.0,24841345.0,2436282.0,7708564.0
2025-01-30,리빙,0.0,423482.0,0.0,0.0,2579000.0,0.0
2025-01-30,명품,0.0,0.0,0.0,0.0,877182.0,0.0
2025-01-30,뷰티,0.0,232273.0,78182.0,0.0,1956227.0,40818.0
2025-01-30,슈즈,636636.0,484545.0,402273.0,1525318.0,1560000.0,1180864.0
2025-01-30,스포츠,497436.0,547091.0,0.0,1479873.0,1794818.0,0.0
2025-01-30,아웃도어,0.0,-16182.0,0.0,0.0,1981182.0,0.0
2025-01-30,여성,2031027.0,332000.0,3048455.0,29879582.0,3745091.0,13895045.0
2025-01-30,잡화,1324400.0,0.0,2418764.0,14378436.0,309800.0,6835745.0
2025-01-30,키즈,0.0,240273.0,0.0,0.0,943027.0,0.0
2025-01-31,골프,726545.0,1744700.0,-64273.0,1932527.0,780755.0,1374836.0
2025-01-31,남성,857755.0,-82091.0,2129109.0,23503573.0,2725482.0,7900200.0
2025-01-31,리빙,0.0,730227.0,0.0,0.0,4181800.0,0.0
2025-01-31,명품,0.0,592727.0,0.0,0.0,-6634682.0,0.0
2025-01-31,뷰티,0.0,387818.0,76182.0,0.0,602273.0,247455.0
2025-01-31,슈즈,422209.0,-443636.0,438636.0,1551136.0,983818.0,717682.0
2025-01-31,스포츠,361782.0,493273.0,0.0,1105973.0,570336.0,44545.0
2025-01-31,아웃도어,0.0,104545.0,0.0,0.0,2872964.0,0.0
2025-01-31,여성,1292791.0,586818.0,1544182.0,12906191.0,2972755.0,10435636.0
2025-01-31,잡화,1639145.0,908909.0,1986936.0,13753845.0,2333455.0,10546245.0
2025-01-31,키즈,0.0,-363091.0,0.0,0.0,996545.0,0.0
2025-02-01,골프,1079636.0,647364.0,425091.0,4746636.0,3809909.0,4129018.0
2025-02-01,남성,1792027.0,143955.0,-64182.0,21836273.0,4113718.0,10628155.0
2025-02-01,리빙,0.0,232182.0,0.0,0.0,3313355.0,0.0
2025-02-01,명품,0.0,837545.0,0.0,0.0,9845818.0,0.0
2025-02-01,뷰티,0.0,533636.0,0.0,0.0,2130327.0,114909.0
2025-02-01,슈즈,727573.0,602364.0,522000.0,734091.0,1849091.0,1995636.0
2025-02-01,스포츠,-158182.0,315091.0,0.0,1283936.0,4089555.0,0.0
2025-02-01,아웃도어,0.0,154545.0,0.0,0.0,3105091.0,0.0
2025-02-01,여성,516273.0,-59000.0,2522409.0,21636045.0,4830864.0,10492455.0
2025-02-01,잡화,2123455.0,801236.0,1456891.0,17263236.0,3280936.0,6439073.0
2025-02-01,키즈,0.0,185473.0,0.0,0.0,965482.0,0.0
2025-02-02,골프,282636.0,965636.0,1192909.0,5084109.0,4775573.0,5400418.0
2025-02-02,남성,2203509.0,514273.0,1292136.0,29647400.0,1734791.0,9141682.0
2025-02-02,리빙,0.0,449455.0,0.0,0.0,4037291.0,0.0
2025-02-02,명품,0.0,343636.0,0.0,0.0,3165091.0,0.0
2025-02-02,뷰티,0.0,307727.0,176182.0,0.0,1723991.0,377455.0
2025-02-02,슈즈,352364.0,406364.0,1132500.0,1159600.0,2201727.0,1016909.0
2025-02-02,스포츠,135273.0,148364.0,0.0,1105409.0,2266127.0,0.0
2025-02-02,아웃도어,0.0,767727.0,0.0,0.0,4993045.0,0.0
2025-02-02,여성,1864000.0,127591.0,3010227.0,32330473.0,4249809.0,24613727.0
2025-02-02,잡화,1602164.0,603364.0,3620055.0,20040345.0,1266964.0,10539982.0
2025-02-02,키즈,0.0,87182.0,0.0,0.0,802591.0,0.0
2025-02-03,골프,446909.0,1440573.0,78982.0,50818.0,863075.0,-848400.0
2025-02-03,남성,31218.0,965364.0,464545.0,-3005182.0,-452891.0,3263845.0
2025-02-03,리빙,0.0,246600.0,0.0,29727.0,4809682.0,0.0
2025-02-03,명품,0.0,189091.0,0.0,0.0,679818.0,0.0
2025-02-03,뷰티,0.0,569182.0,398000.0,0.0,1393618.0,27000.0
2025-02-03,슈즈,326364.0,305000.0,-294773.0,-444673.0,-174545.0,-333773.0
2025-02-03,스포츠,99909.0,239636.0,0.0,806691.0,3088873.0,-153636.0
2025-02-03,아웃도어,0.0,253091.0,0.0,0.0,2812227.0,0.0
2025-02-03,여성,-4063664.0,-40727.0,-198182.0,5206864.0,1086045.0,5799409.0
2025-02-03,잡화,1460182.0,278582.0,1916491.0,16019482.0,2063318.0,5809673.0
2025-02-03,키즈,0.0,253273.0,0.0,0.0,859909.0,0.0
2025-02-04,골프,-214273.0,701409.0,92545.0,3166045.0,1357432.0,1798118.0
2025-02-04,남성,1330000.0,151909.0,2187682.0,8520491.0,1642664.0,7560018.0
2025-02-04,리빙,0.0,768455.0,0.0,0.0,2495791.0,0.0
2025-02-04,명품,0.0,599091.0,0.0,0.0,8625273.0,0.0
2025-02-04,뷰티,0.0,1608000.0,423909.0,0.0,2387091.0,519818.0
2025-02-04,슈즈,418691.0,705909.0,856318.0,227091.0,147273.0,547591.0
2025-02-04,스포츠,413782.0,1284273.0,126364.0,1056791.0,1292886.0,451818.0
2025-02-04,아웃도어,0.0,684455.0,0.0,0.0,5470318.0,0.0
2025-02-04,여성,3590882.0,240364.0,4638636.0,-4075264.0,1462909.0,13812273.0
2025-02-04,잡화,2979291.0,205909.0,3770545.0,12342127.0,771000.0,5744982.0
2025-02-04,키즈,0.0,630364.0,0.0,0.0,1687273.0,0.0
2025-02-05,OFM,0.0,0.0,0.0,0.0,-50000.0,0.0
2025-02-05,골프,-18182.0,1411691.0,657727.0,6001636.0,1369955.0,2178364.0
2025-02-05,남성,2645191.0,-428727.0,-82955.0,13734527.0,2028055.0,8156618.0
2025-02-05,리빙,0.0,383700.0,0.0,0.0,1867227.0,0.0
2025-02-05,명품,0.0,1060000.0,0.0,0.0,6297091.0,0.0
2025-02-05,뷰티,0.0,1409909.0,288273.0,0.0,1094955.0,0.0
2025-02-05,슈즈,310545.0,913427.0,345864.0,1178936.0,-856818.0,367500.0
2025-02-05,스포츠,567273.0,119818.0,135455.0,712945.0,2371318.0,351818.0
2025-02-05,아웃도어,0.0,1461455.0,0.0,0.0,3381636.0,0.0
2025-02-05,여성,7094727.0,921364.0,-2829182.0,23614909.0,3660018.0,8317000.0
2025-02-05,잡화,3742345.0,319200.0,2128227.0,16918391.0,2738573.0,8581545.0
2025-02-05,키즈,0.0,67091.0,0.0,0.0,1467900.0,0.0
2025-02-06,골프,1217091.0,906118.0,582909.0,3719873.0,475000.0,649791.0
2025-02-06,남성,2959373.0,296291.0,2375273.0,7255055.0,3632136.0,8251909.0
2025-02-06,리빙,0.0,434636.0,0.0,-29727.0,1836609.0,0.0
2025-02-06,명품,0.0,828182.0,0.0,0.0,3278000.0,0.0
2025-02-06,뷰티,0.0,876909.0,26727.0,0.0,1308091.0,113364.0
2025-02-06,슈즈,475409.0,358182.0,879273.0,1340364.0,26364.0,-185500.0
2025-02-06,스포츠,184936.0,221000.0,80909.0,811936.0,4091027.0,505455.0
2025-02-06,아웃도어,0.0,249182.0,0.0,0.0,2250909.0,0.0
2025-02-06,여성,1648909.0,-460273.0,1998500.0,16467345.0,3214891.0,-3809682.0
2025-02-06,잡화,1968764.0,305000.0,5016064.0,10839173.0,2998109.0,5826927.0
2025-02-06,키즈,0.0,94000.0,0.0,0.0,1221018.0,0.0
2025-02-07,골프,1024091.0,870445.0,536527.0,2748482.0,1071455.0,2456091.0
2025-02-07,남성,1752891.0,323273.0,1867091.0,12784300.0,1317518.0,8329609.0
2025-02-07,리빙,0.0,840045.0,0.0,0.0,1542482.0,0.0
2025-02-07,명품,0.0,590909.0,0.0,0.0,15247700.0,0.0
2025-02-07,뷰티,0.0,893000.0,0.0,0.0,1152127.0,414727.0
2025-02-07,슈즈,1129000.0,706545.0,722682.0,1014027.0,373636.0,1635773.0
2025-02-07,스포츠,139755.0,-12455.0,126364.0,941891.0,1609900.0,0.0
2025-02-07,아웃도어,0.0,527545.0,0.0,0.0,1665709.0,0.0
2025-02-07,여성,5151727.0,238836.0,859364.0,19609482.0,1607200.0,14842682.0
2025-02-07,잡화,3530418.0,264818.0,3792418.0,9051018.0,1717064.0,7522500.0
2025-02-07,키즈,0.0,293455.0,0.0,0.0,1536982.0,0.0
2025-02-08,골프,39091.0,255636.0,582818.0,1149091.0,2747673.0,2658636.0
2025-02-08,남성,2147182.0,123227.0,2293545.0,13393464.0,2922191.0,6202064.0
2025-02-08,리빙,0.0,298291.0,0.0,43636.0,2575155.0,0.0
2025-02-08,명품,0.0,528182.0,0.0,0.0,7823364.0,0.0
2025-02-08,뷰티,0.0,1032227.0,78182.0,0.0,1208636.0,-143273.0
2025-02-08,슈즈,833545.0,102727.0,883045.0,1476845.0,626636.0,176591.0
2025-02-08,스포츠,229264.0,338545.0,126364.0,1093755.0,5658418.0,153636.0
2025-02-08,아웃도어,0.0,265273.0,0.0,0.0,1277273.0,0.0
2025-02-08,여성,3409609.0,507291.0,2352636.0,20944091.0,2483182.0,5100091.0
2025-02-08,잡화,2206073.0,630364.0,5053473.0,8430855.0,2760536.0,6374427.0
2025-02-08,키즈,0.0,34545.0,0.0,0.0,1144200.0,0.0
2025-02-09,골프,248182.0,2135700.0,976545.0,4032182.0,3879391.0,4258727.0
2025-02-09,남성,3884891.0,186636.0,3277455.0,23108709.0,3976936.0,6501136.0
2025-02-09,리빙,0.0,364545.0,0.0,0.0,2236118.0,0.0
2025-02-09,명품,0.0,410909.0,0.0,0.0,13202273.0,0.0
2025-02-09,뷰티,0.0,687273.0,0.0,0.0,1527091.0,62727.0
2025-02-09,슈즈,545482.0,631555.0,1266091.0,2661773.0,789727.0,1634318.0
2025-02-09,스포츠,0.0,698182.0,0.0,1091164.0,5731909.0,326727.0
2025-02-09,아웃도어,0.0,609955.0,0.0,0.0,2153109.0,0.0
2025-02-09,여성,2565000.0,635091.0,2312727.0,25605282.0,6603064.0,12717182.0
2025-02-09,잡화,1786800.0,0.0,4306391.0,20682764.0,2822273.0,12572273.0
2025-02-09,키즈,0.0,392455.0,0.0,0.0,1165827.0,0.0
2025-02-10,골프,-95909.0,2258936.0,-88473.0,2533727.0,1630282.0,957545.0
2025-02-10,남성,516627.0,451945.0,2649773.0,10259264.0,3747355.0,3453818.0
2025-02-10,리빙,0.0,231545.0,0.0,0.0,3626500.0,0.0
2025-02-10,명품,0.0,1618909.0,0.0,0.0,-1971336.0,0.0
2025-02-10,뷰티,0.0,705818.0,270000.0,0.0,1616505.0,25455.0
2025-02-10,슈즈,474891.0,-40000.0,768909.0,576145.0,237727.0,700182.0
2025-02-10,스포츠,194727.0,231718.0,134545.0,137273.0,1750845.0,0.0
2025-02-10,아웃도어,0.0,898182.0,0.0,0.0,360327.0,0.0
2025-02-10,여성,-348391.0,147318.0,1429091.0,9567518.0,1203318.0,2142182.0
2025-02-10,잡화,2337382.0,0.0,4364764.0,16389300.0,1891618.0,6624855.0
2025-02-10,키즈,0.0,-187273.0,0.0,0.0,1129082.0,0.0
2025-02-11,골프,398636.0,887755.0,1227564.0,4922818.0,623309.0,4724536.0
2025-02-11,남성,2928545.0,154591.0,1095182.0,18185773.0,3013127.0,4279545.0
2025-02-11,리빙,0.0,800273.0,0.0,0.0,1666555.0,0.0
2025-02-11,명품,0.0,1015455.0,0.0,0.0,3729182.0,0.0
2025-02-11,뷰티,0.0,504118.0,0.0,0.0,1150064.0,63545.0
2025-02-11,슈즈,-821091.0,0.0,-54545.0,1075364.0,187045.0,801773.0
2025-02-11,스포츠,408727.0,3834900.0,0.0,489636.0,5221873.0,197273.0
2025-02-11,아웃도어,0.0,163091.0,0.0,0.0,602591.0,0.0
2025-02-11,여성,1302545.0,1111636.0,70636.0,20807645.0,-2032164.0,6392682.0
2025-02-11,잡화,2163127.0,2319273.0,2749118.0,11268764.0,2979355.0,8263682.0
2025-02-11,키즈,0.0,172727.0,0.0,0.0,2224318.0,0.0
2025-02-12,골프,636545.0,566464.0,97818.0,4420618.0,2720091.0,884300.0
2025-02-12,남성,1542091.0,109818.0,282182.0,16762982.0,3765491.0,5756982.0
2025-02-12,리빙,0.0,455273.0,0.0,50545.0,4685382.0,0.0
2025-02-12,명품,0.0,241818.0,0.0,0.0,4283455.0,0.0
2025-02-12,뷰티,0.0,656545.0,77455.0,0.0,1017518.0,25455.0
2025-02-12,슈즈,780755.0,-22727.0,280000.0,766482.0,453591.0,647136.0
2025-02-12,스포츠,-101182.0,790227.0,0.0,553973.0,2422009.0,361818.0
2025-02-12,아웃도어,0.0,93364.0,0.0,0.0,5109400.0,0.0
2025-02-12,여성,2445727.0,451773.0,506318.0,7358382.0,4227118.0,7118318.0
2025-02-12,잡화,2474582.0,599091.0,1758836.0,13757364.0,1810855.0,11671355.0
2025-02-12,키즈,0.0,798127.0,0.0,0.0,1678273.0,0.0
2025-02-13,골프,490000.0,1031255.0,-33727.0,3921218.0,2580591.0,599091.0
2025-02-13,남성,3062818.0,28182.0,-326591.0,11017736.0,1525245.0,7467727.0
2025-02-13,리빙,0.0,937636.0,0.0,0.0,2888973.0,0.0
2025-02-13,명품,0.0,-377273.0,0.0,0.0,841773.0,0.0
2025-02-13,뷰티,0.0,587909.0,293636.0,0.0,1241282.0,91818.0
2025-02-13,슈즈,476782.0,-101818.0,176455.0,697236.0,597727.0,166727.0
2025-02-13,스포츠,40455.0,253364.0,89091.0,349364.0,-109445.0,235455.0
2025-02-13,아웃도어,0.0,393000.0,0.0,0.0,4227864.0,0.0
2025-02-13,여성,1959545.0,189909.0,-236227.0,10464155.0,2038782.0,1561773.0
2025-02-13,잡화,2250982.0,190909.0,3078564.0,11422018.0,5170000.0,4970018.0
2025-02-13,키즈,0.0,610000.0,0.0,0.0,868545.0,0.0
2025-02-14,골프,765455.0,605909.0,530909.0,3477545.0,2476791.0,-208164.0
2025-02-14,남성,1757818.0,-73545.0,1451682.0,14903982.0,2058218.0,7382291.0
2025-02-14,리빙,0.0,810364.0,0.0,0.0,3527000.0,0.0
2025-02-14,명품,0.0,144545.0,0.0,0.0,8361318.0,0.0
2025-02-14,뷰티,0.0,-76455.0,61818.0,0.0,1241036.0,85182.0
2025-02-14,슈즈,894909.0,495455.0,1018727.0,1425573.0,299000.0,950818.0
2025-02-14,스포츠,40455.0,0.0,0.0,590173.0,-1494955.0,0.0
2025-02-14,아웃도어,0.0,29000.0,0.0,0.0,1484755.0,0.0
2025-02-14,여성,267273.0,103818.0,-1279364.0,6549855.0,4122845.0,7323682.0
2025-02-14,잡화,2742655.0,1137091.0,2714845.0,11349909.0,2750182.0,5137327.0
2025-02-14,키즈,0.0,617955.0,0.0,0.0,609091.0,0.0
2025-02-15,골프,920000.0,239818.0,1498000.0,5401782.0,5171700.0,4999182.0
2025-02-15,남성,1901973.0,241545.0,1275955.0,25497045.0,4071364.0,3939864.0
2025-02-15,리빙,0.0,452727.0,0.0,0.0,1867464.0,0.0
2025-02-15,명품,0.0,312727.0,0.0,0.0,9547364.0,0.0
2025-02-15,뷰티,0.0,506273.0,61545.0,0.0,1408095.0,0.0
2025-02-15,슈즈,622300.0,0.0,142500.0,269182.0,957045.0,1118500.0
2025-02-15,스포츠,40455.0,595482.0,0.0,462427.0,1615182.0,180000.0
2025-02-15,아웃도어,0.0,346455.0,0.0,0.0,1954273.0,0.0
2025-02-15,여성,2183427.0,1129545.0,3059682.0,14061409.0,4460355.0,7923818.0
2025-02-15,잡화,3566782.0,1212727.0,1563364.0,12747927.0,2664536.0,3427009.0
2025-02-15,키즈,0.0,177000.0,0.0,0.0,567091.0,0.0
2025-02-16,골프,358709.0,424455.0,368000.0,4702318.0,4871036.0,2227273.0
2025-02-16,남성,3337745.0,410364.0,2057236.0,35769227.0,5325064.0,12534500.0
2025-02-16,리빙,0.0,463909.0,0.0,0.0,2701909.0,0.0
2025-02-16,명품,0.0,45000.0,0.0,0.0,12665273.0,0.0
2025-02-16,뷰티,0.0,689909.0,375455.0,0.0,1354127.0,287000.0
2025-02-16,슈즈,488636.0,136364.0,868727.0,1200682.0,1046345.0,1336182.0
2025-02-16,스포츠,49545.0,168991.0,0.0,668664.0,2545664.0,179091.0
2025-02-16,아웃도어,0.0,415455.0,0.0,0.0,2371045.0,0.0
2025-02-16,여성,3406545.0,500773.0,1661727.0,26819464.0,7046373.0,16245409.0
2025-02-16,잡화,2123455.0,0.0,2087273.0,19764855.0,6070273.0,10417191.0
2025-02-16,키즈,0.0,446364.0,0.0,0.0,1667291.0,0.0
2025-02-17,골프,433636.0,534827.0,152727.0,1496091.0,3333273.0,1584336.0
2025-02-17,남성,2173000.0,347818.0,-365591.0,8216000.0,4789664.0,3385609.0
2025-02-17,리빙,0.0,423818.0,0.0,0.0,4025450.0,0.0
2025-02-17,명품,0.0,1016818.0,0.0,0.0,-2815000.0,0.0
2025-02-17,뷰티,0.0,554455.0,54545.0,0.0,779627.0,143636.0
2025-02-17,슈즈,117182.0,832727.0,412727.0,1035118.0,154955.0,734773.0
2025-02-17,스포츠,152755.0,389209.0,324545.0,505418.0,882809.0,-80909.0
2025-02-17,아웃도어,0.0,443955.0,0.0,0.0,3636691.0,0.0
2025-02-17,여성,1006091.0,-392955.0,247318.0,10885127.0,-2104145.0,-520591.0
2025-02-17,잡화,2449618.0,730000.0,2855427.0,15310836.0,15122064.0,4383473.0
2025-02-17,키즈,0.0,1174382.0,0.0,0.0,2156073.0,0.0
2025-02-18,골프,144545.0,905918.0,856545.0,2353582.0,2535327.0,1150855.0
2025-02-18,남성,1608000.0,623000.0,504682.0,11467336.0,2570482.0,6310564.0
2025-02-18,리빙,0.0,212709.0,0.0,-25273.0,4559873.0,0.0
2025-02-18,명품,0.0,778909.0,0.0,0.0,5517782.0,0.0
2025-02-18,뷰티,0.0,618091.0,62727.0,0.0,1228118.0,304000.0
2025-02-18,슈즈,1093455.0,71245.0,307273.0,1886464.0,187909.0,490500.0
2025-02-18,스포츠,232327.0,290636.0,0.0,895645.0,1064645.0,160909.0
2025-02-18,아웃도어,0.0,526727.0,0.0,0.0,1986600.0,0.0
2025-02-18,여성,-611936.0,-97864.0,931591.0,-3304273.0,296782.0,-2680227.0
2025-02-18,잡화,2790400.0,6168909.0,2975455.0,13719845.0,3706673.0,6890682.0
2025-02-18,키즈,0.0,-40955.0,0.0,0.0,493482.0,0.0
2025-02-19,골프,1328545.0,261591.0,-310000.0,449900.0,4794455.0,1638782.0
2025-02-19,남성,1632364.0,636636.0,490591.0,8087636.0,2988300.0,8768600.0
2025-02-19,리빙,0.0,1022509.0,0.0,0.0,2567091.0,0.0
2025-02-19,명품,0.0,1398091.0,0.0,0.0,2328845.0,0.0
2025-02-19,뷰티,0.0,922045.0,135455.0,0.0,1472409.0,26727.0
2025-02-19,슈즈,1014209.0,252727.0,-92909.0,1251636.0,326818.0,-419045.0
2025-02-19,스포츠,86545.0,376545.0,0.0,412273.0,5780645.0,-208182.0
2025-02-19,아웃도어,0.0,1236455.0,0.0,0.0,1439318.0,0.0
2025-02-19,여성,1074136.0,702182.0,252864.0,10353745.0,1775155.0,6925273.0
2025-02-19,잡화,2437945.0,305455.0,3000027.0,13730673.0,2643609.0,8967582.0
2025-02-19,키즈,0.0,534273.0,0.0,0.0,1385173.0,0.0
2025-02-20,골프,1119409.0,415273.0,2460091.0,1587327.0,1494264.0,153427.0
2025-02-20,남성,1751909.0,504682.0,1538455.0,13384727.0,1382945.0,5517791.0
2025-02-20,리빙,0.0,93909.0,0.0,0.0,2464455.0,0.0
2025-02-20,명품,0.0,990909.0,0.0,0.0,4672545.0,0.0
2025-02-20,뷰티,0.0,780636.0,120000.0,0.0,2316173.0,394545.0
2025-02-20,슈즈,953091.0,143636.0,225045.0,1659918.0,390591.0,333909.0
2025-02-20,스포츠,96182.0,338364.0,126364.0,386118.0,2740064.0,44545.0
2025-02-20,아웃도어,0.0,340455.0,0.0,0.0,1271409.0,0.0
2025-02-20,여성,3153591.0,1468227.0,-327136.0,13445782.0,2578564.0,4025227.0
2025-02-20,잡화,2803964.0,46091.0,2477891.0,11132891.0,4570136.0,8545636.0
2025-02-20,키즈,0.0,105000.0,0.0,0.0,1655373.0,0.0
2025-02-21,골프,2068173.0,608845.0,350782.0,2626909.0,1914018.0,328000.0
2025-02-21,남성,2662000.0,213273.0,243155.0,17026909.0,2695182.0,7852309.0
2025-02-21,리빙,0.0,997455.0,0.0,0.0,627909.0,0.0
2025-02-21,명품,0.0,-191364.0,0.0,0.0,9550845.0,0.0
2025-02-21,뷰티,0.0,827909.0,0.0,0.0,2434900.0,78182.0
2025-02-21,슈즈,851000.0,514182.0,183409.0,1933909.0,200682.0,1297500.0
2025-02-21,스포츠,368000.0,1511918.0,212909.0,928509.0,2309855.0,8182.0
2025-02-21,아웃도어,0.0,255545.0,0.0,0.0,1779291.0,0.0
2025-02-21,여성,4042882.0,-112718.0,1777136.0,18759545.0,3592364.0,11486500.0
2025-02-21,잡화,3858418.0,17273.0,1292464.0,8276218.0,316545.0,6041909.0
2025-02-21,키즈,0.0,154000.0,0.0,0.0,1173809.0,0.0
2025-02-22,골프,-127273.0,987818.0,294564.0,4635291.0,6093227.0,1261418.0
2025-02-22,남성,1854364.0,125773.0,2466136.0,17917136.0,4712236.0,7990573.0
2025-02-22,리빙,0.0,113455.0,0.0,-25273.0,3107818.0,0.0
2025-02-22,명품,0.0,280000.0,0.0,0.0,7541364.0,0.0
2025-02-22,뷰티,0.0,892182.0,0.0,0.0,1390209.0,74273.0
2025-02-22,슈즈,669864.0,263636.0,312273.0,1302691.0,22500.0,881818.0
2025-02-22,스포츠,141636.0,363455.0,130182.0,384727.0,2077795.0,171000.0
2025-02-22,아웃도어,0.0,416855.0,0.0,0.0,2075336.0,0.0
2025-02-22,여성,1891391.0,1036336.0,689864.0,17666191.0,4042300.0,4508273.0
2025-02-22,잡화,1589455.0,0.0,2561327.0,8394382.0,796091.0,4035655.0
2025-02-22,키즈,0.0,0.0,0.0,0.0,841455.0,0.0
2025-02-23,골프,290909.0,-221273.0,0.0,7403364.0,7619045.0,756873.0
2025-02-23,남성,1682091.0,979273.0,113273.0,23610409.0,5326364.0,15591855.0
2025-02-23,리빙,0.0,703000.0,0.0,0.0,4019018.0,0.0
2025-02-23,명품,0.0,2188273.0,0.0,0.0,11361145.0,0.0
2025-02-23,뷰티,0.0,321273.0,0.0,0.0,1503991.0,313636.0
2025-02-23,슈즈,600618.0,57273.0,662273.0,2340355.0,444409.0,1968864.0
2025-02-23,스포츠,293273.0,358182.0,107273.0,892164.0,2973345.0,0.0
2025-02-23,아웃도어,0.0,188182.0,0.0,0.0,1972818.0,0.0
2025-02-23,여성,2554909.0,673500.0,3204318.0,22277809.0,6047636.0,13076045.0
2025-02-23,잡화,2130073.0,111636.0,2067473.0,16717527.0,2828527.0,8274336.0
2025-02-23,키즈,0.0,509000.0,0.0,0.0,1440927.0,0.0
2025-02-24,골프,976364.0,1064318.0,-1909091.0,3553236.0,5194000.0,405164.0
2025-02-24,남성,3287582.0,1155909.0,-98755.0,10724200.0,1941645.0,4471364.0
2025-02-24,리빙,0.0,531791.0,0.0,0.0,3201718.0,0.0
2025-02-24,명품,0.0,71636.0,0.0,0.0,7859218.0,0.0
2025-02-24,뷰티,0.0,1015482.0,235455.0,0.0,2107418.0,0.0
2025-02-24,슈즈,894391.0,-171818.0,2360636.0,94673.0,145682.0,2278864.0
2025-02-24,스포츠,285818.0,560000.0,182000.0,517818.0,1183305.0,153636.0
2025-02-24,아웃도어,0.0,26182.0,0.0,0.0,3892182.0,0.0
2025-02-24,여성,2429973.0,572991.0,1359364.0,16697527.0,960673.0,5540591.0
2025-02-24,잡화,1735800.0,321909.0,1591000.0,10218145.0,24773236.0,6889500.0
2025-02-24,키즈,0.0,74091.0,0.0,0.0,1053409.0,0.0
2025-02-25,골프,1592182.0,2152618.0,153455.0,4257418.0,2048055.0,3415400.0
2025-02-25,남성,2604664.0,0.0,-809864.0,20750918.0,1672309.0,7830873.0
2025-02-25,리빙,0.0,1348636.0,0.0,0.0,2233182.0,0.0
2025-02-25,명품,0.0,1509091.0,0.0,0.0,11674182.0,0.0
2025-02-25,뷰티,0.0,813045.0,397273.0,0.0,1694227.0,104364.0
2025-02-25,슈즈,635391.0,108955.0,3729273.0,570909.0,70773.0,1006364.0
2025-02-25,스포츠,304209.0,307818.0,0.0,1186118.0,1826273.0,288182.0
2025-02-25,아웃도어,0.0,816636.0,0.0,0.0,3224545.0,0.0
2025-02-25,여성,2078255.0,219173.0,-1568091.0,13432791.0,3194909.0,5401318.0
2025-02-25,잡화,3679309.0,0.0,2095636.0,11704436.0,726918.0,6289773.0
2025-02-25,키즈,0.0,-128318.0,0.0,0.0,1298018.0,0.0
2025-02-26,골프,-1074727.0,1322400.0,672455.0,6067373.0,2442200.0,2150582.0
2025-02-26,남성,4589800.0,-124545.0,816455.0,19770682.0,674300.0,6747064.0
2025-02-26,리빙,0.0,379818.0,0.0,0.0,2416900.0,0.0
2025-02-26,명품,0.0,1548182.0,0.0,0.0,2393773.0,0.0
2025-02-26,뷰티,0.0,371818.0,49091.0,0.0,2387009.0,78182.0
2025-02-26,슈즈,852482.0,-252727.0,2189091.0,965909.0,-179300.0,737318.0
2025-02-26,스포츠,263273.0,337909.0,-134545.0,1293291.0,789655.0,100000.0
2025-02-26,아웃도어,0.0,-60545.0,0.0,0.0,-2532091.0,0.0
2025-02-26,여성,-1907609.0,108336.0,-984682.0,10497045.0,2511755.0,1141318.0
2025-02-26,잡화,3078345.0,245718.0,2193400.0,13143218.0,291718.0,10971064.0
2025-02-26,키즈,0.0,188545.0,0.0,0.0,964636.0,0.0
2025-02-27,골프,1802818.0,500436.0,395364.0,3116500.0,679182.0,3699818.0
2025-02-27,남성,3608809.0,-173864.0,1550536.0,18712482.0,882955.0,7781309.0
2025-02-27,리빙,0.0,202373.0,0.0,0.0,2681718.0,0.0
2025-02-27,명품,0.0,-1215727.0,0.0,0.0,9156173.0,0.0
2025-02-27,뷰티,0.0,918727.0,251273.0,0.0,2008555.0,187273.0
2025-02-27,슈즈,262173.0,247727.0,1442727.0,2722464.0,241682.0,829545.0
2025-02-27,스포츠,289482.0,414545.0,179091.0,1147209.0,1337873.0,-90000.0
2025-02-27,아웃도어,0.0,290182.0,0.0,0.0,2086927.0,0.0
2025-02-27,여성,4163945.0,322864.0,-2003364.0,16812373.0,1887527.0,7373091.0
2025-02-27,잡화,4902455.0,286800.0,4012873.0,9748764.0,2032500.0,7028164.0
2025-02-27,키즈,0.0,469545.0,0.0,0.0,607882.0,0.0
2025-02-28,골프,831491.0,431291.0,222909.0,5506127.0,618727.0,4073018.0
2025-02-28,남성,7853055.0,594773.0,1401273.0,22922755.0,1806864.0,9584827.0
2025-02-28,리빙,0.0,1049364.0,0.0,0.0,2780309.0,0.0
2025-02-28,명품,0.0,106364.0,0.0,0.0,1774400.0,0.0
2025-02-28,뷰티,0.0,1673182.0,0.0,0.0,1427418.0,0.0
2025-02-28,슈즈,1051991.0,0.0,198182.0,1696564.0,-230500.0,1838045.0
2025-02-28,스포츠,240636.0,305091.0,126364.0,1516818.0,1419845.0,153636.0
2025-02-28,아웃도어,0.0,157545.0,0.0,0.0,-353909.0,0.0
2025-02-28,여성,3929327.0,461464.0,1728227.0,28752836.0,2814955.0,8937682.0
2025-02-28,잡화,2969345.0,0.0,2257545.0,10730455.0,2078273.0,7222055.0
2025-02-28,키즈,0.0,64145.0,0.0,0.0,657827.0,0.0
2025-03-01,골프,3090218.0,1586727.0,814545.0,5179227.0,6575691.0,774255.0
2025-03-01,남성,3833918.0,218818.0,1887045.0,35220300.0,4607918.0,14902736.0
2025-03-01,리빙,0.0,770273.0,0.0,0.0,3171318.0,0.0
2025-03-01,명품,0.0,0.0,0.0,0.0,9322427.0,0.0
2025-03-01,뷰티,0.0,638273.0,142727.0,0.0,1867873.0,49818.0
2025-03-01,슈즈,587755.0,432727.0,691000.0,2502445.0,944618.0,1649364.0
2025-03-01,스포츠,520636.0,320818.0,256455.0,1893182.0,2033882.0,406364.0
2025-03-01,아웃도어,0.0,384864.0,0.0,0.0,957764.0,0.0
2025-03-01,여성,3266500.0,623545.0,1133364.0,43399873.0,3035409.0,12562500.0
2025-03-01,잡화,3249436.0,75455.0,3845618.0,10978964.0,965964.0,4910664.0
2025-03-01,키즈,0.0,723018.0,0.0,0.0,2020045.0,0.0
2025-03-02,골프,1821591.0,1137427.0,70436.0,5593518.0,9051927.0,86564.0
2025-03-02,남성,3848964.0,328273.0,3744536.0,23956227.0,3532545.0,11887645.0
2025-03-02,리빙,0.0,793864.0,0.0,0.0,3558882.0,0.0
2025-03-02,명품,0.0,2330000.0,0.0,0.0,9846182.0,0.0
2025-03-02,뷰티,0.0,691182.0,24091.0,0.0,3516900.0,60364.0
2025-03-02,슈즈,1331064.0,481091.0,639091.0,3009882.0,607591.0,1447818.0
2025-03-02,스포츠,268545.0,299455.0,208182.0,1760818.0,2995200.0,0.0
2025-03-02,아웃도어,0.0,232455.0,0.0,0.0,2266855.0,0.0
2025-03-02,여성,1185573.0,723909.0,1553636.0,20926491.0,4914909.0,6030500.0
2025-03-02,잡화,2329836.0,19555.0,3473818.0,12013273.0,2952718.0,4347273.0
2025-03-02,키즈,0.0,340545.0,0.0,0.0,2640509.0,0.0
2025-03-03,골프,1526818.0,1208691.0,1258818.0,5858764.0,8258964.0,256236.0
2025-03-03,남성,5783055.0,90227.0,864273.0,28861218.0,2185100.0,9331282.0
2025-03-03,리빙,0.0,292364.0,0.0,25273.0,4233636.0,0.0
2025-03-03,명품,0.0,252455.0,0.0,0.0,11916636.0,0.0
2025-03-03,뷰티,0.0,1126964.0,29273.0,0.0,1950818.0,-10182.0
2025-03-03,슈즈,1768627.0,87273.0,297273.0,2811573.0,766364.0,540273.0
2025-03-03,스포츠,27273.0,386818.0,0.0,1425818.0,2157418.0,334545.0
2025-03-03,아웃도어,0.0,815273.0,0.0,0.0,2448218.0,0.0
2025-03-03,여성,3729955.0,1118318.0,841364.0,29940591.0,4804764.0,7186500.0
2025-03-03,잡화,3062745.0,691591.0,1954373.0,16107982.0,2190182.0,7201045.0
2025-03-03,키즈,0.0,330455.0,0.0,0.0,3229882.0,0.0
2025-03-04,골프,1108364.0,1369627.0,513636.0,5017991.0,6602218.0,545900.0
2025-03-04,남성,2395727.0,273000.0,1872136.0,23235909.0,1425336.0,4553545.0
2025-03-04,리빙,0.0,262945.0,0.0,0.0,4064418.0,0.0
2025-03-04,명품,0.0,972273.0,0.0,0.0,4760627.0,0.0
2025-03-04,뷰티,0.0,644545.0,184091.0,0.0,2962227.0,298182.0
2025-03-04,슈즈,1238627.0,1259545.0,658182.0,2416027.0,485136.0,943864.0
2025-03-04,스포츠,257727.0,936545.0,234545.0,1049364.0,2149800.0,235455.0
2025-03-04,아웃도어,0.0,277091.0,0.0,0.0,1991827.0,0.0
2025-03-04,여성,7212964.0,260182.0,2707545.0,24679236.0,2344491.0,6395545.0
2025-03-04,잡화,3548018.0,58182.0,3344309.0,13690064.0,1949455.0,7804382.0
2025-03-04,키즈,0.0,432136.0,0.0,0.0,1045300.0,0.0
2025-03-05,골프,1213409.0,794691.0,1142200.0,4114391.0,2584400.0,-2049882.0
2025-03-05,남성,4264227.0,475318.0,1821936.0,23137645.0,3016127.0,11751036.0
2025-03-05,리빙,0.0,1616545.0,0.0,25273.0,2761273.0,0.0
2025-03-05,명품,0.0,1593636.0,0.0,0.0,5490855.0,0.0
2025-03-05,뷰티,0.0,586386.0,368636.0,0.0,2325641.0,370909.0
2025-03-05,슈즈,448300.0,643091.0,270500.0,1895800.0,432955.0,436182.0
2025-03-05,스포츠,414091.0,9707909.0,80909.0,1494455.0,4565145.0,361818.0
2025-03-05,아웃도어,0.0,784455.0,0.0,0.0,4326782.0,0.0
2025-03-05,여성,3403264.0,3045309.0,2092636.0,10058391.0,13861764.0,13287455.0
2025-03-05,잡화,2822709.0,157818.0,2580127.0,11049109.0,2035595.0,5952927.0
2025-03-05,키즈,0.0,579364.0,0.0,0.0,2452655.0,0.0
2025-03-06,골프,1800473.0,2348909.0,510400.0,4483945.0,5501073.0,-2274282.0
2025-03-06,남성,5727155.0,88136.0,3657318.0,7646882.0,308745.0,9432891.0
2025-03-06,리빙,0.0,1776564.0,0.0,0.0,3778845.0,0.0
2025-03-06,명품,0.0,2918545.0,0.0,0.0,7636845.0,0.0
2025-03-06,뷰티,0.0,604182.0,70909.0,0.0,1930155.0,44545.0
2025-03-06,슈즈,837718.0,106364.0,998864.0,1387782.0,405364.0,1662864.0
2025-03-06,스포츠,499364.0,197364.0,135455.0,1150273.0,3974027.0,0.0
2025-03-06,아웃도어,0.0,430273.0,0.0,0.0,2907173.0,0.0
2025-03-06,여성,1968455.0,1709773.0,671909.0,-390955.0,10790736.0,9714364.0
2025-03-06,잡화,2566982.0,463164.0,6057164.0,5464527.0,1602064.0,7832045.0
2025-03-06,키즈,0.0,339000.0,0.0,0.0,895245.0,0.0
2025-03-07,골프,488955.0,909909.0,-83364.0,3774991.0,2967545.0,-549327.0
2025-03-07,남성,3524800.0,571364.0,1502882.0,14950409.0,2672109.0,9146373.0
2025-03-07,리빙,0.0,1022182.0,0.0,0.0,3107445.0,0.0
2025-03-07,명품,0.0,-373182.0,0.0,0.0,2962091.0,0.0
2025-03-07,뷰티,0.0,791364.0,0.0,0.0,1130591.0,0.0
2025-03-07,슈즈,273091.0,-339636.0,222818.0,1542082.0,-294045.0,1363000.0
2025-03-07,스포츠,312818.0,640818.0,0.0,1057909.0,2228809.0,289091.0
2025-03-07,아웃도어,0.0,0.0,0.0,0.0,1642309.0,0.0
2025-03-07,여성,1466800.0,2177618.0,3686182.0,14297318.0,874400.0,1625500.0
2025-03-07,잡화,1763164.0,288309.0,3514509.0,3605091.0,463355.0,4048118.0
2025-03-07,키즈,0.0,20000.0,0.0,0.0,944655.0,0.0
2025-03-08,골프,450000.0,2436118.0,645091.0,3008473.0,6132445.0,1844845.0
2025-03-08,남성,-176845.0,654273.0,583300.0,21248555.0,4035518.0,6432864.0
2025-03-08,리빙,0.0,1091636.0,0.0,0.0,3021727.0,0.0
2025-03-08,명품,0.0,2444000.0,0.0,0.0,7902273.0,0.0
2025-03-08,뷰티,0.0,742000.0,100727.0,0.0,1458441.0,210000.0
2025-03-08,슈즈,690900.0,358182.0,1082000.0,2005445.0,545818.0,1288182.0
2025-03-08,스포츠,737000.0,494909.0,126364.0,881636.0,1943582.0,0.0
2025-03-08,아웃도어,0.0,583364.0,0.0,0.0,1169545.0,0.0
2025-03-08,여성,2182073.0,682400.0,2023136.0,28494345.0,5381345.0,19541682.0
2025-03-08,잡화,1352145.0,212145.0,1243891.0,8113727.0,456855.0,5081227.0
2025-03-08,키즈,0.0,313091.0,0.0,0.0,2301273.0,0.0
2025-03-09,골프,1063427.0,153636.0,210909.0,8964691.0,6768455.0,1774027.0
2025-03-09,남성,4592291.0,270273.0,1425091.0,39885273.0,3548118.0,15881864.0
2025-03-09,리빙,0.0,1249818.0,0.0,0.0,2436545.0,0.0
2025-03-09,명품,0.0,2983636.0,0.0,0.0,4794091.0,0.0
2025-03-09,뷰티,0.0,448182.0,0.0,0.0,2057364.0,0.0
2025-03-09,슈즈,769236.0,434545.0,1282818.0,4515245.0,832891.0,2239545.0
2025-03-09,스포츠,452091.0,776364.0,0.0,2183455.0,3963682.0,90000.0
2025-03-09,아웃도어,0.0,644091.0,0.0,0.0,2081382.0,0.0
2025-03-09,여성,6871436.0,967991.0,1795455.0,38020391.0,7801236.0,14459682.0
2025-03-09,잡화,3342436.0,989973.0,3260491.0,17417527.0,1043336.0,7379891.0
2025-03-09,키즈,0.0,535545.0,0.0,0.0,3012164.0,0.0
2025-03-10,골프,165455.0,2306882.0,228591.0,3264155.0,1708664.0,458909.0
2025-03-10,남성,6502045.0,366136.0,2703273.0,13758364.0,3931064.0,5344036.0
2025-03-10,리빙,0.0,763518.0,0.0,0.0,2248045.0,0.0
2025-03-10,명품,0.0,1293545.0,0.0,0.0,3426909.0,0.0
2025-03-10,뷰티,0.0,388455.0,0.0,0.0,1828800.0,342727.0
2025-03-10,슈즈,2110955.0,257045.0,1196364.0,2713000.0,-63773.0,304636.0
2025-03-10,스포츠,308455.0,535818.0,0.0,1069000.0,1217482.0,0.0
2025-03-10,아웃도어,0.0,563455.0,0.0,0.0,3483455.0,0.0
2025-03-10,여성,-1866927.0,-676964.0,821636.0,2187436.0,1152100.0,362409.0
2025-03-10,잡화,1994545.0,70818.0,2671673.0,11232218.0,971136.0,7163300.0
2025-03-10,키즈,0.0,-24864.0,0.0,0.0,1968509.0,0.0
2025-03-11,OFM,0.0,55455.0,0.0,0.0,0.0,0.0
2025-03-11,골프,306455.0,863182.0,220682.0,2754218.0,2078173.0,1815364.0
2025-03-11,남성,1226527.0,1400.0,2074245.0,13823436.0,4248382.0,461927.0
2025-03-11,리빙,0.0,1157509.0,0.0,0.0,1558800.0,0.0
2025-03-11,명품,0.0,33545.0,0.0,0.0,9049336.0,0.0
2025-03-11,뷰티,0.0,566018.0,235455.0,0.0,2488273.0,174000.0
2025-03-11,슈즈,1083655.0,519636.0,2596455.0,1905073.0,378455.0,1217545.0
2025-03-11,스포츠,129455.0,402636.0,0.0,1475273.0,2334645.0,396364.0
2025-03-11,아웃도어,0.0,302364.0,0.0,0.0,1779582.0,0.0
2025-03-11,여성,3088882.0,465655.0,2666727.0,9845609.0,604755.0,1429409.0
2025-03-11,잡화,2410855.0,55200.0,4250082.0,10208918.0,-59773.0,5474036.0
2025-03-11,키즈,0.0,158818.0,0.0,0.0,3343536.0,0.0
2025-03-12,골프,1403582.0,1198945.0,954055.0,2990791.0,2196091.0,1307227.0
2025-03-12,남성,7106655.0,1049682.0,2667955.0,18060055.0,4440291.0,6452036.0
2025-03-12,리빙,0.0,1394182.0,0.0,0.0,2357409.0,0.0
2025-03-12,명품,0.0,40909.0,0.0,0.0,3195409.0,0.0
2025-03-12,뷰티,0.0,1038636.0,85636.0,0.0,2414182.0,0.0
2025-03-12,슈즈,1622500.0,316364.0,990182.0,2893527.0,860364.0,517364.0
2025-03-12,스포츠,711182.0,285727.0,0.0,1708364.0,2643436.0,0.0
2025-03-12,아웃도어,0.0,-63091.0,0.0,0.0,-1288545.0,0.0
2025-03-12,여성,4951827.0,194473.0,1102727.0,29188455.0,3103736.0,4678909.0
2025-03-12,잡화,1310655.0,-19636.0,3939182.0,12725891.0,854727.0,5751527.0
2025-03-12,키즈,0.0,129636.0,0.0,0.0,4083455.0,0.0
2025-03-13,OFM,0.0,-55455.0,0.0,0.0,0.0,0.0
2025-03-13,골프,226291.0,1386482.0,634818.0,2701564.0,2959827.0,581400.0
2025-03-13,남성,5659227.0,379500.0,1984791.0,20925773.0,6137436.0,5370600.0
2025-03-13,리빙,0.0,701000.0,0.0,0.0,1617491.0,0.0
2025-03-13,명품,0.0,-248182.0,0.0,0.0,1429300.0,0.0
2025-03-13,뷰티,0.0,1391091.0,581364.0,0.0,2322864.0,117273.0
2025-03-13,슈즈,467655.0,162727.0,2184818.0,3510545.0,113927.0,1105818.0
2025-03-13,스포츠,435273.0,808545.0,207273.0,1724091.0,3283955.0,97364.0
2025-03-13,아웃도어,0.0,662936.0,0.0,0.0,1771918.0,0.0
2025-03-13,여성,3367455.0,457909.0,2081818.0,7212264.0,2202655.0,7801318.0
2025-03-13,잡화,2150545.0,73182.0,2566027.0,7611891.0,930373.0,6319018.0
2025-03-13,키즈,0.0,505755.0,0.0,0.0,2536282.0,0.0
2025-03-14,골프,2113127.0,1260909.0,552955.0,3920909.0,1194400.0,576664.0
2025-03-14,남성,5886000.0,4864.0,3965336.0,29186355.0,7824782.0,4288882.0
2025-03-14,리빙,0.0,452273.0,0.0,0.0,2504727.0,0.0
2025-03-14,명품,0.0,2367818.0,0.0,0.0,8120782.0,0.0
2025-03-14,뷰티,0.0,609636.0,165182.0,0.0,521064.0,78182.0
2025-03-14,슈즈,873745.0,0.0,2795636.0,2461709.0,-13618.0,1272909.0
2025-03-14,스포츠,136000.0,325818.0,130091.0,1160182.0,3091659.0,0.0
2025-03-14,아웃도어,0.0,874545.0,0.0,0.0,1890727.0,0.0
2025-03-14,여성,2859809.0,442227.0,3978455.0,14391427.0,1385909.0,8742136.0
2025-03-14,잡화,2705964.0,495218.0,2574400.0,10662618.0,986000.0,5715545.0
2025-03-14,키즈,0.0,831455.0,0.0,0.0,3206755.0,0.0
2025-03-15,골프,1142455.0,2753791.0,-101182.0,5788691.0,5094782.0,545755.0
2025-03-15,남성,5903864.0,679727.0,972955.0,34217091.0,7839145.0,8630982.0
2025-03-15,리빙,0.0,889927.0,0.0,0.0,4769064.0,0.0
2025-03-15,명품,0.0,313636.0,0.0,0.0,3478645.0,0.0
2025-03-15,뷰티,0.0,1079018.0,20000.0,0.0,2010891.0,78182.0
2025-03-15,슈즈,1267991.0,351818.0,1030273.0,2664736.0,1179182.0,1477727.0
2025-03-15,스포츠,315455.0,809636.0,0.0,1822818.0,3322109.0,0.0
2025-03-15,아웃도어,0.0,754727.0,0.0,0.0,1657055.0,0.0
2025-03-15,여성,6608255.0,798291.0,2663727.0,29348909.0,3676145.0,10597682.0
2025-03-15,잡화,1252582.0,0.0,2097873.0,9174818.0,2219545.0,7424836.0
2025-03-15,키즈,0.0,120000.0,0.0,0.0,3960055.0,0.0
2025-03-16,골프,1113636.0,1277482.0,50409.0,6124527.0,8109473.0,3636182.0
2025-03-16,남성,5877318.0,351909.0,1428455.0,39989509.0,7231000.0,13786764.0
2025-03-16,리빙,0.0,1332273.0,0.0,0.0,2884936.0,0.0
2025-03-16,명품,0.0,563182.0,0.0,0.0,5587909.0,0.0
2025-03-16,뷰티,0.0,-99727.0,85545.0,0.0,1932591.0,0.0
2025-03-16,슈즈,1349955.0,477273.0,855636.0,4268991.0,525636.0,2128909.0
2025-03-16,스포츠,363545.0,781000.0,0.0,1931482.0,2180664.0,0.0
2025-03-16,아웃도어,0.0,612636.0,0.0,0.0,2692145.0,0.0
2025-03-16,여성,6740891.0,2583309.0,1455545.0,43214182.0,5716982.0,12304227.0
2025-03-16,잡화,2441455.0,64455.0,3138218.0,17123745.0,1493127.0,9998064.0
2025-03-16,키즈,0.0,132455.0,0.0,0.0,4372336.0,0.0
2025-03-17,골프,1278455.0,2720291.0,-71545.0,5233955.0,2442136.0,4438618.0
2025-03-17,남성,3075409.0,736036.0,2186364.0,14177700.0,4933036.0,6845991.0
2025-03-17,리빙,0.0,296727.0,0.0,0.0,2681000.0,0.0
2025-03-17,명품,0.0,93636.0,0.0,0.0,10303136.0,0.0
2025-03-17,뷰티,0.0,492545.0,396091.0,0.0,3591500.0,451273.0
2025-03-17,슈즈,772018.0,410909.0,258273.0,1609664.0,-195273.0,301091.0
2025-03-17,스포츠,417818.0,252273.0,0.0,743273.0,2560400.0,361818.0
2025-03-17,아웃도어,0.0,660273.0,0.0,0.0,2715473.0,0.0
2025-03-17,여성,2033955.0,-211045.0,-1823545.0,8945536.0,3350218.0,4648727.0
2025-03-17,잡화,2974455.0,160773.0,3543755.0,8287564.0,862555.0,8047464.0
2025-03-17,키즈,0.0,-4545.0,0.0,0.0,969200.0,0.0
2025-03-18,골프,915636.0,2711145.0,62545.0,3811718.0,2464382.0,722136.0
2025-03-18,남성,4546400.0,411791.0,3683518.0,9483555.0,6644064.0,5436245.0
2025-03-18,리빙,0.0,1350700.0,0.0,0.0,4592364.0,0.0
2025-03-18,명품,0.0,658818.0,0.0,0.0,1218482.0,0.0
2025-03-18,뷰티,0.0,726636.0,227182.0,0.0,2050482.0,46909.0
2025-03-18,슈즈,1238564.0,-38109.0,1816455.0,2037618.0,663273.0,-83636.0
2025-03-18,스포츠,262455.0,738745.0,0.0,1621545.0,1863273.0,433091.0
2025-03-18,아웃도어,0.0,1203000.0,0.0,0.0,3530909.0,0.0
2025-03-18,여성,4178545.0,-397173.0,1839909.0,-1057464.0,5422145.0,-988636.0
2025-03-18,잡화,1055127.0,109909.0,4577873.0,8052982.0,291455.0,4212109.0
2025-03-18,키즈,0.0,353000.0,0.0,0.0,660145.0,0.0
2025-03-19,골프,1038318.0,2102164.0,423455.0,4741264.0,3903936.0,1267045.0
2025-03-19,남성,5729191.0,147264.0,3331173.0,5708018.0,2243300.0,6706691.0
2025-03-19,리빙,0.0,920655.0,0.0,25273.0,1984509.0,0.0
2025-03-19,명품,0.0,1970636.0,0.0,0.0,-104827.0,0.0
2025-03-19,뷰티,0.0,709818.0,26727.0,0.0,2199482.0,39091.0
2025-03-19,슈즈,416000.0,218182.0,1467364.0,2714782.0,136273.0,1088727.0
2025-03-19,스포츠,216455.0,503818.0,0.0,2381545.0,3981555.0,532727.0
2025-03-19,아웃도어,0.0,1074364.0,0.0,0.0,767727.0,0.0
2025-03-19,여성,-19809.0,982600.0,-591000.0,2848800.0,4997473.0,1534409.0
2025-03-19,잡화,1977345.0,140000.0,2304427.0,11756273.0,2755273.0,6308482.0
2025-03-19,키즈,0.0,196091.0,0.0,0.0,1270700.0,0.0
2025-03-20,골프,1360091.0,3280927.0,1003136.0,2977555.0,3313295.0,722545.0
2025-03-20,남성,3888009.0,814091.0,636273.0,13425909.0,5242100.0,2077991.0
2025-03-20,리빙,0.0,1722545.0,0.0,0.0,569891.0,0.0
2025-03-20,명품,0.0,-970909.0,0.0,0.0,7280727.0,0.0
2025-03-20,뷰티,0.0,1000327.0,315273.0,0.0,1379886.0,65455.0
2025-03-20,슈즈,1184136.0,743636.0,872818.0,2281045.0,816364.0,902000.0
2025-03-20,스포츠,337000.0,1076091.0,126364.0,1926182.0,2179836.0,208182.0
2025-03-20,아웃도어,0.0,191364.0,0.0,0.0,432073.0,0.0
2025-03-20,여성,1854500.0,719273.0,2298455.0,10657573.0,4216145.0,4826136.0
2025-03-20,잡화,2432664.0,2273636.0,3879973.0,6271691.0,881618.0,6536473.0
2025-03-20,키즈,0.0,221227.0,0.0,0.0,2054064.0,0.0
2025-03-21,골프,-20545.0,936873.0,1249545.0,2920491.0,2409091.0,1505055.0
2025-03-21,남성,4783691.0,652636.0,5683336.0,8668291.0,2863845.0,3675955.0
2025-03-21,리빙,0.0,1330255.0,0.0,0.0,3839682.0,0.0
2025-03-21,명품,0.0,192909.0,0.0,0.0,636382.0,0.0
2025-03-21,뷰티,0.0,388909.0,137545.0,0.0,1374500.0,0.0
2025-03-21,슈즈,699682.0,97273.0,798273.0,2349864.0,667727.0,318091.0
2025-03-21,스포츠,941364.0,271727.0,153636.0,1196091.0,2329145.0,478182.0
2025-03-21,아웃도어,0.0,-369818.0,0.0,0.0,288000.0,0.0
2025-03-21,여성,-251427.0,898373.0,1881273.0,8751500.0,1815520.0,3054091.0
2025-03-21,잡화,1568182.0,493127.0,2561027.0,8627055.0,1911882.0,6037200.0
2025-03-21,키즈,0.0,124636.0,0.0,0.0,1950909.0,0.0
2025-03-22,골프,2785182.0,1274973.0,20236.0,8888373.0,9308464.0,1312573.0
2025-03-22,남성,6233145.0,724455.0,2559391.0,23561191.0,6004473.0,7536545.0
2025-03-22,리빙,0.0,719909.0,0.0,0.0,2892045.0,0.0
2025-03-22,명품,0.0,0.0,0.0,0.0,11242964.0,0.0
2025-03-22,뷰티,0.0,448955.0,183364.0,0.0,1472900.0,29455.0
2025-03-22,슈즈,1119182.0,424545.0,188273.0,3061864.0,598727.0,1034909.0
2025-03-22,스포츠,250818.0,726182.0,0.0,1953818.0,2357309.0,180000.0
2025-03-22,아웃도어,0.0,334545.0,0.0,0.0,2111700.0,0.0
2025-03-22,여성,5333327.0,1430136.0,154682.0,16288727.0,7350482.0,10508318.0
2025-03-22,잡화,1764473.0,120045.0,1855455.0,6753364.0,790036.0,4935991.0
2025-03-22,키즈,0.0,16091.0,0.0,0.0,1666564.0,0.0
2025-03-23,골프,2183318.0,880555.0,624636.0,9203418.0,11988364.0,1348391.0
2025-03-23,남성,8065891.0,545818.0,4790909.0,29693264.0,6460136.0,12510236.0
2025-03-23,리빙,0.0,1699273.0,0.0,0.0,1730682.0,0.0
2025-03-23,명품,0.0,1150455.0,0.0,0.0,7735718.0,0.0
2025-03-23,뷰티,0.0,315909.0,345636.0,0.0,1578614.0,82000.0
2025-03-23,슈즈,1702136.0,345455.0,1021182.0,2726027.0,1947727.0,866136.0
2025-03-23,스포츠,236091.0,914545.0,0.0,2023818.0,2140900.0,0.0
2025-03-23,아웃도어,0.0,273818.0,0.0,0.0,1830527.0,0.0
2025-03-23,여성,7236800.0,818764.0,847682.0,24988955.0,6103591.0,11047273.0
2025-03-23,잡화,3305873.0,473173.0,2681055.0,11257073.0,1393909.0,7027782.0
2025-03-23,키즈,0.0,557273.0,0.0,0.0,4604927.0,0.0
2025-03-24,골프,1121045.0,1155155.0,375609.0,6936100.0,5654064.0,360364.0
2025-03-24,남성,4035682.0,959682.0,1371445.0,26161182.0,4877873.0,10313964.0
2025-03-24,리빙,0.0,302091.0,0.0,0.0,2812200.0,0.0
2025-03-24,명품,0.0,-53182.0,0.0,0.0,5546727.0,0.0
2025-03-24,뷰티,0.0,920273.0,391818.0,0.0,1611827.0,178000.0
2025-03-24,슈즈,2133864.0,441818.0,1732091.0,3258845.0,1507755.0,708773.0
2025-03-24,스포츠,191182.0,143545.0,432727.0,2329300.0,3400250.0,296364.0
2025-03-24,아웃도어,0.0,1058818.0,0.0,0.0,1320091.0,0.0
2025-03-24,여성,672545.0,561455.0,1760682.0,14254773.0,2354973.0,8705727.0
2025-03-24,잡화,1915655.0,686545.0,2297945.0,10825055.0,2212873.0,4433755.0
2025-03-24,키즈,0.0,238727.0,0.0,0.0,2616636.0,0.0
2025-03-25,골프,1410409.0,1744136.0,387455.0,5592909.0,2122373.0,1841282.0
2025-03-25,남성,7363300.0,-45291.0,1259927.0,21651182.0,5688782.0,8868555.0
2025-03-25,리빙,0.0,270727.0,0.0,0.0,1328955.0,0.0
2025-03-25,명품,0.0,122727.0,0.0,0.0,5188545.0,0.0
2025-03-25,뷰티,0.0,1073318.0,51818.0,0.0,2554200.0,122727.0
2025-03-25,슈즈,1696227.0,171818.0,693727.0,2515882.0,743691.0,244545.0
2025-03-25,스포츠,50455.0,320182.0,0.0,1383727.0,2363827.0,234545.0
2025-03-25,아웃도어,0.0,199091.0,0.0,0.0,1560909.0,0.0
2025-03-25,여성,4300991.0,-172464.0,-451682.0,15938182.0,1934500.0,954682.0
2025-03-25,잡화,3098036.0,696036.0,3234564.0,7988582.0,1381364.0,4817155.0
2025-03-25,키즈,0.0,173636.0,0.0,0.0,1845973.0,0.0
2025-03-26,골프,1783673.0,959645.0,230727.0,7085527.0,3565241.0,680436.0
2025-03-26,남성,5439736.0,345273.0,3421682.0,18523927.0,3140400.0,4973673.0
2025-03-26,리빙,0.0,627527.0,0.0,0.0,1844682.0,0.0
2025-03-26,명품,0.0,2608636.0,0.0,0.0,-174364.0,0.0
2025-03-26,뷰티,0.0,1268818.0,262000.0,0.0,2372755.0,103727.0
2025-03-26,슈즈,1267636.0,131818.0,61545.0,3113336.0,1458136.0,960091.0
2025-03-26,스포츠,385364.0,-138273.0,0.0,1498500.0,1466636.0,80909.0
2025-03-26,아웃도어,0.0,98618.0,0.0,0.0,1567859.0,0.0
2025-03-26,여성,-1680945.0,-305691.0,2875318.0,10043273.0,1558391.0,824409.0
2025-03-26,잡화,5743236.0,403636.0,4259136.0,8728873.0,292955.0,6090873.0
2025-03-26,키즈,0.0,46082.0,0.0,0.0,1783727.0,0.0
2025-03-27,골프,530600.0,1140800.0,120336.0,3008045.0,1410000.0,975427.0
2025-03-27,남성,10103973.0,200636.0,2935100.0,14146773.0,732336.0,4578055.0
2025-03-27,리빙,0.0,259818.0,0.0,0.0,1485382.0,0.0
2025-03-27,명품,0.0,1459091.0,0.0,0.0,10484255.0,0.0
2025-03-27,뷰티,0.0,544818.0,109091.0,0.0,1034909.0,28455.0
2025-03-27,슈즈,990345.0,500909.0,2080182.0,2808373.0,928482.0,526773.0
2025-03-27,스포츠,12727.0,794727.0,80909.0,1087182.0,435782.0,283727.0
2025-03-27,아웃도어,0.0,88182.0,0.0,0.0,11340236.0,0.0
2025-03-27,여성,3492136.0,332091.0,-864227.0,11589000.0,266927.0,1351045.0
2025-03-27,잡화,4031436.0,120045.0,3597473.0,9484545.0,808500.0,3275600.0
2025-03-27,키즈,0.0,135909.0,0.0,0.0,1696427.0,0.0
2025-03-28,골프,3047818.0,948509.0,792909.0,3566227.0,945091.0,2938218.0
2025-03-28,남성,4588327.0,898091.0,2241645.0,16426609.0,2392855.0,8630927.0
2025-03-28,리빙,0.0,-194545.0,0.0,0.0,2248736.0,0.0
2025-03-28,명품,0.0,1217545.0,0.0,0.0,8477345.0,0.0
2025-03-28,뷰티,0.0,494900.0,409091.0,0.0,1126055.0,0.0
2025-03-28,슈즈,1044818.0,389609.0,1080455.0,2396882.0,1252000.0,2519818.0
2025-03-28,스포츠,925636.0,1130000.0,144545.0,606818.0,1183100.0,80909.0
2025-03-28,아웃도어,0.0,170145.0,0.0,0.0,762236.0,0.0
2025-03-28,여성,4058736.0,349955.0,488455.0,16849527.0,1727874.0,5045500.0
2025-03-28,잡화,3761255.0,-8136.0,4093664.0,7553345.0,-454045.0,4036691.0
2025-03-28,키즈,0.0,156818.0,0.0,0.0,1709273.0,0.0
2025-03-29,골프,941000.0,739918.0,427964.0,4854991.0,6930218.0,1602773.0
2025-03-29,남성,6086445.0,544500.0,1823518.0,21598809.0,4339864.0,9001645.0
2025-03-29,리빙,0.0,823909.0,0.0,0.0,2174336.0,0.0
2025-03-29,명품,0.0,1750000.0,0.0,0.0,12447000.0,0.0
2025-03-29,뷰티,0.0,192273.0,139091.0,0.0,1477927.0,0.0
2025-03-29,슈즈,764273.0,313636.0,905818.0,1947364.0,934755.0,1139909.0
2025-03-29,스포츠,539209.0,397273.0,232909.0,917091.0,1053864.0,153636.0
2025-03-29,아웃도어,0.0,186455.0,0.0,0.0,1679109.0,0.0
2025-03-29,여성,3292800.0,2578818.0,2973136.0,12620564.0,8813378.0,8040409.0
2025-03-29,잡화,3465255.0,483409.0,3691345.0,9899000.0,1123364.0,5103691.0
2025-03-29,키즈,0.0,0.0,0.0,0.0,1045609.0,0.0
2025-03-30,골프,3083682.0,1464736.0,745564.0,6921045.0,10885555.0,1487364.0
2025-03-30,남성,4646100.0,245773.0,3781600.0,30945064.0,4450455.0,10286136.0
2025-03-30,리빙,0.0,538964.0,0.0,25273.0,1673700.0,0.0
2025-03-30,명품,0.0,1659091.0,0.0,0.0,13675500.0,0.0
2025-03-30,뷰티,0.0,1156182.0,25909.0,0.0,2230400.0,39091.0
2025-03-30,슈즈,1569482.0,829091.0,1529455.0,2603909.0,794364.0,1643364.0
2025-03-30,스포츠,403455.0,526727.0,0.0,1260000.0,1301482.0,279091.0
2025-03-30,아웃도어,0.0,212091.0,0.0,0.0,1371000.0,0.0
2025-03-30,여성,4054973.0,2029455.0,1103091.0,24654918.0,8364211.0,14196136.0
2025-03-30,잡화,3356509.0,3928227.0,3603455.0,13192891.0,1296882.0,6799700.0
2025-03-30,키즈,0.0,148545.0,0.0,0.0,1404155.0,0.0
2025-03-31,골프,1353091.0,366264.0,221182.0,7127064.0,4149882.0,1879100.0
2025-03-31,남성,5800200.0,29091.0,1738464.0,25755973.0,3714718.0,9908218.0
2025-03-31,리빙,0.0,1344255.0,0.0,0.0,2235855.0,0.0
2025-03-31,명품,0.0,1376182.0,0.0,0.0,-2236827.0,0.0
2025-03-31,뷰티,0.0,982727.0,218818.0,0.0,1875827.0,0.0
2025-03-31,슈즈,876173.0,1061436.0,818909.0,3171864.0,-52455.0,2085364.0
2025-03-31,스포츠,301545.0,247727.0,0.0,1230364.0,1206373.0,153636.0
2025-03-31,아웃도어,0.0,817236.0,0.0,0.0,-230973.0,0.0
2025-03-31,여성,4966955.0,176864.0,2231136.0,19687027.0,3563509.0,9905136.0
2025-03-31,잡화,3205818.0,75500.0,2083327.0,14024473.0,777109.0,5274818.0
2025-03-31,키즈,0.0,248091.0,0.0,0.0,1082636.0,0.0
2025-04-01,골프,-483882.0,1245045.0,498782.0,3398245.0,2543541.0,916055.0
2025-04-01,남성,3169218.0,693000.0,-944209.0,9412627.0,5116991.0,3883691.0
2025-04-01,리빙,0.0,-491455.0,0.0,0.0,2838955.0,0.0
2025-04-01,명품,0.0,3257273.0,0.0,0.0,16317682.0,0.0
2025-04-01,뷰티,0.0,340091.0,143636.0,0.0,2675582.0,0.0
2025-04-01,슈즈,860709.0,255818.0,856636.0,2163636.0,1008891.0,313909.0
2025-04-01,스포츠,838000.0,150091.0,299091.0,1187182.0,3244300.0,216364.0
2025-04-01,아웃도어,0.0,175455.0,0.0,0.0,1321255.0,0.0
2025-04-01,여성,3699518.0,1104318.0,-2748409.0,12279455.0,2234627.0,-1057636.0
2025-04-01,잡화,2346018.0,-359045.0,2141436.0,9701527.0,292182.0,5258445.0
2025-04-01,키즈,0.0,125700.0,0.0,0.0,769727.0,0.0
2025-04-02,골프,1107909.0,428009.0,220909.0,3898964.0,2071545.0,871336.0
2025-04-02,남성,4727527.0,183909.0,-709073.0,20546809.0,5041800.0,6042409.0
2025-04-02,리빙,0.0,432273.0,0.0,0.0,1994582.0,0.0
2025-04-02,명품,0.0,353182.0,0.0,0.0,9655273.0,0.0
2025-04-02,뷰티,0.0,1019955.0,0.0,0.0,2384445.0,210364.0
2025-04-02,슈즈,1502845.0,-475455.0,424000.0,3825918.0,84091.0,869182.0
2025-04-02,스포츠,367091.0,634455.0,478182.0,2019091.0,2981518.0,161818.0
2025-04-02,아웃도어,0.0,619873.0,0.0,0.0,2958855.0,0.0
2025-04-02,여성,1752345.0,816591.0,-513182.0,22705573.0,4857311.0,7395091.0
2025-04-02,잡화,2633909.0,125127.0,3273727.0,13080882.0,3320536.0,6239145.0
2025-04-02,키즈,0.0,219818.0,0.0,0.0,1928609.0,0.0
2025-04-03,골프,1546391.0,1521264.0,-55264.0,4974645.0,3170282.0,782400.0
2025-04-03,남성,3619436.0,534864.0,3570336.0,21801636.0,3551200.0,4981036.0
2025-04-03,리빙,0.0,89455.0,0.0,0.0,2551527.0,0.0
2025-04-03,명품,0.0,181909.0,0.0,0.0,10218591.0,0.0
2025-04-03,뷰티,0.0,1104964.0,89273.0,0.0,1615259.0,196364.0
2025-04-03,슈즈,1083573.0,0.0,709091.0,3466209.0,1072182.0,1276455.0
2025-04-03,스포츠,146182.0,0.0,522727.0,912091.0,576582.0,-153636.0
2025-04-03,아웃도어,0.0,470909.0,0.0,0.0,580727.0,0.0
2025-04-03,여성,777409.0,712818.0,620182.0,20512945.0,2633727.0,7944091.0
2025-04-03,잡화,2761691.0,-228000.0,1730836.0,16269527.0,-705591.0,7277600.0
2025-04-03,키즈,0.0,194000.0,0.0,0.0,1268700.0,0.0
2025-04-04,골프,356636.0,1531518.0,789818.0,3942027.0,2837909.0,996091.0
2025-04-04,남성,2222700.0,117182.0,1837082.0,14915782.0,4722955.0,1591500.0
2025-04-04,리빙,0.0,144364.0,0.0,0.0,2874745.0,0.0
2025-04-04,명품,0.0,-42727.0,0.0,0.0,5437000.0,0.0
2025-04-04,뷰티,0.0,1326636.0,51091.0,0.0,2249736.0,0.0
2025-04-04,슈즈,1487436.0,0.0,2056273.0,2409945.0,332618.0,1091636.0
2025-04-04,스포츠,139091.0,371818.0,0.0,1314182.0,2230191.0,89182.0
2025-04-04,아웃도어,0.0,165727.0,0.0,0.0,1619491.0,0.0
2025-04-04,여성,2346273.0,110500.0,1956000.0,17913800.0,3312417.0,8379727.0
2025-04-04,잡화,1831891.0,171864.0,2163127.0,9982982.0,715864.0,5369491.0
2025-04-04,키즈,0.0,126727.0,0.0,0.0,800964.0,0.0
2025-04-05,골프,958509.0,778864.0,355064.0,6029191.0,6546064.0,2065209.0
2025-04-05,남성,2720491.0,650182.0,1315200.0,16540200.0,4980545.0,6068436.0
2025-04-05,리빙,0.0,228000.0,0.0,0.0,1072709.0,0.0
2025-04-05,명품,0.0,0.0,0.0,0.0,10393091.0,0.0
2025-04-05,뷰티,0.0,1257182.0,204545.0,0.0,1092818.0,28455.0
2025-04-05,슈즈,1084900.0,380000.0,790182.0,4883991.0,507227.0,1861364.0
2025-04-05,스포츠,476182.0,-1545.0,307273.0,1259909.0,1067091.0,153636.0
2025-04-05,아웃도어,0.0,484727.0,0.0,0.0,1265182.0,0.0
2025-04-05,여성,3028209.0,944182.0,-83273.0,19072700.0,6980936.0,10095000.0
2025-04-05,잡화,2170309.0,450436.0,311573.0,11891427.0,982018.0,8802000.0
2025-04-05,키즈,0.0,-79818.0,0.0,0.0,1357191.0,0.0
2025-04-06,골프,1770927.0,2637964.0,1051836.0,6663655.0,7306514.0,1629100.0
2025-04-06,남성,5396500.0,325182.0,3540964.0,31146727.0,4594473.0,14146591.0
2025-04-06,리빙,0.0,185273.0,0.0,0.0,2660791.0,0.0
2025-04-06,명품,0.0,3509000.0,0.0,0.0,6908182.0,0.0
2025-04-06,뷰티,0.0,519145.0,89273.0,0.0,1600545.0,0.0
2025-04-06,슈즈,2098127.0,-66364.0,832182.0,3753073.0,685300.0,3573727.0
2025-04-06,스포츠,0.0,327909.0,0.0,972545.0,1781500.0,407273.0
2025-04-06,아웃도어,0.0,153545.0,0.0,0.0,1227636.0,0.0
2025-04-06,여성,3842455.0,528364.0,910545.0,37655509.0,5059300.0,12475000.0
2025-04-06,잡화,2093818.0,411909.0,2553073.0,14221236.0,1499045.0,7041100.0
2025-04-06,키즈,0.0,40636.0,0.0,0.0,1262291.0,0.0
2025-04-07,골프,370945.0,2178091.0,460300.0,4259764.0,2399973.0,1526745.0
2025-04-07,남성,5847955.0,787545.0,1117936.0,20141718.0,8482282.0,8718145.0
2025-04-07,리빙,0.0,943000.0,0.0,0.0,2703600.0,0.0
2025-04-07,명품,0.0,1405000.0,0.0,0.0,946182.0,0.0
2025-04-07,뷰티,0.0,1904591.0,632182.0,0.0,1983132.0,30000.0
2025-04-07,슈즈,1037109.0,146364.0,1672273.0,2518782.0,1005682.0,2531636.0
2025-04-07,스포츠,546636.0,589364.0,-117091.0,1206364.0,1009318.0,81818.0
2025-04-07,아웃도어,0.0,578636.0,0.0,0.0,1161173.0,0.0
2025-04-07,여성,2839800.0,375036.0,2596182.0,21244527.0,-858273.0,4883682.0
2025-04-07,잡화,1876945.0,-45273.0,3631436.0,10098073.0,475645.0,4541382.0
2025-04-07,키즈,0.0,494173.0,0.0,0.0,1492518.0,0.0
2025-04-08,골프,1681055.0,335691.0,1796636.0,2121845.0,5615218.0,1682109.0
2025-04-08,남성,3684300.0,619291.0,2657009.0,22570636.0,4205536.0,8365636.0
2025-04-08,리빙,0.0,572909.0,0.0,0.0,2546495.0,0.0
2025-04-08,명품,0.0,414545.0,0.0,0.0,8692818.0,0.0
2025-04-08,뷰티,0.0,493909.0,532545.0,0.0,2654218.0,249545.0
2025-04-08,슈즈,1387318.0,414545.0,1235364.0,2014309.0,564909.0,1996909.0
2025-04-08,스포츠,825091.0,1042327.0,0.0,1335227.0,685273.0,-89182.0
2025-04-08,아웃도어,0.0,872364.0,0.0,525455.0,1576273.0,0.0
2025-04-08,여성,986773.0,-80545.0,1067545.0,17329027.0,2075889.0,1210818.0
2025-04-08,잡화,4754291.0,457436.0,3306455.0,10584218.0,385045.0,8040618.0
2025-04-08,키즈,0.0,321182.0,0.0,0.0,1599573.0,0.0
2025-04-09,골프,2310055.0,1397136.0,741727.0,6566873.0,2987586.0,3240582.0
2025-04-09,남성,4844800.0,325727.0,3322364.0,19735664.0,3971527.0,9615236.0
2025-04-09,리빙,0.0,1157000.0,0.0,0.0,1674073.0,0.0
2025-04-09,명품,0.0,1974000.0,0.0,0.0,7111727.0,0.0
2025-04-09,뷰티,0.0,1376545.0,225455.0,0.0,3069477.0,78182.0
2025-04-09,슈즈,1013264.0,321818.0,1738364.0,4197745.0,400818.0,2905818.0
2025-04-09,스포츠,246273.0,272273.0,380000.0,1266682.0,2127464.0,219364.0
2025-04-09,아웃도어,0.0,838182.0,0.0,0.0,3815727.0,0.0
2025-04-09,여성,3831809.0,373691.0,-189455.0,13712955.0,3128609.0,7923818.0
2025-04-09,잡화,2845418.0,393409.0,3881055.0,8740382.0,1335773.0,7901364.0
2025-04-09,키즈,0.0,134000.0,0.0,0.0,1325327.0,0.0
2025-04-10,골프,-194545.0,750491.0,1187809.0,3478573.0,2747732.0,1469318.0
2025-04-10,남성,4144909.0,185682.0,1617373.0,22073791.0,3320264.0,8660227.0
2025-04-10,리빙,0.0,973000.0,0.0,0.0,699109.0,0.0
2025-04-10,명품,0.0,312727.0,0.0,0.0,4981182.0,0.0
2025-04-10,뷰티,0.0,478273.0,120909.0,0.0,2367227.0,127273.0
2025-04-10,슈즈,1345118.0,319191.0,1583636.0,3247318.0,-364000.0,2586818.0
2025-04-10,스포츠,471909.0,341118.0,0.0,1112818.0,1287518.0,496455.0
2025-04-10,아웃도어,0.0,136091.0,0.0,0.0,2765582.0,0.0
2025-04-10,여성,3638136.0,-33518.0,1211000.0,17516191.0,1918127.0,2201364.0
2025-04-10,잡화,2939891.0,244545.0,2748382.0,10452836.0,65891.0,5664782.0
2025-04-10,키즈,0.0,9545.0,0.0,0.0,1006445.0,0.0
2025-04-11,골프,1028964.0,310673.0,0.0,4513864.0,3764991.0,2262182.0
2025-04-11,남성,6189855.0,-374136.0,178318.0,24114491.0,4147709.0,5648709.0
2025-04-11,리빙,0.0,489091.0,0.0,0.0,1569136.0,0.0
2025-04-11,명품,0.0,925364.0,0.0,0.0,6111636.0,0.0
2025-04-11,뷰티,0.0,617818.0,13636.0,0.0,1761882.0,0.0
2025-04-11,슈즈,1203727.0,335455.0,1459818.0,3273036.0,143909.0,2224818.0
2025-04-11,스포츠,328273.0,1479364.0,0.0,639273.0,1382736.0,606364.0
2025-04-11,아웃도어,0.0,173518.0,0.0,0.0,-1750864.0,0.0
2025-04-11,여성,2663864.0,-231909.0,1122182.0,15495682.0,1184823.0,6054364.0
2025-04-11,잡화,918673.0,115682.0,853864.0,4697273.0,485364.0,6434236.0
2025-04-11,키즈,0.0,228364.0,0.0,0.0,1080791.0,0.0
2025-04-12,골프,1699055.0,1913091.0,367318.0,4652682.0,8298014.0,1641145.0
2025-04-12,남성,4257864.0,363909.0,1675718.0,23601818.0,3937118.0,4153591.0
2025-04-12,리빙,0.0,718091.0,0.0,0.0,3295909.0,0.0
2025-04-12,명품,0.0,1598909.0,0.0,0.0,6354273.0,0.0
2025-04-12,뷰티,0.0,799909.0,97273.0,0.0,3111891.0,0.0
2025-04-12,슈즈,1370527.0,106364.0,581182.0,4150091.0,575209.0,1984100.0
2025-04-12,스포츠,165273.0,265182.0,0.0,866000.0,1826836.0,0.0
2025-04-12,아웃도어,0.0,194000.0,0.0,0.0,1950427.0,0.0
2025-04-12,여성,3462636.0,344909.0,464727.0,24810227.0,3127209.0,8317636.0
2025-04-12,잡화,1681945.0,189091.0,2107782.0,9772582.0,479636.0,5141209.0
2025-04-12,키즈,0.0,122627.0,0.0,0.0,1891845.0,0.0
2025-04-13,골프,1503364.0,1251545.0,145091.0,6821600.0,11713095.0,1624300.0
2025-04-13,남성,7943618.0,1331364.0,3623955.0,39395764.0,5423627.0,9429027.0
2025-04-13,리빙,0.0,586364.0,0.0,0.0,3353900.0,0.0
2025-04-13,명품,0.0,1076727.0,0.0,0.0,7416182.0,0.0
2025-04-13,뷰티,0.0,288455.0,248182.0,0.0,2591636.0,140000.0
2025-04-13,슈즈,1300918.0,252000.0,1595682.0,5457036.0,230000.0,2386136.0
2025-04-13,스포츠,328909.0,413364.0,0.0,1353545.0,2206964.0,0.0
2025-04-13,아웃도어,0.0,282909.0,0.0,0.0,2512345.0,0.0
2025-04-13,여성,4913409.0,297955.0,1569455.0,28083364.0,3902891.0,13708318.0
2025-04-13,잡화,2023727.0,31909.0,1222255.0,12259873.0,570182.0,8584891.0
2025-04-13,키즈,0.0,305673.0,0.0,0.0,703464.0,0.0
2025-04-14,골프,1217818.0,1401464.0,605882.0,5596936.0,2123364.0,2079155.0
2025-04-14,남성,4995609.0,143909.0,4296136.0,15629682.0,3893564.0,7828291.0
2025-04-14,리빙,0.0,843091.0,0.0,0.0,3174964.0,0.0
2025-04-14,명품,0.0,569091.0,0.0,0.0,10072455.0,0.0
2025-04-14,뷰티,0.0,903045.0,281818.0,0.0,2324409.0,-24545.0
2025-04-14,슈즈,2064036.0,132727.0,789000.0,4158709.0,609864.0,-1228182.0
2025-04-14,스포츠,208636.0,171727.0,0.0,1817182.0,2673918.0,90000.0
2025-04-14,아웃도어,0.0,354545.0,0.0,0.0,-32455.0,0.0
2025-04-14,여성,1336000.0,295000.0,300364.0,9737055.0,533846.0,2774909.0
2025-04-14,잡화,1803582.0,233636.0,4157345.0,10258400.0,1288500.0,7413036.0
2025-04-14,키즈,0.0,163818.0,0.0,0.0,971682.0,0.0
2025-04-15,골프,1635818.0,1733909.0,252264.0,4161418.0,3340691.0,930718.0
2025-04-15,남성,3304109.0,707800.0,1786155.0,11557764.0,3215150.0,5594582.0
2025-04-15,리빙,0.0,615273.0,0.0,0.0,2166136.0,0.0
2025-04-15,명품,0.0,549545.0,0.0,0.0,2324364.0,0.0
2025-04-15,뷰티,0.0,1160318.0,0.0,0.0,1724764.0,60000.0
2025-04-15,슈즈,781818.0,143636.0,996182.0,5432927.0,-106364.0,450964.0
2025-04-15,스포츠,49636.0,668000.0,0.0,1237727.0,1385100.0,0.0
2025-04-15,아웃도어,0.0,276364.0,0.0,0.0,1248582.0,0.0
2025-04-15,여성,8046727.0,1033909.0,-813091.0,16427227.0,1722855.0,5364545.0
2025-04-15,잡화,2571364.0,208864.0,2505236.0,11703455.0,4424227.0,6495691.0
2025-04-15,키즈,0.0,173273.0,0.0,0.0,1559955.0,0.0
2025-04-16,골프,1346400.0,-29773.0,205909.0,2826791.0,3083009.0,645864.0
2025-04-16,남성,2450909.0,423127.0,2716573.0,16819109.0,3780100.0,8341627.0
2025-04-16,리빙,0.0,-248745.0,0.0,0.0,2606455.0,0.0
2025-04-16,명품,0.0,1040909.0,0.0,0.0,3709045.0,0.0
2025-04-16,뷰티,0.0,505364.0,0.0,0.0,2476327.0,138182.0
2025-04-16,슈즈,2155345.0,158182.0,1183100.0,3306836.0,321727.0,1630818.0
2025-04-16,스포츠,-70364.0,180818.0,380000.0,659727.0,619155.0,0.0
2025-04-16,아웃도어,0.0,606455.0,0.0,0.0,455282.0,0.0
2025-04-16,여성,2192955.0,324136.0,774909.0,18217000.0,2258173.0,-440182.0
2025-04-16,잡화,3425164.0,326136.0,3897327.0,11736791.0,4152227.0,7582727.0
2025-04-16,키즈,0.0,312409.0,0.0,0.0,1521309.0,0.0
2025-04-17,골프,1680255.0,864364.0,526091.0,4369918.0,1289118.0,1092518.0
2025-04-17,남성,6460045.0,69818.0,-329627.0,11355909.0,3899264.0,4932027.0
2025-04-17,리빙,0.0,533182.0,0.0,0.0,1552727.0,0.0
2025-04-17,명품,0.0,2198909.0,0.0,0.0,28046455.0,0.0
2025-04-17,뷰티,0.0,796227.0,91818.0,0.0,1983291.0,46818.0
2025-04-17,슈즈,1619127.0,187791.0,1058182.0,4137309.0,414545.0,1368318.0
2025-04-17,스포츠,347000.0,224664.0,0.0,1737364.0,1462491.0,266455.0
2025-04-17,아웃도어,0.0,369727.0,0.0,0.0,3358636.0,0.0
2025-04-17,여성,3523364.0,553182.0,152000.0,11586955.0,184591.0,1730682.0
2025-04-17,잡화,2907709.0,751727.0,2684673.0,7819555.0,1829455.0,9695555.0
2025-04-17,키즈,0.0,97864.0,0.0,0.0,987027.0,0.0
2025-04-18,골프,1313555.0,623900.0,-128682.0,3711200.0,4346564.0,739391.0
2025-04-18,남성,1816636.0,164182.0,2265345.0,13935582.0,6440318.0,4969109.0
2025-04-18,리빙,0.0,336000.0,0.0,0.0,1222273.0,0.0
2025-04-18,명품,0.0,-667182.0,0.0,0.0,8798182.0,0.0
2025-04-18,뷰티,0.0,1122955.0,167955.0,0.0,1019836.0,156364.0
2025-04-18,슈즈,1284682.0,195364.0,577345.0,5801155.0,-322727.0,2929191.0
2025-04-18,스포츠,185455.0,115000.0,0.0,851000.0,955973.0,406455.0
2025-04-18,아웃도어,0.0,12182.0,0.0,0.0,4827245.0,0.0
2025-04-18,여성,2637409.0,206409.0,695909.0,19732945.0,2180445.0,4042727.0
2025-04-18,잡화,1698091.0,-6364.0,2460955.0,8640255.0,-668545.0,5737545.0
2025-04-18,키즈,0.0,147909.0,0.0,0.0,1897500.0,0.0
2025-04-19,골프,1773782.0,1608236.0,390227.0,4850127.0,9660718.0,2994918.0
2025-04-19,남성,2364409.0,285818.0,2419882.0,15210236.0,4467527.0,9472782.0
2025-04-19,리빙,0.0,318727.0,0.0,0.0,2173407.0,0.0
2025-04-19,명품,0.0,462727.0,0.0,0.0,6508818.0,0.0
2025-04-19,뷰티,0.0,418364.0,19636.0,0.0,2189682.0,19636.0
2025-04-19,슈즈,1852582.0,361818.0,1563745.0,4924191.0,144545.0,1706691.0
2025-04-19,스포츠,183091.0,1050545.0,0.0,610727.0,1551291.0,-10000.0
2025-04-19,아웃도어,0.0,145545.0,0.0,0.0,1922418.0,0.0
2025-04-19,여성,2449818.0,337273.0,2089727.0,26828273.0,3613409.0,1797091.0
2025-04-19,잡화,1879800.0,0.0,2887009.0,9510127.0,819045.0,8084000.0
2025-04-19,키즈,0.0,151818.0,0.0,0.0,1318855.0,0.0
2025-04-20,골프,1137000.0,1663755.0,143200.0,6957436.0,14078591.0,2546564.0
2025-04-20,남성,4191591.0,182818.0,2576291.0,26839627.0,8118091.0,14058782.0
2025-04-20,리빙,0.0,312455.0,0.0,0.0,2761527.0,0.0
2025-04-20,명품,0.0,1148818.0,0.0,0.0,4457000.0,0.0
2025-04-20,뷰티,0.0,275364.0,219091.0,0.0,2026909.0,218182.0
2025-04-20,슈즈,891109.0,583636.0,1492000.0,6924455.0,640818.0,5095636.0
2025-04-20,스포츠,84364.0,900364.0,0.0,964273.0,2326436.0,62727.0
2025-04-20,아웃도어,0.0,70000.0,0.0,0.0,1203473.0,0.0
2025-04-20,여성,1446136.0,549727.0,941000.0,35199409.0,2762991.0,10829091.0
2025-04-20,잡화,2413473.0,101500.0,2354364.0,13361000.0,839364.0,10400500.0
2025-04-20,키즈,0.0,87182.0,0.0,0.0,1335582.0,0.0
2025-04-21,골프,1233818.0,1119545.0,399727.0,6120918.0,6146600.0,681618.0
2025-04-21,남성,2378309.0,116227.0,164091.0,18068591.0,3369527.0,10812818.0
2025-04-21,리빙,0.0,796045.0,0.0,0.0,2927118.0,0.0
2025-04-21,명품,0.0,551182.0,0.0,0.0,7462909.0,0.0
2025-04-21,뷰티,0.0,674273.0,207636.0,0.0,2478264.0,-38636.0
2025-04-21,슈즈,1720327.0,91455.0,743809.0,4038545.0,772909.0,1872564.0
2025-04-21,스포츠,338455.0,469182.0,0.0,1488000.0,902145.0,0.0
2025-04-21,아웃도어,0.0,350636.0,0.0,0.0,1093164.0,0.0
2025-04-21,여성,1791273.0,336045.0,2595682.0,15578136.0,1934341.0,5642273.0
2025-04-21,잡화,2605164.0,155164.0,5888155.0,11268091.0,843509.0,10357273.0
2025-04-21,키즈,0.0,48455.0,0.0,0.0,3732482.0,0.0
2025-04-22,골프,1228955.0,1932164.0,1016245.0,3698109.0,1828273.0,2049573.0
2025-04-22,남성,3153827.0,141636.0,725155.0,10553191.0,5254086.0,13057309.0
2025-04-22,리빙,0.0,346364.0,0.0,0.0,2218364.0,0.0
2025-04-22,명품,0.0,623727.0,0.0,0.0,7959545.0,0.0
2025-04-22,뷰티,0.0,1079182.0,50182.0,0.0,1883232.0,12000.0
2025-04-22,슈즈,2139945.0,117273.0,576655.0,1893918.0,131818.0,2580727.0
2025-04-22,스포츠,390909.0,392564.0,0.0,940636.0,1083773.0,-221818.0
2025-04-22,아웃도어,0.0,1114455.0,0.0,0.0,-2019191.0,0.0
2025-04-22,여성,-92045.0,-123455.0,604955.0,7092909.0,-355609.0,4575364.0
2025-04-22,잡화,3506673.0,-32455.0,3207145.0,9730118.0,-61591.0,10114255.0
2025-04-22,키즈,0.0,215273.0,0.0,0.0,1725682.0,0.0
2025-04-23,골프,1641327.0,666818.0,930682.0,5607609.0,4263173.0,2591918.0
2025-04-23,남성,3706445.0,464236.0,3773000.0,13920055.0,3846473.0,12042545.0
2025-04-23,리빙,0.0,119818.0,0.0,0.0,1734700.0,0.0
2025-04-23,명품,0.0,589000.0,0.0,0.0,5610545.0,0.0
2025-04-23,뷰티,0.0,498364.0,30545.0,0.0,2988936.0,234545.0
2025-04-23,슈즈,1403182.0,201818.0,130536.0,7959291.0,596364.0,997100.0
2025-04-23,스포츠,-237545.0,838455.0,-452727.0,1400091.0,2721636.0,0.0
2025-04-23,아웃도어,0.0,337518.0,0.0,0.0,1176664.0,0.0
2025-04-23,여성,998545.0,1316836.0,2155273.0,13300727.0,2666218.0,-47409.0
2025-04-23,잡화,2678191.0,135364.0,4882282.0,8496491.0,731182.0,8136027.0
2025-04-23,키즈,0.0,110909.0,0.0,0.0,2028727.0,0.0
2025-04-24,골프,1590000.0,439727.0,500464.0,1125273.0,815500.0,-1062236.0
2025-04-24,남성,1491155.0,195455.0,3640564.0,15654964.0,2667782.0,8620491.0
2025-04-24,리빙,0.0,918909.0,0.0,0.0,538000.0,0.0
2025-04-24,명품,0.0,6771364.0,0.0,0.0,3571182.0,0.0
2025-04-24,뷰티,0.0,618909.0,39273.0,0.0,2192614.0,112000.0
2025-04-24,슈즈,1270091.0,369455.0,1857473.0,4336773.0,-6091.0,1811345.0
2025-04-24,스포츠,318818.0,1454727.0,0.0,478364.0,985255.0,158182.0
2025-04-24,아웃도어,0.0,940727.0,0.0,0.0,3474873.0,0.0
2025-04-24,여성,2372545.0,1922036.0,3093545.0,18232682.0,1724391.0,4042409.0
2025-04-24,잡화,1878673.0,417318.0,3052673.0,7593000.0,3777009.0,8062100.0
2025-04-24,키즈,0.0,71455.0,0.0,0.0,3077100.0,0.0
2025-04-25,골프,1168755.0,92182.0,311509.0,5574636.0,2051255.0,2197264.0
2025-04-25,남성,5715745.0,566273.0,2991300.0,10492591.0,2774427.0,4296882.0
2025-04-25,리빙,0.0,316818.0,0.0,0.0,1358636.0,0.0
2025-04-25,명품,0.0,440000.0,0.0,0.0,3797727.0,0.0
2025-04-25,뷰티,0.0,525455.0,63182.0,0.0,2628841.0,274091.0
2025-04-25,슈즈,1326255.0,143636.0,1253745.0,3632336.0,540545.0,1398273.0
2025-04-25,스포츠,126909.0,324545.0,0.0,470364.0,1515073.0,99091.0
2025-04-25,아웃도어,0.0,97364.0,0.0,0.0,1007545.0,0.0
2025-04-25,여성,3332182.0,455818.0,1163500.0,7402773.0,1462492.0,1461818.0
2025-04-25,잡화,4601800.0,236091.0,4293418.0,8670918.0,284818.0,4429118.0
2025-04-25,키즈,0.0,268727.0,0.0,0.0,1806236.0,0.0
2025-04-26,골프,1654182.0,1318309.0,328618.0,3137645.0,7637200.0,2968791.0
2025-04-26,남성,6894473.0,825182.0,505364.0,17975718.0,5436827.0,8436600.0
2025-04-26,리빙,0.0,458182.0,0.0,0.0,2188378.0,0.0
2025-04-26,명품,0.0,1040818.0,0.0,0.0,9401364.0,0.0
2025-04-26,뷰티,0.0,886509.0,0.0,0.0,1372864.0,39091.0
2025-04-26,슈즈,1036391.0,562182.0,1148609.0,3944473.0,990209.0,2269700.0
2025-04-26,스포츠,145091.0,744927.0,0.0,951364.0,1812273.0,298182.0
2025-04-26,아웃도어,0.0,245455.0,0.0,0.0,968018.0,0.0
2025-04-26,여성,3750545.0,889636.0,1160500.0,15419455.0,1920673.0,3491591.0
2025-04-26,잡화,1374382.0,146482.0,2933127.0,8070073.0,379364.0,5175191.0
2025-04-26,키즈,0.0,105500.0,0.0,0.0,2342464.0,0.0
2025-04-27,골프,2381509.0,284518.0,776636.0,7738382.0,6998109.0,4133836.0
2025-04-27,남성,5658227.0,225727.0,1844864.0,40209573.0,5162136.0,15719336.0
2025-04-27,리빙,0.0,406818.0,0.0,0.0,2658093.0,0.0
2025-04-27,명품,0.0,1732182.0,0.0,0.0,4743182.0,0.0
2025-04-27,뷰티,0.0,779636.0,50091.0,0.0,1614182.0,44364.0
2025-04-27,슈즈,1098282.0,292727.0,2645255.0,5115600.0,788091.0,2512664.0
2025-04-27,스포츠,26818.0,913273.0,44545.0,979182.0,2208727.0,333636.0
2025-04-27,아웃도어,0.0,800273.0,0.0,0.0,1453500.0,0.0
2025-04-27,여성,5554455.0,791709.0,3291909.0,30284318.0,2501245.0,13037955.0
2025-04-27,잡화,2970800.0,250364.0,5657445.0,11857364.0,848527.0,11550055.0
2025-04-27,키즈,0.0,56364.0,0.0,0.0,2507555.0,0.0
2025-04-28,골프,1534909.0,814300.0,744873.0,2753545.0,1463673.0,2443509.0
2025-04-28,남성,4082009.0,710500.0,211264.0,16333191.0,4032055.0,10171445.0
2025-04-28,리빙,0.0,618044.0,0.0,0.0,2496971.0,0.0
2025-04-28,명품,0.0,951818.0,0.0,0.0,10666909.0,0.0
2025-04-28,뷰티,0.0,765900.0,19636.0,0.0,1750818.0,266000.0
2025-04-28,슈즈,1593636.0,-190909.0,1418664.0,2754336.0,623000.0,2233136.0
2025-04-28,스포츠,383636.0,242909.0,0.0,204818.0,1303473.0,370909.0
2025-04-28,아웃도어,0.0,729455.0,0.0,0.0,2085500.0,0.0
2025-04-28,여성,4758727.0,227864.0,586545.0,18271455.0,2449891.0,2877545.0
2025-04-28,잡화,3350636.0,736500.0,4687909.0,9499445.0,2504500.0,6145327.0
2025-04-28,키즈,0.0,536145.0,0.0,0.0,1093518.0,0.0
2025-04-29,골프,1100418.0,1140182.0,597055.0,3008445.0,3510795.0,1319436.0
2025-04-29,남성,4385500.0,555136.0,2907645.0,14916491.0,4199945.0,9180836.0
2025-04-29,리빙,0.0,604727.0,0.0,0.0,2847644.0,0.0
2025-04-29,명품,0.0,116364.0,0.0,0.0,2870909.0,0.0
2025-04-29,뷰티,0.0,875436.0,30000.0,0.0,1576518.0,96000.0
2025-04-29,슈즈,949218.0,230909.0,997836.0,2875782.0,-165909.0,2474745.0
2025-04-29,스포츠,90000.0,429582.0,451818.0,1131273.0,1321618.0,179091.0
2025-04-29,아웃도어,0.0,1286364.0,0.0,0.0,1853627.0,0.0
2025-04-29,여성,1229318.0,331836.0,2712000.0,13331000.0,3156864.0,5621045.0
2025-04-29,잡화,4124109.0,0.0,5727718.0,9652764.0,998818.0,8556218.0
2025-04-29,키즈,0.0,33818.0,0.0,0.0,310518.0,0.0
2025-04-30,골프,585764.0,840255.0,1324091.0,2447255.0,3833273.0,1562209.0
2025-04-30,남성,5723418.0,464191.0,2923818.0,19915364.0,2098255.0,11835709.0
2025-04-30,리빙,0.0,525636.0,0.0,0.0,1191864.0,0.0
2025-04-30,명품,0.0,3162091.0,0.0,0.0,5954636.0,0.0
2025-04-30,뷰티,0.0,646636.0,205091.0,0.0,2012591.0,0.0
2025-04-30,슈즈,1115300.0,-143636.0,1684664.0,5580155.0,27818.0,1981545.0
2025-04-30,스포츠,245273.0,120727.0,0.0,724545.0,1699291.0,0.0
2025-04-30,아웃도어,0.0,504636.0,0.0,0.0,1520145.0,0.0
2025-04-30,여성,2781364.0,554091.0,1865091.0,10844364.0,730486.0,9452364.0
2025-04-30,잡화,4691436.0,387927.0,5231509.0,6653209.0,336000.0,8346800.0
2025-04-30,키즈,0.0,7455.0,0.0,0.0,1025591.0,0.0
2025-05-01,골프,366636.0,3638382.0,1417227.0,5050955.0,4737609.0,1433055.0
2025-05-01,남성,7578345.0,426727.0,3965455.0,24331600.0,3510082.0,10798564.0
2025-05-01,리빙,0.0,313673.0,0.0,0.0,2705887.0,0.0
2025-05-01,명품,0.0,1539909.0,0.0,0.0,17266273.0,0.0
2025-05-01,뷰티,0.0,699273.0,51273.0,0.0,2294927.0,43636.0
2025-05-01,슈즈,2719755.0,364182.0,3011300.0,3876300.0,1188182.0,3726055.0
2025-05-01,스포츠,293727.0,429727.0,0.0,999818.0,2726800.0,71818.0
2025-05-01,아웃도어,0.0,313091.0,0.0,0.0,3441045.0,0.0
2025-05-01,여성,2761955.0,2650909.0,2672636.0,23051636.0,3779709.0,12741136.0
2025-05-01,잡화,3805873.0,61818.0,4501745.0,12342145.0,487636.0,10525709.0
2025-05-01,키즈,0.0,35455.0,0.0,0.0,866864.0,0.0
2025-05-02,골프,634309.0,23109.0,677273.0,3922436.0,1628127.0,2771264.0
2025-05-02,남성,5233882.0,483909.0,2601318.0,16295300.0,1008873.0,5944455.0
2025-05-02,리빙,0.0,814636.0,0.0,0.0,2298927.0,0.0
2025-05-02,명품,0.0,1034364.0,0.0,0.0,-5221909.0,0.0
2025-05-02,뷰티,0.0,803091.0,89455.0,0.0,2937718.0,0.0
2025-05-02,슈즈,2667064.0,373636.0,2075936.0,4345509.0,1443818.0,1023718.0
2025-05-02,스포츠,517455.0,291182.0,0.0,1117000.0,478455.0,90000.0
2025-05-02,아웃도어,0.0,577509.0,0.0,0.0,1756300.0,0.0
2025-05-02,여성,2013818.0,-132545.0,3858273.0,5743136.0,437645.0,3464682.0
2025-05-02,잡화,5484945.0,266364.0,4436391.0,9284818.0,310545.0,8431145.0
2025-05-02,키즈,0.0,0.0,0.0,0.0,615273.0,0.0
2025-05-03,골프,2159645.0,2092355.0,593182.0,4026545.0,4272582.0,1856145.0
2025-05-03,남성,5713073.0,573000.0,2014500.0,20160664.0,2621400.0,7654455.0
2025-05-03,리빙,0.0,510473.0,0.0,0.0,969455.0,0.0
2025-05-03,명품,0.0,1453636.0,0.0,0.0,3898182.0,0.0
2025-05-03,뷰티,0.0,1133727.0,157091.0,0.0,2610736.0,78182.0
2025-05-03,슈즈,2436682.0,0.0,1094936.0,2501000.0,275064.0,893436.0
2025-05-03,스포츠,101182.0,713091.0,0.0,587091.0,968091.0,153636.0
2025-05-03,아웃도어,0.0,515000.0,0.0,0.0,2636636.0,0.0
2025-05-03,여성,3174545.0,1189545.0,1895136.0,26087091.0,3060400.0,10080727.0
2025-05-03,잡화,3894709.0,28182.0,3189009.0,8350818.0,1114409.0,8002418.0
2025-05-03,키즈,0.0,261755.0,0.0,0.0,794782.0,0.0
2025-05-04,골프,769300.0,697736.0,618364.0,2990382.0,5190491.0,1739791.0
2025-05-04,남성,3132864.0,238455.0,1227545.0,17441282.0,1897318.0,7568773.0
2025-05-04,리빙,0.0,369818.0,0.0,0.0,627455.0,0.0
2025-05-04,명품,0.0,2192636.0,0.0,0.0,9283182.0,0.0
2025-05-04,뷰티,0.0,1232091.0,30545.0,0.0,2417491.0,78182.0
2025-05-04,슈즈,1497273.0,270909.0,2929718.0,3315573.0,490091.0,1580618.0
2025-05-04,스포츠,579182.0,311545.0,0.0,828091.0,1724582.0,0.0
2025-05-04,아웃도어,0.0,119727.0,0.0,0.0,3256855.0,0.0
2025-05-04,여성,5751000.0,447091.0,978000.0,18650273.0,2144309.0,9244091.0
2025-05-04,잡화,3504709.0,0.0,2717473.0,8679564.0,3364973.0,8579518.0
2025-05-04,키즈,0.0,135727.0,0.0,0.0,869455.0,0.0
2025-05-05,골프,701545.0,659664.0,988364.0,4174682.0,7437173.0,2176282.0
2025-05-05,남성,4062591.0,250091.0,1083318.0,19372473.0,2724136.0,8580973.0
2025-05-05,리빙,0.0,267636.0,0.0,0.0,1174371.0,0.0
2025-05-05,명품,0.0,355455.0,0.0,0.0,4372818.0,0.0
2025-05-05,뷰티,0.0,1242273.0,167273.0,0.0,3237168.0,30000.0
2025-05-05,슈즈,1622636.0,218182.0,2385282.0,3231055.0,608509.0,1183782.0
2025-05-05,스포츠,343182.0,9091.0,0.0,1096727.0,1283818.0,-108182.0
2025-05-05,아웃도어,0.0,1237173.0,0.0,0.0,9658555.0,0.0
2025-05-05,여성,3055273.0,754636.0,1364818.0,18721455.0,3390727.0,4175227.0
2025-05-05,잡화,1359564.0,59027.0,2817073.0,13213945.0,1729691.0,9263064.0
2025-05-05,키즈,0.0,-49545.0,0.0,0.0,943500.0,0.0
2025-05-06,골프,884000.0,1780191.0,116964.0,5513073.0,8135927.0,2878827.0
2025-05-06,남성,1990855.0,265327.0,3082636.0,21287464.0,5157844.0,12263955.0
2025-05-06,리빙,0.0,125455.0,0.0,0.0,2083556.0,0.0
2025-05-06,명품,0.0,1357273.0,0.0,0.0,2352364.0,0.0
2025-05-06,뷰티,0.0,1124636.0,170182.0,0.0,3017164.0,102545.0
2025-05-06,슈즈,1468318.0,43209.0,716209.0,1561527.0,267682.0,2740955.0
2025-05-06,스포츠,-27273.0,432545.0,0.0,783909.0,2816564.0,226364.0
2025-05-06,아웃도어,0.0,1185727.0,0.0,0.0,10579391.0,0.0
2025-05-06,여성,1587318.0,596500.0,1782182.0,22953455.0,3037245.0,11244182.0
2025-05-06,잡화,1696273.0,200282.0,3599909.0,11581455.0,369545.0,11376664.0
2025-05-06,키즈,0.0,24545.0,0.0,0.0,1524464.0,0.0
2025-05-07,골프,1945182.0,984645.0,173273.0,7618564.0,784436.0,1826727.0
2025-05-07,남성,6437245.0,-100091.0,4632864.0,13819445.0,977800.0,14479882.0
2025-05-07,리빙,0.0,300455.0,0.0,0.0,751636.0,0.0
2025-05-07,명품,0.0,1933000.0,0.0,0.0,1152818.0,0.0
2025-05-07,뷰티,0.0,1213827.0,167636.0,0.0,2348509.0,32727.0
2025-05-07,슈즈,1699136.0,266000.0,1329464.0,3773555.0,920573.0,1649082.0
2025-05-07,스포츠,181182.0,-80818.0,144545.0,1902545.0,915564.0,0.0
2025-05-07,아웃도어,0.0,256000.0,0.0,0.0,1583182.0,0.0
2025-05-07,여성,4012000.0,353573.0,2604864.0,18923591.0,-1226727.0,9945955.0
2025-05-07,잡화,4382055.0,134500.0,3742900.0,7955709.0,1317273.0,5765200.0
2025-05-07,키즈,0.0,50727.0,0.0,0.0,770818.0,0.0
2025-05-08,골프,602564.0,468300.0,703582.0,2925100.0,2762418.0,1899318.0
2025-05-08,남성,2899536.0,20727.0,3919455.0,18942909.0,978627.0,4882409.0
2025-05-08,리빙,0.0,1432273.0,0.0,25273.0,1626991.0,0.0
2025-05-08,명품,0.0,1655545.0,0.0,0.0,7243818.0,0.0
2025-05-08,뷰티,0.0,1654182.0,386727.0,0.0,2672918.0,24000.0
2025-05-08,슈즈,1534455.0,152727.0,1480964.0,3534455.0,373064.0,1420591.0
2025-05-08,스포츠,233682.0,617273.0,80909.0,1208755.0,1526464.0,0.0
2025-05-08,아웃도어,0.0,726827.0,0.0,0.0,687664.0,0.0
2025-05-08,여성,1292955.0,-80455.0,1382545.0,13638318.0,-1504473.0,3045091.0
2025-05-08,잡화,5242436.0,498182.0,7153545.0,7085127.0,325864.0,6800527.0
2025-05-08,키즈,0.0,60073.0,0.0,0.0,144991.0,0.0
2025-05-09,골프,465900.0,1004364.0,16818.0,2499527.0,1910264.0,1904255.0
2025-05-09,남성,2472509.0,89636.0,5468727.0,8205464.0,-472236.0,10622118.0
2025-05-09,리빙,0.0,799836.0,0.0,0.0,1561727.0,0.0
2025-05-09,명품,0.0,429545.0,0.0,0.0,-374273.0,0.0
2025-05-09,뷰티,0.0,1216782.0,0.0,0.0,1813682.0,226364.0
2025-05-09,슈즈,1341300.0,-152727.0,2553655.0,2519727.0,323636.0,3427818.0
2025-05-09,스포츠,131000.0,226182.0,153636.0,1373818.0,1534564.0,80909.0
2025-05-09,아웃도어,0.0,-459818.0,0.0,0.0,-86455.0,0.0
2025-05-09,여성,3293409.0,292455.0,-629227.0,10461545.0,1792273.0,1013955.0
2025-05-09,잡화,3048036.0,76155.0,4992200.0,6944509.0,202273.0,7707018.0
2025-05-09,키즈,0.0,0.0,0.0,0.0,451418.0,0.0
2025-05-10,골프,45818.0,1507055.0,913618.0,2143145.0,9025091.0,316255.0
2025-05-10,남성,1457909.0,140727.0,2845455.0,12277791.0,3080927.0,5195955.0
2025-05-10,리빙,0.0,1138182.0,0.0,0.0,1685909.0,0.0
2025-05-10,명품,0.0,538182.0,0.0,0.0,3614364.0,0.0
2025-05-10,뷰티,0.0,449709.0,108727.0,0.0,2246955.0,0.0
2025-05-10,슈즈,1092455.0,330000.0,2652609.0,2932727.0,551455.0,1594518.0
2025-05-10,스포츠,330364.0,317727.0,0.0,1406418.0,1529309.0,289909.0
2025-05-10,아웃도어,0.0,1041818.0,0.0,0.0,803455.0,0.0
2025-05-10,여성,843045.0,608364.0,4069864.0,11096409.0,1449600.0,5784500.0
2025-05-10,잡화,1881073.0,173864.0,2342527.0,7108218.0,390773.0,6595055.0
2025-05-10,키즈,0.0,196809.0,0.0,0.0,563591.0,0.0
2025-05-11,골프,1429936.0,1452618.0,1610873.0,2900236.0,5532473.0,3402982.0
2025-05-11,남성,2282273.0,342455.0,3213636.0,26714255.0,3639318.0,10310636.0
2025-05-11,리빙,0.0,185455.0,0.0,0.0,1145955.0,0.0
2025-05-11,명품,0.0,80909.0,0.0,0.0,1595636.0,0.0
2025-05-11,뷰티,0.0,632364.0,302727.0,0.0,2658145.0,0.0
2025-05-11,슈즈,1764591.0,-101818.0,2193018.0,4324618.0,920818.0,1679200.0
2025-05-11,스포츠,575182.0,549364.0,144545.0,2023482.0,1577036.0,411091.0
2025-05-11,아웃도어,0.0,142855.0,0.0,0.0,1107000.0,0.0
2025-05-11,여성,2184409.0,273136.0,5407909.0,23906591.0,2294009.0,15913182.0
2025-05-11,잡화,4017182.0,147727.0,2623164.0,11236200.0,445436.0,13378109.0
2025-05-11,키즈,0.0,328491.0,0.0,0.0,471409.0,0.0
2025-05-12,골프,1171636.0,291745.0,367200.0,5095018.0,46282.0,4143136.0
2025-05-12,남성,3616373.0,293909.0,2153409.0,16525018.0,1616364.0,6262627.0
2025-05-12,리빙,0.0,797727.0,0.0,0.0,5512355.0,0.0
2025-05-12,명품,0.0,110000.0,0.0,0.0,5029545.0,0.0
2025-05-12,뷰티,0.0,1415364.0,218364.0,0.0,2997109.0,108727.0
2025-05-12,슈즈,1016182.0,452545.0,2919164.0,4350436.0,480727.0,2994309.0
2025-05-12,스포츠,714273.0,678455.0,0.0,2050273.0,1441064.0,348364.0
2025-05-12,아웃도어,0.0,392727.0,0.0,0.0,481209.0,0.0
2025-05-12,여성,3405727.0,685800.0,1793773.0,7776909.0,198036.0,9314545.0
2025-05-12,잡화,2281618.0,-306182.0,5074691.0,6061309.0,623000.0,15022409.0
2025-05-12,키즈,0.0,0.0,0.0,0.0,562618.0,0.0
2025-05-13,골프,228782.0,2027045.0,450782.0,3255836.0,3387273.0,-336927.0
2025-05-13,남성,2722955.0,674364.0,4526073.0,13109327.0,2349473.0,7760355.0
2025-05-13,리빙,0.0,575273.0,0.0,0.0,2003545.0,0.0
2025-05-13,명품,0.0,1070545.0,0.0,0.0,11832727.0,0.0
2025-05-13,뷰티,0.0,674418.0,208727.0,0.0,2033873.0,58182.0
2025-05-13,슈즈,1178509.0,370545.0,3310509.0,2711582.0,-252727.0,6019564.0
2025-05-13,스포츠,118182.0,320073.0,191182.0,1324455.0,1892636.0,540818.0
2025-05-13,아웃도어,0.0,768609.0,0.0,0.0,763518.0,0.0
2025-05-13,여성,-157455.0,159909.0,1603818.0,2288591.0,757491.0,8018636.0
2025-05-13,잡화,3494327.0,35636.0,4452036.0,6500355.0,513864.0,6849282.0
2025-05-13,키즈,0.0,77273.0,0.0,0.0,631545.0,0.0
2025-05-14,골프,1403627.0,975836.0,2282327.0,6043082.0,2828209.0,1272609.0
2025-05-14,남성,4632973.0,626182.0,5427955.0,13834800.0,3676764.0,8172318.0
2025-05-14,리빙,0.0,360455.0,0.0,0.0,1907636.0,0.0
2025-05-14,명품,0.0,1432545.0,0.0,0.0,5010273.0,0.0
2025-05-14,뷰티,0.0,836182.0,306818.0,0.0,1701218.0,65455.0
2025-05-14,슈즈,1920427.0,53636.0,5617209.0,2295455.0,73955.0,8085264.0
2025-05-14,스포츠,145091.0,153182.0,161818.0,1689364.0,1500564.0,398273.0
2025-05-14,아웃도어,0.0,344455.0,0.0,0.0,1306091.0,0.0
2025-05-14,여성,5324091.0,194409.0,2468455.0,12707636.0,2099121.0,4449318.0
2025-05-14,잡화,3107236.0,88073.0,4619455.0,7541245.0,1440000.0,9228527.0
2025-05-14,키즈,0.0,167036.0,0.0,0.0,674055.0,0.0
2025-05-15,골프,806727.0,429745.0,302645.0,2188082.0,996909.0,1244545.0
2025-05-15,남성,3529209.0,-70364.0,2559818.0,8371773.0,1636018.0,6637636.0
2025-05-15,리빙,0.0,231818.0,0.0,0.0,2691909.0,0.0
2025-05-15,명품,0.0,-431273.0,0.0,0.0,-1327091.0,0.0
2025-05-15,뷰티,0.0,932936.0,470000.0,0.0,3893845.0,92727.0
2025-05-15,슈즈,1569891.0,126364.0,4470245.0,3772718.0,212364.0,7871045.0
2025-05-15,스포츠,-49545.0,312109.0,307273.0,1355000.0,2823982.0,572909.0
2025-05-15,아웃도어,0.0,251364.0,0.0,0.0,879036.0,0.0
2025-05-15,여성,4111000.0,144855.0,3927864.0,7989455.0,595864.0,4048500.0
2025-05-15,잡화,3729264.0,12273.0,3353836.0,5569873.0,287591.0,7831409.0
2025-05-15,키즈,0.0,78945.0,0.0,0.0,1052973.0,0.0
2025-05-16,골프,811591.0,1404891.0,575945.0,2015273.0,3341464.0,4581700.0
2025-05-16,남성,2152427.0,-27182.0,2217064.0,9062109.0,1792609.0,5266718.0
2025-05-16,리빙,0.0,482636.0,0.0,0.0,998155.0,0.0
2025-05-16,명품,0.0,448182.0,0.0,0.0,6490636.0,0.0
2025-05-16,뷰티,0.0,1331000.0,0.0,0.0,923764.0,19091.0
2025-05-16,슈즈,1554645.0,63109.0,3270436.0,3486709.0,151364.0,3133391.0
2025-05-16,스포츠,367182.0,106364.0,0.0,1292636.0,3876382.0,81818.0
2025-05-16,아웃도어,0.0,357909.0,0.0,0.0,2034445.0,0.0
2025-05-16,여성,2516545.0,41182.0,1780591.0,16711545.0,1393055.0,5531909.0
2025-05-16,잡화,3776545.0,144000.0,3530736.0,5601464.0,199909.0,6893291.0
2025-05-16,키즈,0.0,89909.0,0.0,0.0,1083136.0,0.0
2025-05-17,골프,1322782.0,902200.0,636545.0,2257373.0,3227364.0,611673.0
2025-05-17,남성,5369245.0,240818.0,3102273.0,16115273.0,3226091.0,6280282.0
2025-05-17,리빙,0.0,320727.0,0.0,0.0,1648127.0,0.0
2025-05-17,명품,0.0,3207455.0,0.0,0.0,7438864.0,0.0
2025-05-17,뷰티,0.0,1599509.0,18182.0,0.0,1566591.0,0.0
2025-05-17,슈즈,1489173.0,860182.0,2451864.0,2276100.0,619273.0,3046500.0
2025-05-17,스포츠,176909.0,214545.0,0.0,725909.0,3260564.0,54545.0
2025-05-17,아웃도어,0.0,288364.0,0.0,0.0,1343527.0,0.0
2025-05-17,여성,1358364.0,310818.0,650136.0,11079091.0,1538645.0,4458227.0
2025-05-17,잡화,3306864.0,218209.0,2746418.0,5241973.0,814409.0,6581364.0
2025-05-17,키즈,0.0,0.0,0.0,0.0,658655.0,0.0
2025-05-18,골프,949727.0,615918.0,460182.0,5675336.0,5245355.0,1201945.0
2025-05-18,남성,3848373.0,653182.0,4343545.0,21076327.0,3501309.0,10828318.0
2025-05-18,리빙,0.0,328182.0,0.0,0.0,1594273.0,0.0
2025-05-18,명품,0.0,1079091.0,0.0,0.0,4126273.0,0.0
2025-05-18,뷰티,0.0,1207364.0,0.0,0.0,2567436.0,112727.0
2025-05-18,슈즈,2409436.0,211818.0,5271400.0,4263964.0,391455.0,6704800.0
2025-05-18,스포츠,117273.0,376727.0,153636.0,733182.0,2122436.0,180909.0
2025-05-18,아웃도어,0.0,833000.0,0.0,0.0,2467809.0,0.0
2025-05-18,여성,6516545.0,550273.0,2511500.0,23758227.0,3880464.0,9360682.0
2025-05-18,잡화,4040364.0,183818.0,2836018.0,12497455.0,1762318.0,7458527.0
2025-05-18,키즈,0.0,0.0,0.0,0.0,1491800.0,0.0
2025-05-19,골프,552273.0,1638364.0,139291.0,2844645.0,238409.0,607309.0
2025-05-19,남성,5157882.0,845227.0,3036545.0,5506209.0,1890833.0,7704755.0
2025-05-19,리빙,0.0,91636.0,0.0,25273.0,913334.0,0.0
2025-05-19,명품,0.0,664091.0,0.0,0.0,7414091.0,0.0
2025-05-19,뷰티,0.0,1224636.0,28182.0,0.0,2944145.0,0.0
2025-05-19,슈즈,944755.0,0.0,920082.0,801391.0,181936.0,-188955.0
2025-05-19,스포츠,528273.0,218927.0,0.0,867000.0,-743718.0,-344545.0
2025-05-19,아웃도어,0.0,168400.0,0.0,0.0,1735136.0,0.0
2025-05-19,여성,823636.0,256364.0,877091.0,12351091.0,460773.0,898864.0
2025-05-19,잡화,3269791.0,-82909.0,2983291.0,6865709.0,2817545.0,6829164.0
2025-05-19,키즈,0.0,120118.0,0.0,0.0,225991.0,0.0
2025-05-20,골프,1319491.0,944273.0,1133982.0,1057182.0,640755.0,729836.0
2025-05-20,남성,1275355.0,353636.0,3639636.0,9012645.0,2790736.0,6102855.0
2025-05-20,리빙,0.0,320000.0,0.0,0.0,1545273.0,0.0
2025-05-20,명품,0.0,1119909.0,0.0,0.0,8171455.0,0.0
2025-05-20,뷰티,0.0,877364.0,95455.0,0.0,1760682.0,21818.0
2025-05-20,슈즈,1697891.0,137455.0,1089936.0,1615155.0,396909.0,-440700.0
2025-05-20,스포츠,96182.0,349636.0,153636.0,1078455.0,1120350.0,-186545.0
2025-05-20,아웃도어,0.0,512636.0,0.0,0.0,698182.0,0.0
2025-05-20,여성,3121636.0,-362364.0,-1466136.0,4513864.0,-529873.0,2716955.0
2025-05-20,잡화,2672309.0,181636.0,3536464.0,6100627.0,2687409.0,1152764.0
2025-05-20,키즈,0.0,277355.0,0.0,0.0,1942273.0,0.0
2025-05-21,골프,2202145.0,1177773.0,-63000.0,2835709.0,1979191.0,1853155.0
2025-05-21,남성,4959291.0,323682.0,3897682.0,17028773.0,1312611.0,7758709.0
2025-05-21,리빙,0.0,745182.0,0.0,0.0,1826745.0,0.0
2025-05-21,명품,0.0,2116636.0,0.0,0.0,2504545.0,0.0
2025-05-21,뷰티,0.0,473545.0,171818.0,0.0,2942209.0,0.0
2025-05-21,슈즈,3142218.0,223636.0,64455.0,4627764.0,266182.0,677691.0
2025-05-21,스포츠,255364.0,467000.0,153636.0,1252091.0,1606873.0,0.0
2025-05-21,아웃도어,0.0,281636.0,0.0,0.0,1659609.0,0.0
2025-05-21,여성,4251909.0,530127.0,3002409.0,12259000.0,1396759.0,5293318.0
2025-05-21,잡화,2592445.0,158091.0,5769991.0,7710927.0,2008682.0,8816236.0
2025-05-21,키즈,0.0,571455.0,0.0,0.0,2032936.0,0.0
2025-05-22,골프,684909.0,1201282.0,2084673.0,3909464.0,1961864.0,1026127.0
2025-05-22,남성,3565009.0,357955.0,2032236.0,14124009.0,2424478.0,8002136.0
2025-05-22,리빙,0.0,1061255.0,0.0,0.0,1709536.0,0.0
2025-05-22,명품,0.0,1587273.0,0.0,0.0,6366545.0,0.0
2025-05-22,뷰티,0.0,1047864.0,31818.0,0.0,2110418.0,65455.0
2025-05-22,슈즈,2021182.0,195182.0,756600.0,2611018.0,-207818.0,668864.0
2025-05-22,스포츠,454818.0,834309.0,217273.0,1004909.0,422273.0,389091.0
2025-05-22,아웃도어,0.0,419509.0,0.0,0.0,1309500.0,0.0
2025-05-22,여성,3227909.0,97091.0,2113364.0,8798000.0,1883695.0,4506682.0
2025-05-22,잡화,3597109.0,11727.0,4304682.0,6142436.0,3207864.0,7562618.0
2025-05-22,키즈,0.0,379636.0,0.0,0.0,1917282.0,0.0
2025-05-23,골프,957582.0,1432682.0,694573.0,2240418.0,2743727.0,1561609.0
2025-05-23,남성,2828718.0,250909.0,2953773.0,12268255.0,2472282.0,8109027.0
2025-05-23,리빙,0.0,542182.0,0.0,0.0,653000.0,0.0
2025-05-23,명품,0.0,2404000.0,0.0,0.0,2098909.0,0.0
2025-05-23,뷰티,0.0,1238764.0,276364.0,0.0,1562827.0,52727.0
2025-05-23,슈즈,2438527.0,151727.0,2157409.0,2956573.0,483727.0,602773.0
2025-05-23,스포츠,249636.0,339273.0,360909.0,507545.0,1695400.0,125455.0
2025-05-23,아웃도어,0.0,225636.0,0.0,0.0,601518.0,0.0
2025-05-23,여성,2309545.0,1025773.0,2190591.0,10790909.0,1399005.0,5105409.0
2025-05-23,잡화,3795236.0,20455.0,6319064.0,4954027.0,3904273.0,4233682.0
2025-05-23,키즈,0.0,83545.0,0.0,0.0,1521382.0,0.0
2025-05-24,골프,1029227.0,1437545.0,972545.0,3600309.0,4444200.0,56609.0
2025-05-24,남성,6853809.0,923273.0,2613682.0,15179927.0,3928000.0,5824136.0
2025-05-24,리빙,0.0,1190818.0,0.0,25273.0,771455.0,0.0
2025-05-24,명품,0.0,564000.0,0.0,0.0,8175727.0,0.0
2025-05-24,뷰티,0.0,960364.0,26364.0,0.0,1861909.0,4000.0
2025-05-24,슈즈,2607109.0,248509.0,1279955.0,3041182.0,256636.0,-5273.0
2025-05-24,스포츠,535727.0,575945.0,0.0,826545.0,2479945.0,0.0
2025-05-24,아웃도어,0.0,607364.0,0.0,0.0,4031682.0,0.0
2025-05-24,여성,1819955.0,674864.0,2394864.0,13741182.0,4359350.0,11646364.0
2025-05-24,잡화,3204727.0,828091.0,5012855.0,9220945.0,652245.0,4411464.0
2025-05-24,키즈,0.0,473727.0,0.0,0.0,1950636.0,0.0
2025-05-25,골프,1417864.0,2160818.0,328818.0,5793445.0,3401909.0,3034255.0
2025-05-25,남성,4020800.0,351455.0,3712000.0,28076464.0,3750818.0,10070718.0
2025-05-25,리빙,0.0,723364.0,0.0,0.0,2169511.0,0.0
2025-05-25,명품,0.0,3861818.0,0.0,0.0,8483636.0,0.0
2025-05-25,뷰티,0.0,1369164.0,440000.0,0.0,2925091.0,26364.0
2025-05-25,슈즈,2341545.0,230909.0,1521455.0,3038645.0,563636.0,1121545.0
2025-05-25,스포츠,580818.0,732391.0,0.0,2263545.0,3145218.0,723545.0
2025-05-25,아웃도어,0.0,148055.0,0.0,0.0,133273.0,0.0
2025-05-25,여성,6828545.0,392455.0,2086273.0,21671773.0,3696418.0,11713364.0
2025-05-25,잡화,3512964.0,601627.0,4032891.0,10952782.0,255136.0,5765427.0
2025-05-25,키즈,0.0,210118.0,0.0,0.0,1975900.0,0.0
2025-05-26,골프,724682.0,550955.0,1189909.0,4748491.0,1500836.0,1435982.0
2025-05-26,남성,3078164.0,1327091.0,4684000.0,12214473.0,4169682.0,7588409.0
2025-05-26,리빙,0.0,1038455.0,0.0,0.0,2866711.0,0.0
2025-05-26,명품,0.0,1814545.0,0.0,0.0,433591.0,0.0
2025-05-26,뷰티,0.0,1324264.0,126909.0,0.0,1833445.0,230273.0
2025-05-26,슈즈,1031182.0,215182.0,1908818.0,2866527.0,40109.0,1014409.0
2025-05-26,스포츠,433818.0,175727.0,0.0,1272091.0,1662255.0,180000.0
2025-05-26,아웃도어,0.0,489909.0,0.0,0.0,252545.0,0.0
2025-05-26,여성,4045455.0,475182.0,1353227.0,7953591.0,1243314.0,6668045.0
2025-05-26,잡화,2910009.0,-10091.0,3732300.0,10225100.0,919764.0,2980545.0
2025-05-26,키즈,0.0,78364.0,0.0,0.0,1348782.0,0.0
2025-05-27,골프,938964.0,659891.0,343455.0,4476609.0,607627.0,1632909.0
2025-05-27,남성,2953718.0,999364.0,2056045.0,10229391.0,2663073.0,5024900.0
2025-05-27,리빙,0.0,361909.0,0.0,0.0,2885182.0,0.0
2025-05-27,명품,0.0,4967964.0,0.0,0.0,9175455.0,0.0
2025-05-27,뷰티,0.0,1293664.0,77273.0,0.0,1762291.0,48727.0
2025-05-27,슈즈,1076936.0,353636.0,1553364.0,1596273.0,-68545.0,2479473.0
2025-05-27,스포츠,197818.0,213927.0,-80909.0,1221909.0,1402800.0,28182.0
2025-05-27,아웃도어,0.0,173445.0,0.0,0.0,-243209.0,0.0
2025-05-27,여성,1944455.0,215409.0,2376364.0,4218682.0,456773.0,1487000.0
2025-05-27,잡화,3137055.0,72727.0,3239645.0,8187936.0,1149000.0,5499664.0
2025-05-27,키즈,0.0,306909.0,0.0,0.0,741055.0,0.0
2025-05-28,골프,1192209.0,1495827.0,626000.0,3419209.0,1041045.0,1251873.0
2025-05-28,남성,3657827.0,369545.0,2696227.0,8735145.0,4563182.0,6791818.0
2025-05-28,리빙,0.0,216364.0,0.0,0.0,1789909.0,0.0
2025-05-28,명품,0.0,-170455.0,0.0,0.0,6951636.0,0.0
2025-05-28,뷰티,0.0,837255.0,393182.0,0.0,1860327.0,244364.0
2025-05-28,슈즈,2079082.0,0.0,2435727.0,3380318.0,641682.0,1875227.0
2025-05-28,스포츠,443000.0,228727.0,153636.0,1486818.0,446632.0,144545.0
2025-05-28,아웃도어,0.0,84000.0,0.0,0.0,1333836.0,0.0
2025-05-28,여성,2222318.0,274091.0,361273.0,4438000.0,427273.0,575455.0
2025-05-28,잡화,2798673.0,165455.0,2623127.0,7035318.0,2008455.0,5147436.0
2025-05-28,키즈,0.0,44636.0,0.0,0.0,1618336.0,0.0
2025-05-29,골프,645636.0,1571455.0,334818.0,851736.0,913409.0,-522500.0
2025-05-29,남성,5801336.0,770282.0,3840045.0,5845082.0,3532155.0,7027645.0
2025-05-29,리빙,0.0,718818.0,0.0,50545.0,2652527.0,0.0
2025-05-29,명품,0.0,1482727.0,0.0,0.0,4541182.0,0.0
2025-05-29,뷰티,0.0,1120809.0,94364.0,0.0,1858068.0,422091.0
2025-05-29,슈즈,1061782.0,90909.0,2447455.0,4975982.0,164545.0,4290682.0
2025-05-29,스포츠,274545.0,135818.0,0.0,917182.0,977182.0,279091.0
2025-05-29,아웃도어,0.0,75918.0,0.0,0.0,600145.0,0.0
2025-05-29,여성,4371636.0,1353545.0,3647727.0,4004091.0,-572355.0,6598000.0
2025-05-29,잡화,2040936.0,33782.0,3919145.0,8755673.0,566682.0,4791555.0
2025-05-29,키즈,0.0,216455.0,0.0,0.0,1447291.0,0.0
2025-05-30,골프,830118.0,1023918.0,123636.0,2500545.0,982036.0,1064818.0
2025-05-30,남성,2470591.0,760955.0,1232182.0,1041818.0,3383664.0,5249082.0
2025-05-30,리빙,0.0,672364.0,0.0,50545.0,2043273.0,0.0
2025-05-30,명품,0.0,-528636.0,0.0,0.0,-3609273.0,0.0
2025-05-30,뷰티,0.0,726255.0,70636.0,0.0,2369091.0,371636.0
2025-05-30,슈즈,1482709.0,-87273.0,2548091.0,2995273.0,30455.0,6130818.0
2025-05-30,스포츠,364455.0,313709.0,0.0,868591.0,2266545.0,107273.0
2025-05-30,아웃도어,0.0,131091.0,0.0,0.0,462909.0,0.0
2025-05-30,여성,1954591.0,-18000.0,674182.0,5978318.0,281909.0,4240045.0
2025-05-30,잡화,2799845.0,-113309.0,2981091.0,3971545.0,437000.0,5114055.0
2025-05-30,키즈,0.0,199118.0,0.0,0.0,1093764.0,0.0
2025-05-31,골프,987082.0,1198555.0,987364.0,2785736.0,4958155.0,2029200.0
2025-05-31,남성,3300773.0,308273.0,2814000.0,12096582.0,2665627.0,5712136.0
2025-05-31,리빙,0.0,-109182.0,0.0,0.0,2301455.0,0.0
2025-05-31,명품,0.0,20909.0,0.0,0.0,12122182.0,0.0
2025-05-31,뷰티,0.0,568000.0,270545.0,0.0,2011773.0,0.0
2025-05-31,슈즈,1470573.0,87273.0,1527500.0,1844700.0,99091.0,5169273.0
2025-05-31,스포츠,922091.0,532909.0,0.0,714091.0,1350536.0,296364.0
2025-05-31,아웃도어,0.0,248818.0,0.0,0.0,1890009.0,0.0
2025-05-31,여성,224091.0,540727.0,184273.0,10922273.0,2426000.0,4079955.0
2025-05-31,잡화,2796191.0,152545.0,3100655.0,5916155.0,727800.0,4766382.0
2025-05-31,키즈,0.0,441091.0,0.0,0.0,819427.0,0.0
2025-06-01,골프,677364.0,1502727.0,1995964.0,5574109.0,3364609.0,1486409.0
2025-06-01,남성,3588627.0,968455.0,3749773.0,21519355.0,5057218.0,11366318.0
2025-06-01,리빙,0.0,440818.0,0.0,0.0,1328318.0,0.0
2025-06-01,명품,0.0,3578091.0,0.0,0.0,6227136.0,0.0
2025-06-01,뷰티,0.0,711273.0,384591.0,0.0,2189255.0,31273.0
2025-06-01,슈즈,1793527.0,104545.0,2839318.0,4049173.0,943273.0,6011182.0
2025-06-01,스포츠,781091.0,670218.0,198182.0,1543364.0,1542327.0,69545.0
2025-06-01,아웃도어,0.0,644364.0,0.0,0.0,1588091.0,0.0
2025-06-01,여성,2550364.0,148091.0,3683091.0,19973909.0,2133255.0,11275864.0
2025-06-01,잡화,2401582.0,160045.0,4906345.0,9986000.0,1050636.0,7529864.0
2025-06-01,키즈,0.0,207727.0,0.0,0.0,1195100.0,0.0
2025-06-02,골프,1459500.0,1078300.0,1047636.0,3203364.0,1144118.0,339727.0
2025-06-02,남성,2241200.0,720545.0,605273.0,10907318.0,2937045.0,3656336.0
2025-06-02,리빙,0.0,395000.0,0.0,0.0,2232527.0,0.0
2025-06-02,명품,0.0,4294091.0,0.0,0.0,-360636.0,0.0
2025-06-02,뷰티,0.0,943073.0,30545.0,0.0,2204709.0,67273.0
2025-06-02,슈즈,1304918.0,101818.0,1697364.0,2226527.0,217818.0,758927.0
2025-06-02,스포츠,-167818.0,390782.0,0.0,730909.0,849818.0,9091.0
2025-06-02,아웃도어,0.0,294727.0,0.0,0.0,4523164.0,0.0
2025-06-02,여성,2589636.0,96955.0,-117273.0,10103727.0,1283927.0,6464955.0
2025-06-02,잡화,1635482.0,355864.0,3533400.0,7527818.0,931536.0,7228127.0
2025-06-02,키즈,0.0,132636.0,0.0,0.0,1111300.0,0.0
2025-06-03,골프,821636.0,1629718.0,843727.0,5636482.0,9526891.0,1608955.0
2025-06-03,남성,4320745.0,823227.0,3495182.0,18720236.0,4981636.0,9398955.0
2025-06-03,리빙,0.0,1320545.0,0.0,0.0,1658620.0,0.0
2025-06-03,명품,0.0,1590000.0,0.0,0.0,34451091.0,0.0
2025-06-03,뷰티,0.0,1352745.0,16364.0,0.0,2993409.0,63636.0
2025-06-03,슈즈,2717364.0,0.0,2426955.0,7494700.0,459182.0,7197909.0
2025-06-03,스포츠,323364.0,296727.0,23727.0,1575545.0,2889727.0,67364.0
2025-06-03,아웃도어,0.0,1421364.0,0.0,0.0,5235727.0,0.0
2025-06-03,여성,3105727.0,825000.0,3494591.0,16348545.0,5237027.0,13591727.0
2025-06-03,잡화,3152382.0,268591.0,4535927.0,11479282.0,637200.0,6187809.0
2025-06-03,키즈,0.0,206545.0,0.0,0.0,927027.0,0.0
2025-06-04,골프,1253273.0,2501255.0,909836.0,3887864.0,2545027.0,271436.0
2025-06-04,남성,3205273.0,76545.0,88773.0,13344936.0,2583627.0,9040118.0
2025-06-04,리빙,0.0,-40000.0,0.0,0.0,1936045.0,0.0
2025-06-04,명품,0.0,232727.0,0.0,0.0,7052091.0,0.0
2025-06-04,뷰티,0.0,260636.0,399318.0,0.0,2553445.0,0.0
2025-06-04,슈즈,803600.0,0.0,3048545.0,2793236.0,161818.0,3623591.0
2025-06-04,스포츠,102545.0,5606018.0,0.0,601182.0,6456164.0,173727.0
2025-06-04,아웃도어,0.0,1146482.0,0.0,0.0,7487727.0,0.0
2025-06-04,여성,602182.0,664291.0,1302682.0,4014955.0,4354245.0,5599955.0
2025-06-04,잡화,1373927.0,1809.0,5928027.0,9603418.0,1325491.0,5128536.0
2025-06-04,키즈,0.0,44536.0,0.0,0.0,322818.0,0.0
2025-06-05,골프,657882.0,915582.0,698864.0,1073336.0,2424436.0,1727236.0
2025-06-05,남성,366727.0,768855.0,4112355.0,11841418.0,1717191.0,7957564.0
2025-06-05,리빙,0.0,651636.0,0.0,0.0,1807636.0,13818.0
2025-06-05,명품,0.0,4131636.0,0.0,0.0,3963455.0,0.0
2025-06-05,뷰티,0.0,986073.0,31818.0,0.0,1992691.0,0.0
2025-06-05,슈즈,1578436.0,99091.0,824773.0,3076527.0,325818.0,2003091.0
2025-06-05,스포츠,56636.0,862818.0,234545.0,829455.0,1856927.0,216364.0
2025-06-05,아웃도어,0.0,107609.0,0.0,0.0,2987409.0,0.0
2025-06-05,여성,1087636.0,-66864.0,2831364.0,4923227.0,613155.0,11315364.0
2025-06-05,잡화,3049727.0,53182.0,1513200.0,7481709.0,653382.0,2200836.0
2025-06-05,키즈,0.0,165136.0,0.0,0.0,905827.0,0.0
2025-06-06,골프,857000.0,476091.0,433745.0,4023318.0,3434800.0,1120527.0
2025-06-06,남성,3414509.0,559091.0,2793309.0,18166164.0,3900300.0,8933073.0
2025-06-06,리빙,0.0,48018.0,0.0,0.0,2310636.0,0.0
2025-06-06,명품,0.0,1727273.0,0.0,0.0,4805182.0,0.0
2025-06-06,뷰티,0.0,376091.0,453818.0,0.0,1821800.0,0.0
2025-06-06,슈즈,1342027.0,227818.0,1823409.0,4230227.0,420455.0,3804545.0
2025-06-06,스포츠,59182.0,484364.0,0.0,1546455.0,1324645.0,125455.0
2025-06-06,아웃도어,0.0,602909.0,0.0,0.0,6353273.0,0.0
2025-06-06,여성,4015409.0,299273.0,3125864.0,18997909.0,2518918.0,15331318.0
2025-06-06,잡화,3583345.0,125500.0,2652091.0,6141400.0,618418.0,4079782.0
2025-06-06,키즈,0.0,163209.0,0.0,0.0,1183336.0,0.0
2025-06-07,골프,372491.0,1493082.0,-48682.0,4716373.0,3366136.0,1221800.0
2025-06-07,남성,4684282.0,493045.0,3745455.0,13283255.0,3113545.0,8222173.0
2025-06-07,리빙,0.0,206364.0,0.0,25273.0,2693145.0,0.0
2025-06-07,명품,0.0,4865636.0,0.0,0.0,7643091.0,0.0
2025-06-07,뷰티,0.0,552782.0,0.0,0.0,1480536.0,0.0
2025-06-07,슈즈,1370736.0,152727.0,1693364.0,4186045.0,556364.0,3279318.0
2025-06-07,스포츠,215091.0,945527.0,0.0,1637909.0,3136673.0,134545.0
2025-06-07,아웃도어,0.0,709091.0,0.0,0.0,4316718.0,0.0
2025-06-07,여성,173227.0,603027.0,743818.0,3830136.0,1425636.0,4430955.0
2025-06-07,잡화,1746509.0,15364.0,2738382.0,6593436.0,991491.0,3616782.0
2025-06-07,키즈,0.0,197818.0,0.0,0.0,517036.0,0.0
2025-06-08,골프,1383055.0,2463055.0,791455.0,4349591.0,3349055.0,2188764.0
2025-06-08,남성,3016718.0,294909.0,2999064.0,21254745.0,3408318.0,12630018.0
2025-06-08,리빙,0.0,115864.0,0.0,0.0,4060700.0,0.0
2025-06-08,명품,0.0,1739909.0,0.0,0.0,3662091.0,0.0
2025-06-08,뷰티,0.0,735000.0,352364.0,0.0,2424909.0,81818.0
2025-06-08,슈즈,1527145.0,0.0,1690000.0,4616282.0,507382.0,7020727.0
2025-06-08,스포츠,0.0,1258745.0,153636.0,1199273.0,1557109.0,0.0
2025-06-08,아웃도어,0.0,1340636.0,0.0,0.0,2452018.0,0.0
2025-06-08,여성,3107136.0,-83636.0,3930318.0,14326818.0,2503482.0,13887591.0
2025-06-08,잡화,3301636.0,110364.0,2227709.0,9038036.0,4421636.0,5107773.0
2025-06-08,키즈,0.0,156545.0,0.0,0.0,2284773.0,0.0
2025-06-09,골프,752364.0,697700.0,579055.0,2391645.0,1723536.0,2664555.0
2025-06-09,남성,4704300.0,414136.0,2815182.0,9955300.0,3465664.0,4204018.0
2025-06-09,리빙,0.0,773727.0,0.0,0.0,1363727.0,0.0
2025-06-09,명품,0.0,-88364.0,0.0,0.0,8103091.0,0.0
2025-06-09,뷰티,0.0,762182.0,134182.0,0.0,2229773.0,0.0
2025-06-09,슈즈,455273.0,221818.0,158818.0,5193591.0,975636.0,1471864.0
2025-06-09,스포츠,-7182.0,1078400.0,126364.0,1161364.0,3486327.0,84091.0
2025-06-09,아웃도어,0.0,784818.0,0.0,0.0,2985309.0,0.0
2025-06-09,여성,1614273.0,72364.0,1077682.0,3791318.0,846636.0,7854864.0
2025-06-09,잡화,1895491.0,106636.0,2572027.0,7486473.0,2813809.0,3917236.0
2025-06-09,키즈,0.0,116091.0,0.0,0.0,1266345.0,0.0
2025-06-10,골프,457800.0,-225482.0,3728409.0,2328445.0,2793700.0,1076018.0
2025-06-10,남성,3632700.0,526545.0,2918709.0,8055882.0,1241229.0,7390109.0
2025-06-10,리빙,0.0,44455.0,0.0,-25273.0,1902264.0,0.0
2025-06-10,명품,0.0,665091.0,0.0,0.0,6794182.0,0.0
2025-06-10,뷰티,0.0,1004200.0,31818.0,0.0,4269791.0,0.0
2025-06-10,슈즈,1065473.0,316000.0,20364.0,3319118.0,202273.0,1113545.0
2025-06-10,스포츠,150727.0,441036.0,-23727.0,991636.0,1937582.0,173591.0
2025-06-10,아웃도어,0.0,166273.0,0.0,0.0,355936.0,0.0
2025-06-10,여성,1585818.0,150000.0,1510091.0,9103318.0,1459045.0,7016727.0
2025-06-10,잡화,3474909.0,-127955.0,2378509.0,5231145.0,-1203591.0,6508845.0
2025-06-10,키즈,0.0,148364.0,0.0,0.0,993327.0,0.0
2025-06-11,골프,527727.0,1342155.0,366182.0,4531300.0,628473.0,1955127.0
2025-06-11,남성,5060336.0,286273.0,4451700.0,11779045.0,1402373.0,7938045.0
2025-06-11,리빙,0.0,406273.0,0.0,0.0,972045.0,0.0
2025-06-11,명품,0.0,1017455.0,0.0,0.0,2119091.0,0.0
2025-06-11,뷰티,0.0,560227.0,100000.0,0.0,3361409.0,4000.0
2025-06-11,슈즈,1770245.0,117455.0,866727.0,4356109.0,341727.0,158000.0
2025-06-11,스포츠,205545.0,410618.0,0.0,106909.0,1301418.0,480000.0
2025-06-11,아웃도어,0.0,438636.0,0.0,0.0,1223118.0,0.0
2025-06-11,여성,1104273.0,102773.0,2192500.0,5692818.0,1084882.0,3139909.0
2025-06-11,잡화,2722036.0,139245.0,2884091.0,6550418.0,1261318.0,4320300.0
2025-06-11,키즈,0.0,-31000.0,0.0,0.0,287709.0,0.0
2025-06-12,골프,324818.0,431364.0,596355.0,3752691.0,1491145.0,-238136.0
2025-06-12,남성,4934000.0,628455.0,3781845.0,10068055.0,2318227.0,8745300.0
2025-06-12,리빙,0.0,177273.0,0.0,0.0,1786802.0,0.0
2025-06-12,명품,0.0,570909.0,0.0,0.0,6851000.0,0.0
2025-06-12,뷰티,0.0,622500.0,30545.0,0.0,3140191.0,32727.0
2025-06-12,슈즈,3108273.0,101818.0,1691300.0,8344545.0,375182.0,2872773.0
2025-06-12,스포츠,80909.0,331636.0,0.0,1046182.0,1566255.0,0.0
2025-06-12,아웃도어,0.0,1477545.0,0.0,0.0,815455.0,0.0
2025-06-12,여성,2212545.0,582791.0,1472864.0,8739000.0,1452736.0,10838636.0
2025-06-12,잡화,2240418.0,29091.0,2968500.0,9454082.0,568600.0,5163636.0
2025-06-12,키즈,0.0,786855.0,0.0,0.0,753818.0,0.0
2025-06-13,골프,894000.0,918991.0,970855.0,2037945.0,1051000.0,1400200.0
2025-06-13,남성,2316918.0,455364.0,2332773.0,6037982.0,1063936.0,5279318.0
2025-06-13,리빙,0.0,286455.0,0.0,0.0,3043082.0,0.0
2025-06-13,명품,0.0,-1829182.0,0.0,0.0,5648273.0,0.0
2025-06-13,뷰티,0.0,548000.0,107818.0,0.0,1246791.0,54545.0
2025-06-13,슈즈,3593273.0,257336.0,9289718.0,6964527.0,764500.0,2978964.0
2025-06-13,스포츠,408091.0,469945.0,144545.0,739182.0,7943909.0,62727.0
2025-06-13,아웃도어,0.0,150364.0,0.0,0.0,697364.0,0.0
2025-06-13,여성,1467000.0,628036.0,655818.0,6954773.0,583391.0,9932182.0
2025-06-13,잡화,2975564.0,71818.0,2422300.0,5016555.0,795336.0,5185545.0
2025-06-13,키즈,0.0,-6545.0,0.0,0.0,312182.0,0.0
2025-06-14,골프,2869364.0,1698091.0,-71455.0,2346582.0,3620255.0,1651900.0
2025-06-14,남성,2068527.0,234545.0,1500864.0,11320191.0,2596364.0,7272500.0
2025-06-14,리빙,0.0,320727.0,0.0,0.0,2111782.0,0.0
2025-06-14,명품,0.0,3036273.0,0.0,0.0,3380909.0,0.0
2025-06-14,뷰티,0.0,1566127.0,26364.0,0.0,1414600.0,63273.0
2025-06-14,슈즈,1680364.0,41427.0,2992564.0,4941773.0,755745.0,4389945.0
2025-06-14,스포츠,422000.0,605945.0,153636.0,1191909.0,1772909.0,153636.0
2025-06-14,아웃도어,0.0,256909.0,0.0,0.0,1422091.0,0.0
2025-06-14,여성,3120818.0,838673.0,2626273.0,8679273.0,1406364.0,11145091.0
2025-06-14,잡화,2895364.0,92409.0,2290191.0,7298345.0,4015518.0,4789309.0
2025-06-14,키즈,0.0,61545.0,0.0,0.0,406709.0,0.0
2025-06-15,골프,1647636.0,410109.0,578855.0,5771364.0,4327873.0,2502282.0
2025-06-15,남성,4641818.0,448273.0,4581500.0,19107236.0,4297655.0,10402591.0
2025-06-15,리빙,0.0,365455.0,0.0,0.0,2184075.0,0.0
2025-06-15,명품,0.0,1668545.0,0.0,0.0,8882545.0,0.0
2025-06-15,뷰티,0.0,712727.0,108727.0,0.0,2214636.0,0.0
2025-06-15,슈즈,1665955.0,770545.0,2833891.0,4014864.0,718273.0,5002218.0
2025-06-15,스포츠,197364.0,1270091.0,35455.0,900000.0,1717727.0,0.0
2025-06-15,아웃도어,0.0,339318.0,0.0,0.0,1005818.0,0.0
2025-06-15,여성,7409045.0,494409.0,4229227.0,20719273.0,2589436.0,19830500.0
2025-06-15,잡화,4605818.0,169091.0,2387636.0,11351282.0,1034864.0,6711673.0
2025-06-15,키즈,0.0,289182.0,0.0,0.0,840382.0,0.0
2025-06-16,골프,1494636.0,1035673.0,1600336.0,3154800.0,4700827.0,2158709.0
2025-06-16,남성,4293718.0,683909.0,3512227.0,14214736.0,3070236.0,7168000.0
2025-06-16,리빙,0.0,306636.0,0.0,0.0,2299055.0,0.0
2025-06-16,명품,0.0,-1033273.0,0.0,0.0,4505591.0,0.0
2025-06-16,뷰티,0.0,935000.0,123636.0,0.0,3215323.0,53636.0
2025-06-16,슈즈,1389909.0,87636.0,4479627.0,4220682.0,442118.0,7348082.0
2025-06-16,스포츠,59182.0,583909.0,0.0,997909.0,-4921327.0,0.0
2025-06-16,아웃도어,0.0,435636.0,0.0,0.0,401236.0,0.0
2025-06-16,여성,2546364.0,330727.0,1489091.0,9182545.0,2317559.0,8636818.0
2025-06-16,잡화,2885673.0,0.0,3052364.0,6783927.0,1621855.0,7311855.0
2025-06-16,키즈,0.0,-35091.0,0.0,0.0,1157545.0,0.0
2025-06-17,골프,2136445.0,1316982.0,1217936.0,2134345.0,1832855.0,1108518.0
2025-06-17,남성,5069209.0,666227.0,3180455.0,4828727.0,2547945.0,11725282.0
2025-06-17,리빙,0.0,384455.0,0.0,0.0,2858545.0,0.0
2025-06-17,명품,0.0,576364.0,0.0,0.0,3204545.0,0.0
2025-06-17,뷰티,0.0,343182.0,309318.0,0.0,2272836.0,20909.0
2025-06-17,슈즈,1643227.0,54545.0,6470236.0,2004909.0,865818.0,6692100.0
2025-06-17,스포츠,90000.0,584000.0,0.0,575909.0,1979127.0,-144545.0
2025-06-17,아웃도어,0.0,565200.0,0.0,0.0,616836.0,0.0
2025-06-17,여성,1714000.0,1295091.0,784182.0,-804045.0,3828045.0,2328818.0
2025-06-17,잡화,2298273.0,136364.0,3738418.0,5587191.0,1815791.0,5833855.0
2025-06-17,키즈,0.0,368700.0,0.0,0.0,1154191.0,0.0
2025-06-18,골프,1276091.0,1514855.0,1320382.0,4384336.0,5226864.0,3570973.0
2025-06-18,남성,1701027.0,2435000.0,3913227.0,10346109.0,19572127.0,7276700.0
2025-06-18,리빙,0.0,174545.0,0.0,0.0,2961682.0,0.0
2025-06-18,명품,0.0,1501727.0,0.0,0.0,7957909.0,0.0
2025-06-18,뷰티,0.0,950614.0,94545.0,0.0,4389518.0,193818.0
2025-06-18,슈즈,681045.0,646364.0,7464245.0,4927727.0,55573.0,10331964.0
2025-06-18,스포츠,33364.0,487182.0,153636.0,874664.0,1445727.0,44545.0
2025-06-18,아웃도어,0.0,182091.0,0.0,0.0,-110273.0,0.0
2025-06-18,여성,276955.0,73864.0,73455.0,4077327.0,6658016.0,13535545.0
2025-06-18,잡화,2005455.0,241745.0,2969200.0,7995355.0,779636.0,5651000.0
2025-06-18,키즈,0.0,278273.0,0.0,0.0,1322245.0,0.0
2025-06-19,골프,1085673.0,796082.0,254136.0,1856136.0,2126609.0,1880291.0
2025-06-19,남성,3577382.0,502227.0,2428745.0,12564764.0,1878264.0,13715582.0
2025-06-19,리빙,0.0,635727.0,0.0,0.0,2424164.0,0.0
2025-06-19,명품,0.0,1666364.0,0.0,0.0,12317273.0,0.0
2025-06-19,뷰티,0.0,243545.0,-30545.0,0.0,4535091.0,72909.0
2025-06-19,슈즈,824909.0,83455.0,4310500.0,3597573.0,247882.0,6409773.0
2025-06-19,스포츠,78455.0,936527.0,44545.0,1412000.0,3314300.0,0.0
2025-06-19,아웃도어,0.0,247273.0,0.0,0.0,1067400.0,0.0
2025-06-19,여성,863227.0,421727.0,1386136.0,8963545.0,3060055.0,7767000.0
2025-06-19,잡화,3093273.0,58091.0,2891636.0,6197864.0,942273.0,7222818.0
2025-06-19,키즈,0.0,113273.0,0.0,0.0,885618.0,0.0
2025-06-20,골프,989545.0,2136345.0,363545.0,1701455.0,2036264.0,2439073.0
2025-06-20,남성,3661555.0,410818.0,1167682.0,10243791.0,5572655.0,7776091.0
2025-06-20,리빙,0.0,384818.0,0.0,0.0,2591182.0,0.0
2025-06-20,명품,0.0,787364.0,0.0,0.0,5902909.0,0.0
2025-06-20,뷰티,0.0,-330909.0,30545.0,0.0,1786445.0,0.0
2025-06-20,슈즈,1206318.0,137273.0,5445600.0,3766409.0,901545.0,4964909.0
2025-06-20,스포츠,115273.0,950500.0,0.0,1211909.0,1340864.0,226364.0
2025-06-20,아웃도어,0.0,298000.0,0.0,0.0,599973.0,0.0
2025-06-20,여성,-128045.0,18455.0,2207273.0,9639182.0,3064100.0,12809500.0
2025-06-20,잡화,2106027.0,353091.0,3388409.0,8483227.0,1192555.0,5403764.0
2025-06-20,키즈,0.0,17455.0,0.0,0.0,1310918.0,0.0
2025-06-21,골프,1953891.0,1658182.0,750673.0,2929955.0,8955927.0,2668082.0
2025-06-21,남성,3466782.0,522364.0,2796773.0,13457882.0,4128064.0,9456318.0
2025-06-21,리빙,0.0,161818.0,0.0,0.0,2642455.0,0.0
2025-06-21,명품,0.0,508182.0,0.0,0.0,11152273.0,0.0
2025-06-21,뷰티,0.0,143636.0,0.0,0.0,1205636.0,54545.0
2025-06-21,슈즈,1139500.0,58636.0,5655209.0,4414364.0,918564.0,10426000.0
2025-06-21,스포츠,239818.0,1258182.0,0.0,1238909.0,1514255.0,0.0
2025-06-21,아웃도어,0.0,168182.0,0.0,0.0,1665155.0,0.0
2025-06-21,여성,1644727.0,664227.0,2358227.0,14966864.0,3711518.0,9937364.0
2025-06-21,잡화,2655318.0,217400.0,1894764.0,6201991.0,1399764.0,5312745.0
2025-06-21,키즈,0.0,302909.0,0.0,0.0,1106455.0,0.0
2025-06-22,골프,1320164.0,1963073.0,346636.0,4217218.0,7872345.0,2113755.0
2025-06-22,남성,4462118.0,417727.0,2215227.0,24055464.0,5158627.0,13633591.0
2025-06-22,리빙,0.0,744364.0,0.0,0.0,2912165.0,0.0
2025-06-22,명품,0.0,680636.0,0.0,0.0,12281909.0,0.0
2025-06-22,뷰티,0.0,601909.0,241091.0,0.0,2200064.0,296364.0
2025-06-22,슈즈,1309500.0,295364.0,7196355.0,6224955.0,958500.0,18167945.0
2025-06-22,스포츠,58636.0,1000273.0,0.0,1097591.0,2607495.0,79273.0
2025-06-22,아웃도어,0.0,301636.0,0.0,0.0,924500.0,0.0
2025-06-22,여성,2664227.0,319136.0,1216545.0,18935909.0,3698377.0,22625000.0
2025-06-22,잡화,2546745.0,90373.0,4212691.0,10691618.0,1014655.0,8873573.0
2025-06-22,키즈,0.0,271764.0,0.0,0.0,2111982.0,0.0
2025-06-23,골프,752936.0,887782.0,382909.0,1691700.0,1717336.0,2654818.0
2025-06-23,남성,81918.0,102682.0,1832545.0,7202964.0,3248909.0,7745682.0
2025-06-23,리빙,0.0,181000.0,0.0,0.0,1073095.0,0.0
2025-06-23,명품,0.0,1753545.0,0.0,0.0,-2063545.0,0.0
2025-06-23,뷰티,0.0,712964.0,44545.0,0.0,3223655.0,37091.0
2025-06-23,슈즈,2213409.0,643273.0,2723427.0,5993727.0,1008682.0,4583727.0
2025-06-23,스포츠,636091.0,735718.0,0.0,623000.0,727709.0,0.0
2025-06-23,아웃도어,0.0,357045.0,0.0,0.0,1953055.0,0.0
2025-06-23,여성,898818.0,481464.0,1062136.0,4822318.0,239182.0,7625364.0
2025-06-23,잡화,2564327.0,0.0,2802464.0,10062473.0,1193464.0,5564255.0
2025-06-23,키즈,0.0,52545.0,0.0,0.0,943609.0,0.0
2025-06-24,골프,1240255.0,1645718.0,208864.0,1227709.0,1364882.0,2512691.0
2025-06-24,남성,3798527.0,737818.0,1577000.0,8191418.0,3782782.0,6276836.0
2025-06-24,리빙,0.0,227273.0,0.0,0.0,3193255.0,0.0
2025-06-24,명품,0.0,317273.0,0.0,0.0,3991227.0,0.0
2025-06-24,뷰티,0.0,902709.0,101818.0,0.0,1079159.0,45455.0
2025-06-24,슈즈,1480136.0,389482.0,1519736.0,4642682.0,721500.0,4880455.0
2025-06-24,스포츠,322364.0,481218.0,0.0,1073182.0,1191455.0,96364.0
2025-06-24,아웃도어,0.0,344182.0,0.0,0.0,1739018.0,0.0
2025-06-24,여성,51409.0,310364.0,2433182.0,3300227.0,689664.0,7846773.0
2025-06-24,잡화,1739782.0,28955.0,1337818.0,7824418.0,883282.0,5971882.0
2025-06-24,키즈,0.0,232636.0,0.0,0.0,794682.0,0.0
2025-06-25,골프,626182.0,234273.0,288355.0,1587855.0,1290145.0,1569518.0
2025-06-25,남성,3877545.0,525364.0,2525182.0,7124082.0,4420882.0,10142273.0
2025-06-25,리빙,0.0,361636.0,0.0,0.0,1257482.0,0.0
2025-06-25,명품,0.0,3662182.0,0.0,0.0,4421182.0,0.0
2025-06-25,뷰티,0.0,565727.0,0.0,0.0,1352323.0,149091.0
2025-06-25,슈즈,691455.0,-109091.0,2075645.0,3135955.0,409082.0,4150391.0
2025-06-25,스포츠,117273.0,486818.0,80909.0,963909.0,2788982.0,198182.0
2025-06-25,아웃도어,0.0,163636.0,0.0,0.0,685909.0,0.0
2025-06-25,여성,2414409.0,278500.0,981455.0,5417227.0,1765500.0,6511273.0
2025-06-25,잡화,1501509.0,730636.0,3044755.0,5846091.0,-162973.0,4058409.0
2025-06-25,키즈,0.0,-2818.0,0.0,0.0,793636.0,0.0
2025-06-26,골프,-163036.0,734436.0,84227.0,3219255.0,1314727.0,574273.0
2025-06-26,남성,247455.0,201545.0,1272682.0,10185545.0,2662055.0,6439773.0
2025-06-26,리빙,0.0,759000.0,0.0,0.0,2171455.0,0.0
2025-06-26,명품,0.0,2271909.0,0.0,0.0,4907636.0,0.0
2025-06-26,뷰티,0.0,623955.0,9000.0,0.0,1403545.0,-165818.0
2025-06-26,슈즈,2378445.0,-181636.0,1632745.0,9082745.0,602273.0,2932527.0
2025-06-26,스포츠,344000.0,1195545.0,153636.0,682727.0,5548191.0,0.0
2025-06-26,아웃도어,0.0,-25364.0,0.0,0.0,890273.0,0.0
2025-06-26,여성,869864.0,-610318.0,1061136.0,6333727.0,-57891.0,871727.0
2025-06-26,잡화,2766000.0,-63236.0,3567909.0,8164291.0,66882.0,5039582.0
2025-06-26,키즈,0.0,-5818.0,0.0,0.0,740000.0,0.0
2025-06-27,골프,94518.0,-198445.0,464818.0,2346036.0,2113736.0,501382.0
2025-06-27,남성,2331627.0,827955.0,1749091.0,13942973.0,3714818.0,6256909.0
2025-06-27,리빙,0.0,458000.0,0.0,0.0,2281036.0,0.0
2025-06-27,명품,0.0,158182.0,0.0,0.0,2897182.0,0.0
2025-06-27,뷰티,0.0,483191.0,157455.0,0.0,1200909.0,7182.0
2025-06-27,슈즈,3860673.0,96091.0,3490382.0,9957673.0,630818.0,7789600.0
2025-06-27,스포츠,147909.0,1097555.0,126364.0,248091.0,7562318.0,216364.0
2025-06-27,아웃도어,0.0,0.0,0.0,0.0,392091.0,0.0
2025-06-27,여성,2243773.0,181882.0,1944000.0,11871955.0,940025.0,6660727.0
2025-06-27,잡화,3429145.0,80727.0,1967909.0,8188655.0,1165127.0,7408955.0
2025-06-27,키즈,0.0,37545.0,0.0,0.0,804318.0,0.0
2025-06-28,골프,1146545.0,369182.0,965664.0,1846500.0,4059045.0,1619864.0
2025-06-28,남성,2417409.0,414818.0,1587273.0,11689973.0,4833582.0,9121636.0
2025-06-28,리빙,0.0,491000.0,0.0,0.0,2836791.0,0.0
2025-06-28,명품,0.0,1637364.0,0.0,0.0,3873545.0,0.0
2025-06-28,뷰티,0.0,273455.0,31818.0,0.0,1327973.0,9000.0
2025-06-28,슈즈,2291536.0,287455.0,4716700.0,5580345.0,1110382.0,6572782.0
2025-06-28,스포츠,234182.0,525273.0,0.0,185091.0,11744764.0,0.0
2025-06-28,아웃도어,0.0,278818.0,0.0,0.0,1408200.0,0.0
2025-06-28,여성,480273.0,156045.0,688909.0,17212500.0,2592527.0,8839727.0
2025-06-28,잡화,1995273.0,36818.0,1993273.0,10066218.0,2082282.0,5616245.0
2025-06-28,키즈,0.0,107273.0,0.0,0.0,2825945.0,0.0
2025-06-29,골프,498727.0,1107000.0,734091.0,4070500.0,5059709.0,3061491.0
2025-06-29,남성,4712973.0,914455.0,3379455.0,20723236.0,5091000.0,15106364.0
2025-06-29,리빙,0.0,261364.0,0.0,0.0,2241855.0,0.0
2025-06-29,명품,0.0,2369091.0,0.0,0.0,4131636.0,0.0
2025-06-29,뷰티,0.0,611436.0,76364.0,0.0,1672655.0,288818.0
2025-06-29,슈즈,2413118.0,143636.0,3937827.0,7221027.0,761273.0,9423645.0
2025-06-29,스포츠,228182.0,1376636.0,144545.0,1021091.0,6017318.0,98182.0
2025-06-29,아웃도어,0.0,406636.0,0.0,0.0,1367200.0,0.0
2025-06-29,여성,1792909.0,30000.0,1500364.0,24100545.0,4270909.0,15204045.0
2025-06-29,잡화,2621273.0,157273.0,3389182.0,8245400.0,1294318.0,11305391.0
2025-06-29,키즈,0.0,0.0,0.0,0.0,1755545.0,0.0
2025-06-30,골프,194000.0,506845.0,767773.0,3008636.0,-14200.0,3153327.0
2025-06-30,남성,1390164.0,83636.0,2511091.0,10480109.0,1815418.0,10852436.0
2025-06-30,리빙,0.0,675364.0,0.0,0.0,3507364.0,0.0
2025-06-30,명품,0.0,573273.0,0.0,0.0,6180318.0,0.0
2025-06-30,뷰티,0.0,378636.0,26727.0,0.0,1711500.0,263636.0
2025-06-30,슈즈,1536709.0,187273.0,2378536.0,2819736.0,-58091.0,1466309.0
2025-06-30,스포츠,117273.0,547136.0,153636.0,1466300.0,4578795.0,153636.0
2025-06-30,아웃도어,0.0,135455.0,0.0,0.0,1175736.0,0.0
2025-06-30,여성,570909.0,2545.0,-151545.0,7992955.0,1246273.0,5370591.0
2025-06-30,잡화,2734582.0,220909.0,478982.0,7845545.0,1722945.0,7262136.0
2025-06-30,키즈,0.0,219091.0,0.0,0.0,1341009.0,0.0
2025-07-01,골프,740036.0,1387809.0,1158455.0,4300009.0,2412491.0,2622027.0
2025-07-01,남성,5061518.0,874545.0,1843000.0,10469609.0,2665582.0,11121618.0
2025-07-01,리빙,0.0,2094200.0,0.0,0.0,3367455.0,0.0
2025-07-01,명품,0.0,1815909.0,0.0,0.0,2425864.0,0.0
2025-07-01,뷰티,0.0,1519782.0,0.0,0.0,2125223.0,100909.0
2025-07-01,슈즈,-1245.0,399600.0,2121864.0,1049436.0,517909.0,550118.0
2025-07-01,스포츠,59909.0,576045.0,153636.0,948727.0,4302909.0,53636.0
2025-07-01,아웃도어,0.0,678273.0,0.0,0.0,894359.0,0.0
2025-07-01,여성,752409.0,-53909.0,301136.0,8192636.0,-325336.0,-869545.0
2025-07-01,잡화,3023945.0,21364.0,4790845.0,10415564.0,1190500.0,6733291.0
2025-07-01,키즈,0.0,83364.0,0.0,0.0,1419964.0,0.0
2025-07-02,골프,2724709.0,796627.0,969455.0,3543536.0,381764.0,2694464.0
2025-07-02,남성,1656745.0,139000.0,2118273.0,15631318.0,3756773.0,11385591.0
2025-07-02,리빙,0.0,892500.0,0.0,0.0,2191273.0,0.0
2025-07-02,명품,0.0,981364.0,0.0,0.0,2579773.0,0.0
2025-07-02,뷰티,0.0,1292823.0,0.0,0.0,2204809.0,110455.0
2025-07-02,슈즈,796818.0,80909.0,2764227.0,1903691.0,500273.0,3511936.0
2025-07-02,스포츠,565909.0,659455.0,460909.0,458727.0,2437000.0,-215455.0
2025-07-02,아웃도어,0.0,84364.0,0.0,0.0,2028818.0,0.0
2025-07-02,여성,934091.0,345864.0,172955.0,8662545.0,823873.0,-3333045.0
2025-07-02,잡화,3358091.0,0.0,3110000.0,12210873.0,2391427.0,6232091.0
2025-07-02,키즈,0.0,472864.0,0.0,0.0,378273.0,0.0
2025-07-03,골프,412364.0,568727.0,357891.0,3313536.0,1920855.0,1707545.0
2025-07-03,남성,-368255.0,26727.0,767818.0,12023964.0,1647873.0,13191273.0
2025-07-03,리빙,0.0,1015909.0,0.0,0.0,1369136.0,0.0
2025-07-03,명품,0.0,-1372364.0,0.0,0.0,4313045.0,0.0
2025-07-03,뷰티,0.0,1064964.0,0.0,0.0,3595209.0,110909.0
2025-07-03,슈즈,946718.0,375336.0,1755255.0,2185936.0,19136.0,2634564.0
2025-07-03,스포츠,403455.0,304727.0,0.0,415364.0,2355318.0,0.0
2025-07-03,아웃도어,0.0,419455.0,0.0,0.0,814255.0,0.0
2025-07-03,여성,663364.0,-182355.0,719682.0,4214136.0,-47303.0,-49455.0
2025-07-03,잡화,2902145.0,971818.0,873636.0,8883091.0,548673.0,4646973.0
2025-07-03,키즈,0.0,44545.0,0.0,0.0,907645.0,0.0
2025-07-04,골프,219636.0,1226182.0,660736.0,3477855.0,1814282.0,4260236.0
2025-07-04,남성,1993473.0,608909.0,2789682.0,12324909.0,2675127.0,8909773.0
2025-07-04,리빙,0.0,1042873.0,0.0,0.0,1341573.0,0.0
2025-07-04,명품,0.0,628636.0,0.0,0.0,4474545.0,0.0
2025-07-04,뷰티,0.0,804177.0,277455.0,0.0,-195727.0,620909.0
2025-07-04,슈즈,980273.0,477473.0,1368555.0,3799609.0,1348636.0,3911618.0
2025-07-04,스포츠,407636.0,1052309.0,153636.0,1023364.0,2791909.0,0.0
2025-07-04,아웃도어,0.0,80127.0,0.0,0.0,678073.0,0.0
2025-07-04,여성,1290909.0,91182.0,644545.0,6400173.0,-277236.0,6656909.0
2025-07-04,잡화,1196200.0,0.0,3021373.0,7056036.0,730364.0,7886518.0
2025-07-04,키즈,0.0,120182.0,0.0,0.0,498345.0,0.0
2025-07-05,골프,362236.0,824364.0,627727.0,1633036.0,7731373.0,2673845.0
2025-07-05,남성,1855718.0,310273.0,1879136.0,16397827.0,3918545.0,7992364.0
2025-07-05,리빙,0.0,360273.0,0.0,0.0,1825636.0,0.0
2025-07-05,명품,0.0,1415455.0,0.0,0.0,7178955.0,0.0
2025-07-05,뷰티,0.0,486727.0,120000.0,0.0,1631164.0,289818.0
2025-07-05,슈즈,1172409.0,0.0,2018764.0,4011045.0,1081273.0,5665673.0
2025-07-05,스포츠,289273.0,653818.0,307273.0,211636.0,3023182.0,0.0
2025-07-05,아웃도어,0.0,348636.0,0.0,0.0,996909.0,0.0
2025-07-05,여성,1972000.0,44909.0,1360818.0,18061845.0,933236.0,13584455.0
2025-07-05,잡화,1997236.0,17818.0,2431455.0,9862327.0,643891.0,7912809.0
2025-07-05,키즈,0.0,75818.0,0.0,0.0,1364045.0,0.0
2025-07-06,골프,651000.0,1033636.0,0.0,4755155.0,10471600.0,3464864.0
2025-07-06,남성,1775800.0,720545.0,2394136.0,25413691.0,6218182.0,15349864.0
2025-07-06,리빙,0.0,1023545.0,0.0,0.0,2893182.0,0.0
2025-07-06,명품,0.0,1221636.0,0.0,0.0,9144727.0,0.0
2025-07-06,뷰티,0.0,880273.0,30000.0,0.0,2277882.0,156909.0
2025-07-06,슈즈,915364.0,-253273.0,2370709.0,4910864.0,1233109.0,5790155.0
2025-07-06,스포츠,101182.0,989545.0,62727.0,809273.0,2719455.0,0.0
2025-07-06,아웃도어,0.0,294600.0,0.0,0.0,1124091.0,0.0
2025-07-06,여성,2177745.0,163136.0,1471273.0,24196364.0,2440373.0,13433000.0
2025-07-06,잡화,2690127.0,457818.0,2524182.0,15223218.0,1812700.0,8869673.0
2025-07-06,키즈,0.0,248818.0,0.0,0.0,1832182.0,0.0
2025-07-07,골프,530027.0,1343127.0,898191.0,5676291.0,3722627.0,2504764.0
2025-07-07,남성,1764464.0,623673.0,4062045.0,11373536.0,3372136.0,10079955.0
2025-07-07,리빙,0.0,1066641.0,0.0,0.0,2465431.0,0.0
2025-07-07,명품,0.0,-274545.0,0.0,0.0,9167818.0,0.0
2025-07-07,뷰티,0.0,723636.0,263273.0,0.0,2490864.0,454000.0
2025-07-07,슈즈,1786273.0,130909.0,38018.0,3099273.0,822818.0,2655191.0
2025-07-07,스포츠,396091.0,855000.0,523636.0,757545.0,1545182.0,328364.0
2025-07-07,아웃도어,0.0,369000.0,0.0,0.0,741818.0,0.0
2025-07-07,여성,70000.0,2136.0,-578545.0,9262173.0,2124945.0,6334864.0
2025-07-07,잡화,2546073.0,1973.0,2164645.0,6594527.0,1823845.0,5528718.0
2025-07-07,키즈,0.0,312545.0,0.0,0.0,581036.0,0.0
2025-07-08,골프,340545.0,582718.0,827209.0,3777955.0,1335345.0,2813945.0
2025-07-08,남성,406309.0,-72855.0,2236591.0,13417445.0,4048000.0,9719818.0
2025-07-08,리빙,0.0,1471091.0,0.0,0.0,5815245.0,0.0
2025-07-08,명품,0.0,1910727.0,0.0,0.0,8246182.0,0.0
2025-07-08,뷰티,0.0,196364.0,674545.0,0.0,2228545.0,544909.0
2025-07-08,슈즈,798773.0,80909.0,1480791.0,3162855.0,1539236.0,5938445.0
2025-07-08,스포츠,309864.0,662727.0,71818.0,533318.0,3580455.0,35636.0
2025-07-08,아웃도어,0.0,782464.0,0.0,0.0,17595464.0,0.0
2025-07-08,여성,982273.0,202091.0,1588045.0,9149409.0,1682866.0,8753864.0
2025-07-08,잡화,3045291.0,244364.0,4124255.0,11014927.0,1169100.0,8566300.0
2025-07-08,키즈,0.0,272091.0,0.0,0.0,471736.0,0.0
2025-07-09,골프,1037109.0,1192018.0,990282.0,3290945.0,4768473.0,2636091.0
2025-07-09,남성,2102518.0,370091.0,2981227.0,13922155.0,3214955.0,8109727.0
2025-07-09,리빙,0.0,739273.0,0.0,0.0,3883559.0,0.0
2025-07-09,명품,0.0,583636.0,0.0,0.0,17814364.0,0.0
2025-07-09,뷰티,0.0,266818.0,81636.0,0.0,1631818.0,122727.0
2025-07-09,슈즈,-58864.0,-22727.0,3731309.0,3375591.0,189927.0,8399764.0
2025-07-09,스포츠,626727.0,3502818.0,351818.0,526545.0,3949427.0,424545.0
2025-07-09,아웃도어,0.0,967491.0,0.0,0.0,4449300.0,0.0
2025-07-09,여성,1535682.0,75182.0,1948091.0,10350318.0,3784512.0,9459818.0
2025-07-09,잡화,3090291.0,1022445.0,4474764.0,7450945.0,1306755.0,7591855.0
2025-07-09,키즈,0.0,61000.0,0.0,0.0,951809.0,0.0
2025-07-10,골프,2251600.0,617291.0,818009.0,4089545.0,2230291.0,2995155.0
2025-07-10,남성,2736945.0,318364.0,1266136.0,11251209.0,3844955.0,7176909.0
2025-07-10,리빙,0.0,1220364.0,0.0,0.0,3461145.0,0.0
2025-07-10,명품,0.0,1801818.0,0.0,0.0,13022955.0,0.0
2025-07-10,뷰티,0.0,566545.0,323636.0,0.0,1385395.0,155636.0
2025-07-10,슈즈,2447682.0,432727.0,3924255.0,2633636.0,344082.0,7072555.0
2025-07-10,스포츠,780091.0,900545.0,614545.0,1718955.0,5063764.0,99091.0
2025-07-10,아웃도어,0.0,964545.0,0.0,0.0,6742509.0,0.0
2025-07-10,여성,1165264.0,385591.0,2125227.0,5071500.0,1907353.0,11277000.0
2025-07-10,잡화,2200127.0,328182.0,6404327.0,9545600.0,291618.0,5350164.0
2025-07-10,키즈,0.0,190182.0,0.0,0.0,644145.0,0.0
2025-07-11,골프,779900.0,790727.0,517982.0,895264.0,300655.0,3394927.0
2025-07-11,남성,-262755.0,-144000.0,824273.0,9060273.0,3049082.0,3226045.0
2025-07-11,리빙,0.0,1774273.0,0.0,0.0,1626109.0,0.0
2025-07-11,명품,0.0,1042727.0,0.0,0.0,7966000.0,0.0
2025-07-11,뷰티,0.0,1061455.0,19091.0,0.0,1827373.0,197636.0
2025-07-11,슈즈,877818.0,0.0,1356891.0,2936945.0,531518.0,5161282.0
2025-07-11,스포츠,66591.0,1466409.0,-153636.0,363455.0,1717609.0,0.0
2025-07-11,아웃도어,0.0,786009.0,0.0,0.0,2136182.0,0.0
2025-07-11,여성,941536.0,64345.0,1846864.0,8417455.0,991649.0,9946864.0
2025-07-11,잡화,3716000.0,-33545.0,2735364.0,7119518.0,1005682.0,4850564.0
2025-07-11,키즈,0.0,-65091.0,0.0,0.0,596291.0,0.0
2025-07-12,골프,799082.0,616609.0,574109.0,4707409.0,5778518.0,1670227.0
2025-07-12,남성,1870318.0,920455.0,2842591.0,9759364.0,5093927.0,10424136.0
2025-07-12,리빙,0.0,292636.0,0.0,0.0,2260909.0,0.0
2025-07-12,명품,0.0,2203636.0,0.0,0.0,17120800.0,0.0
2025-07-12,뷰티,0.0,199091.0,343636.0,0.0,1925955.0,385273.0
2025-07-12,슈즈,883545.0,241455.0,3425882.0,2452591.0,1128364.0,4938700.0
2025-07-12,스포츠,116455.0,221545.0,153636.0,584727.0,2718409.0,271818.0
2025-07-12,아웃도어,0.0,109091.0,0.0,0.0,1295259.0,0.0
2025-07-12,여성,1079636.0,264182.0,2676500.0,10254364.0,1661845.0,9679273.0
2025-07-12,잡화,1166364.0,30000.0,1490182.0,7785436.0,1192027.0,4899027.0
2025-07-12,키즈,0.0,75545.0,0.0,0.0,1714500.0,0.0
2025-07-13,골프,726182.0,655745.0,235591.0,3431736.0,5269482.0,5409618.0
2025-07-13,남성,2449700.0,253727.0,1924273.0,19799555.0,3959636.0,14118182.0
2025-07-13,리빙,0.0,1460000.0,0.0,0.0,2859636.0,0.0
2025-07-13,명품,0.0,477182.0,0.0,0.0,17499091.0,0.0
2025-07-13,뷰티,0.0,136364.0,460909.0,0.0,2467432.0,87273.0
2025-07-13,슈즈,1100727.0,511455.0,2585936.0,3817000.0,1262109.0,7304809.0
2025-07-13,스포츠,458727.0,732545.0,153636.0,485182.0,2980727.0,62727.0
2025-07-13,아웃도어,0.0,1031727.0,0.0,0.0,1439182.0,0.0
2025-07-13,여성,2675182.0,171227.0,1451818.0,22681455.0,2563255.0,18398864.0
2025-07-13,잡화,3961145.0,0.0,2641100.0,13933164.0,4275273.0,9198709.0
2025-07-13,키즈,0.0,328000.0,0.0,0.0,1641409.0,0.0
2025-07-14,골프,1615327.0,784055.0,877164.0,1149945.0,2681364.0,690500.0
2025-07-14,남성,203364.0,-228582.0,2425682.0,6835018.0,1821545.0,8304182.0
2025-07-14,리빙,0.0,1442727.0,0.0,0.0,2663273.0,0.0
2025-07-14,명품,0.0,34545.0,0.0,0.0,-6837982.0,0.0
2025-07-14,뷰티,0.0,666364.0,0.0,0.0,2318836.0,-64727.0
2025-07-14,슈즈,1332773.0,-211818.0,664291.0,2233864.0,145400.0,2081991.0
2025-07-14,스포츠,249091.0,-1995727.0,153636.0,634909.0,2644182.0,0.0
2025-07-14,아웃도어,0.0,687364.0,0.0,0.0,-84364.0,0.0
2025-07-14,여성,1306455.0,158727.0,576318.0,8262445.0,1037173.0,3683545.0
2025-07-14,잡화,2313055.0,2169545.0,2659909.0,12998236.0,3077127.0,5481964.0
2025-07-14,키즈,0.0,184818.0,0.0,0.0,733845.0,0.0
2025-07-15,골프,397182.0,720909.0,440182.0,1592627.0,1806636.0,2125536.0
2025-07-15,남성,-150145.0,-88182.0,93727.0,4458864.0,3478455.0,7432818.0
2025-07-15,리빙,0.0,577273.0,0.0,0.0,1212791.0,0.0
2025-07-15,명품,0.0,891545.0,0.0,0.0,6867091.0,0.0
2025-07-15,뷰티,0.0,664114.0,21727.0,0.0,1654618.0,0.0
2025-07-15,슈즈,520000.0,0.0,2332118.0,4111545.0,563600.0,3847782.0
2025-07-15,스포츠,478636.0,638909.0,0.0,-63182.0,3197073.0,0.0
2025-07-15,아웃도어,0.0,422636.0,0.0,0.0,245200.0,0.0
2025-07-15,여성,2360545.0,33045.0,2303136.0,6304264.0,724045.0,10058273.0
2025-07-15,잡화,2351236.0,54318.0,3320982.0,11818800.0,804182.0,4442936.0
2025-07-15,키즈,0.0,341455.0,0.0,0.0,500891.0,0.0
2025-07-16,골프,657818.0,1967918.0,276364.0,1956091.0,3310036.0,2215918.0
2025-07-16,남성,3793473.0,168818.0,1328636.0,7897982.0,2644573.0,7979282.0
2025-07-16,리빙,0.0,1203636.0,0.0,0.0,2576136.0,0.0
2025-07-16,명품,0.0,1367273.0,0.0,0.0,4005727.0,0.0
2025-07-16,뷰티,0.0,778318.0,0.0,0.0,2008364.0,163273.0
2025-07-16,슈즈,575591.0,-27018.0,2135100.0,6562318.0,73700.0,4006291.0
2025-07-16,스포츠,187545.0,368909.0,307273.0,764091.0,3955227.0,0.0
2025-07-16,아웃도어,0.0,882909.0,0.0,0.0,1038636.0,0.0
2025-07-16,여성,1341682.0,200345.0,234727.0,3991273.0,1728239.0,8819045.0
2025-07-16,잡화,1937873.0,764545.0,1992482.0,8017655.0,3050836.0,7099755.0
2025-07-16,키즈,0.0,-35182.0,0.0,0.0,318545.0,0.0
2025-07-17,골프,364364.0,976882.0,310836.0,2836400.0,271945.0,69445.0
2025-07-17,남성,2057118.0,283955.0,1306955.0,5389318.0,2348891.0,4479364.0
2025-07-17,리빙,0.0,1449273.0,0.0,0.0,1566255.0,0.0
2025-07-17,명품,0.0,279091.0,0.0,0.0,11167000.0,0.0
2025-07-17,뷰티,0.0,195273.0,0.0,0.0,2000036.0,109727.0
2025-07-17,슈즈,467136.0,143636.0,2660073.0,1915718.0,1219682.0,3981418.0
2025-07-17,스포츠,457364.0,1707818.0,0.0,284636.0,2878418.0,0.0
2025-07-17,아웃도어,0.0,354545.0,0.0,0.0,1265382.0,0.0
2025-07-17,여성,2013455.0,115955.0,2946273.0,7909864.0,771482.0,14661909.0
2025-07-17,잡화,2380618.0,171682.0,2637673.0,8516036.0,2060645.0,4449700.0
2025-07-17,키즈,0.0,-80000.0,0.0,0.0,567091.0,0.0
2025-07-18,골프,1000664.0,762282.0,328955.0,3239236.0,-472209.0,2342891.0
2025-07-18,남성,1730182.0,136818.0,2716273.0,6328864.0,3057773.0,10115455.0
2025-07-18,리빙,0.0,593273.0,0.0,0.0,2647091.0,0.0
2025-07-18,명품,0.0,3643636.0,0.0,0.0,13739182.0,0.0
2025-07-18,뷰티,0.0,581545.0,172000.0,0.0,1927091.0,64545.0
2025-07-18,슈즈,861773.0,0.0,1901773.0,2552318.0,221182.0,3588536.0
2025-07-18,스포츠,153091.0,433909.0,62727.0,219545.0,2499264.0,316364.0
2025-07-18,아웃도어,0.0,25055.0,0.0,0.0,902000.0,0.0
2025-07-18,여성,1467455.0,203182.0,1587909.0,13088545.0,1729115.0,4757045.0
2025-07-18,잡화,3095891.0,193455.0,2384682.0,6885527.0,1688727.0,5462845.0
2025-07-18,키즈,0.0,43182.0,0.0,0.0,303464.0,0.0
2025-07-19,골프,88091.0,457455.0,43636.0,1441636.0,4689555.0,1478545.0
2025-07-19,남성,3546282.0,295455.0,1112636.0,21070909.0,4959800.0,7213591.0
2025-07-19,리빙,0.0,541727.0,0.0,0.0,1513091.0,0.0
2025-07-19,명품,0.0,792636.0,0.0,0.0,20309091.0,0.0
2025-07-19,뷰티,0.0,798273.0,26364.0,0.0,2075691.0,461091.0
2025-07-19,슈즈,968045.0,95455.0,2196318.0,2474682.0,1307973.0,2487018.0
2025-07-19,스포츠,31182.0,907182.0,108364.0,546455.0,3713591.0,98182.0
2025-07-19,아웃도어,0.0,153182.0,0.0,0.0,675691.0,0.0
2025-07-19,여성,1779045.0,183182.0,1650545.0,16344364.0,1431957.0,8136409.0
2025-07-19,잡화,2897945.0,180227.0,1436891.0,6927045.0,2171136.0,7564855.0
2025-07-19,키즈,0.0,0.0,0.0,0.0,1470673.0,0.0
2025-07-20,골프,700364.0,175545.0,275218.0,2869864.0,3471982.0,2566718.0
2025-07-20,남성,2352609.0,117127.0,1913000.0,19092564.0,4670800.0,14983409.0
2025-07-20,리빙,0.0,276364.0,0.0,0.0,2257873.0,0.0
2025-07-20,명품,0.0,1534818.0,0.0,0.0,13985545.0,0.0
2025-07-20,뷰티,0.0,425545.0,325909.0,0.0,1873745.0,61091.0
2025-07-20,슈즈,937000.0,283545.0,2841136.0,4506227.0,589545.0,6042436.0
2025-07-20,스포츠,860000.0,1273318.0,0.0,601182.0,5900364.0,0.0
2025-07-20,아웃도어,0.0,551818.0,0.0,0.0,1244136.0,0.0
2025-07-20,여성,2532909.0,539636.0,1778682.0,27632000.0,2291370.0,9394364.0
2025-07-20,잡화,2326600.0,0.0,3794209.0,13648218.0,764191.0,10327982.0
2025-07-20,키즈,0.0,249091.0,0.0,0.0,2124800.0,0.0
2025-07-21,골프,1313218.0,928900.0,592473.0,3616182.0,1707182.0,1846091.0
2025-07-21,남성,-400000.0,177818.0,1755636.0,10600200.0,2346773.0,5068091.0
2025-07-21,리빙,0.0,678455.0,0.0,0.0,3256382.0,0.0
2025-07-21,명품,0.0,289455.0,0.0,0.0,1032955.0,0.0
2025-07-21,뷰티,0.0,558982.0,28364.0,0.0,1472345.0,41818.0
2025-07-21,슈즈,629364.0,0.0,1319400.0,2034818.0,50218.0,2163773.0
2025-07-21,스포츠,182091.0,5253818.0,153636.0,599545.0,6405300.0,44545.0
2025-07-21,아웃도어,0.0,114409.0,0.0,0.0,1550145.0,0.0
2025-07-21,여성,1213500.0,150909.0,1093773.0,9449318.0,609091.0,3445818.0
2025-07-21,잡화,2762382.0,356573.0,2126982.0,9096691.0,2108364.0,5667473.0
2025-07-21,키즈,0.0,212455.0,0.0,0.0,1424982.0,0.0
2025-07-22,골프,232036.0,1376227.0,247455.0,2099855.0,1055364.0,2274082.0
2025-07-22,남성,-51018.0,240545.0,1860818.0,12504127.0,1003545.0,6081136.0
2025-07-22,리빙,0.0,541945.0,0.0,0.0,1647664.0,0.0
2025-07-22,명품,0.0,387273.0,0.0,0.0,4332273.0,0.0
2025-07-22,뷰티,0.0,1100927.0,156364.0,0.0,2177564.0,699545.0
2025-07-22,슈즈,1251045.0,474745.0,1272782.0,1514273.0,1154909.0,5311236.0
2025-07-22,스포츠,175455.0,457182.0,0.0,927091.0,4865682.0,207273.0
2025-07-22,아웃도어,0.0,1030100.0,0.0,0.0,844500.0,0.0
2025-07-22,여성,3103455.0,196936.0,2516727.0,8986773.0,-375964.0,9259227.0
2025-07-22,잡화,2225873.0,628091.0,2916564.0,8056982.0,96755.0,6572882.0
2025-07-22,키즈,0.0,155818.0,0.0,0.0,1139400.0,0.0
2025-07-23,골프,1099818.0,1804636.0,107636.0,1945900.0,1665245.0,2130400.0
2025-07-23,남성,2149745.0,321182.0,1113545.0,15182636.0,355682.0,6538173.0
2025-07-23,리빙,0.0,493000.0,0.0,0.0,2181636.0,0.0
2025-07-23,명품,0.0,1057273.0,0.0,0.0,7397273.0,0.0
2025-07-23,뷰티,0.0,315091.0,-47273.0,0.0,2330709.0,176364.0
2025-07-23,슈즈,1086591.0,35636.0,1450318.0,2900273.0,307182.0,4948718.0
2025-07-23,스포츠,-27273.0,1142000.0,144545.0,639000.0,3213500.0,48273.0
2025-07-23,아웃도어,0.0,403818.0,0.0,0.0,674582.0,0.0
2025-07-23,여성,2319473.0,4818.0,-340273.0,3657455.0,866841.0,4486909.0
2025-07-23,잡화,2990582.0,132682.0,3793445.0,10466764.0,1156936.0,5828818.0
2025-07-23,키즈,0.0,167545.0,0.0,0.0,59591.0,0.0
2025-07-24,골프,464727.0,583755.0,852191.0,3320309.0,2702936.0,2571836.0
2025-07-24,남성,782436.0,263545.0,2342727.0,7007509.0,1839500.0,9310136.0
2025-07-24,리빙,0.0,515818.0,0.0,0.0,1176909.0,0.0
2025-07-24,명품,0.0,1495000.0,0.0,0.0,6274727.0,0.0
2025-07-24,뷰티,0.0,512909.0,0.0,0.0,1239845.0,12000.0
2025-07-24,슈즈,182455.0,297000.0,512927.0,2973091.0,-296909.0,5930327.0
2025-07-24,스포츠,76818.0,1125455.0,207273.0,265273.0,4813455.0,165545.0
2025-07-24,아웃도어,0.0,196991.0,0.0,0.0,1700927.0,0.0
2025-07-24,여성,1852318.0,256000.0,643727.0,-2965318.0,1168518.0,2321091.0
2025-07-24,잡화,1670545.0,-43955.0,1037191.0,6534082.0,4901882.0,2290000.0
2025-07-24,키즈,0.0,233455.0,0.0,0.0,2621900.0,0.0
2025-07-25,골프,904091.0,1644036.0,-40700.0,1100782.0,2552255.0,2302591.0
2025-07-25,남성,2232436.0,364182.0,2942909.0,3126000.0,2873400.0,4825727.0
2025-07-25,리빙,0.0,199818.0,0.0,0.0,1637636.0,0.0
2025-07-25,명품,0.0,734455.0,0.0,0.0,4068727.0,0.0
2025-07-25,뷰티,0.0,601455.0,0.0,0.0,1175455.0,89455.0
2025-07-25,슈즈,1007136.0,388818.0,3350273.0,2666682.0,1117618.0,4810018.0
2025-07-25,스포츠,322000.0,2099909.0,35455.0,171636.0,6328727.0,307955.0
2025-07-25,아웃도어,0.0,247000.0,0.0,0.0,-147873.0,0.0
2025-07-25,여성,1473000.0,221967.0,1884636.0,7074718.0,513309.0,6145864.0
2025-07-25,잡화,2024945.0,39000.0,3032382.0,5754527.0,617627.0,4334845.0
2025-07-25,키즈,0.0,43909.0,0.0,0.0,812391.0,0.0
2025-07-26,골프,593273.0,954300.0,726427.0,2327818.0,3041182.0,1312173.0
2025-07-26,남성,3068182.0,249273.0,1033000.0,8317500.0,3220991.0,9420318.0
2025-07-26,리빙,0.0,492909.0,0.0,0.0,2115182.0,0.0
2025-07-26,명품,0.0,1770091.0,0.0,0.0,6984000.0,0.0
2025-07-26,뷰티,0.0,555645.0,19000.0,0.0,2147318.0,221818.0
2025-07-26,슈즈,1312364.0,287636.0,1806273.0,2413864.0,976545.0,3798473.0
2025-07-26,스포츠,0.0,956455.0,224545.0,528182.0,4746809.0,53318.0
2025-07-26,아웃도어,0.0,751482.0,0.0,0.0,829455.0,0.0
2025-07-26,여성,1545864.0,142030.0,2131545.0,6231682.0,530509.0,3892909.0
2025-07-26,잡화,3680600.0,286909.0,1167618.0,7403273.0,1943555.0,3171109.0
2025-07-26,키즈,0.0,287727.0,0.0,0.0,862455.0,0.0
2025-07-27,골프,393000.0,1282873.0,153909.0,3649591.0,6193318.0,3168909.0
2025-07-27,남성,1272382.0,279091.0,1769545.0,23040700.0,5143864.0,15867455.0
2025-07-27,리빙,0.0,313091.0,0.0,0.0,2273909.0,0.0
2025-07-27,명품,0.0,-90818.0,0.0,0.0,8835000.0,0.0
2025-07-27,뷰티,0.0,588782.0,38000.0,0.0,2109382.0,24000.0
2025-07-27,슈즈,1840473.0,90000.0,2005136.0,5558909.0,835818.0,6143273.0
2025-07-27,스포츠,193727.0,958091.0,153636.0,983273.0,6128273.0,203818.0
2025-07-27,아웃도어,0.0,285727.0,0.0,0.0,1231182.0,0.0
2025-07-27,여성,3838409.0,143909.0,1601818.0,15563827.0,1909918.0,18407591.0
2025-07-27,잡화,3102182.0,99682.0,2097409.0,11618545.0,1193482.0,7671018.0
2025-07-27,키즈,0.0,426818.0,0.0,0.0,1610891.0,0.0
2025-07-28,골프,955582.0,198564.0,1176536.0,2374091.0,1462218.0,2100182.0
2025-07-28,남성,3798345.0,352864.0,1432364.0,10554827.0,2292336.0,8066473.0
2025-07-28,리빙,0.0,670182.0,0.0,0.0,1056618.0,0.0
2025-07-28,명품,0.0,-191545.0,0.0,0.0,3471455.0,0.0
2025-07-28,뷰티,0.0,485364.0,235455.0,0.0,1599382.0,26182.0
2025-07-28,슈즈,889818.0,27182.0,1857773.0,3647818.0,616273.0,2813000.0
2025-07-28,스포츠,137091.0,518909.0,0.0,823727.0,2041909.0,153636.0
2025-07-28,아웃도어,0.0,441091.0,0.0,0.0,680545.0,0.0
2025-07-28,여성,5883000.0,-25709.0,2301045.0,5750336.0,1208373.0,4216273.0
2025-07-28,잡화,3399164.0,138182.0,2429491.0,9945000.0,572955.0,6693855.0
2025-07-28,키즈,0.0,370364.0,0.0,0.0,550136.0,0.0
2025-07-29,골프,117545.0,596000.0,941000.0,2759073.0,1091064.0,207327.0
2025-07-29,남성,1735682.0,143182.0,936091.0,9215882.0,516655.0,8003455.0
2025-07-29,리빙,0.0,186273.0,0.0,0.0,2088925.0,0.0
2025-07-29,명품,0.0,1276364.0,0.0,0.0,6420000.0,0.0
2025-07-29,뷰티,0.0,586545.0,121364.0,0.0,1664836.0,45455.0
2025-07-29,슈즈,1149273.0,236273.0,1579927.0,5148636.0,334136.0,4483818.0
2025-07-29,스포츠,290545.0,463091.0,144545.0,1173273.0,1020182.0,-30409.0
2025-07-29,아웃도어,0.0,606636.0,0.0,0.0,233309.0,0.0
2025-07-29,여성,-1079727.0,81182.0,150818.0,11364027.0,937545.0,3929864.0
2025-07-29,잡화,2099545.0,1445909.0,3384273.0,5137273.0,1101427.0,1999827.0
2025-07-29,키즈,0.0,51909.0,0.0,0.0,704364.0,0.0
2025-07-30,골프,140000.0,250355.0,123636.0,2225864.0,-347700.0,973318.0
2025-07-30,남성,637300.0,344655.0,1179955.0,9998627.0,2542300.0,7411636.0
2025-07-30,리빙,0.0,351364.0,0.0,0.0,1155818.0,0.0
2025-07-30,명품,0.0,2942000.0,0.0,0.0,4637273.0,0.0
2025-07-30,뷰티,0.0,409091.0,24000.0,0.0,1397491.0,0.0
2025-07-30,슈즈,1632773.0,127273.0,2131000.0,2701545.0,262364.0,3393518.0
2025-07-30,스포츠,81273.0,85000.0,28182.0,567636.0,1443045.0,226045.0
2025-07-30,아웃도어,0.0,517682.0,0.0,0.0,988136.0,0.0
2025-07-30,여성,552636.0,408500.0,1661545.0,9831400.0,1331991.0,7269091.0
2025-07-30,잡화,4217600.0,628227.0,2448455.0,8734491.0,821045.0,4335382.0
2025-07-30,키즈,0.0,322000.0,0.0,0.0,404500.0,0.0
2025-07-31,골프,813273.0,1287245.0,61327.0,3309173.0,728518.0,1912500.0
2025-07-31,남성,656727.0,326636.0,1955636.0,5484955.0,1729809.0,5846636.0
2025-07-31,리빙,0.0,306364.0,0.0,0.0,2427409.0,0.0
2025-07-31,명품,0.0,330909.0,0.0,0.0,7823000.0,0.0
2025-07-31,뷰티,0.0,585636.0,0.0,0.0,1358464.0,62727.0
2025-07-31,슈즈,727773.0,-91364.0,1217636.0,1669909.0,860818.0,2364818.0
2025-07-31,스포츠,250000.0,460318.0,117273.0,154818.0,220045.0,107273.0
2025-07-31,아웃도어,0.0,617000.0,0.0,0.0,772909.0,0.0
2025-07-31,여성,1338182.0,30136.0,1972636.0,6544591.0,618970.0,4157273.0
2025-07-31,잡화,883836.0,0.0,2003655.0,8374400.0,1579236.0,5776591.0
2025-07-31,키즈,0.0,53909.0,0.0,0.0,526636.0,0.0
2025-08-01,골프,639818.0,1122655.0,46909.0,1656636.0,2421182.0,1451036.0
2025-08-01,남성,2112636.0,93909.0,1798682.0,13820882.0,2944573.0,9195591.0
2025-08-01,리빙,0.0,112727.0,0.0,0.0,2566800.0,0.0
2025-08-01,명품,0.0,1264455.0,0.0,0.0,6110364.0,0.0
2025-08-01,뷰티,0.0,428273.0,0.0,0.0,1473455.0,49455.0
2025-08-01,슈즈,139436.0,143636.0,-16273.0,1593955.0,837636.0,2641545.0
2025-08-01,스포츠,202364.0,408909.0,-153636.0,664909.0,2842382.0,153636.0
2025-08-01,아웃도어,0.0,1304000.0,0.0,0.0,1838455.0,0.0
2025-08-01,여성,3584255.0,79791.0,1630773.0,14547500.0,413379.0,14253091.0
2025-08-01,잡화,608945.0,164764.0,2080073.0,7140309.0,2291491.0,6103536.0
2025-08-01,키즈,0.0,25909.0,0.0,0.0,1361082.0,0.0
2025-08-02,골프,626091.0,410018.0,1259109.0,2753236.0,3800809.0,2158536.0
2025-08-02,남성,1100864.0,192909.0,1260818.0,13436136.0,2810827.0,9630136.0
2025-08-02,리빙,0.0,73636.0,0.0,0.0,1076000.0,0.0
2025-08-02,명품,0.0,778455.0,0.0,0.0,9290000.0,0.0
2025-08-02,뷰티,0.0,628364.0,0.0,0.0,1596982.0,65455.0
2025-08-02,슈즈,168818.0,82091.0,1844727.0,1938273.0,1530182.0,3426909.0
2025-08-02,스포츠,159818.0,1568455.0,0.0,726000.0,7493818.0,0.0
2025-08-02,아웃도어,0.0,421091.0,0.0,0.0,1114082.0,0.0
2025-08-02,여성,2382364.0,213909.0,1169045.0,20111273.0,2166258.0,13741636.0
2025-08-02,잡화,2965564.0,421818.0,2757382.0,8257927.0,2751445.0,6222955.0
2025-08-02,키즈,0.0,126364.0,0.0,0.0,942755.0,0.0
2025-08-03,골프,475364.0,1403727.0,120909.0,2894327.0,5334564.0,1741609.0
2025-08-03,남성,3492636.0,292973.0,1704091.0,17081691.0,4392245.0,10622364.0
2025-08-03,리빙,0.0,366500.0,0.0,0.0,2289664.0,0.0
2025-08-03,명품,0.0,2070909.0,0.0,0.0,17114045.0,0.0
2025-08-03,뷰티,0.0,741545.0,0.0,0.0,1709191.0,0.0
2025-08-03,슈즈,428045.0,49909.0,1629000.0,3168227.0,596455.0,6508864.0
2025-08-03,스포츠,202364.0,1364273.0,0.0,850000.0,3828545.0,153636.0
2025-08-03,아웃도어,0.0,257818.0,0.0,0.0,1348882.0,0.0
2025-08-03,여성,1054409.0,67564.0,2076409.0,27104182.0,2576009.0,15866591.0
2025-08-03,잡화,3715091.0,133636.0,2238855.0,13760545.0,3827527.0,7338391.0
2025-08-03,키즈,0.0,229818.0,0.0,0.0,1745700.0,0.0
2025-08-04,골프,284000.0,456455.0,360518.0,3370536.0,1101418.0,2256300.0
2025-08-04,남성,1392500.0,67818.0,502000.0,16096227.0,2798573.0,10467909.0
2025-08-04,리빙,0.0,387491.0,0.0,0.0,2648636.0,0.0
2025-08-04,명품,0.0,1457727.0,0.0,0.0,6082091.0,0.0
2025-08-04,뷰티,0.0,731818.0,242636.0,0.0,1252745.0,80182.0
2025-08-04,슈즈,-184955.0,-135818.0,370091.0,1542182.0,1293545.0,2247591.0
2025-08-04,스포츠,214818.0,952000.0,94227.0,773545.0,3064936.0,142409.0
2025-08-04,아웃도어,0.0,525727.0,0.0,0.0,420818.0,0.0
2025-08-04,여성,2065545.0,252382.0,1924500.0,12714773.0,757770.0,11318955.0
2025-08-04,잡화,3386436.0,584636.0,2387173.0,11160509.0,1138600.0,5929455.0
2025-08-04,키즈,0.0,127182.0,0.0,0.0,1192045.0,0.0
2025-08-05,골프,909545.0,3170618.0,653773.0,4445164.0,4342264.0,2946073.0
2025-08-05,남성,2665682.0,-20273.0,1685409.0,15695882.0,3626755.0,8354818.0
2025-08-05,리빙,0.0,541818.0,0.0,0.0,1107455.0,0.0
2025-08-05,명품,0.0,1681545.0,0.0,0.0,7189818.0,0.0
2025-08-05,뷰티,0.0,711455.0,103636.0,0.0,2968182.0,534545.0
2025-08-05,슈즈,833364.0,62727.0,1643364.0,2153182.0,220673.0,5558455.0
2025-08-05,스포츠,458182.0,1492545.0,153636.0,584091.0,3539100.0,0.0
2025-08-05,아웃도어,0.0,496273.0,0.0,0.0,2587391.0,0.0
2025-08-05,여성,5140545.0,63373.0,2161909.0,12800027.0,1261940.0,14072136.0
2025-08-05,잡화,1814345.0,200855.0,3707682.0,9722891.0,3152436.0,6229273.0
2025-08-05,키즈,0.0,94273.0,0.0,0.0,2353018.0,0.0
2025-08-06,골프,1630091.0,733673.0,302818.0,5389582.0,2024364.0,2263336.0
2025-08-06,남성,2675682.0,639655.0,2372318.0,15250273.0,4377755.0,9168636.0
2025-08-06,리빙,0.0,856818.0,0.0,0.0,1507827.0,0.0
2025-08-06,명품,0.0,1281818.0,0.0,0.0,16413273.0,0.0
2025-08-06,뷰티,0.0,615000.0,224273.0,0.0,2049209.0,722545.0
2025-08-06,슈즈,933000.0,393273.0,2900818.0,2483000.0,640091.0,6326545.0
2025-08-06,스포츠,456727.0,1545727.0,9091.0,577091.0,5774545.0,266909.0
2025-08-06,아웃도어,0.0,563818.0,0.0,0.0,1068909.0,0.0
2025-08-06,여성,2812409.0,601255.0,2906727.0,15895636.0,2999836.0,6751682.0
2025-08-06,잡화,2599382.0,678864.0,2208927.0,7942164.0,6617300.0,9394864.0
2025-08-06,키즈,0.0,194182.0,0.0,0.0,784291.0,0.0
2025-08-07,골프,535818.0,340636.0,418773.0,4125891.0,3102136.0,1480573.0
2025-08-07,남성,2509727.0,801173.0,2114273.0,11717591.0,1473591.0,8929091.0
2025-08-07,리빙,0.0,393018.0,0.0,0.0,1080636.0,0.0
2025-08-07,명품,0.0,402727.0,0.0,0.0,5155545.0,0.0
2025-08-07,뷰티,0.0,868073.0,24000.0,0.0,1408809.0,0.0
2025-08-07,슈즈,500318.0,0.0,1494227.0,2665909.0,283182.0,2575636.0
2025-08-07,스포츠,450455.0,1444000.0,62727.0,1302182.0,5217545.0,270909.0
2025-08-07,아웃도어,0.0,1624545.0,0.0,0.0,2174455.0,0.0
2025-08-07,여성,1362000.0,490182.0,935636.0,13511773.0,3134587.0,5598818.0
2025-08-07,잡화,3920727.0,244155.0,4489591.0,9026818.0,6164127.0,6407164.0
2025-08-07,키즈,0.0,267091.0,0.0,0.0,1809473.0,0.0
2025-08-08,골프,1323127.0,399091.0,316636.0,954318.0,3518164.0,1218591.0
2025-08-08,남성,-196091.0,763573.0,750364.0,5455682.0,3285882.0,6430182.0
2025-08-08,리빙,0.0,867000.0,0.0,0.0,1038964.0,0.0
2025-08-08,명품,0.0,-144727.0,0.0,0.0,9135091.0,0.0
2025-08-08,뷰티,0.0,1074909.0,24000.0,0.0,2117073.0,278364.0
2025-08-08,슈즈,937727.0,279545.0,1505091.0,1552818.0,553909.0,3480136.0
2025-08-08,스포츠,158091.0,244045.0,0.0,737000.0,2346591.0,-44545.0
2025-08-08,아웃도어,0.0,280818.0,0.0,0.0,2549455.0,0.0
2025-08-08,여성,2299545.0,704236.0,1244000.0,12902636.0,1865545.0,9373409.0
2025-08-08,잡화,3056200.0,517636.0,1948155.0,7753691.0,370455.0,4727582.0
2025-08-08,키즈,0.0,16636.0,0.0,0.0,647391.0,0.0
2025-08-09,골프,368364.0,1970064.0,905273.0,1720218.0,3884627.0,1171818.0
2025-08-09,남성,632136.0,294909.0,796182.0,17048645.0,3800264.0,7776864.0
2025-08-09,리빙,0.0,632727.0,0.0,0.0,2814355.0,0.0
2025-08-09,명품,0.0,1656182.0,0.0,0.0,6712773.0,0.0
2025-08-09,뷰티,0.0,399618.0,0.0,0.0,1262527.0,422727.0
2025-08-09,슈즈,1054773.0,0.0,387455.0,1540136.0,940364.0,-616864.0
2025-08-09,스포츠,233818.0,662182.0,197864.0,582391.0,5287993.0,0.0
2025-08-09,아웃도어,0.0,491636.0,0.0,0.0,1545545.0,0.0
2025-08-09,여성,1678364.0,181127.0,725955.0,20774545.0,1968736.0,10924682.0
2025-08-09,잡화,3274945.0,144545.0,2000655.0,7062400.0,2260455.0,3961382.0
2025-08-09,키즈,0.0,217500.0,0.0,0.0,533955.0,0.0
2025-08-10,골프,-28636.0,1070527.0,272182.0,2601636.0,6269409.0,3073309.0
2025-08-10,남성,2238227.0,654636.0,2502091.0,22067209.0,8285964.0,11598136.0
2025-08-10,리빙,0.0,521545.0,0.0,0.0,1856964.0,0.0
2025-08-10,명품,0.0,4821000.0,0.0,0.0,9449773.0,0.0
2025-08-10,뷰티,0.0,790691.0,90909.0,0.0,1889009.0,-149091.0
2025-08-10,슈즈,867955.0,216364.0,689273.0,3771727.0,852545.0,1957818.0
2025-08-10,스포츠,239273.0,435345.0,252727.0,325727.0,6394955.0,0.0
2025-08-10,아웃도어,0.0,740273.0,0.0,0.0,1973727.0,0.0
2025-08-10,여성,1267182.0,474345.0,3098864.0,25220364.0,1994927.0,14100545.0
2025-08-10,잡화,2736436.0,488227.0,2308655.0,11969400.0,4618509.0,6598764.0
2025-08-10,키즈,0.0,471327.0,0.0,0.0,1168091.0,0.0
2025-08-11,골프,369273.0,341045.0,905864.0,312009.0,5840864.0,1241609.0
2025-08-11,남성,1187409.0,542664.0,1589455.0,8333045.0,3183100.0,4687091.0
2025-08-11,리빙,0.0,183909.0,0.0,0.0,1367236.0,0.0
2025-08-11,명품,0.0,2685182.0,0.0,0.0,11668836.0,0.0
2025-08-11,뷰티,0.0,1216182.0,18091.0,0.0,1849264.0,142091.0
2025-08-11,슈즈,995818.0,190909.0,538500.0,1266318.0,1070382.0,-648364.0
2025-08-11,스포츠,24818.0,-122818.0,0.0,826364.0,-2046955.0,70909.0
2025-08-11,아웃도어,0.0,667455.0,0.0,0.0,833741.0,0.0
2025-08-11,여성,2201545.0,217491.0,1053727.0,4688364.0,691764.0,6295500.0
2025-08-11,잡화,3809873.0,104545.0,3368836.0,8862982.0,654373.0,7161418.0
2025-08-11,키즈,0.0,188818.0,0.0,0.0,889273.0,0.0
2025-08-12,골프,318636.0,1675409.0,353455.0,1921009.0,2838364.0,1000755.0
2025-08-12,남성,2191273.0,-25727.0,891627.0,9326000.0,-105236.0,7169945.0
2025-08-12,리빙,0.0,397455.0,0.0,0.0,1787418.0,0.0
2025-08-12,명품,0.0,-648727.0,0.0,0.0,10727909.0,0.0
2025-08-12,뷰티,0.0,666327.0,32000.0,0.0,824700.0,158455.0
2025-08-12,슈즈,2734364.0,85273.0,-89909.0,4451000.0,353909.0,220455.0
2025-08-12,스포츠,-28364.0,613455.0,0.0,299909.0,2613500.0,0.0
2025-08-12,아웃도어,0.0,556818.0,0.0,0.0,1383586.0,0.0
2025-08-12,여성,462182.0,-81100.0,1248773.0,5784818.0,489720.0,7344045.0
2025-08-12,잡화,2478564.0,46364.0,3255800.0,7395218.0,703718.0,5803209.0
2025-08-12,키즈,0.0,20273.0,0.0,0.0,122091.0,0.0
2025-08-13,골프,758636.0,1139636.0,462818.0,2334736.0,2373164.0,1973627.0
2025-08-13,남성,1365227.0,464427.0,464955.0,7604909.0,2192209.0,3400173.0
2025-08-13,리빙,0.0,199818.0,0.0,0.0,1918182.0,0.0
2025-08-13,명품,0.0,128182.0,0.0,0.0,8749909.0,0.0
2025-08-13,뷰티,0.0,532145.0,0.0,0.0,1164855.0,478545.0
2025-08-13,슈즈,1923864.0,54455.0,1655291.0,10557955.0,-406727.0,7163627.0
2025-08-13,스포츠,-74818.0,317318.0,106636.0,265273.0,3074018.0,484818.0
2025-08-13,아웃도어,0.0,-112182.0,0.0,0.0,786123.0,0.0
2025-08-13,여성,-1442727.0,195318.0,-244636.0,8031818.0,808155.0,4908545.0
2025-08-13,잡화,2144800.0,-139545.0,3868164.0,9079164.0,4319555.0,3343164.0
2025-08-13,키즈,0.0,-125455.0,0.0,0.0,410473.0,0.0
2025-08-14,골프,866364.0,880018.0,367591.0,2860218.0,2496155.0,1486364.0
2025-08-14,남성,975091.0,-87945.0,1356273.0,8476273.0,2203491.0,6452673.0
2025-08-14,리빙,0.0,533075.0,0.0,0.0,1828182.0,0.0
2025-08-14,명품,0.0,-156636.0,0.0,0.0,7875818.0,0.0
2025-08-14,뷰티,0.0,318391.0,127091.0,0.0,529118.0,-298909.0
2025-08-14,슈즈,2443545.0,129909.0,1072927.0,4671227.0,274636.0,2166327.0
2025-08-14,스포츠,230364.0,226273.0,0.0,363273.0,681864.0,0.0
2025-08-14,아웃도어,0.0,660182.0,0.0,0.0,-346636.0,0.0
2025-08-14,여성,1059818.0,146636.0,1783091.0,18896409.0,595273.0,8696227.0
2025-08-14,잡화,1892855.0,222873.0,1973891.0,6014273.0,345645.0,4742000.0
2025-08-14,키즈,0.0,181000.0,0.0,0.0,394973.0,0.0
2025-08-15,골프,847727.0,249273.0,477455.0,4492182.0,3742345.0,1879000.0
2025-08-15,남성,4384000.0,101182.0,1107000.0,22264955.0,2158473.0,7523218.0
2025-08-15,리빙,0.0,127182.0,0.0,0.0,1125091.0,0.0
2025-08-15,명품,0.0,756364.0,0.0,0.0,2967000.0,0.0
2025-08-15,뷰티,0.0,1032982.0,176000.0,0.0,1054091.0,140000.0
2025-08-15,슈즈,1309773.0,136636.0,1771082.0,5701227.0,1491727.0,4465782.0
2025-08-15,스포츠,530182.0,786636.0,224227.0,415091.0,2382273.0,389091.0
2025-08-15,아웃도어,0.0,53636.0,0.0,0.0,741036.0,0.0
2025-08-15,여성,2308545.0,0.0,828182.0,23532636.0,1955673.0,14323091.0
2025-08-15,잡화,3904145.0,72227.0,2179436.0,12579255.0,1457636.0,6599436.0
2025-08-15,키즈,0.0,62727.0,0.0,0.0,213436.0,0.0
2025-08-16,골프,931818.0,720455.0,194182.0,3895636.0,4621409.0,742455.0
2025-08-16,남성,1881818.0,106273.0,1416991.0,6849027.0,2602045.0,6071400.0
2025-08-16,리빙,0.0,524091.0,0.0,0.0,2476818.0,0.0
2025-08-16,명품,0.0,221818.0,0.0,0.0,9875545.0,0.0
2025-08-16,뷰티,0.0,214500.0,630455.0,0.0,1534064.0,90909.0
2025-08-16,슈즈,772273.0,-18818.0,840364.0,3341909.0,504182.0,3622655.0
2025-08-16,스포츠,69364.0,374709.0,0.0,1089636.0,3850482.0,-53318.0
2025-08-16,아웃도어,0.0,488636.0,0.0,0.0,1304245.0,0.0
2025-08-16,여성,569773.0,38182.0,562273.0,18939636.0,1567255.0,11182955.0
2025-08-16,잡화,2473527.0,55909.0,2213600.0,9251745.0,1916064.0,6326573.0
2025-08-16,키즈,0.0,0.0,0.0,0.0,712300.0,0.0
2025-08-17,골프,890909.0,1572264.0,376636.0,7260182.0,6000924.0,2922682.0
2025-08-17,남성,2424045.0,485500.0,2300136.0,19980500.0,2974545.0,11350482.0
2025-08-17,리빙,0.0,688727.0,0.0,0.0,2020236.0,0.0
2025-08-17,명품,0.0,870000.0,0.0,0.0,10341545.0,0.0
2025-08-17,뷰티,0.0,606909.0,152000.0,0.0,2062764.0,-43273.0
2025-08-17,슈즈,339591.0,125455.0,1787464.0,5106455.0,1339655.0,5152100.0
2025-08-17,스포츠,49545.0,473727.0,179682.0,983545.0,7032500.0,40909.0
2025-08-17,아웃도어,0.0,577909.0,0.0,0.0,1503700.0,0.0
2025-08-17,여성,1240000.0,103555.0,1557909.0,29899136.0,1988955.0,15286182.0
2025-08-17,잡화,3935655.0,65073.0,2290755.0,10654673.0,2114227.0,8533291.0
2025-08-17,키즈,0.0,374818.0,0.0,0.0,1875000.0,0.0
2025-08-18,골프,389582.0,1226909.0,114727.0,1886282.0,2946336.0,2253727.0
2025-08-18,남성,1702364.0,-74182.0,1961909.0,8715100.0,4724155.0,5796891.0
2025-08-18,리빙,0.0,375182.0,0.0,0.0,1655727.0,0.0
2025-08-18,명품,0.0,3539273.0,0.0,0.0,483364.0,0.0
2025-08-18,뷰티,0.0,702727.0,16000.0,0.0,1221518.0,-136727.0
2025-08-18,슈즈,648500.0,257182.0,2404555.0,1020864.0,-223182.0,4717727.0
2025-08-18,스포츠,134727.0,798909.0,62727.0,660573.0,3040155.0,117273.0
2025-08-18,아웃도어,0.0,205818.0,0.0,0.0,687364.0,0.0
2025-08-18,여성,1480818.0,372027.0,-177727.0,9689818.0,595473.0,7605636.0
2025-08-18,잡화,1323109.0,160091.0,1831218.0,7948273.0,-63955.0,6289155.0
2025-08-18,키즈,0.0,103000.0,0.0,0.0,1100545.0,0.0
2025-08-19,골프,139091.0,727636.0,826182.0,2344236.0,285455.0,1465182.0
2025-08-19,남성,1325318.0,-147136.0,1081400.0,8442845.0,1791727.0,5447564.0
2025-08-19,리빙,0.0,967545.0,0.0,0.0,2048818.0,0.0
2025-08-19,명품,0.0,1010545.0,0.0,0.0,6823773.0,0.0
2025-08-19,뷰티,0.0,891145.0,94545.0,0.0,1464318.0,78182.0
2025-08-19,슈즈,298182.0,0.0,2451555.0,1554591.0,363518.0,6519227.0
2025-08-19,스포츠,0.0,360036.0,153636.0,427455.0,2444818.0,215455.0
2025-08-19,아웃도어,0.0,-6182.0,0.0,0.0,10455.0,0.0
2025-08-19,여성,1746364.0,-55927.0,454364.0,3060273.0,272255.0,3224091.0
2025-08-19,잡화,828145.0,0.0,1747073.0,6945418.0,1549264.0,2918573.0
2025-08-19,키즈,0.0,21091.0,0.0,0.0,1238255.0,0.0
2025-08-20,골프,900909.0,1966155.0,565045.0,3414182.0,-202300.0,1784727.0
2025-08-20,남성,768091.0,446327.0,44000.0,1123436.0,1158009.0,5850164.0
2025-08-20,리빙,0.0,370000.0,0.0,0.0,2141618.0,0.0
2025-08-20,명품,0.0,-661091.0,0.0,0.0,6921091.0,0.0
2025-08-20,뷰티,0.0,427127.0,19000.0,0.0,1142064.0,0.0
2025-08-20,슈즈,525182.0,123636.0,2406991.0,351955.0,-133545.0,4100227.0
2025-08-20,스포츠,99091.0,513455.0,106636.0,118727.0,3700000.0,505136.0
2025-08-20,아웃도어,0.0,276091.0,0.0,0.0,1160600.0,0.0
2025-08-20,여성,4254500.0,179064.0,2956364.0,-1857318.0,716655.0,4713091.0
2025-08-20,잡화,2585836.0,183818.0,1290945.0,11577327.0,1074191.0,2623855.0
2025-08-20,키즈,0.0,64727.0,0.0,0.0,1883045.0,0.0
2025-08-21,골프,813636.0,64727.0,432636.0,3296855.0,602600.0,270773.0
2025-08-21,남성,1912455.0,469836.0,1573455.0,7720209.0,915418.0,4923818.0
2025-08-21,리빙,0.0,454909.0,0.0,0.0,3219609.0,0.0
2025-08-21,명품,0.0,452636.0,0.0,0.0,2907473.0,0.0
2025-08-21,뷰티,0.0,108291.0,40273.0,0.0,992509.0,12636.0
2025-08-21,슈즈,348045.0,256091.0,1301791.0,1412545.0,708118.0,4430936.0
2025-08-21,스포츠,189455.0,536364.0,227273.0,466273.0,2761864.0,184455.0
2025-08-21,아웃도어,0.0,378273.0,0.0,0.0,1381055.0,0.0
2025-08-21,여성,4480500.0,-27182.0,1971182.0,-2566136.0,884664.0,1003818.0
2025-08-21,잡화,4038618.0,134591.0,1111427.0,4421636.0,1996027.0,3616545.0
2025-08-21,키즈,0.0,91636.0,0.0,0.0,1354782.0,0.0
2025-08-22,골프,875000.0,232955.0,294245.0,2846182.0,863318.0,800936.0
2025-08-22,남성,1111727.0,93109.0,514727.0,6085636.0,685036.0,5351364.0
2025-08-22,리빙,0.0,518227.0,0.0,0.0,2276655.0,0.0
2025-08-22,명품,0.0,-221818.0,0.0,0.0,5330727.0,0.0
2025-08-22,뷰티,0.0,229418.0,0.0,0.0,1057527.0,0.0
2025-08-22,슈즈,121909.0,32091.0,2217691.0,764182.0,54545.0,2712800.0
2025-08-22,스포츠,148909.0,642909.0,243636.0,173364.0,1853273.0,-63636.0
2025-08-22,아웃도어,0.0,-594273.0,0.0,0.0,1213245.0,0.0
2025-08-22,여성,1154136.0,-4000.0,417909.0,10822818.0,290718.0,7747364.0
2025-08-22,잡화,1162855.0,0.0,3171364.0,5656818.0,224682.0,2871400.0
2025-08-22,키즈,0.0,70909.0,0.0,0.0,548264.0,0.0
2025-08-23,골프,687455.0,312818.0,708591.0,1623818.0,3083818.0,669245.0
2025-08-23,남성,1689182.0,501818.0,648818.0,18522682.0,1992709.0,10726491.0
2025-08-23,리빙,0.0,429000.0,0.0,0.0,1652711.0,0.0
2025-08-23,명품,0.0,127000.0,0.0,0.0,8229409.0,0.0
2025-08-23,뷰티,0.0,601718.0,0.0,0.0,878464.0,76364.0
2025-08-23,슈즈,804227.0,90000.0,1922309.0,2633818.0,372727.0,5370236.0
2025-08-23,스포츠,58636.0,614909.0,0.0,435455.0,3554973.0,160591.0
2025-08-23,아웃도어,0.0,126364.0,0.0,0.0,678418.0,0.0
2025-08-23,여성,-432818.0,505345.0,676818.0,11796091.0,2388809.0,7552227.0
2025-08-23,잡화,2520945.0,0.0,695709.0,8123182.0,848691.0,3932964.0
2025-08-23,키즈,0.0,379727.0,0.0,0.0,811364.0,0.0
2025-08-24,골프,725091.0,852745.0,669109.0,2532455.0,3740141.0,2288655.0
2025-08-24,남성,5285318.0,81000.0,2315773.0,24109545.0,3684791.0,9162100.0
2025-08-24,리빙,0.0,487182.0,0.0,0.0,3293818.0,0.0
2025-08-24,명품,0.0,548182.0,0.0,0.0,13286000.0,0.0
2025-08-24,뷰티,0.0,1116264.0,0.0,0.0,1585400.0,0.0
2025-08-24,슈즈,508364.0,502364.0,1570845.0,2374364.0,167818.0,5779509.0
2025-08-24,스포츠,0.0,994273.0,0.0,568000.0,4745182.0,0.0
2025-08-24,아웃도어,0.0,108923.0,0.0,0.0,1019073.0,0.0
2025-08-24,여성,5032636.0,67727.0,1520727.0,21390000.0,2067273.0,11490318.0
2025-08-24,잡화,1904945.0,53636.0,2274200.0,10066109.0,1455273.0,4209764.0
2025-08-24,키즈,0.0,71818.0,0.0,0.0,1661273.0,0.0
2025-08-25,골프,978636.0,503409.0,1425182.0,1165727.0,608600.0,2469627.0
2025-08-25,남성,1960318.0,90000.0,1647136.0,13115864.0,757155.0,7491982.0
2025-08-25,리빙,0.0,479455.0,0.0,0.0,3648182.0,0.0
2025-08-25,명품,0.0,-313636.0,0.0,0.0,10080273.0,0.0
2025-08-25,뷰티,0.0,433118.0,0.0,0.0,1420655.0,32727.0
2025-08-25,슈즈,265909.0,0.0,762336.0,-138818.0,-176636.0,1192564.0
2025-08-25,스포츠,45000.0,191364.0,0.0,11000.0,1058191.0,-337864.0
2025-08-25,아웃도어,0.0,387636.0,0.0,0.0,763745.0,0.0
2025-08-25,여성,-611545.0,120136.0,2227682.0,5930182.0,1454855.0,8316773.0
2025-08-25,잡화,2446636.0,454545.0,3237655.0,11733418.0,807773.0,8097555.0
2025-08-25,키즈,0.0,248855.0,0.0,0.0,1127364.0,0.0
2025-08-26,골프,930909.0,487382.0,383273.0,2125455.0,1976191.0,1976273.0
2025-08-26,남성,1135182.0,100382.0,2172409.0,3839073.0,1312318.0,6867591.0
2025-08-26,리빙,0.0,185455.0,0.0,0.0,1081318.0,0.0
2025-08-26,명품,0.0,368182.0,0.0,0.0,9980000.0,0.0
2025-08-26,뷰티,0.0,261427.0,19000.0,0.0,1329600.0,90182.0
2025-08-26,슈즈,370227.0,165455.0,657773.0,1383545.0,1057564.0,2168664.0
2025-08-26,스포츠,160636.0,813591.0,90000.0,228545.0,1017709.0,0.0
2025-08-26,아웃도어,0.0,243727.0,0.0,0.0,2023000.0,0.0
2025-08-26,여성,2962636.0,62618.0,859545.0,6129864.0,493127.0,4710364.0
2025-08-26,잡화,1176509.0,96718.0,3411382.0,10575655.0,1236627.0,6314527.0
2025-08-26,키즈,0.0,241364.0,0.0,0.0,608400.0,0.0
2025-08-27,골프,-106636.0,114545.0,417091.0,4477000.0,1469818.0,915164.0
2025-08-27,남성,2168773.0,87182.0,1847673.0,8869491.0,765182.0,3000627.0
2025-08-27,리빙,0.0,893000.0,0.0,0.0,1420591.0,0.0
2025-08-27,명품,0.0,1163000.0,0.0,0.0,6249000.0,0.0
2025-08-27,뷰티,0.0,433136.0,0.0,0.0,513509.0,320636.0
2025-08-27,슈즈,244636.0,0.0,608455.0,788955.0,538364.0,357891.0
2025-08-27,스포츠,-159818.0,533182.0,99091.0,453091.0,4339227.0,144545.0
2025-08-27,아웃도어,0.0,-32273.0,0.0,0.0,1243000.0,0.0
2025-08-27,여성,4188182.0,79091.0,1416227.0,16004818.0,553791.0,1427091.0
2025-08-27,잡화,3030927.0,110036.0,2741709.0,9588673.0,1950727.0,6146809.0
2025-08-27,키즈,0.0,28636.0,0.0,0.0,757145.0,0.0
2025-08-28,골프,662727.0,276655.0,242000.0,1778909.0,465164.0,1629991.0
2025-08-28,남성,3628509.0,54545.0,1345136.0,6314645.0,583773.0,6906918.0
2025-08-28,리빙,0.0,964091.0,0.0,0.0,2125364.0,0.0
2025-08-28,명품,0.0,2362909.0,0.0,0.0,11159000.0,0.0
2025-08-28,뷰티,0.0,87391.0,53636.0,0.0,958182.0,35818.0
2025-08-28,슈즈,1024318.0,0.0,1087400.0,2584273.0,1364545.0,2522836.0
2025-08-28,스포츠,40455.0,637727.0,53318.0,728182.0,2239227.0,396364.0
2025-08-28,아웃도어,0.0,386473.0,0.0,0.0,332182.0,0.0
2025-08-28,여성,-443455.0,90364.0,595000.0,10374864.0,639465.0,1605500.0
2025-08-28,잡화,3008455.0,361818.0,3584655.0,8858564.0,1302427.0,5993100.0
2025-08-28,키즈,0.0,35455.0,0.0,0.0,1628591.0,0.0
2025-08-29,골프,485455.0,2264700.0,-560773.0,2770409.0,1615845.0,2301555.0
2025-08-29,남성,1437800.0,237000.0,2440273.0,8745782.0,1528291.0,6412545.0
2025-08-29,리빙,0.0,903818.0,0.0,0.0,3210682.0,0.0
2025-08-29,명품,0.0,1033636.0,0.0,0.0,6727636.0,0.0
2025-08-29,뷰티,0.0,400000.0,62818.0,0.0,932182.0,46182.0
2025-08-29,슈즈,667818.0,0.0,693755.0,989364.0,1133000.0,2725855.0
2025-08-29,스포츠,109818.0,349182.0,106636.0,587182.0,761500.0,53318.0
2025-08-29,아웃도어,0.0,-11455.0,0.0,0.0,510382.0,0.0
2025-08-29,여성,5023364.0,430000.0,-23591.0,15529409.0,1174473.0,5594136.0
2025-08-29,잡화,2930545.0,430273.0,1042227.0,10162436.0,590609.0,6425800.0
2025-08-29,키즈,0.0,241364.0,0.0,0.0,983345.0,0.0
2025-08-30,골프,1021636.0,1092427.0,195636.0,1350391.0,5984227.0,2367209.0
2025-08-30,남성,2981864.0,745818.0,2936445.0,11872527.0,1266745.0,10612627.0
2025-08-30,리빙,0.0,712636.0,0.0,0.0,1425636.0,0.0
2025-08-30,명품,0.0,1426364.0,0.0,0.0,9282118.0,0.0
2025-08-30,뷰티,0.0,551727.0,42273.0,0.0,869845.0,370545.0
2025-08-30,슈즈,558818.0,0.0,644364.0,1231091.0,2251636.0,2416664.0
2025-08-30,스포츠,290727.0,462636.0,0.0,287727.0,3035136.0,360591.0
2025-08-30,아웃도어,0.0,488636.0,0.0,0.0,1076909.0,0.0
2025-08-30,여성,6662773.0,501955.0,4276455.0,34994182.0,3713718.0,5014273.0
2025-08-30,잡화,3092182.0,782727.0,1606891.0,5786473.0,3045127.0,3775036.0
2025-08-30,키즈,0.0,85818.0,0.0,0.0,868909.0,0.0
2025-08-31,골프,372727.0,1016909.0,497636.0,1694455.0,4274664.0,3209527.0
2025-08-31,남성,7430391.0,174364.0,3939027.0,15622655.0,3007909.0,14801482.0
2025-08-31,리빙,0.0,1142818.0,0.0,0.0,2758000.0,0.0
2025-08-31,명품,0.0,4589255.0,0.0,0.0,10362136.0,0.0
2025-08-31,뷰티,0.0,670073.0,118182.0,0.0,1371945.0,78182.0
2025-08-31,슈즈,683636.0,143636.0,791055.0,905000.0,2397182.0,2147027.0
2025-08-31,스포츠,203182.0,690909.0,153636.0,682055.0,5293109.0,270909.0
2025-08-31,아웃도어,0.0,141091.0,0.0,0.0,2321391.0,0.0
2025-08-31,여성,2761727.0,487645.0,972136.0,30071182.0,2401136.0,9609500.0
2025-08-31,잡화,1887309.0,242291.0,3438318.0,9444273.0,3886091.0,5853145.0
2025-08-31,키즈,0.0,211182.0,0.0,0.0,1780745.0,0.0
2025-09-01,골프,890991.0,1336364.0,822791.0,2424455.0,3368836.0,3186573.0
2025-09-01,남성,7536664.0,117273.0,2937400.0,18763500.0,880727.0,12115227.0
2025-09-01,리빙,0.0,503636.0,0.0,0.0,5203273.0,0.0
2025-09-01,명품,0.0,1625291.0,0.0,0.0,6826545.0,0.0
2025-09-01,뷰티,0.0,507818.0,15455.0,0.0,1120364.0,826091.0
2025-09-01,슈즈,423000.0,336364.0,846891.0,855318.0,1564455.0,1555255.0
2025-09-01,스포츠,257091.0,1199636.0,0.0,703664.0,3895118.0,342727.0
2025-09-01,아웃도어,0.0,381091.0,0.0,0.0,2750855.0,0.0
2025-09-01,여성,5503136.0,-178191.0,1255636.0,29816318.0,2460945.0,6516000.0
2025-09-01,잡화,2393909.0,568727.0,2984391.0,10052455.0,3918864.0,7753482.0
2025-09-01,키즈,0.0,548455.0,0.0,0.0,1327136.0,0.0
2025-09-02,골프,1349000.0,926236.0,0.0,4496718.0,1769209.0,2029600.0
2025-09-02,남성,5631245.0,755682.0,2367591.0,16026836.0,2324382.0,5099455.0
2025-09-02,리빙,0.0,665455.0,0.0,0.0,3011273.0,0.0
2025-09-02,명품,0.0,6293455.0,0.0,0.0,3478000.0,0.0
2025-09-02,뷰티,0.0,1355091.0,110000.0,0.0,2315155.0,61455.0
2025-09-02,슈즈,603727.0,-115091.0,1289173.0,1437773.0,534727.0,3233273.0
2025-09-02,스포츠,606000.0,321864.0,379091.0,832636.0,3464409.0,307273.0
2025-09-02,아웃도어,0.0,411455.0,0.0,0.0,3754682.0,0.0
2025-09-02,여성,4900273.0,242564.0,549409.0,15935909.0,3677891.0,2326500.0
2025-09-02,잡화,3126436.0,34864.0,4177055.0,9514018.0,930909.0,9436800.0
2025-09-02,키즈,0.0,248091.0,0.0,0.0,1255600.0,0.0
2025-09-03,골프,692091.0,2339609.0,226273.0,5143791.0,3239127.0,1807836.0
2025-09-03,남성,6316591.0,71545.0,1675645.0,13955064.0,4039127.0,3908136.0
2025-09-03,리빙,0.0,1794818.0,0.0,0.0,2656273.0,0.0
2025-09-03,명품,0.0,2859909.0,0.0,0.0,1698455.0,0.0
2025-09-03,뷰티,0.0,1187664.0,165455.0,0.0,1504491.0,193273.0
2025-09-03,슈즈,682091.0,0.0,1300655.0,709591.0,1331182.0,3461700.0
2025-09-03,스포츠,306364.0,417455.0,0.0,1247636.0,2853545.0,125773.0
2025-09-03,아웃도어,0.0,739364.0,0.0,0.0,4945000.0,0.0
2025-09-03,여성,8835909.0,389809.0,837545.0,10804136.0,1975573.0,152182.0
2025-09-03,잡화,3082782.0,1059918.0,2896700.0,9648800.0,212727.0,3175491.0
2025-09-03,키즈,0.0,335818.0,0.0,0.0,1401736.0,0.0
2025-09-04,골프,2596091.0,2010473.0,233000.0,7227945.0,1372945.0,1080791.0
2025-09-04,남성,2014682.0,874455.0,3067500.0,19584227.0,2569291.0,4568182.0
2025-09-04,리빙,0.0,969545.0,0.0,0.0,3591527.0,0.0
2025-09-04,명품,0.0,3157182.0,0.0,0.0,1481182.0,0.0
2025-09-04,뷰티,0.0,812045.0,200818.0,0.0,935627.0,391455.0
2025-09-04,슈즈,739455.0,236427.0,2196064.0,2658455.0,1113636.0,3389491.0
2025-09-04,스포츠,247364.0,397909.0,0.0,1261182.0,2514673.0,676364.0
2025-09-04,아웃도어,0.0,835909.0,0.0,0.0,1869182.0,0.0
2025-09-04,여성,3143909.0,286227.0,1744000.0,17786182.0,1140318.0,801636.0
2025-09-04,잡화,2659509.0,2371182.0,2339891.0,8672691.0,802027.0,5648509.0
2025-09-04,키즈,0.0,167364.0,0.0,0.0,1913500.0,0.0
2025-09-05,골프,1491000.0,1055545.0,164818.0,5945664.0,2842000.0,1067209.0
2025-09-05,남성,3560900.0,619000.0,2033409.0,18677000.0,3784636.0,3678864.0
2025-09-05,리빙,0.0,941091.0,0.0,0.0,1759364.0,0.0
2025-09-05,명품,0.0,-71818.0,0.0,0.0,21475455.0,0.0
2025-09-05,뷰티,0.0,540691.0,390182.0,0.0,968327.0,458818.0
2025-09-05,슈즈,490182.0,362727.0,1571827.0,1564864.0,0.0,2630700.0
2025-09-05,스포츠,318364.0,-350636.0,370000.0,268182.0,1075591.0,-35455.0
2025-09-05,아웃도어,0.0,505455.0,0.0,0.0,2147818.0,0.0
2025-09-05,여성,12096955.0,219000.0,1606500.0,20154955.0,-505791.0,3989136.0
2025-09-05,잡화,4495945.0,-2106955.0,3835527.0,7392291.0,2469182.0,4124273.0
2025-09-05,키즈,0.0,5636.0,0.0,0.0,682382.0,0.0
2025-09-06,골프,2494109.0,1337273.0,131564.0,5486273.0,4997255.0,1484664.0
2025-09-06,남성,5202318.0,526864.0,1374727.0,22462855.0,2071564.0,7352145.0
2025-09-06,리빙,0.0,868636.0,0.0,0.0,1822364.0,0.0
2025-09-06,명품,0.0,4483636.0,0.0,0.0,7138818.0,0.0
2025-09-06,뷰티,0.0,919727.0,169091.0,0.0,1233500.0,291091.0
2025-09-06,슈즈,350182.0,287273.0,1131909.0,1953045.0,646182.0,2366391.0
2025-09-06,스포츠,288145.0,961636.0,280000.0,874455.0,1102018.0,289091.0
2025-09-06,아웃도어,0.0,830055.0,0.0,0.0,1961636.0,0.0
2025-09-06,여성,6627727.0,145545.0,1081545.0,27299545.0,2120818.0,5942409.0
2025-09-06,잡화,2899691.0,19855.0,4328509.0,6356855.0,2325236.0,4710664.0
2025-09-06,키즈,0.0,496545.0,0.0,0.0,874636.0,0.0
2025-09-07,골프,1061182.0,841836.0,79273.0,7807973.0,4290373.0,1865700.0
2025-09-07,남성,4466591.0,308000.0,2799545.0,38111755.0,4599000.0,5992636.0
2025-09-07,리빙,0.0,1128773.0,0.0,0.0,3138645.0,0.0
2025-09-07,명품,0.0,-969818.0,0.0,0.0,9214782.0,0.0
2025-09-07,뷰티,0.0,976991.0,1191273.0,0.0,1601736.0,918818.0
2025-09-07,슈즈,696000.0,116909.0,1185691.0,1114773.0,1350545.0,3337927.0
2025-09-07,스포츠,371091.0,712091.0,0.0,807000.0,2200364.0,0.0
2025-09-07,아웃도어,0.0,169727.0,0.0,0.0,2961918.0,0.0
2025-09-07,여성,6235500.0,313545.0,569364.0,51672591.0,2918591.0,7629636.0
2025-09-07,잡화,1332927.0,315664.0,3454064.0,10693891.0,1894009.0,7455782.0
2025-09-07,키즈,0.0,188182.0,0.0,0.0,1403509.0,0.0
2025-09-08,골프,768409.0,247473.0,-5691.0,3377955.0,567582.0,1396391.0
2025-09-08,남성,3659436.0,511727.0,2076364.0,13403264.0,1966955.0,3756636.0
2025-09-08,리빙,0.0,724909.0,0.0,0.0,2244591.0,0.0
2025-09-08,명품,0.0,1278636.0,0.0,0.0,92455.0,0.0
2025-09-08,뷰티,0.0,578600.0,406091.0,0.0,1278864.0,445909.0
2025-09-08,슈즈,149091.0,-252727.0,955591.0,1285500.0,1158545.0,440200.0
2025-09-08,스포츠,-70364.0,61955.0,0.0,20182.0,2592873.0,0.0
2025-09-08,아웃도어,0.0,-199455.0,0.0,0.0,1478327.0,0.0
2025-09-08,여성,1000636.0,261364.0,417727.0,16634045.0,-308318.0,1701409.0
2025-09-08,잡화,2248109.0,0.0,3212409.0,8201018.0,-224055.0,4950873.0
2025-09-08,키즈,0.0,131545.0,0.0,0.0,343982.0,0.0
2025-09-09,골프,629636.0,964109.0,12845.0,5726782.0,4291318.0,1643627.0
2025-09-09,남성,1666500.0,-217318.0,1492773.0,19366064.0,2975364.0,4072273.0
2025-09-09,리빙,0.0,799273.0,0.0,0.0,1277236.0,0.0
2025-09-09,명품,0.0,817455.0,0.0,0.0,5322909.0,0.0
2025-09-09,뷰티,0.0,531364.0,19091.0,0.0,1299055.0,120909.0
2025-09-09,슈즈,601136.0,183182.0,443864.0,2638318.0,843636.0,2806600.0
2025-09-09,스포츠,177273.0,-155136.0,153636.0,180545.0,167364.0,-35455.0
2025-09-09,아웃도어,0.0,1210091.0,0.0,0.0,3127273.0,0.0
2025-09-09,여성,319409.0,156000.0,16682.0,17373545.0,2418918.0,2291636.0
2025-09-09,잡화,2572582.0,1589091.0,4420018.0,5965436.0,3256727.0,7074182.0
2025-09-09,키즈,0.0,43636.0,0.0,0.0,1168036.0,0.0
2025-09-10,골프,978764.0,765955.0,658682.0,4791782.0,1319709.0,1118982.0
2025-09-10,남성,3743882.0,178818.0,1941636.0,17414582.0,4706764.0,809000.0
2025-09-10,리빙,0.0,1072727.0,0.0,0.0,2348836.0,0.0
2025-09-10,명품,0.0,39182.0,0.0,0.0,7393045.0,0.0
2025-09-10,뷰티,0.0,710636.0,142727.0,0.0,723873.0,0.0
2025-09-10,슈즈,869364.0,218182.0,760527.0,3819773.0,337273.0,3784936.0
2025-09-10,스포츠,138000.0,201364.0,180000.0,255091.0,2654164.0,-45455.0
2025-09-10,아웃도어,0.0,4364.0,0.0,0.0,3006636.0,0.0
2025-09-10,여성,5017136.0,-130545.0,1391727.0,17451636.0,1286173.0,4340727.0
2025-09-10,잡화,3268000.0,323636.0,5158364.0,8508400.0,4680473.0,9220227.0
2025-09-10,키즈,0.0,52727.0,0.0,0.0,983255.0,0.0
2025-09-11,골프,1008327.0,972018.0,2718909.0,4806527.0,1928382.0,5367764.0
2025-09-11,남성,5435800.0,1038909.0,30045.0,18968264.0,4586955.0,2134727.0
2025-09-11,리빙,0.0,917091.0,0.0,0.0,2709727.0,0.0
2025-09-11,명품,0.0,1889091.0,0.0,0.0,5685771.0,0.0
2025-09-11,뷰티,0.0,649782.0,27091.0,0.0,1282273.0,22727.0
2025-09-11,슈즈,160636.0,127273.0,601082.0,3065636.0,86364.0,1979118.0
2025-09-11,스포츠,368545.0,-98909.0,153636.0,455182.0,3138455.0,425455.0
2025-09-11,아웃도어,0.0,-4909.0,0.0,0.0,1875845.0,0.0
2025-09-11,여성,1299409.0,-165364.0,15591.0,15767227.0,1322918.0,1910864.0
2025-09-11,잡화,2835727.0,426364.0,5259682.0,5766200.0,21348427.0,5130445.0
2025-09-11,키즈,0.0,245636.0,0.0,0.0,827000.0,0.0
2025-09-12,골프,912209.0,2813955.0,489545.0,5649127.0,2899791.0,1397064.0
2025-09-12,남성,3250818.0,592545.0,5517500.0,19127264.0,3620727.0,7617500.0
2025-09-12,리빙,0.0,80455.0,0.0,0.0,2397955.0,0.0
2025-09-12,명품,0.0,640727.0,0.0,0.0,11777364.0,0.0
2025-09-12,뷰티,0.0,982455.0,0.0,0.0,1113673.0,157909.0
2025-09-12,슈즈,231273.0,71818.0,156009.0,698455.0,1091.0,68573.0
2025-09-12,스포츠,145364.0,-88273.0,62727.0,103727.0,714000.0,0.0
2025-09-12,아웃도어,0.0,114909.0,0.0,0.0,1873091.0,0.0
2025-09-12,여성,7009182.0,404636.0,873227.0,23809818.0,4855982.0,2830364.0
2025-09-12,잡화,4223091.0,217182.0,3990327.0,6029164.0,-17047645.0,6520182.0
2025-09-12,키즈,0.0,125455.0,0.0,0.0,674218.0,0.0
2025-09-13,골프,937155.0,1778855.0,194909.0,5648173.0,5148227.0,2453318.0
2025-09-13,남성,4005500.0,1269273.0,5517045.0,24328873.0,12011709.0,13371591.0
2025-09-13,리빙,0.0,180773.0,0.0,0.0,506455.0,0.0
2025-09-13,명품,0.0,2115455.0,0.0,0.0,5991636.0,0.0
2025-09-13,뷰티,0.0,734818.0,279091.0,0.0,1495145.0,96182.0
2025-09-13,슈즈,-21182.0,80909.0,42391.0,1814364.0,835636.0,-59136.0
2025-09-13,스포츠,124636.0,470000.0,153636.0,452455.0,3409500.0,0.0
2025-09-13,아웃도어,0.0,1334100.0,0.0,0.0,5844636.0,0.0
2025-09-13,여성,8193636.0,248845.0,1316545.0,39095000.0,6005264.0,8150455.0
2025-09-13,잡화,4088018.0,287109.0,1873818.0,9045455.0,1730636.0,6213855.0
2025-09-13,키즈,0.0,0.0,0.0,0.0,1149091.0,0.0
2025-09-14,골프,1151182.0,176545.0,360455.0,8379564.0,9823864.0,1260318.0
2025-09-14,남성,6233273.0,389455.0,2713364.0,42969691.0,6489136.0,25150545.0
2025-09-14,리빙,0.0,258545.0,0.0,0.0,2691727.0,0.0
2025-09-14,명품,0.0,1018182.0,0.0,0.0,11906727.0,0.0
2025-09-14,뷰티,0.0,969118.0,260818.0,0.0,1913655.0,56182.0
2025-09-14,슈즈,454909.0,0.0,441818.0,327409.0,60000.0,349364.0
2025-09-14,스포츠,71727.0,417273.0,0.0,362909.0,2600000.0,298182.0
2025-09-14,아웃도어,0.0,435682.0,0.0,0.0,2034818.0,0.0
2025-09-14,여성,6379091.0,530955.0,1373364.0,46971455.0,5029155.0,12576000.0
2025-09-14,잡화,3073655.0,202482.0,5375764.0,10120727.0,1264582.0,9287027.0
2025-09-14,키즈,0.0,254000.0,0.0,0.0,2690318.0,0.0
2025-09-15,골프,1646100.0,161655.0,115636.0,2533400.0,3421955.0,1089545.0
2025-09-15,남성,5134182.0,767964.0,2882136.0,18782736.0,3703045.0,4790455.0
2025-09-15,리빙,0.0,2072909.0,0.0,0.0,3445591.0,0.0
2025-09-15,명품,0.0,778091.0,0.0,0.0,1556364.0,0.0
2025-09-15,뷰티,0.0,532836.0,0.0,0.0,967036.0,81455.0
2025-09-15,슈즈,58636.0,70200.0,401536.0,-135909.0,846000.0,-397609.0
2025-09-15,스포츠,63182.0,322682.0,153636.0,842364.0,946682.0,587273.0
2025-09-15,아웃도어,0.0,1393909.0,0.0,0.0,2889482.0,0.0
2025-09-15,여성,4528045.0,-266909.0,1548955.0,15556409.0,1280964.0,7591955.0
2025-09-15,잡화,2563291.0,484182.0,3758073.0,6283818.0,9025164.0,4400664.0
2025-09-15,키즈,0.0,330909.0,0.0,0.0,1771636.0,0.0
2025-09-16,골프,1539118.0,2466200.0,484273.0,5461118.0,-184364.0,1710973.0
2025-09-16,남성,3284309.0,690218.0,2986000.0,18209436.0,-322909.0,5493773.0
2025-09-16,리빙,0.0,518455.0,0.0,0.0,2241000.0,0.0
2025-09-16,명품,0.0,1250000.0,0.0,0.0,11046784.0,0.0
2025-09-16,뷰티,0.0,562636.0,13545.0,0.0,1284964.0,9000.0
2025-09-16,슈즈,-141000.0,0.0,107818.0,758364.0,-285209.0,-327391.0
2025-09-16,스포츠,173818.0,255955.0,805455.0,706000.0,1614909.0,-203636.0
2025-09-16,아웃도어,0.0,725455.0,0.0,0.0,1204636.0,0.0
2025-09-16,여성,1960500.0,-17673.0,1060091.0,20796045.0,1371155.0,3780318.0
2025-09-16,잡화,3805382.0,2106500.0,4543573.0,5062564.0,-2145582.0,2398618.0
2025-09-16,키즈,0.0,279509.0,0.0,0.0,1299409.0,0.0
2025-09-17,골프,844182.0,1794636.0,696555.0,5864418.0,4178509.0,852773.0
2025-09-17,남성,4530500.0,53727.0,1980318.0,16966364.0,1139436.0,6299227.0
2025-09-17,리빙,0.0,393455.0,0.0,0.0,3894809.0,0.0
2025-09-17,명품,0.0,-180182.0,0.0,0.0,24643091.0,0.0
2025-09-17,뷰티,0.0,929273.0,136273.0,0.0,952136.0,226091.0
2025-09-17,슈즈,92545.0,-24273.0,594545.0,410682.0,1155927.0,-157709.0
2025-09-17,스포츠,196455.0,336455.0,108182.0,591455.0,1541973.0,0.0
2025-09-17,아웃도어,0.0,616182.0,0.0,0.0,1462364.0,0.0
2025-09-17,여성,3242364.0,59000.0,2450182.0,14216455.0,3828800.0,3035818.0
2025-09-17,잡화,2593400.0,94545.0,5414364.0,8257982.0,21046091.0,6245455.0
2025-09-17,키즈,0.0,-97273.0,0.0,0.0,778355.0,0.0
2025-09-18,골프,1541300.0,1837900.0,1209636.0,6759445.0,6216773.0,1293318.0
2025-09-18,남성,3973364.0,-36000.0,921136.0,9683936.0,-558164.0,7248500.0
2025-09-18,리빙,0.0,788455.0,0.0,0.0,3646936.0,0.0
2025-09-18,명품,0.0,70636.0,0.0,0.0,-5979000.0,0.0
2025-09-18,뷰티,0.0,855136.0,44545.0,0.0,784173.0,129091.0
2025-09-18,슈즈,-234636.0,503636.0,90000.0,621727.0,125273.0,749727.0
2025-09-18,스포츠,277818.0,672773.0,0.0,382909.0,1207545.0,53636.0
2025-09-18,아웃도어,0.0,1156455.0,0.0,0.0,1263518.0,0.0
2025-09-18,여성,4326273.0,522509.0,951409.0,7612727.0,923227.0,6038227.0
2025-09-18,잡화,2865418.0,107727.0,2296373.0,7217873.0,4593091.0,5583664.0
2025-09-18,키즈,0.0,227282.0,0.0,0.0,384245.0,0.0
2025-09-19,골프,2126273.0,435818.0,113909.0,6933073.0,3655855.0,499027.0
2025-09-19,남성,4230727.0,383727.0,1467500.0,20858736.0,288218.0,7917636.0
2025-09-19,리빙,0.0,819482.0,0.0,0.0,1880164.0,0.0
2025-09-19,명품,0.0,1693455.0,0.0,0.0,10068818.0,0.0
2025-09-19,뷰티,0.0,1215009.0,196091.0,0.0,791991.0,148455.0
2025-09-19,슈즈,836727.0,-200909.0,1449255.0,111136.0,1354727.0,1421955.0
2025-09-19,스포츠,196818.0,282091.0,36364.0,1180273.0,1124045.0,460909.0
2025-09-19,아웃도어,0.0,897727.0,0.0,0.0,2403545.0,0.0
2025-09-19,여성,6151682.0,243109.0,1875636.0,17487818.0,3118336.0,3633091.0
2025-09-19,잡화,2761800.0,292909.0,4003027.0,9727673.0,8924445.0,4487891.0
2025-09-19,키즈,0.0,220909.0,0.0,0.0,776045.0,0.0
2025-09-20,골프,2194900.0,1471682.0,687573.0,6934464.0,6663718.0,2182227.0
2025-09-20,남성,9018691.0,294818.0,1487682.0,27002555.0,4610091.0,10961091.0
2025-09-20,리빙,0.0,613273.0,0.0,0.0,2668564.0,0.0
2025-09-20,명품,0.0,7714545.0,0.0,0.0,8572727.0,0.0
2025-09-20,뷰티,0.0,1265836.0,409909.0,0.0,1628173.0,184273.0
2025-09-20,슈즈,0.0,227818.0,594545.0,1114545.0,1043000.0,1745727.0
2025-09-20,스포츠,439936.0,934273.0,53636.0,628000.0,1843864.0,0.0
2025-09-20,아웃도어,0.0,870182.0,0.0,0.0,3914273.0,0.0
2025-09-20,여성,7423955.0,178864.0,3991000.0,30303045.0,3827509.0,8741545.0
2025-09-20,잡화,3361327.0,35455.0,4421536.0,10685818.0,3438455.0,6586018.0
2025-09-20,키즈,0.0,558455.0,0.0,0.0,1610464.0,0.0
2025-09-21,골프,1635182.0,1244564.0,181691.0,10537109.0,9171264.0,1563391.0
2025-09-21,남성,7462655.0,144382.0,4223091.0,42592936.0,4919691.0,13682227.0
2025-09-21,리빙,0.0,1918182.0,0.0,0.0,5245464.0,0.0
2025-09-21,명품,0.0,6470636.0,0.0,0.0,11093364.0,0.0
2025-09-21,뷰티,0.0,1321055.0,0.0,0.0,1251900.0,339091.0
2025-09-21,슈즈,155182.0,180000.0,325455.0,840000.0,674018.0,756636.0
2025-09-21,스포츠,295818.0,560136.0,0.0,1442909.0,3063818.0,153636.0
2025-09-21,아웃도어,0.0,1494727.0,0.0,0.0,2717364.0,0.0
2025-09-21,여성,10915773.0,401545.0,2620045.0,60487000.0,5311618.0,14677545.0
2025-09-21,잡화,5999091.0,777273.0,3772109.0,14074782.0,7164591.0,8348455.0
2025-09-21,키즈,0.0,612209.0,0.0,0.0,2904445.0,0.0
2025-09-22,골프,2542136.0,801818.0,758636.0,10090691.0,4176491.0,3203209.0
2025-09-22,남성,7338782.0,1446455.0,3055500.0,19221682.0,3793209.0,6628500.0
2025-09-22,리빙,0.0,1277600.0,0.0,0.0,4780545.0,0.0
2025-09-22,명품,0.0,-1166273.0,0.0,0.0,4167773.0,0.0
2025-09-22,뷰티,0.0,924236.0,117909.0,0.0,1164409.0,136818.0
2025-09-22,슈즈,559273.0,258091.0,1730991.0,1753036.0,110909.0,5091873.0
2025-09-22,스포츠,672636.0,388500.0,144545.0,-96182.0,1869591.0,35455.0
2025-09-22,아웃도어,0.0,1917132.0,0.0,0.0,2759627.0,0.0
2025-09-22,여성,2328636.0,524382.0,1451591.0,18845091.0,3410964.0,8492045.0
2025-09-22,잡화,3872873.0,112182.0,6123673.0,8143709.0,7599591.0,6394655.0
2025-09-22,키즈,0.0,765909.0,0.0,0.0,2516782.0,0.0
2025-09-23,골프,89636.0,1713518.0,944091.0,7737682.0,1051773.0,3799682.0
2025-09-23,남성,4832909.0,346545.0,2462764.0,20958982.0,3776173.0,7661900.0
2025-09-23,리빙,0.0,773400.0,0.0,0.0,3419560.0,0.0
2025-09-23,명품,0.0,3062455.0,0.0,0.0,21941182.0,0.0
2025-09-23,뷰티,0.0,1054364.0,28091.0,0.0,1724091.0,0.0
2025-09-23,슈즈,162636.0,238000.0,1425645.0,3863673.0,82000.0,4884700.0
2025-09-23,스포츠,216091.0,4615818.0,298182.0,694545.0,1675200.0,144545.0
2025-09-23,아웃도어,0.0,3610727.0,0.0,0.0,1750091.0,0.0
2025-09-23,여성,2336864.0,491545.0,2738182.0,9018818.0,4567100.0,4242818.0
2025-09-23,잡화,2522564.0,949364.0,3498127.0,8963073.0,2686727.0,4847036.0
2025-09-23,키즈,0.0,-63636.0,0.0,0.0,1437000.0,0.0
2025-09-24,골프,1663091.0,841227.0,-26318.0,2990445.0,2847582.0,1900491.0
2025-09-24,남성,6914236.0,27791.0,2925364.0,18063318.0,3773473.0,9406064.0
2025-09-24,리빙,0.0,938936.0,0.0,0.0,3548391.0,0.0
2025-09-24,명품,0.0,2878182.0,0.0,0.0,9063455.0,0.0
2025-09-24,뷰티,0.0,1217482.0,78182.0,0.0,1213391.0,156636.0
2025-09-24,슈즈,702636.0,0.0,682145.0,4912909.0,1173909.0,4283709.0
2025-09-24,스포츠,58909.0,737409.0,451818.0,809455.0,1760018.0,0.0
2025-09-24,아웃도어,0.0,1151455.0,0.0,0.0,642000.0,0.0
2025-09-24,여성,3669000.0,749145.0,1690682.0,8741864.0,4786418.0,4064318.0
2025-09-24,잡화,4279891.0,331055.0,4799882.0,9771364.0,7630918.0,6899400.0
2025-09-24,키즈,0.0,547045.0,0.0,0.0,1591882.0,0.0
2025-09-25,골프,897909.0,2086636.0,237636.0,3403764.0,5193282.0,2214200.0
2025-09-25,남성,1848109.0,603655.0,2517864.0,18900264.0,2822564.0,8725264.0
2025-09-25,리빙,0.0,1195027.0,0.0,0.0,1804045.0,0.0
2025-09-25,명품,0.0,2965364.0,0.0,0.0,53140173.0,0.0
2025-09-25,뷰티,0.0,826782.0,172455.0,0.0,1397909.0,351818.0
2025-09-25,슈즈,15818.0,177455.0,1089782.0,5440636.0,59545.0,5245200.0
2025-09-25,스포츠,218364.0,962409.0,153636.0,678000.0,1527155.0,289091.0
2025-09-25,아웃도어,0.0,726455.0,0.0,0.0,4536127.0,0.0
2025-09-25,여성,3275636.0,-419709.0,4007455.0,16068091.0,4332773.0,8421545.0
2025-09-25,잡화,2163909.0,-40636.0,5914109.0,10483345.0,2498182.0,6729127.0
2025-09-25,키즈,0.0,365818.0,0.0,0.0,656573.0,0.0
2025-09-26,골프,-397500.0,1122773.0,407973.0,6783664.0,2825255.0,943309.0
2025-09-26,남성,7118200.0,-45455.0,1730582.0,16042755.0,1728409.0,1850091.0
2025-09-26,리빙,0.0,376636.0,0.0,0.0,3119091.0,0.0
2025-09-26,명품,0.0,689727.0,0.0,0.0,20175455.0,0.0
2025-09-26,뷰티,0.0,824636.0,215000.0,0.0,965245.0,382636.0
2025-09-26,슈즈,161727.0,0.0,1179491.0,3579409.0,-327818.0,2262118.0
2025-09-26,스포츠,-74427.0,670318.0,0.0,686818.0,1846682.0,62727.0
2025-09-26,아웃도어,0.0,929273.0,0.0,0.0,3252527.0,0.0
2025-09-26,여성,4950318.0,68100.0,3061045.0,2894364.0,4584764.0,4053773.0
2025-09-26,잡화,2550836.0,197345.0,4418273.0,8885091.0,1932000.0,6297491.0
2025-09-26,키즈,0.0,418864.0,0.0,0.0,527109.0,0.0
2025-09-27,골프,1014545.0,760764.0,366673.0,7897855.0,6309582.0,413964.0
2025-09-27,남성,4119845.0,627336.0,4355909.0,23288609.0,3700218.0,6886000.0
2025-09-27,리빙,0.0,933282.0,0.0,0.0,2721933.0,0.0
2025-09-27,명품,0.0,2228182.0,0.0,0.0,24918127.0,0.0
2025-09-27,뷰티,0.0,1339455.0,201818.0,0.0,1473191.0,12727.0
2025-09-27,슈즈,376455.0,47073.0,575073.0,1775091.0,1732364.0,1959027.0
2025-09-27,스포츠,227182.0,555273.0,0.0,228545.0,4821164.0,144545.0
2025-09-27,아웃도어,0.0,1416091.0,0.0,0.0,1765545.0,0.0
2025-09-27,여성,5270364.0,306727.0,3343409.0,18839864.0,6663936.0,11272136.0
2025-09-27,잡화,3758218.0,17727.0,4303482.0,5024500.0,2130545.0,8741755.0
2025-09-27,키즈,0.0,128082.0,0.0,0.0,1059109.0,0.0
2025-09-28,골프,1578364.0,694291.0,806427.0,11835045.0,5457655.0,1209000.0
2025-09-28,남성,7508445.0,121636.0,2903591.0,37836955.0,5347782.0,14476264.0
2025-09-28,리빙,0.0,1185791.0,0.0,0.0,2491693.0,0.0
2025-09-28,명품,0.0,3867273.0,0.0,0.0,16307591.0,0.0
2025-09-28,뷰티,0.0,1894373.0,247273.0,0.0,1951500.0,347636.0
2025-09-28,슈즈,215727.0,399636.0,1236382.0,2752273.0,1131727.0,3999100.0
2025-09-28,스포츠,255000.0,560636.0,153636.0,911364.0,4727100.0,0.0
2025-09-28,아웃도어,0.0,1999000.0,0.0,0.0,2371727.0,0.0
2025-09-28,여성,6683818.0,599909.0,753591.0,35202318.0,5480076.0,16764091.0
2025-09-28,잡화,2898345.0,211818.0,4633400.0,11334182.0,4119823.0,8324800.0
2025-09-28,키즈,0.0,916000.0,0.0,0.0,1534364.0,0.0
2025-09-29,골프,3048291.0,1111836.0,587864.0,5087818.0,400064.0,1439791.0
2025-09-29,남성,6238100.0,41982.0,5570182.0,21941391.0,4614355.0,9547727.0
2025-09-29,리빙,0.0,561909.0,0.0,0.0,2908733.0,0.0
2025-09-29,명품,0.0,-500182.0,0.0,0.0,2741727.0,0.0
2025-09-29,뷰티,0.0,1194182.0,96182.0,0.0,1371273.0,114545.0
2025-09-29,슈즈,-7455.0,-140000.0,820264.0,1739755.0,-331727.0,442609.0
2025-09-29,스포츠,603091.0,-2000.0,451818.0,908545.0,-2963364.0,126364.0
2025-09-29,아웃도어,0.0,140636.0,0.0,0.0,380636.0,0.0
2025-09-29,여성,4813682.0,231782.0,4157909.0,15930136.0,-1183336.0,1241091.0
2025-09-29,잡화,3028145.0,0.0,6982018.0,11109927.0,1000182.0,7289018.0
2025-09-29,키즈,0.0,309682.0,0.0,0.0,1053955.0,0.0
2025-09-30,골프,1901409.0,970791.0,784291.0,6162855.0,907055.0,676018.0
2025-09-30,남성,4251236.0,123091.0,2219455.0,22370445.0,1794173.0,8240945.0
2025-09-30,리빙,0.0,444464.0,0.0,0.0,1465033.0,0.0
2025-09-30,명품,0.0,2552818.0,0.0,0.0,2504727.0,0.0
2025-09-30,뷰티,0.0,814182.0,13545.0,0.0,852818.0,321273.0
2025-09-30,슈즈,315364.0,178182.0,1896245.0,1972136.0,576909.0,3717418.0
2025-09-30,스포츠,99545.0,663818.0,715455.0,1138364.0,1881773.0,442727.0
2025-09-30,아웃도어,0.0,1288909.0,0.0,0.0,4241709.0,0.0
2025-09-30,여성,3922182.0,451800.0,943455.0,14842773.0,950027.0,7754818.0
2025-09-30,잡화,1925136.0,-131818.0,6807455.0,5583064.0,6977727.0,11046418.0
2025-09-30,키즈,0.0,258727.0,0.0,0.0,927527.0,0.0
2025-10-01,골프,1299000.0,-150727.0,675264.0,6327773.0,1288655.0,1401618.0
2025-10-01,남성,3306427.0,-19900.0,3320500.0,22503136.0,3097764.0,3159909.0
2025-10-01,리빙,0.0,368655.0,0.0,0.0,1459591.0,0.0
2025-10-01,명품,0.0,3615273.0,0.0,0.0,12887727.0,0.0
2025-10-01,뷰티,0.0,715645.0,9000.0,0.0,654818.0,306364.0
2025-10-01,슈즈,-109864.0,-262545.0,198427.0,2539273.0,756364.0,366464.0
2025-10-01,스포츠,296273.0,323273.0,289091.0,492273.0,1437209.0,487273.0
2025-10-01,아웃도어,0.0,536091.0,0.0,0.0,-1180218.0,0.0
2025-10-01,여성,2974773.0,-31818.0,460273.0,20160045.0,1131318.0,4213818.0
2025-10-01,잡화,2006218.0,705273.0,4670164.0,12263909.0,286864.0,3341327.0
2025-10-01,키즈,0.0,112682.0,0.0,0.0,540791.0,0.0
2025-10-02,골프,1061982.0,426364.0,115636.0,2912391.0,2022318.0,1793727.0
2025-10-02,남성,2923455.0,530000.0,675000.0,22360573.0,3729773.0,5923773.0
2025-10-02,리빙,0.0,904873.0,0.0,0.0,1508500.0,0.0
2025-10-02,명품,0.0,2737909.0,0.0,0.0,1111364.0,0.0
2025-10-02,뷰티,0.0,518818.0,87182.0,0.0,366727.0,125636.0
2025-10-02,슈즈,186455.0,-161818.0,851900.0,904364.0,360545.0,528236.0
2025-10-02,스포츠,229000.0,-10727.0,0.0,430273.0,580636.0,0.0
2025-10-02,아웃도어,0.0,305909.0,0.0,0.0,1465727.0,0.0
2025-10-02,여성,3331273.0,-6482.0,-3031455.0,12892227.0,401118.0,18500.0
2025-10-02,잡화,2726655.0,10909.0,2791500.0,5615309.0,-353909.0,4955664.0
2025-10-02,키즈,0.0,-72273.0,0.0,0.0,1807618.0,0.0
2025-10-03,골프,1374845.0,714636.0,93818.0,6278527.0,3700173.0,1045409.0
2025-10-03,남성,4027264.0,-433455.0,3994818.0,24806509.0,3668827.0,3649591.0
2025-10-03,리빙,0.0,442418.0,0.0,0.0,1195473.0,0.0
2025-10-03,명품,0.0,2384818.0,0.0,0.0,6871273.0,0.0
2025-10-03,뷰티,0.0,571727.0,150000.0,0.0,997364.0,97273.0
2025-10-03,슈즈,-225636.0,250909.0,136173.0,203045.0,982000.0,-412200.0
2025-10-03,스포츠,-6727.0,184636.0,0.0,455182.0,922955.0,442727.0
2025-10-03,아웃도어,0.0,1537273.0,0.0,0.0,2471409.0,0.0
2025-10-03,여성,1881182.0,1105036.0,-1110000.0,39207818.0,1843418.0,3226545.0
2025-10-03,잡화,3262400.0,0.0,3157709.0,7779618.0,291727.0,4657036.0
2025-10-03,키즈,0.0,243136.0,0.0,0.0,942736.0,0.0
2025-10-04,골프,1402727.0,427273.0,0.0,9094027.0,4324545.0,2047273.0
2025-10-04,남성,3516909.0,0.0,2256182.0,29401882.0,2832336.0,6967182.0
2025-10-04,리빙,0.0,140091.0,0.0,0.0,1383745.0,0.0
2025-10-04,명품,0.0,1265182.0,0.0,0.0,10313600.0,0.0
2025-10-04,뷰티,0.0,461627.0,9000.0,0.0,534164.0,0.0
2025-10-04,슈즈,541318.0,101636.0,415455.0,1317909.0,702091.0,597455.0
2025-10-04,스포츠,360182.0,335636.0,162727.0,740364.0,496118.0,0.0
2025-10-04,아웃도어,0.0,156418.0,0.0,0.0,1205500.0,0.0
2025-10-04,여성,1458273.0,3818.0,0.0,40469182.0,1589945.0,9335000.0
2025-10-04,잡화,466236.0,594955.0,2178727.0,6185491.0,1365609.0,5627836.0
2025-10-04,키즈,0.0,-39955.0,0.0,0.0,1207000.0,0.0
2025-10-05,골프,2126573.0,658818.0,0.0,8762718.0,6168000.0,305064.0
2025-10-05,남성,4468809.0,126364.0,1373045.0,27040464.0,3297227.0,8844091.0
2025-10-05,리빙,0.0,311282.0,0.0,0.0,1912345.0,0.0
2025-10-05,명품,0.0,1445455.0,0.0,0.0,5405818.0,0.0
2025-10-05,뷰티,0.0,329436.0,0.0,0.0,548182.0,66364.0
2025-10-05,슈즈,188045.0,124545.0,-19091.0,437364.0,1236909.0,715545.0
2025-10-05,스포츠,18182.0,338564.0,144545.0,905636.0,984182.0,144545.0
2025-10-05,아웃도어,0.0,441636.0,0.0,0.0,2421636.0,0.0
2025-10-05,여성,3882818.0,238145.0,97364.0,26305591.0,1755109.0,4923818.0
2025-10-05,잡화,1020818.0,164364.0,2281236.0,7702691.0,3349273.0,6699782.0
2025-10-05,키즈,0.0,393855.0,0.0,0.0,1167682.0,0.0
2025-10-06,골프,1832818.0,114800.0,0.0,4734445.0,3690491.0,673909.0
2025-10-06,남성,1313091.0,448818.0,1464364.0,23558855.0,3453391.0,11243818.0
2025-10-06,리빙,0.0,433091.0,0.0,0.0,723100.0,0.0
2025-10-06,명품,0.0,327273.0,0.0,0.0,7370364.0,0.0
2025-10-06,뷰티,0.0,1099745.0,62727.0,0.0,497264.0,0.0
2025-10-06,슈즈,314727.0,253818.0,432727.0,1128545.0,1111818.0,765545.0
2025-10-06,스포츠,251091.0,270182.0,-144545.0,627455.0,1213955.0,80909.0
2025-10-06,아웃도어,0.0,509455.0,0.0,0.0,2581364.0,0.0
2025-10-06,여성,4799409.0,285455.0,718727.0,28371818.0,1257082.0,4438182.0
2025-10-06,잡화,2013927.0,62182.0,2402273.0,6601418.0,-715727.0,5096764.0
2025-10-06,키즈,0.0,63182.0,0.0,0.0,446609.0,0.0
2025-10-07,골프,2538591.0,1016291.0,310000.0,10146045.0,3879027.0,2010818.0
2025-10-07,남성,8053209.0,458236.0,1433000.0,30520645.0,4053000.0,7368136.0
2025-10-07,리빙,0.0,233636.0,0.0,0.0,4945009.0,0.0
2025-10-07,명품,0.0,1047182.0,0.0,0.0,15525182.0,0.0
2025-10-07,뷰티,0.0,164691.0,38182.0,0.0,763536.0,366182.0
2025-10-07,슈즈,234909.0,0.0,523636.0,872727.0,523109.0,2212145.0
2025-10-07,스포츠,0.0,-100455.0,307273.0,963455.0,1450409.0,117273.0
2025-10-07,아웃도어,0.0,677818.0,0.0,0.0,3728300.0,0.0
2025-10-07,여성,2845909.0,351836.0,2338000.0,29619818.0,2224145.0,5887455.0
2025-10-07,잡화,1734327.0,211655.0,1245073.0,8674873.0,451545.0,4855800.0
2025-10-07,키즈,0.0,29727.0,0.0,0.0,1377773.0,0.0
2025-10-08,골프,1208818.0,788836.0,0.0,11163700.0,4179100.0,424791.0
2025-10-08,남성,3103591.0,84909.0,1156818.0,33409091.0,3927136.0,8279727.0
2025-10-08,리빙,0.0,434364.0,0.0,0.0,2314218.0,0.0
2025-10-08,명품,0.0,1204545.0,0.0,0.0,9885027.0,0.0
2025-10-08,뷰티,0.0,499873.0,36000.0,0.0,1011736.0,18000.0
2025-10-08,슈즈,58636.0,0.0,351818.0,596273.0,1200273.0,1563900.0
2025-10-08,스포츠,207545.0,423636.0,-153636.0,834182.0,1072091.0,197273.0
2025-10-08,아웃도어,0.0,133818.0,0.0,0.0,3983845.0,0.0
2025-10-08,여성,3496636.0,109218.0,1798455.0,37046273.0,1370091.0,10892091.0
2025-10-08,잡화,1474200.0,1778000.0,1868818.0,8358400.0,1045627.0,6987345.0
2025-10-08,키즈,0.0,32545.0,0.0,0.0,1315900.0,0.0
2025-10-09,골프,4172091.0,4292045.0,788364.0,12321255.0,8121236.0,1545400.0
2025-10-09,남성,6927391.0,326945.0,1463645.0,34305227.0,4277955.0,7740782.0
2025-10-09,리빙,0.0,568636.0,0.0,0.0,2161182.0,0.0
2025-10-09,명품,0.0,1998909.0,0.0,0.0,23777864.0,0.0
2025-10-09,뷰티,0.0,1075245.0,207364.0,0.0,1710727.0,18000.0
2025-10-09,슈즈,56182.0,266000.0,-232409.0,1840591.0,960545.0,876055.0
2025-10-09,스포츠,164818.0,1158864.0,0.0,1409364.0,2127509.0,270909.0
2025-10-09,아웃도어,0.0,952582.0,0.0,0.0,3607636.0,0.0
2025-10-09,여성,2942091.0,261545.0,-936455.0,33235864.0,1478927.0,2145636.0
2025-10-09,잡화,702727.0,329255.0,4331327.0,15243964.0,27216591.0,10933309.0
2025-10-09,키즈,0.0,100455.0,0.0,0.0,1822455.0,0.0
2025-10-10,골프,1884182.0,767727.0,0.0,11318873.0,1106182.0,783364.0
2025-10-10,남성,9051055.0,371982.0,2506000.0,34339891.0,4468709.0,11281955.0
2025-10-10,리빙,0.0,596218.0,0.0,0.0,2786609.0,0.0
2025-10-10,명품,0.0,796818.0,0.0,0.0,-13099000.0,0.0
2025-10-10,뷰티,0.0,798618.0,9000.0,0.0,958527.0,22727.0
2025-10-10,슈즈,475364.0,162818.0,170791.0,1776955.0,180182.0,3226555.0
2025-10-10,스포츠,77545.0,450682.0,0.0,1744909.0,3838645.0,53636.0
2025-10-10,아웃도어,0.0,298091.0,0.0,0.0,556318.0,0.0
2025-10-10,여성,7425455.0,124382.0,600000.0,42472909.0,3381100.0,7588864.0
2025-10-10,잡화,1306509.0,-111309.0,1729000.0,7028836.0,5410518.0,12302655.0
2025-10-10,키즈,0.0,126273.0,0.0,0.0,1845155.0,0.0
2025-10-11,골프,1874727.0,1188445.0,118545.0,7596618.0,5258755.0,1460009.0
2025-10-11,남성,5991755.0,231336.0,2442818.0,31098982.0,5411336.0,10298909.0
2025-10-11,리빙,0.0,343909.0,0.0,0.0,4260469.0,0.0
2025-10-11,명품,0.0,4279364.0,0.0,0.0,10712727.0,0.0
2025-10-11,뷰티,0.0,1024082.0,41273.0,0.0,1455909.0,78182.0
2025-10-11,슈즈,181909.0,27182.0,121391.0,790545.0,655091.0,2304655.0
2025-10-11,스포츠,394909.0,805045.0,0.0,2262455.0,1335773.0,0.0
2025-10-11,아웃도어,0.0,347273.0,0.0,0.0,2532755.0,0.0
2025-10-11,여성,-506727.0,90364.0,2111273.0,34662727.0,3700318.0,8327727.0
2025-10-11,잡화,1421473.0,214709.0,1985164.0,7241418.0,556773.0,4988418.0
2025-10-11,키즈,0.0,384636.0,0.0,0.0,1276500.0,0.0
2025-10-12,골프,2357000.0,1756127.0,171818.0,16169445.0,7081373.0,2654300.0
2025-10-12,남성,6055573.0,544091.0,882091.0,47585773.0,8573191.0,14938091.0
2025-10-12,리빙,0.0,1078918.0,0.0,0.0,3190169.0,0.0
2025-10-12,명품,0.0,3134818.0,0.0,0.0,17909627.0,0.0
2025-10-12,뷰티,0.0,592809.0,244455.0,0.0,1719336.0,91727.0
2025-10-12,슈즈,1182045.0,113636.0,90000.0,1890909.0,1156864.0,1924345.0
2025-10-12,스포츠,167000.0,864227.0,144545.0,1047909.0,2990873.0,144545.0
2025-10-12,아웃도어,0.0,427091.0,0.0,0.0,2905518.0,0.0
2025-10-12,여성,5147545.0,546909.0,387545.0,56050500.0,3525791.0,12274909.0
2025-10-12,잡화,3283618.0,213936.0,3442082.0,11381773.0,904445.0,11230791.0
2025-10-12,키즈,0.0,134636.0,0.0,0.0,2043091.0,0.0
2025-10-13,골프,1172582.0,2389609.0,294755.0,9809573.0,9308855.0,2095418.0
2025-10-13,남성,5230300.0,165436.0,1369364.0,10942200.0,1784300.0,6953182.0
2025-10-13,리빙,0.0,813593.0,0.0,0.0,2450127.0,0.0
2025-10-13,명품,0.0,1395455.0,0.0,0.0,-1165900.0,0.0
2025-10-13,뷰티,0.0,1106873.0,-44000.0,0.0,1906436.0,-32182.0
2025-10-13,슈즈,367455.0,-41818.0,151482.0,93500.0,-626927.0,258955.0
2025-10-13,스포츠,63182.0,-131364.0,0.0,1445727.0,2345155.0,342727.0
2025-10-13,아웃도어,0.0,458909.0,0.0,0.0,1886300.0,0.0
2025-10-13,여성,2026773.0,223409.0,399273.0,11834818.0,1336727.0,10191455.0
2025-10-13,잡화,2000309.0,119318.0,3355145.0,7790509.0,1002091.0,7826218.0
2025-10-13,키즈,0.0,351955.0,0.0,0.0,5086277.0,0.0
2025-10-14,골프,2461136.0,3020418.0,130091.0,5044164.0,3662118.0,566236.0
2025-10-14,남성,4478745.0,802545.0,1623455.0,23059745.0,3911036.0,649227.0
2025-10-14,리빙,0.0,1276273.0,0.0,0.0,1391009.0,0.0
2025-10-14,명품,0.0,83364.0,0.0,0.0,5415909.0,0.0
2025-10-14,뷰티,0.0,1184518.0,279545.0,0.0,1053736.0,72273.0
2025-10-14,슈즈,331273.0,421273.0,-165218.0,2175318.0,882364.0,294209.0
2025-10-14,스포츠,271909.0,-290545.0,451818.0,1355545.0,1206282.0,0.0
2025-10-14,아웃도어,0.0,193136.0,0.0,0.0,2059909.0,0.0
2025-10-14,여성,4760091.0,-221600.0,-1304727.0,20985000.0,2110118.0,3454364.0
2025-10-14,잡화,2035382.0,75364.0,6455355.0,7612518.0,42327555.0,9143418.0
2025-10-14,키즈,0.0,393091.0,0.0,0.0,2570109.0,0.0
2025-10-15,골프,2705682.0,964909.0,411182.0,11164491.0,1264391.0,1522473.0
2025-10-15,남성,10034982.0,319273.0,4290318.0,40803318.0,3244527.0,3319691.0
2025-10-15,리빙,0.0,1048655.0,0.0,0.0,3448173.0,0.0
2025-10-15,명품,0.0,6232273.0,0.0,0.0,7277909.0,0.0
2025-10-15,뷰티,0.0,699800.0,261545.0,0.0,1146573.0,199000.0
2025-10-15,슈즈,120864.0,203936.0,586364.0,547545.0,118909.0,-465591.0
2025-10-15,스포츠,210545.0,455818.0,0.0,1683636.0,756364.0,-27273.0
2025-10-15,아웃도어,0.0,724182.0,0.0,0.0,2011000.0,0.0
2025-10-15,여성,6825864.0,93064.0,1349818.0,22104409.0,1902982.0,4211818.0
2025-10-15,잡화,4934327.0,504636.0,3412818.0,9792645.0,5261455.0,5090373.0
2025-10-15,키즈,0.0,114364.0,0.0,0.0,1953561.0,0.0
2025-10-16,골프,2983182.0,2087409.0,424709.0,9432136.0,2817773.0,1961009.0
2025-10-16,남성,7935264.0,260709.0,6866636.0,34151373.0,3174573.0,5676500.0
2025-10-16,리빙,0.0,1577109.0,0.0,0.0,2412409.0,0.0
2025-10-16,명품,0.0,150909.0,0.0,0.0,14578155.0,0.0
2025-10-16,뷰티,0.0,1037782.0,27000.0,0.0,958018.0,69545.0
2025-10-16,슈즈,670591.0,1331273.0,1201091.0,781864.0,-758645.0,505236.0
2025-10-16,스포츠,531000.0,125909.0,433636.0,540273.0,2332182.0,289091.0
2025-10-16,아웃도어,0.0,1137273.0,0.0,0.0,2852364.0,0.0
2025-10-16,여성,8630273.0,-18509.0,-374182.0,27505818.0,2992264.0,754909.0
2025-10-16,잡화,3158345.0,5617727.0,4088636.0,9098564.0,12463509.0,10691109.0
2025-10-16,키즈,0.0,273645.0,0.0,0.0,1785515.0,0.0
2025-10-17,골프,398727.0,2814409.0,174664.0,6134400.0,2385855.0,639791.0
2025-10-17,남성,11767755.0,1203273.0,3256864.0,40619927.0,2450000.0,7193909.0
2025-10-17,리빙,0.0,780464.0,0.0,0.0,2165555.0,0.0
2025-10-17,명품,0.0,1375091.0,0.0,0.0,7722082.0,0.0
2025-10-17,뷰티,0.0,745336.0,87182.0,0.0,741236.0,241545.0
2025-10-17,슈즈,-43864.0,43545.0,495455.0,560091.0,788000.0,270464.0
2025-10-17,스포츠,595727.0,365818.0,144545.0,511455.0,1485836.0,470909.0
2025-10-17,아웃도어,0.0,1211909.0,0.0,0.0,1879273.0,0.0
2025-10-17,여성,6655955.0,267182.0,3031091.0,34955545.0,2977245.0,5111727.0
2025-10-17,잡화,3849600.0,2644636.0,3044709.0,8956127.0,8348136.0,3411091.0
2025-10-17,키즈,0.0,326091.0,0.0,0.0,2406864.0,0.0
2025-10-18,골프,2099864.0,2511645.0,0.0,12736245.0,10114609.0,1621400.0
2025-10-18,남성,21185573.0,1036045.0,11640000.0,47186427.0,5228982.0,28940636.0
2025-10-18,리빙,0.0,761545.0,0.0,0.0,4243109.0,0.0
2025-10-18,명품,0.0,2441818.0,0.0,0.0,12812636.0,0.0
2025-10-18,뷰티,0.0,1126873.0,0.0,0.0,489209.0,100909.0
2025-10-18,슈즈,124091.0,260000.0,735409.0,1032818.0,77436.0,711000.0
2025-10-18,스포츠,598909.0,508500.0,451818.0,1164273.0,4220636.0,-53636.0
2025-10-18,아웃도어,0.0,435455.0,0.0,0.0,2206773.0,0.0
2025-10-18,여성,7854955.0,196573.0,5331727.0,27986000.0,9521555.0,14124727.0
2025-10-18,잡화,2361309.0,5677182.0,5706691.0,5405809.0,13715455.0,7846445.0
2025-10-18,키즈,0.0,963818.0,0.0,0.0,1598845.0,0.0
2025-10-19,골프,4646136.0,4741282.0,162818.0,15307264.0,8453136.0,2970045.0
2025-10-19,남성,15749055.0,1874527.0,4019636.0,65793991.0,7614300.0,23922227.0
2025-10-19,리빙,0.0,594127.0,0.0,0.0,3581827.0,0.0
2025-10-19,명품,0.0,3703727.0,0.0,0.0,13916273.0,0.0
2025-10-19,뷰티,0.0,819036.0,216455.0,0.0,1769973.0,9000.0
2025-10-19,슈즈,318591.0,146364.0,505455.0,1227045.0,2140273.0,299091.0
2025-10-19,스포츠,200727.0,1331318.0,153636.0,1034545.0,5832455.0,153636.0
2025-10-19,아웃도어,0.0,48727.0,0.0,0.0,2406127.0,0.0
2025-10-19,여성,8027000.0,742818.0,2118818.0,66316045.0,8991836.0,13993091.0
2025-10-19,잡화,3382291.0,5254545.0,6043655.0,12349845.0,4290227.0,11753800.0
2025-10-19,키즈,0.0,606727.0,0.0,0.0,4737718.0,0.0
2025-10-20,골프,116473.0,1172655.0,537482.0,11617291.0,8893573.0,2438782.0
2025-10-20,남성,14079900.0,530927.0,5119364.0,41571000.0,4891855.0,24786409.0
2025-10-20,리빙,0.0,1049520.0,0.0,0.0,3286716.0,0.0
2025-10-20,명품,0.0,4804364.0,0.0,0.0,7814364.0,0.0
2025-10-20,뷰티,0.0,1207018.0,101818.0,0.0,1928736.0,121727.0
2025-10-20,슈즈,26409.0,533000.0,740909.0,1238318.0,-51455.0,-303336.0
2025-10-20,스포츠,387545.0,741991.0,0.0,1481209.0,5095300.0,0.0
2025-10-20,아웃도어,0.0,1826000.0,0.0,0.0,4561482.0,0.0
2025-10-20,여성,8963636.0,118464.0,1526545.0,17331818.0,5427345.0,12316455.0
2025-10-20,잡화,1788491.0,-1172664.0,8177391.0,9351636.0,5013627.0,6730000.0
2025-10-20,키즈,0.0,448673.0,0.0,0.0,3717245.0,0.0
2025-10-21,골프,-387873.0,3524764.0,222091.0,9511418.0,2881991.0,1033827.0
2025-10-21,남성,11990282.0,1202818.0,2960864.0,42366073.0,7642627.0,21245909.0
2025-10-21,리빙,0.0,1400664.0,0.0,0.0,1988804.0,0.0
2025-10-21,명품,0.0,2433455.0,0.0,0.0,3633000.0,0.0
2025-10-21,뷰티,0.0,504573.0,0.0,0.0,1491291.0,30636.0
2025-10-21,슈즈,241273.0,-337636.0,1464727.0,1153045.0,1058909.0,364773.0
2025-10-21,스포츠,237545.0,297318.0,153636.0,481818.0,1443273.0,0.0
2025-10-21,아웃도어,0.0,1878455.0,0.0,0.0,2632455.0,0.0
2025-10-21,여성,4907773.0,180909.0,4033909.0,37302409.0,4981836.0,12058091.0
2025-10-21,잡화,2539127.0,335727.0,6011609.0,5572982.0,15391818.0,6938936.0
2025-10-21,키즈,0.0,682500.0,0.0,0.0,3718364.0,0.0
2025-10-22,골프,2157227.0,1283209.0,1210055.0,6027973.0,6758245.0,1962182.0
2025-10-22,남성,7413573.0,164027.0,9524955.0,25165773.0,2649491.0,16741136.0
2025-10-22,리빙,0.0,803091.0,0.0,0.0,1609564.0,0.0
2025-10-22,명품,0.0,5053091.0,0.0,0.0,13563000.0,0.0
2025-10-22,뷰티,0.0,1142064.0,379091.0,0.0,515009.0,80727.0
2025-10-22,슈즈,367818.0,243636.0,362000.0,248818.0,449545.0,246964.0
2025-10-22,스포츠,159273.0,565518.0,379091.0,318909.0,2309518.0,415455.0
2025-10-22,아웃도어,0.0,1511000.0,0.0,0.0,4518455.0,0.0
2025-10-22,여성,6740000.0,151055.0,2045318.0,43656364.0,4901409.0,8489727.0
2025-10-22,잡화,2595455.0,-373727.0,4773091.0,7621064.0,565955.0,5999655.0
2025-10-22,키즈,0.0,329364.0,0.0,0.0,1671245.0,0.0
2025-10-23,골프,1509727.0,686136.0,224018.0,8924009.0,3458164.0,2242564.0
2025-10-23,남성,10293836.0,-727000.0,6928182.0,13409700.0,5366145.0,14749591.0
2025-10-23,리빙,0.0,461827.0,0.0,0.0,2723364.0,0.0
2025-10-23,명품,0.0,2895091.0,0.0,0.0,8097818.0,0.0
2025-10-23,뷰티,0.0,1062182.0,87182.0,0.0,1368327.0,244455.0
2025-10-23,슈즈,58636.0,0.0,964545.0,828818.0,505455.0,97909.0
2025-10-23,스포츠,277455.0,260891.0,489091.0,755364.0,931664.0,144545.0
2025-10-23,아웃도어,0.0,1237909.0,0.0,0.0,3193545.0,0.0
2025-10-23,여성,6768636.0,486927.0,3454727.0,36628864.0,6732085.0,5988000.0
2025-10-23,잡화,1629982.0,-770909.0,5004018.0,5512618.0,5451927.0,9772127.0
2025-10-23,키즈,0.0,54636.0,0.0,0.0,1500282.0,0.0
2025-10-24,골프,1957045.0,1813236.0,599591.0,7460236.0,5434227.0,1470300.0
2025-10-24,남성,7973609.0,996045.0,7755227.0,19530918.0,2260491.0,13335591.0
2025-10-24,리빙,0.0,623029.0,0.0,0.0,5071100.0,0.0
2025-10-24,명품,0.0,6613273.0,0.0,0.0,7454036.0,0.0
2025-10-24,뷰티,0.0,731355.0,114182.0,0.0,860364.0,128000.0
2025-10-24,슈즈,227909.0,291318.0,189091.0,1078636.0,1423818.0,-90909.0
2025-10-24,스포츠,-57273.0,285818.0,144545.0,290000.0,1891791.0,706364.0
2025-10-24,아웃도어,0.0,682045.0,0.0,0.0,4236473.0,0.0
2025-10-24,여성,3640273.0,446845.0,417455.0,24573727.0,4813564.0,7869455.0
2025-10-24,잡화,3037200.0,712018.0,4492618.0,4568091.0,657227.0,4691473.0
2025-10-24,키즈,0.0,410545.0,0.0,0.0,84409.0,0.0
2025-10-25,골프,2423545.0,1236555.0,198909.0,6251155.0,7929536.0,635027.0
2025-10-25,남성,8421391.0,545455.0,3814636.0,33993409.0,5884691.0,11914864.0
2025-10-25,리빙,0.0,1403400.0,0.0,0.0,2278364.0,0.0
2025-10-25,명품,0.0,5004182.0,0.0,0.0,12285818.0,0.0
2025-10-25,뷰티,0.0,888282.0,0.0,0.0,886000.0,22727.0
2025-10-25,슈즈,96318.0,0.0,831818.0,638409.0,1209636.0,157045.0
2025-10-25,스포츠,265364.0,792000.0,27273.0,96091.0,2428000.0,666364.0
2025-10-25,아웃도어,0.0,2010000.0,0.0,0.0,3818836.0,0.0
2025-10-25,여성,5658864.0,461909.0,2944727.0,32469000.0,5233939.0,5509000.0
2025-10-25,잡화,1518564.0,9091.0,6023836.0,7155764.0,7768300.0,5493400.0
2025-10-25,키즈,0.0,296309.0,0.0,0.0,769909.0,0.0
2025-10-26,골프,3486409.0,3592455.0,218955.0,12675991.0,13827000.0,551200.0
2025-10-26,남성,13040127.0,230600.0,6263045.0,55700636.0,5497645.0,23807909.0
2025-10-26,리빙,0.0,303273.0,0.0,0.0,-263764.0,0.0
2025-10-26,명품,0.0,1263545.0,0.0,0.0,17638545.0,0.0
2025-10-26,뷰티,0.0,1030264.0,267273.0,0.0,1108300.0,68182.0
2025-10-26,슈즈,0.0,0.0,360909.0,1700091.0,778364.0,796364.0
2025-10-26,스포츠,221273.0,747045.0,460909.0,1255455.0,3758864.0,280909.0
2025-10-26,아웃도어,0.0,521455.0,0.0,0.0,4660645.0,0.0
2025-10-26,여성,6536864.0,543400.0,1589091.0,55668773.0,8093910.0,7525273.0
2025-10-26,잡화,2100818.0,32727.0,3771345.0,9730600.0,20223364.0,7277882.0
2025-10-26,키즈,0.0,296364.0,0.0,0.0,1530064.0,0.0
2025-10-27,OFM,0.0,0.0,0.0,0.0,244545.0,0.0
2025-10-27,골프,1851464.0,1365364.0,435000.0,11321964.0,8645800.0,2602118.0
2025-10-27,남성,10392227.0,364818.0,1293273.0,31050673.0,1448609.0,11401000.0
2025-10-27,리빙,0.0,825918.0,0.0,0.0,1560500.0,0.0
2025-10-27,명품,0.0,-551273.0,0.0,0.0,8991582.0,0.0
2025-10-27,뷰티,0.0,432345.0,98818.0,0.0,1095427.0,299727.0
2025-10-27,슈즈,366818.0,-53273.0,-154727.0,1289364.0,880864.0,305164.0
2025-10-27,스포츠,392818.0,866182.0,252727.0,1346182.0,1730864.0,433636.0
2025-10-27,아웃도어,0.0,1121273.0,0.0,0.0,9138909.0,0.0
2025-10-27,여성,4328500.0,512836.0,-190091.0,20757409.0,1336636.0,-2764545.0
2025-10-27,잡화,2134727.0,1039191.0,3677700.0,9456091.0,10485500.0,6620509.0
2025-10-27,키즈,0.0,477400.0,0.0,0.0,2008227.0,0.0
2025-10-28,골프,3423545.0,793900.0,332509.0,7921473.0,3823627.0,-139909.0
2025-10-28,남성,11851182.0,848909.0,2332091.0,25758127.0,4390391.0,353364.0
2025-10-28,리빙,0.0,381382.0,0.0,0.0,2844545.0,0.0
2025-10-28,명품,0.0,1855273.0,0.0,0.0,14520273.0,0.0
2025-10-28,뷰티,0.0,1100545.0,150909.0,0.0,1226427.0,187182.0
2025-10-28,슈즈,689227.0,0.0,902727.0,1617955.0,1346945.0,637636.0
2025-10-28,스포츠,0.0,481864.0,543636.0,1878273.0,2867091.0,390000.0
2025-10-28,아웃도어,0.0,1501818.0,0.0,0.0,6713191.0,0.0
2025-10-28,여성,8547409.0,800264.0,2487909.0,13422955.0,-966191.0,-803727.0
2025-10-28,잡화,2999982.0,-2320909.0,5733691.0,7473427.0,-3929536.0,9950664.0
2025-10-28,키즈,0.0,648709.0,0.0,0.0,2722100.0,0.0
2025-10-29,골프,1954091.0,886782.0,1304145.0,10579109.0,4363409.0,2717264.0
2025-10-29,남성,8161500.0,124300.0,6490682.0,32962536.0,-33809.0,10884318.0
2025-10-29,리빙,0.0,251727.0,0.0,0.0,2467600.0,0.0
2025-10-29,명품,0.0,9663909.0,0.0,0.0,11723000.0,0.0
2025-10-29,뷰티,0.0,632273.0,78182.0,0.0,1369427.0,514545.0
2025-10-29,슈즈,29409.0,425727.0,0.0,1625409.0,844727.0,634955.0
2025-10-29,스포츠,107545.0,626409.0,212727.0,238545.0,2287182.0,190909.0
2025-10-29,아웃도어,0.0,215636.0,0.0,0.0,2648200.0,0.0
2025-10-29,여성,11856955.0,128564.0,-1360000.0,15192318.0,5591.0,-35818.0
2025-10-29,잡화,2061200.0,62727.0,3734018.0,6331236.0,1423682.0,5604336.0
2025-10-29,키즈,0.0,402455.0,0.0,0.0,2634273.0,0.0
2025-10-30,골프,2509409.0,1697455.0,138318.0,7543145.0,7763991.0,1814836.0
2025-10-30,남성,8428273.0,214364.0,3638136.0,15835164.0,4829309.0,11178500.0
2025-10-30,리빙,0.0,1202047.0,0.0,0.0,3638273.0,0.0
2025-10-30,명품,0.0,3668091.0,0.0,0.0,16909909.0,0.0
2025-10-30,뷰티,0.0,331300.0,98182.0,0.0,1094091.0,271818.0
2025-10-30,슈즈,802182.0,180000.0,274364.0,508318.0,389182.0,189455.0
2025-10-30,스포츠,202364.0,16909.0,68182.0,211909.0,1406455.0,-390000.0
2025-10-30,아웃도어,0.0,824091.0,0.0,0.0,1996591.0,0.0
2025-10-30,여성,4142636.0,315464.0,3790909.0,4629591.0,900682.0,3070455.0
2025-10-30,잡화,1919782.0,1041545.0,3856118.0,3990636.0,762518.0,4456800.0
2025-10-30,키즈,0.0,-57636.0,0.0,0.0,2708500.0,0.0
2025-10-31,골프,2420273.0,1212900.0,423818.0,11138791.0,5287382.0,1447818.0
2025-10-31,남성,10470309.0,660755.0,11216545.0,22405182.0,1818273.0,14131682.0
2025-10-31,리빙,0.0,483355.0,0.0,0.0,1161955.0,0.0
2025-10-31,명품,0.0,-1114364.0,0.0,0.0,3179636.0,0.0
2025-10-31,뷰티,0.0,359964.0,0.0,0.0,549200.0,97182.0
2025-10-31,슈즈,194455.0,151818.0,604545.0,-51864.0,-298909.0,777091.0
2025-10-31,스포츠,177545.0,765955.0,0.0,1362000.0,793818.0,9091.0
2025-10-31,아웃도어,0.0,720182.0,0.0,0.0,1993409.0,0.0
2025-10-31,여성,5377227.0,393409.0,3115545.0,21373091.0,2410345.0,5847364.0
2025-10-31,잡화,2339736.0,2244473.0,4666236.0,6835309.0,8920364.0,4847400.0
2025-10-31,키즈,0.0,442455.0,0.0,0.0,461000.0,0.0
2025-11-01,골프,3862264.0,1523945.0,544955.0,12168727.0,4347636.0,2664991.0
2025-11-01,남성,13138455.0,609309.0,6766864.0,35150018.0,3917027.0,25096773.0
2025-11-01,리빙,0.0,1037182.0,0.0,0.0,2682900.0,0.0
2025-11-01,명품,0.0,4519636.0,0.0,0.0,13416364.0,0.0
2025-11-01,뷰티,0.0,1011636.0,148000.0,0.0,1211964.0,90909.0
2025-11-01,슈즈,564591.0,285364.0,126364.0,370182.0,1127409.0,316727.0
2025-11-01,스포츠,392818.0,712591.0,0.0,970909.0,1795955.0,131091.0
2025-11-01,아웃도어,0.0,1056955.0,0.0,0.0,8863982.0,0.0
2025-11-01,여성,7071545.0,76182.0,1714545.0,43568909.0,3522336.0,14598364.0
2025-11-01,잡화,4295745.0,249391.0,3983236.0,6659900.0,770773.0,6550682.0
2025-11-01,키즈,0.0,-259109.0,0.0,0.0,1984345.0,0.0
2025-11-02,골프,4372409.0,1596309.0,1392000.0,15978245.0,9175636.0,3207864.0
2025-11-02,남성,21138600.0,227000.0,7641045.0,77729900.0,4786991.0,23708545.0
2025-11-02,리빙,0.0,845364.0,0.0,0.0,3293473.0,0.0
2025-11-02,명품,0.0,1718182.0,0.0,0.0,12638818.0,0.0
2025-11-02,뷰티,0.0,942536.0,18000.0,0.0,2413582.0,113636.0
2025-11-02,슈즈,576091.0,122727.0,737318.0,1359273.0,847418.0,704000.0
2025-11-02,스포츠,164818.0,932364.0,324545.0,1712727.0,2539464.0,0.0
2025-11-02,아웃도어,0.0,1360755.0,0.0,0.0,8583873.0,0.0
2025-11-02,여성,11094136.0,365455.0,2800000.0,69746909.0,5295091.0,16643455.0
2025-11-02,잡화,2615127.0,1496682.0,7977773.0,11415545.0,38909.0,10392055.0
2025-11-02,키즈,0.0,436455.0,0.0,0.0,2494200.0,0.0
2025-11-03,OFM,0.0,0.0,0.0,0.0,-244545.0,0.0
2025-11-03,골프,2789318.0,3746364.0,783227.0,9256600.0,3342536.0,2781691.0
2025-11-03,남성,10672918.0,313318.0,4143818.0,18374227.0,5361791.0,13799636.0
2025-11-03,리빙,0.0,504536.0,0.0,0.0,4057473.0,0.0
2025-11-03,명품,0.0,5254455.0,0.0,0.0,7795818.0,0.0
2025-11-03,뷰티,0.0,788355.0,78182.0,0.0,1766518.0,664818.0
2025-11-03,슈즈,69364.0,69182.0,62727.0,648182.0,599200.0,234545.0
2025-11-03,스포츠,149727.0,-398227.0,-390000.0,136455.0,948000.0,170909.0
2025-11-03,아웃도어,0.0,-240818.0,0.0,0.0,3908091.0,0.0
2025-11-03,여성,8327909.0,-381427.0,4938182.0,23448318.0,-813191.0,8987000.0
2025-11-03,잡화,4121655.0,270909.0,4204436.0,10554109.0,-3850773.0,6337736.0
2025-11-03,키즈,0.0,392545.0,0.0,0.0,3758309.0,0.0
2025-11-04,골프,2444700.0,2129773.0,301909.0,7052000.0,2631945.0,1681000.0
2025-11-04,남성,9739800.0,742691.0,6441364.0,21653018.0,7649073.0,5633773.0
2025-11-04,리빙,0.0,1970636.0,0.0,0.0,1989345.0,0.0
2025-11-04,명품,0.0,-1310273.0,0.0,0.0,4836600.0,0.0
2025-11-04,뷰티,0.0,557073.0,20000.0,0.0,896782.0,114000.0
2025-11-04,슈즈,13682.0,190818.0,36364.0,38000.0,858045.0,-325455.0
2025-11-04,스포츠,58636.0,676136.0,289091.0,678364.0,492591.0,243636.0
2025-11-04,아웃도어,0.0,360000.0,0.0,0.0,984591.0,0.0
2025-11-04,여성,8108318.0,362745.0,1270000.0,22436227.0,-146191.0,8853545.0
2025-11-04,잡화,1357782.0,27927.0,4774000.0,5512882.0,804591.0,10066864.0
2025-11-04,키즈,0.0,311909.0,0.0,0.0,2262118.0,0.0
2025-11-05,골프,1597427.0,221973.0,664909.0,3044900.0,799482.0,1568664.0
2025-11-05,남성,10166145.0,496545.0,5075227.0,25317036.0,2712836.0,12418227.0
2025-11-05,리빙,0.0,927455.0,0.0,0.0,3392909.0,0.0
2025-11-05,명품,0.0,-1914818.0,0.0,0.0,2756727.0,0.0
2025-11-05,뷰티,0.0,916364.0,9000.0,0.0,786491.0,238182.0
2025-11-05,슈즈,574636.0,227818.0,342727.0,153773.0,932355.0,641818.0
2025-11-05,스포츠,157182.0,604136.0,0.0,188182.0,675836.0,144545.0
2025-11-05,아웃도어,0.0,569182.0,0.0,0.0,3322518.0,0.0
2025-11-05,여성,4976727.0,496327.0,-36364.0,16491818.0,2244064.0,7901091.0
2025-11-05,잡화,2888073.0,139909.0,5295691.0,8436836.0,598591.0,7468809.0
2025-11-05,키즈,0.0,429545.0,0.0,0.0,396091.0,0.0
2025-11-06,골프,1000136.0,919109.0,138318.0,4475764.0,3862500.0,2198736.0
2025-11-06,남성,9362255.0,41364.0,5127273.0,19904555.0,3936773.0,15468091.0
2025-11-06,리빙,0.0,212909.0,0.0,0.0,3035482.0,0.0
2025-11-06,명품,0.0,2502909.0,0.0,0.0,14770091.0,0.0
2025-11-06,뷰티,0.0,600682.0,119909.0,0.0,788655.0,146091.0
2025-11-06,슈즈,111636.0,169091.0,316364.0,1104545.0,2061909.0,604545.0
2025-11-06,스포츠,149545.0,162636.0,-172727.0,214545.0,1269136.0,0.0
2025-11-06,아웃도어,0.0,127545.0,0.0,0.0,1068082.0,0.0
2025-11-06,여성,606455.0,1058291.0,-149727.0,11642436.0,3122718.0,8068909.0
2025-11-06,잡화,1359509.0,465800.0,4265400.0,7998582.0,860145.0,7551345.0
2025-11-06,키즈,0.0,355373.0,0.0,0.0,3102573.0,0.0
2025-11-07,골프,1744182.0,1326200.0,408727.0,2480036.0,2063355.0,2282582.0
2025-11-07,남성,3812391.0,981482.0,3970773.0,13002936.0,2749464.0,12277227.0
2025-11-07,리빙,0.0,806364.0,0.0,0.0,6222691.0,0.0
2025-11-07,명품,0.0,-234909.0,0.0,0.0,4141182.0,0.0
2025-11-07,뷰티,0.0,349573.0,132818.0,0.0,1063164.0,25000.0
2025-11-07,슈즈,130273.0,583273.0,99091.0,96545.0,1208864.0,816545.0
2025-11-07,스포츠,705182.0,167909.0,0.0,994091.0,18364.0,-136364.0
2025-11-07,아웃도어,0.0,311727.0,0.0,0.0,-677727.0,0.0
2025-11-07,여성,-1087227.0,651109.0,2816545.0,20334727.0,4394227.0,7081273.0
2025-11-07,잡화,3061564.0,186182.0,3230091.0,8488673.0,1646364.0,3426236.0
2025-11-07,키즈,0.0,173273.0,0.0,0.0,1210918.0,0.0
2025-11-08,골프,1852309.0,1942091.0,273636.0,6278009.0,3011364.0,1292145.0
2025-11-08,남성,6860509.0,1289464.0,5438227.0,37995055.0,8100645.0,12976409.0
2025-11-08,리빙,0.0,680909.0,0.0,0.0,2677445.0,0.0
2025-11-08,명품,0.0,886364.0,0.0,0.0,15013727.0,0.0
2025-11-08,뷰티,0.0,354809.0,105182.0,0.0,1256582.0,437909.0
2025-11-08,슈즈,468818.0,-117273.0,342727.0,1111000.0,1191636.0,843818.0
2025-11-08,스포츠,31182.0,276818.0,-144545.0,828182.0,2025136.0,253636.0
2025-11-08,아웃도어,0.0,341182.0,0.0,0.0,1844136.0,0.0
2025-11-08,여성,5815000.0,553000.0,1339182.0,30832864.0,6492845.0,15674000.0
2025-11-08,잡화,1989891.0,185818.0,3279818.0,6075673.0,-350682.0,7291255.0
2025-11-08,키즈,0.0,296364.0,0.0,0.0,2377273.0,0.0
2025-11-09,골프,2588727.0,2314782.0,171818.0,13102455.0,3460082.0,3670209.0
2025-11-09,남성,13430355.0,469982.0,12113818.0,49111782.0,7728245.0,33099727.0
2025-11-09,리빙,0.0,436636.0,0.0,0.0,1879782.0,0.0
2025-11-09,명품,0.0,1680000.0,0.0,0.0,14144000.0,0.0
2025-11-09,뷰티,0.0,522745.0,0.0,0.0,1370955.0,512000.0
2025-11-09,슈즈,-105273.0,603900.0,117273.0,235455.0,1065091.0,1384545.0
2025-11-09,스포츠,512636.0,358364.0,0.0,107545.0,2697909.0,0.0
2025-11-09,아웃도어,0.0,575727.0,0.0,0.0,3664782.0,0.0
2025-11-09,여성,5576091.0,150709.0,1974091.0,61900682.0,6592445.0,20187727.0
2025-11-09,잡화,5876945.0,289091.0,4050818.0,14329345.0,1307627.0,11015709.0
2025-11-09,키즈,0.0,515136.0,0.0,0.0,2560955.0,0.0
2025-11-10,골프,639882.0,-601982.0,265273.0,5818600.0,5542209.0,1072973.0
2025-11-10,남성,8141100.0,902845.0,8225555.0,37027891.0,6407000.0,21040155.0
2025-11-10,리빙,0.0,740364.0,0.0,0.0,1602655.0,0.0
2025-11-10,명품,0.0,3875000.0,0.0,0.0,-8389118.0,0.0
2025-11-10,뷰티,0.0,703155.0,22909.0,0.0,1253427.0,0.0
2025-11-10,슈즈,290727.0,-409000.0,244545.0,213545.0,559855.0,26909.0
2025-11-10,스포츠,244545.0,935091.0,-99091.0,633364.0,2572045.0,290000.0
2025-11-10,아웃도어,0.0,-88455.0,0.0,0.0,52336.0,0.0
2025-11-10,여성,1073773.0,364200.0,-2535455.0,22598955.0,2621345.0,17887273.0
2025-11-10,잡화,3758764.0,351091.0,7480827.0,8672927.0,177645.0,9161236.0
2025-11-10,키즈,0.0,73636.0,0.0,0.0,2148709.0,0.0
2025-11-11,골프,2156591.0,694000.0,612000.0,4499482.0,5666327.0,2119100.0
2025-11-11,남성,6682055.0,86518.0,5283136.0,30776100.0,6484527.0,28436400.0
2025-11-11,리빙,0.0,387091.0,0.0,0.0,2122100.0,0.0
2025-11-11,명품,0.0,2673455.0,0.0,0.0,14072636.0,0.0
2025-11-11,뷰티,0.0,1326391.0,0.0,0.0,2006582.0,32727.0
2025-11-11,슈즈,307545.0,180000.0,433636.0,561000.0,219973.0,1012909.0
2025-11-11,스포츠,1257818.0,28773.0,0.0,364182.0,4903818.0,443636.0
2025-11-11,아웃도어,0.0,399000.0,0.0,0.0,759727.0,0.0
2025-11-11,여성,-2473000.0,721545.0,1728091.0,14307091.0,9803173.0,5779273.0
2025-11-11,잡화,1141727.0,90000.0,6247182.0,7497427.0,1062182.0,7614364.0
2025-11-11,키즈,0.0,250045.0,0.0,0.0,1641482.0,0.0
2025-11-12,골프,799500.0,4281855.0,679500.0,6165473.0,3601018.0,2472318.0
2025-11-12,남성,7476855.0,2240818.0,8240455.0,26930273.0,6138791.0,25278673.0
2025-11-12,리빙,0.0,1156091.0,0.0,0.0,1874218.0,0.0
2025-11-12,명품,0.0,4435455.0,0.0,0.0,9980545.0,0.0
2025-11-12,뷰티,0.0,247100.0,156364.0,0.0,1116336.0,0.0
2025-11-12,슈즈,455773.0,17364.0,695455.0,231227.0,2101136.0,1601000.0
2025-11-12,스포츠,0.0,1572818.0,0.0,499364.0,3321764.0,958182.0
2025-11-12,아웃도어,0.0,473000.0,0.0,0.0,2059455.0,0.0
2025-11-12,여성,9812727.0,917909.0,-204545.0,19718136.0,6878800.0,711364.0
2025-11-12,잡화,2806455.0,30364.0,4998591.0,8141082.0,4696027.0,5302591.0
2025-11-12,키즈,0.0,628636.0,0.0,0.0,1166591.0,0.0
2025-11-13,골프,194673.0,1343155.0,351227.0,7442527.0,4403436.0,2492018.0
2025-11-13,남성,9209182.0,1090882.0,14269518.0,24546364.0,6112691.0,48642509.0
2025-11-13,리빙,0.0,621455.0,0.0,0.0,3358364.0,0.0
2025-11-13,명품,0.0,3193273.0,0.0,0.0,17419727.0,0.0
2025-11-13,뷰티,0.0,651500.0,174455.0,0.0,1012564.0,52727.0
2025-11-13,슈즈,233455.0,0.0,-117273.0,1356545.0,-93909.0,-217273.0
2025-11-13,스포츠,238364.0,1001727.0,99000.0,666727.0,700227.0,-127273.0
2025-11-13,아웃도어,0.0,553727.0,0.0,0.0,2403636.0,0.0
2025-11-13,여성,6095727.0,816355.0,3264818.0,4463409.0,4322164.0,9861182.0
2025-11-13,잡화,1908455.0,39545.0,4596691.0,6011800.0,367209.0,4748909.0
2025-11-13,키즈,0.0,389182.0,0.0,0.0,1960164.0,0.0
2025-11-14,골프,1249909.0,1781709.0,357545.0,5325991.0,5693318.0,1949273.0
2025-11-14,남성,8206964.0,1243673.0,9363836.0,15397864.0,4348909.0,21746509.0
2025-11-14,리빙,0.0,561855.0,0.0,0.0,3074455.0,0.0
2025-11-14,명품,0.0,3996364.0,0.0,0.0,10723818.0,0.0
2025-11-14,뷰티,0.0,1129700.0,0.0,0.0,1456982.0,47273.0
2025-11-14,슈즈,99545.0,253273.0,249091.0,672909.0,-204182.0,-100909.0
2025-11-14,스포츠,280091.0,3519545.0,483636.0,1721455.0,3063673.0,99091.0
2025-11-14,아웃도어,0.0,762000.0,0.0,0.0,648091.0,0.0
2025-11-14,여성,-1386091.0,550527.0,1505727.0,23520182.0,4742509.0,-655818.0
2025-11-14,잡화,2215573.0,124300.0,3808545.0,4617091.0,597200.0,5708955.0
2025-11-14,키즈,0.0,231391.0,0.0,0.0,1187091.0,0.0
2025-11-15,골프,3213955.0,1276645.0,0.0,9541473.0,6743891.0,2207291.0
2025-11-15,남성,12790518.0,647836.0,3371491.0,38979982.0,6074400.0,14194464.0
2025-11-15,리빙,0.0,885545.0,0.0,0.0,3714782.0,0.0
2025-11-15,명품,0.0,383636.0,0.0,0.0,14030273.0,0.0
2025-11-15,뷰티,0.0,863364.0,78182.0,0.0,1580809.0,65455.0
2025-11-15,슈즈,-46909.0,316909.0,270909.0,1203818.0,1390182.0,259182.0
2025-11-15,스포츠,221091.0,785682.0,243636.0,1346273.0,3868873.0,434545.0
2025-11-15,아웃도어,0.0,348000.0,0.0,0.0,2982418.0,0.0
2025-11-15,여성,11356273.0,598818.0,1702000.0,37414864.0,8240391.0,6950818.0
2025-11-15,잡화,1344127.0,194873.0,3364455.0,7369400.0,3379927.0,5720027.0
2025-11-15,키즈,0.0,452273.0,0.0,0.0,4268309.0,0.0
2025-11-16,골프,2794545.0,1637127.0,629455.0,14862418.0,6663609.0,4056373.0
2025-11-16,남성,11699045.0,1556164.0,8711300.0,44491791.0,7164427.0,24294382.0
2025-11-16,리빙,0.0,737818.0,0.0,0.0,3965418.0,0.0
2025-11-16,명품,0.0,2030182.0,0.0,0.0,25561218.0,0.0
2025-11-16,뷰티,0.0,1198836.0,19091.0,0.0,984355.0,144818.0
2025-11-16,슈즈,273864.0,0.0,334727.0,2620318.0,1581773.0,180000.0
2025-11-16,스포츠,603727.0,486100.0,0.0,610455.0,2985573.0,0.0
2025-11-16,아웃도어,0.0,419545.0,0.0,0.0,6879182.0,0.0
2025-11-16,여성,6946636.0,619055.0,6716091.0,60948318.0,5775064.0,20665182.0
2025-11-16,잡화,2540800.0,0.0,5797845.0,7568627.0,7820182.0,8440682.0
2025-11-16,키즈,0.0,343909.0,0.0,0.0,5863373.0,0.0
2025-11-17,골프,2003409.0,1479336.0,572045.0,7551200.0,4176909.0,3982773.0
2025-11-17,남성,16194564.0,1539745.0,3948909.0,30837909.0,4517118.0,12480609.0
2025-11-17,리빙,0.0,941418.0,0.0,0.0,2385273.0,0.0
2025-11-17,명품,0.0,-136818.0,0.0,0.0,-8706091.0,0.0
2025-11-17,뷰티,0.0,728727.0,140909.0,0.0,2069255.0,47273.0
2025-11-17,슈즈,933455.0,0.0,-126364.0,4210136.0,1007091.0,236909.0
2025-11-17,스포츠,566091.0,531591.0,0.0,374364.0,837573.0,176364.0
2025-11-17,아웃도어,0.0,566909.0,0.0,0.0,1785182.0,0.0
2025-11-17,여성,5920318.0,-412527.0,1973273.0,20587500.0,-79373.0,-1013364.0
2025-11-17,잡화,2567055.0,152773.0,5854245.0,7839982.0,863536.0,4289982.0
2025-11-17,키즈,0.0,410836.0,0.0,0.0,5826900.0,0.0
2025-11-18,골프,1655536.0,-51709.0,694500.0,6229564.0,5896127.0,3299164.0
2025-11-18,남성,2134791.0,763164.0,3319545.0,27552864.0,4375164.0,13777827.0
2025-11-18,리빙,0.0,242433.0,0.0,0.0,2659309.0,0.0
2025-11-18,명품,0.0,2280000.0,0.0,0.0,6040818.0,0.0
2025-11-18,뷰티,0.0,586545.0,0.0,0.0,932691.0,75000.0
2025-11-18,슈즈,371909.0,309091.0,-54545.0,2390545.0,1320091.0,1024455.0
2025-11-18,스포츠,50000.0,970864.0,0.0,779909.0,2392591.0,144545.0
2025-11-18,아웃도어,0.0,872136.0,0.0,0.0,1652364.0,0.0
2025-11-18,여성,832727.0,897109.0,1781091.0,21311636.0,-4696955.0,9302182.0
2025-11-18,잡화,1236127.0,-1840145.0,4995073.0,8142345.0,2784173.0,7531500.0
2025-11-18,키즈,0.0,1093409.0,0.0,0.0,7100461.0,0.0
2025-11-19,골프,1623227.0,784273.0,153773.0,8358464.0,2692345.0,1785391.0
2025-11-19,남성,2056391.0,182436.0,3457609.0,11881227.0,-1145564.0,6438736.0
2025-11-19,리빙,0.0,409909.0,0.0,0.0,1334809.0,0.0
2025-11-19,명품,0.0,-1034545.0,0.0,0.0,10700364.0,0.0
2025-11-19,뷰티,0.0,274636.0,78182.0,0.0,1578527.0,26364.0
2025-11-19,슈즈,494636.0,179000.0,424545.0,1062909.0,1265727.0,196909.0
2025-11-19,스포츠,-23455.0,374000.0,144545.0,394636.0,1957836.0,290000.0
2025-11-19,아웃도어,0.0,13545.0,0.0,0.0,2666864.0,0.0
2025-11-19,여성,1157636.0,802709.0,4001091.0,16518455.0,-214500.0,13138000.0
2025-11-19,잡화,1383891.0,257773.0,5301864.0,6510009.0,1511664.0,8498027.0
2025-11-19,키즈,0.0,334909.0,0.0,0.0,4140409.0,0.0
2025-11-20,골프,140155.0,1872264.0,301455.0,5877609.0,2406827.0,2764936.0
2025-11-20,남성,9992809.0,2330400.0,2913109.0,13671591.0,4870309.0,11399764.0
2025-11-20,리빙,0.0,706182.0,0.0,0.0,2465373.0,0.0
2025-11-20,명품,0.0,758091.0,0.0,0.0,2339364.0,0.0
2025-11-20,뷰티,0.0,417909.0,78182.0,0.0,511600.0,140455.0
2025-11-20,슈즈,459636.0,0.0,198182.0,-244955.0,787936.0,450364.0
2025-11-20,스포츠,512909.0,162864.0,0.0,-40636.0,912855.0,53636.0
2025-11-20,아웃도어,0.0,439364.0,0.0,0.0,906173.0,0.0
2025-11-20,여성,2322500.0,-706245.0,2164909.0,15704773.0,228218.0,8056182.0
2025-11-20,잡화,2464436.0,71818.0,3728855.0,5417882.0,10813764.0,7135745.0
2025-11-20,키즈,0.0,-34000.0,0.0,0.0,3132373.0,0.0
2025-11-21,골프,-696455.0,297827.0,1352727.0,2676027.0,1228882.0,2833645.0
2025-11-21,남성,9709827.0,853373.0,5667045.0,23745982.0,3112727.0,12821773.0
2025-11-21,리빙,0.0,1295909.0,0.0,0.0,2265755.0,0.0
2025-11-21,명품,0.0,2243818.0,0.0,0.0,15366636.0,0.0
2025-11-21,뷰티,0.0,570755.0,80000.0,0.0,924382.0,144909.0
2025-11-21,슈즈,108318.0,359273.0,603091.0,-47091.0,1149055.0,-90727.0
2025-11-21,스포츠,-248727.0,436155.0,171818.0,599909.0,1268645.0,0.0
2025-11-21,아웃도어,0.0,1789000.0,0.0,0.0,2592527.0,0.0
2025-11-21,여성,2678364.0,119018.0,1554591.0,4994318.0,2952382.0,-488182.0
2025-11-21,잡화,2196064.0,1470227.0,3691845.0,6343473.0,3460709.0,2104727.0
2025-11-21,키즈,0.0,287500.0,0.0,0.0,2496500.0,0.0
2025-11-22,골프,293364.0,1585818.0,-25273.0,2394709.0,3635618.0,2288291.0
2025-11-22,남성,10906209.0,1808900.0,6068036.0,31724991.0,11859145.0,21426836.0
2025-11-22,리빙,0.0,591255.0,0.0,0.0,3049982.0,0.0
2025-11-22,명품,0.0,5839364.0,0.0,0.0,12037018.0,0.0
2025-11-22,뷰티,0.0,519382.0,45455.0,0.0,1006764.0,0.0
2025-11-22,슈즈,1221545.0,523000.0,1013636.0,247909.0,1335636.0,1533091.0
2025-11-22,스포츠,690873.0,1127091.0,36182.0,498182.0,6364800.0,289091.0
2025-11-22,아웃도어,0.0,621273.0,0.0,0.0,1680155.0,0.0
2025-11-22,여성,7564364.0,1036073.0,4688273.0,30381364.0,-120055.0,21137682.0
2025-11-22,잡화,2430782.0,118018.0,4546618.0,5542364.0,9775582.0,4167891.0
2025-11-22,키즈,0.0,357091.0,0.0,0.0,4136373.0,0.0
2025-11-23,골프,1878636.0,1998755.0,59818.0,7141736.0,5646700.0,2499145.0
2025-11-23,남성,15511382.0,1009045.0,9216764.0,64448491.0,17899573.0,32336864.0
2025-11-23,리빙,0.0,252000.0,0.0,0.0,9564200.0,0.0
2025-11-23,명품,0.0,3794545.0,0.0,0.0,10947364.0,0.0
2025-11-23,뷰티,0.0,507627.0,10000.0,0.0,838255.0,77727.0
2025-11-23,슈즈,402364.0,259000.0,1029091.0,2043909.0,1591636.0,404000.0
2025-11-23,스포츠,1060909.0,867791.0,153636.0,1741545.0,8630009.0,541818.0
2025-11-23,아웃도어,0.0,445091.0,0.0,0.0,2352818.0,0.0
2025-11-23,여성,11415455.0,1052109.0,5543273.0,54991545.0,8147155.0,29405864.0
2025-11-23,잡화,4155273.0,817227.0,3957909.0,9866273.0,1866545.0,6706164.0
2025-11-23,키즈,0.0,918818.0,0.0,0.0,4686991.0,0.0
2025-11-24,골프,1431045.0,1966709.0,29091.0,4248445.0,3722618.0,2263855.0
2025-11-24,남성,9113782.0,-6209.0,7055391.0,35402945.0,7111891.0,23555664.0
2025-11-24,리빙,0.0,313727.0,0.0,0.0,1827418.0,0.0
2025-11-24,명품,0.0,975545.0,0.0,0.0,4570909.0,0.0
2025-11-24,뷰티,0.0,606273.0,37182.0,0.0,1710164.0,20000.0
2025-11-24,슈즈,621455.0,471782.0,469091.0,917636.0,311618.0,112182.0
2025-11-24,스포츠,423727.0,57736.0,80909.0,1206209.0,2967309.0,559091.0
2025-11-24,아웃도어,0.0,-120818.0,0.0,0.0,-2449909.0,0.0
2025-11-24,여성,5546091.0,139473.0,4375500.0,15667545.0,3041900.0,4311227.0
2025-11-24,잡화,2895800.0,199927.0,3497400.0,7424255.0,6035418.0,6330782.0
2025-11-24,키즈,0.0,639664.0,0.0,0.0,2802373.0,0.0
2025-11-25,골프,2947982.0,779791.0,852909.0,5542427.0,2527791.0,3068473.0
2025-11-25,남성,1969945.0,450736.0,7021527.0,14835073.0,1868264.0,15125873.0
2025-11-25,리빙,0.0,1174727.0,0.0,0.0,2422827.0,0.0
2025-11-25,명품,0.0,-1321364.0,0.0,0.0,6925455.0,0.0
2025-11-25,뷰티,0.0,680545.0,0.0,0.0,1293455.0,147182.0
2025-11-25,슈즈,316545.0,881382.0,1055636.0,380545.0,910500.0,935318.0
2025-11-25,스포츠,452364.0,179327.0,153636.0,2193300.0,3574782.0,-9091.0
2025-11-25,아웃도어,0.0,819727.0,0.0,0.0,4403136.0,0.0
2025-11-25,여성,5879182.0,-147309.0,7656500.0,22422045.0,5831164.0,21348091.0
2025-11-25,잡화,3548764.0,1392736.0,6332382.0,10317773.0,10177018.0,7052364.0
2025-11-25,키즈,0.0,1136273.0,0.0,0.0,7487209.0,0.0
2025-11-26,골프,1384182.0,1061309.0,347364.0,4080773.0,2879914.0,2338255.0
2025-11-26,남성,7185782.0,1191282.0,3639082.0,22718518.0,2803036.0,14159418.0
2025-11-26,리빙,0.0,518909.0,0.0,0.0,2563291.0,0.0
2025-11-26,명품,0.0,2606273.0,0.0,0.0,15399455.0,0.0
2025-11-26,뷰티,0.0,402364.0,178182.0,0.0,1283573.0,181364.0
2025-11-26,슈즈,506091.0,164273.0,1474909.0,1923182.0,46727.0,960000.0
2025-11-26,스포츠,324000.0,208436.0,90000.0,1261091.0,4110927.0,343636.0
2025-11-26,아웃도어,0.0,-491182.0,0.0,0.0,-449700.0,0.0
2025-11-26,여성,8830545.0,65882.0,3470500.0,14654636.0,4119273.0,7680136.0
2025-11-26,잡화,3033945.0,3413355.0,6320927.0,7872909.0,1195955.0,7533218.0
2025-11-26,키즈,0.0,264818.0,0.0,0.0,2665164.0,0.0
2025-11-27,골프,5069455.0,874773.0,1977600.0,5319355.0,2313264.0,4104273.0
2025-11-27,남성,17258909.0,761145.0,8023082.0,25019664.0,5592891.0,20766936.0
2025-11-27,리빙,0.0,931364.0,0.0,0.0,4069400.0,0.0
2025-11-27,명품,0.0,2680636.0,0.0,0.0,18659364.0,0.0
2025-11-27,뷰티,0.0,1236164.0,25000.0,0.0,514782.0,60000.0
2025-11-27,슈즈,588636.0,0.0,487273.0,2007455.0,637636.0,788364.0
2025-11-27,스포츠,242636.0,494891.0,62727.0,1138545.0,3138091.0,-100000.0
2025-11-27,아웃도어,0.0,-145455.0,0.0,0.0,1260727.0,0.0
2025-11-27,여성,5622455.0,-9136.0,602227.0,21530500.0,11017651.0,16153591.0
2025-11-27,잡화,2682500.0,376873.0,5921382.0,6688327.0,8308936.0,11149000.0
2025-11-27,키즈,0.0,1118773.0,0.0,0.0,3292991.0,0.0
2025-11-28,골프,1462100.0,1167818.0,744600.0,7193782.0,116591.0,-837800.0
2025-11-28,남성,3443518.0,1051509.0,1395700.0,21344455.0,-4377209.0,7748409.0
2025-11-28,리빙,0.0,975818.0,0.0,0.0,1013764.0,0.0
2025-11-28,명품,0.0,4594909.0,0.0,0.0,7927636.0,0.0
2025-11-28,뷰티,0.0,507545.0,303182.0,0.0,383055.0,270000.0
2025-11-28,슈즈,-136818.0,203818.0,-194182.0,1011182.0,607591.0,579818.0
2025-11-28,스포츠,270227.0,238091.0,307273.0,1630727.0,1424073.0,325455.0
2025-11-28,아웃도어,0.0,159636.0,0.0,0.0,475455.0,0.0
2025-11-28,여성,2316227.0,-600273.0,-2508318.0,22798909.0,3300945.0,506500.0
2025-11-28,잡화,4564091.0,1249127.0,6352509.0,7246936.0,1422227.0,3553327.0
2025-11-28,키즈,0.0,699591.0,0.0,0.0,5328109.0,0.0
2025-11-29,골프,2484582.0,1201245.0,242509.0,8373936.0,2756345.0,886282.0
2025-11-29,남성,8673527.0,1193400.0,2090982.0,28297745.0,6799136.0,15803564.0
2025-11-29,리빙,0.0,148727.0,0.0,0.0,2463455.0,0.0
2025-11-29,명품,0.0,1700818.0,0.0,0.0,4667600.0,0.0
2025-11-29,뷰티,0.0,431591.0,224091.0,0.0,279473.0,-25000.0
2025-11-29,슈즈,-202500.0,0.0,234545.0,2092773.0,729800.0,654318.0
2025-11-29,스포츠,453591.0,325782.0,0.0,937091.0,1416636.0,0.0
2025-11-29,아웃도어,0.0,129500.0,0.0,0.0,1624064.0,0.0
2025-11-29,여성,7453773.0,282545.0,3398455.0,52512545.0,2598218.0,15888273.0
2025-11-29,잡화,1294145.0,993218.0,4714136.0,5030645.0,1513400.0,6822427.0
2025-11-29,키즈,0.0,1517418.0,0.0,0.0,3709864.0,0.0
2025-11-30,골프,2519427.0,977491.0,541964.0,4234545.0,2076500.0,1453155.0
2025-11-30,남성,11110582.0,550591.0,9753045.0,53899664.0,7520136.0,28547155.0
2025-11-30,리빙,0.0,186273.0,0.0,0.0,2685409.0,0.0
2025-11-30,명품,0.0,991273.0,0.0,0.0,7103455.0,0.0
2025-11-30,뷰티,0.0,699818.0,78182.0,0.0,640809.0,40000.0
2025-11-30,슈즈,172273.0,500182.0,0.0,1266364.0,671164.0,1093864.0
2025-11-30,스포츠,462318.0,389091.0,0.0,1940818.0,1325736.0,0.0
2025-11-30,아웃도어,0.0,950909.0,0.0,0.0,5019591.0,0.0
2025-11-30,여성,15138727.0,240855.0,4065591.0,62584773.0,4522191.0,22937909.0
2025-11-30,잡화,3547891.0,898000.0,5287482.0,6876655.0,1273009.0,5597073.0
2025-11-30,키즈,0.0,1361773.0,0.0,0.0,3341818.0,0.0
2025-12-01,골프,825500.0,565927.0,1083636.0,6626691.0,3473273.0,950745.0
2025-12-01,남성,8086364.0,734573.0,4952791.0,20586909.0,3221418.0,11537782.0
2025-12-01,리빙,0.0,1159818.0,0.0,0.0,4757600.0,0.0
2025-12-01,명품,0.0,1444364.0,0.0,0.0,6330182.0,0.0
2025-12-01,뷰티,0.0,672636.0,125364.0,0.0,1875591.0,123182.0
2025-12-01,슈즈,545273.0,166273.0,-426364.0,-216500.0,1420409.0,491591.0
2025-12-01,스포츠,403273.0,2645.0,68182.0,1656891.0,4682227.0,0.0
2025-12-01,아웃도어,0.0,926364.0,0.0,0.0,2856464.0,0.0
2025-12-01,여성,7315000.0,237764.0,3420909.0,17649773.0,283591.0,8644045.0
2025-12-01,잡화,4538473.0,400045.0,4636364.0,6733809.0,2414527.0,9192573.0
2025-12-01,키즈,0.0,599045.0,0.0,0.0,2511309.0,0.0
2025-12-02,골프,-379227.0,905545.0,-331273.0,4957082.0,1612427.0,2085018.0
2025-12-02,남성,4889036.0,89155.0,4702055.0,26223264.0,4077809.0,2470173.0
2025-12-02,리빙,0.0,397255.0,0.0,0.0,3868873.0,0.0
2025-12-02,명품,0.0,5533182.0,0.0,0.0,4179182.0,0.0
2025-12-02,뷰티,0.0,342636.0,508182.0,0.0,1977664.0,321818.0
2025-12-02,슈즈,124727.0,284000.0,545091.0,652091.0,1112818.0,-436409.0
2025-12-02,스포츠,1010773.0,670000.0,171727.0,1759455.0,-642427.0,0.0
2025-12-02,아웃도어,0.0,454273.0,0.0,0.0,1516682.0,0.0
2025-12-02,여성,1764000.0,-545300.0,2526909.0,5670227.0,-454845.0,6518909.0
2025-12-02,잡화,3363036.0,94909.0,6961273.0,5821927.0,24420000.0,9872509.0
2025-12-02,키즈,0.0,380545.0,0.0,0.0,4667573.0,0.0
2025-12-03,골프,658209.0,669073.0,99818.0,7731809.0,2649027.0,562918.0
2025-12-03,남성,6170200.0,824545.0,3067664.0,27077609.0,2144373.0,18217209.0
2025-12-03,리빙,0.0,541945.0,0.0,0.0,1584564.0,0.0
2025-12-03,명품,0.0,627273.0,0.0,0.0,8547909.0,0.0
2025-12-03,뷰티,0.0,446909.0,0.0,0.0,1554782.0,47182.0
2025-12-03,슈즈,293273.0,-24364.0,598182.0,52364.0,1108909.0,280909.0
2025-12-03,스포츠,107727.0,332809.0,0.0,455091.0,2122073.0,404636.0
2025-12-03,아웃도어,0.0,1329545.0,0.0,0.0,2743909.0,0.0
2025-12-03,여성,-741091.0,320364.0,-2083227.0,18254636.0,389836.0,10872727.0
2025-12-03,잡화,4775745.0,273727.0,3674600.0,5752064.0,1471682.0,9735891.0
2025-12-03,키즈,0.0,1221727.0,0.0,0.0,4638127.0,0.0
2025-12-04,골프,1995864.0,423364.0,392182.0,7732809.0,2963800.0,1131291.0
2025-12-04,남성,4787464.0,-98255.0,3879709.0,34855136.0,462209.0,9960964.0
2025-12-04,리빙,0.0,247164.0,0.0,0.0,1432518.0,0.0
2025-12-04,명품,0.0,1029909.0,0.0,0.0,1496764.0,0.0
2025-12-04,뷰티,0.0,268545.0,45000.0,0.0,672909.0,10000.0
2025-12-04,슈즈,0.0,36091.0,202909.0,810000.0,951873.0,370909.0
2025-12-04,스포츠,646091.0,-13818.0,154636.0,136727.0,35873.0,126455.0
2025-12-04,아웃도어,0.0,790591.0,0.0,0.0,3259818.0,0.0
2025-12-04,여성,7572545.0,263682.0,5153045.0,11329136.0,4178564.0,8074636.0
2025-12-04,잡화,3377691.0,253273.0,4874527.0,8380418.0,3221018.0,9017973.0
2025-12-04,키즈,0.0,1653000.0,0.0,0.0,4374009.0,0.0
2025-12-05,골프,306718.0,412545.0,-111409.0,4447855.0,3009545.0,3120791.0
2025-12-05,남성,9432682.0,904891.0,5416109.0,40778209.0,3572573.0,10629900.0
2025-12-05,리빙,0.0,477682.0,0.0,0.0,1187709.0,0.0
2025-12-05,명품,0.0,23364.0,0.0,0.0,6057818.0,0.0
2025-12-05,뷰티,0.0,297909.0,78182.0,0.0,526545.0,10000.0
2025-12-05,슈즈,-54000.0,252036.0,632727.0,714955.0,1060800.0,307273.0
2025-12-05,스포츠,146045.0,431455.0,299273.0,907682.0,-145873.0,-2545.0
2025-12-05,아웃도어,0.0,471273.0,0.0,0.0,1460682.0,0.0
2025-12-05,여성,7491636.0,546545.0,5752864.0,20785409.0,703582.0,4357864.0
2025-12-05,잡화,2182255.0,1057364.0,5332255.0,10382491.0,1915791.0,8795509.0
2025-12-05,키즈,0.0,692336.0,0.0,0.0,2438164.0,0.0
2025-12-06,골프,718409.0,1486082.0,-65455.0,7931536.0,3880927.0,2997091.0
2025-12-06,남성,9991118.0,987073.0,6215345.0,57772155.0,8576109.0,26917782.0
2025-12-06,리빙,0.0,1242091.0,0.0,0.0,2054600.0,0.0
2025-12-06,명품,0.0,1358091.0,0.0,0.0,16114782.0,0.0
2025-12-06,뷰티,0.0,451727.0,10000.0,0.0,613209.0,79364.0
2025-12-06,슈즈,-126091.0,810818.0,198182.0,133318.0,609182.0,560000.0
2025-12-06,스포츠,1002773.0,237818.0,153636.0,1133818.0,682418.0,80909.0
2025-12-06,아웃도어,0.0,628500.0,0.0,0.0,2386100.0,0.0
2025-12-06,여성,3919909.0,307145.0,20864.0,41160818.0,-2307209.0,8819000.0
2025-12-06,잡화,3710727.0,2044091.0,4830345.0,5544773.0,2708027.0,5139445.0
2025-12-06,키즈,0.0,756182.0,0.0,0.0,5160045.0,0.0
2025-12-07,골프,2664736.0,9545.0,122727.0,9592200.0,3984027.0,4281682.0
2025-12-07,남성,6508955.0,744564.0,2718436.0,70823473.0,8445173.0,23128300.0
2025-12-07,리빙,0.0,325455.0,0.0,0.0,2823227.0,0.0
2025-12-07,명품,0.0,1207182.0,0.0,0.0,13322818.0,0.0
2025-12-07,뷰티,0.0,332909.0,125364.0,0.0,1212455.0,84364.0
2025-12-07,슈즈,214455.0,242091.0,515455.0,1877318.0,1640455.0,1063727.0
2025-12-07,스포츠,574045.0,151000.0,0.0,2274000.0,2071309.0,0.0
2025-12-07,아웃도어,0.0,800727.0,0.0,0.0,3679455.0,0.0
2025-12-07,여성,7205500.0,104818.0,4277727.0,73172909.0,6109109.0,27547909.0
2025-12-07,잡화,4296727.0,1249182.0,5103182.0,9957500.0,1293027.0,10647309.0
2025-12-07,키즈,0.0,414818.0,0.0,0.0,4695540.0,0.0
2025-12-08,골프,883455.0,1304855.0,120273.0,7240218.0,4605118.0,4001918.0
2025-12-08,남성,7248782.0,586155.0,1174373.0,25526145.0,7546655.0,11210173.0
2025-12-08,리빙,0.0,609364.0,0.0,0.0,1874655.0,0.0
2025-12-08,명품,0.0,1958273.0,0.0,0.0,3765364.0,0.0
2025-12-08,뷰티,0.0,856636.0,30000.0,0.0,1196400.0,66545.0
2025-12-08,슈즈,-416636.0,108455.0,53636.0,-91364.0,758000.0,72727.0
2025-12-08,스포츠,390136.0,-32818.0,236455.0,1821773.0,387909.0,0.0
2025-12-08,아웃도어,0.0,409273.0,0.0,0.0,1485045.0,0.0
2025-12-08,여성,6733500.0,815891.0,-1589364.0,25184091.0,3293209.0,11652818.0
2025-12-08,잡화,3699573.0,345709.0,4767255.0,9507136.0,1333391.0,9918373.0
2025-12-08,키즈,0.0,-429836.0,0.0,0.0,2409495.0,0.0
2025-12-09,골프,1540036.0,907764.0,925382.0,5268282.0,1687136.0,261482.0
2025-12-09,남성,2099691.0,651800.0,1284164.0,22027427.0,5585755.0,15776527.0
2025-12-09,리빙,0.0,1095564.0,0.0,0.0,1681273.0,0.0
2025-12-09,명품,0.0,1717273.0,0.0,0.0,6216000.0,0.0
2025-12-09,뷰티,0.0,327545.0,144909.0,0.0,1227782.0,98364.0
2025-12-09,슈즈,297182.0,241636.0,450909.0,587182.0,783209.0,1130000.0
2025-12-09,스포츠,721500.0,205364.0,-226455.0,1830591.0,652091.0,398182.0
2025-12-09,아웃도어,0.0,745909.0,0.0,0.0,1270491.0,0.0
2025-12-09,여성,-701000.0,934336.0,196864.0,17641045.0,1210611.0,9895818.0
2025-12-09,잡화,4477818.0,3660800.0,7595127.0,9677818.0,26292591.0,6376545.0
2025-12-09,키즈,0.0,247000.0,0.0,0.0,540945.0,0.0
2025-12-10,골프,698973.0,183745.0,211445.0,1414345.0,1959373.0,2044782.0
2025-12-10,남성,5146691.0,1246136.0,8140791.0,25452091.0,3659255.0,40532609.0
2025-12-10,리빙,0.0,597091.0,0.0,0.0,4589964.0,0.0
2025-12-10,명품,0.0,1508000.0,0.0,0.0,7235709.0,0.0
2025-12-10,뷰티,0.0,367000.0,92273.0,0.0,605564.0,67000.0
2025-12-10,슈즈,158455.0,0.0,679000.0,1275636.0,1312509.0,-226364.0
2025-12-10,스포츠,402864.0,189455.0,152000.0,1820182.0,1215864.0,0.0
2025-12-10,아웃도어,0.0,-332909.0,0.0,0.0,139000.0,0.0
2025-12-10,여성,4193727.0,314536.0,-322909.0,8904227.0,6496800.0,11400182.0
2025-12-10,잡화,4330236.0,1311727.0,4719109.0,5997800.0,8723591.0,9132773.0
2025-12-10,키즈,0.0,169000.0,0.0,0.0,1504718.0,0.0
2025-12-11,골프,1767227.0,1257318.0,515855.0,3147309.0,4242827.0,1041655.0
2025-12-11,남성,7092455.0,6155.0,10678118.0,22426573.0,4583300.0,26009664.0
2025-12-11,리빙,0.0,377545.0,0.0,0.0,2475227.0,0.0
2025-12-11,명품,0.0,1163455.0,0.0,0.0,10547091.0,0.0
2025-12-11,뷰티,0.0,308545.0,78182.0,0.0,429455.0,-34091.0
2025-12-11,슈즈,-31864.0,0.0,153636.0,680182.0,758518.0,252727.0
2025-12-11,스포츠,683591.0,27455.0,187364.0,984455.0,637555.0,333818.0
2025-12-11,아웃도어,0.0,157145.0,0.0,0.0,3556045.0,0.0
2025-12-11,여성,10033909.0,810509.0,1203182.0,8960955.0,7192400.0,21728727.0
2025-12-11,잡화,4401836.0,3425455.0,5119818.0,9905018.0,14759309.0,6047691.0
2025-12-11,키즈,0.0,416591.0,0.0,0.0,1362018.0,0.0
2025-12-12,골프,350682.0,161773.0,446636.0,4233045.0,1307073.0,2165000.0
2025-12-12,남성,10447873.0,1830636.0,4693900.0,11661891.0,4546955.0,17815836.0
2025-12-12,리빙,0.0,620136.0,0.0,0.0,2692418.0,0.0
2025-12-12,명품,0.0,1597000.0,0.0,0.0,2629000.0,0.0
2025-12-12,뷰티,0.0,416545.0,0.0,0.0,363264.0,65455.0
2025-12-12,슈즈,0.0,0.0,225455.0,1808727.0,1010227.0,78773.0
2025-12-12,스포츠,696664.0,73918.0,117273.0,1730455.0,1745073.0,496364.0
2025-12-12,아웃도어,0.0,411091.0,0.0,0.0,1855545.0,0.0
2025-12-12,여성,2294455.0,866300.0,4597364.0,9741545.0,1533073.0,7965455.0
2025-12-12,잡화,3363800.0,992982.0,3754164.0,6376964.0,5033973.0,2554164.0
2025-12-12,키즈,0.0,-50418.0,0.0,0.0,1146455.0,0.0
2025-12-13,골프,2053545.0,1008191.0,110627.0,8893864.0,1059255.0,1869291.0
2025-12-13,남성,7571345.0,463955.0,3593000.0,36927682.0,8573464.0,23784273.0
2025-12-13,리빙,0.0,215727.0,0.0,0.0,1101809.0,0.0
2025-12-13,명품,0.0,5448182.0,0.0,0.0,18263091.0,0.0
2025-12-13,뷰티,0.0,450455.0,0.0,0.0,586227.0,20000.0
2025-12-13,슈즈,217636.0,0.0,374318.0,840545.0,743727.0,-157955.0
2025-12-13,스포츠,299045.0,317891.0,144545.0,1823182.0,1749818.0,99091.0
2025-12-13,아웃도어,0.0,537682.0,0.0,0.0,2615727.0,0.0
2025-12-13,여성,3885182.0,678482.0,3892727.0,23263727.0,7564273.0,8990000.0
2025-12-13,잡화,2368036.0,1097273.0,1756436.0,8350864.0,2636891.0,4969855.0
2025-12-13,키즈,0.0,202000.0,0.0,0.0,3875401.0,0.0
2025-12-14,골프,2676727.0,2220027.0,155455.0,8834818.0,3720227.0,2083409.0
2025-12-14,남성,9590909.0,1843118.0,6745773.0,59614591.0,7620773.0,42871900.0
2025-12-14,리빙,0.0,704636.0,0.0,0.0,2564836.0,0.0
2025-12-14,명품,0.0,1140909.0,0.0,0.0,16902455.0,0.0
2025-12-14,뷰티,0.0,683018.0,50000.0,0.0,1277800.0,35000.0
2025-12-14,슈즈,141273.0,108455.0,225455.0,1151909.0,1286909.0,665545.0
2025-12-14,스포츠,781773.0,302545.0,0.0,1442500.0,1103464.0,0.0
2025-12-14,아웃도어,0.0,882000.0,0.0,0.0,2146873.0,0.0
2025-12-14,여성,6717000.0,1012555.0,3429000.0,70464455.0,9910782.0,30031273.0
2025-12-14,잡화,4146891.0,1942000.0,4301509.0,12194500.0,31234418.0,11226182.0
2025-12-14,키즈,0.0,604455.0,0.0,0.0,3539864.0,0.0
2025-12-15,골프,1288545.0,672636.0,35636.0,9800582.0,948409.0,751627.0
2025-12-15,남성,4626918.0,1927982.0,7769945.0,31960891.0,5049982.0,19777809.0
2025-12-15,리빙,0.0,1036364.0,0.0,0.0,1320527.0,0.0
2025-12-15,명품,0.0,1265455.0,0.0,0.0,-112618.0,0.0
2025-12-15,뷰티,0.0,449336.0,78182.0,0.0,1528536.0,34091.0
2025-12-15,슈즈,666909.0,253455.0,293727.0,282591.0,-47282.0,180909.0
2025-12-15,스포츠,609955.0,201009.0,0.0,1050273.0,478682.0,217273.0
2025-12-15,아웃도어,0.0,1095364.0,0.0,0.0,2871473.0,0.0
2025-12-15,여성,5104727.0,-414782.0,1978636.0,17701091.0,1952064.0,8804409.0
2025-12-15,잡화,4388209.0,1086818.0,6964582.0,11112600.0,23154391.0,7457445.0
2025-12-15,키즈,0.0,208909.0,0.0,0.0,2766864.0,0.0
2025-12-16,골프,391500.0,556727.0,364727.0,2210173.0,1821673.0,1201073.0
2025-12-16,남성,9066000.0,1495027.0,3126827.0,25042600.0,2156945.0,5054482.0
2025-12-16,리빙,0.0,983182.0,0.0,0.0,1257773.0,0.0
2025-12-16,명품,0.0,480182.0,0.0,0.0,-1798018.0,0.0
2025-12-16,뷰티,0.0,204545.0,24545.0,0.0,175727.0,72727.0
2025-12-16,슈즈,450545.0,317545.0,189091.0,-326455.0,588682.0,479091.0
2025-12-16,스포츠,277136.0,972636.0,153636.0,-31682.0,481145.0,144545.0
2025-12-16,아웃도어,0.0,832909.0,0.0,0.0,2096727.0,0.0
2025-12-16,여성,-702545.0,544055.0,2670273.0,10088318.0,948873.0,15403727.0
2025-12-16,잡화,2049764.0,50591.0,11170200.0,6353827.0,3461091.0,7417973.0
2025-12-16,키즈,0.0,361609.0,0.0,0.0,1824182.0,0.0
2025-12-17,골프,1537545.0,975573.0,638636.0,2341682.0,1631955.0,1081955.0
2025-12-17,남성,4062273.0,1085327.0,8265736.0,11073927.0,7428455.0,10745955.0
2025-12-17,리빙,0.0,353545.0,0.0,0.0,922973.0,0.0
2025-12-17,명품,0.0,3042909.0,0.0,0.0,6171545.0,0.0
2025-12-17,뷰티,0.0,289909.0,192909.0,0.0,442427.0,254773.0
2025-12-17,슈즈,344455.0,148491.0,0.0,712818.0,-176091.0,252727.0
2025-12-17,스포츠,467500.0,62273.0,599091.0,302045.0,191318.0,0.0
2025-12-17,아웃도어,0.0,715818.0,0.0,0.0,339909.0,0.0
2025-12-17,여성,2180455.0,353291.0,3453182.0,14801818.0,2233536.0,16715682.0
2025-12-17,잡화,3809482.0,346445.0,7947636.0,8888300.0,6105500.0,7006018.0
2025-12-17,키즈,0.0,450373.0,0.0,0.0,1381355.0,0.0
2025-12-18,골프,1321136.0,291218.0,555518.0,62364.0,1542773.0,1445200.0
2025-12-18,남성,3676336.0,1050173.0,8860736.0,22354655.0,11291.0,26053036.0
2025-12-18,리빙,0.0,-142545.0,0.0,0.0,1130727.0,0.0
2025-12-18,명품,0.0,1949091.0,0.0,0.0,8057364.0,0.0
2025-12-18,뷰티,0.0,546727.0,78182.0,0.0,536018.0,-25318.0
2025-12-18,슈즈,466364.0,361109.0,261818.0,681455.0,817636.0,198182.0
2025-12-18,스포츠,124818.0,246773.0,370000.0,606409.0,306909.0,651818.0
2025-12-18,아웃도어,0.0,164909.0,0.0,0.0,971818.0,0.0
2025-12-18,여성,-840000.0,572745.0,5305091.0,13240455.0,3304282.0,17647091.0
2025-12-18,잡화,4205691.0,2000000.0,6645409.0,7417873.0,4629736.0,10362582.0
2025-12-18,키즈,0.0,927309.0,0.0,0.0,1324327.0,0.0
2025-12-19,골프,1215227.0,322927.0,56091.0,6044255.0,2260764.0,2990191.0
2025-12-19,남성,13098273.0,124464.0,4506436.0,30489555.0,2862000.0,5868700.0
2025-12-19,리빙,0.0,-4455.0,0.0,0.0,2703727.0,0.0
2025-12-19,명품,0.0,550364.0,0.0,0.0,7106800.0,0.0
2025-12-19,뷰티,0.0,326636.0,62727.0,0.0,516773.0,89091.0
2025-12-19,슈즈,217636.0,0.0,872955.0,-807318.0,436555.0,991000.0
2025-12-19,스포츠,100227.0,290455.0,0.0,1519455.0,-236136.0,217273.0
2025-12-19,아웃도어,0.0,361091.0,0.0,0.0,-180455.0,0.0
2025-12-19,여성,-1136636.0,357709.0,1523909.0,16558455.0,182064.0,7443000.0
2025-12-19,잡화,3549309.0,1303364.0,7538109.0,7171773.0,13091409.0,9218318.0
2025-12-19,키즈,0.0,1766436.0,0.0,0.0,3813918.0,0.0
2025-12-20,골프,3595364.0,1609236.0,998727.0,3634364.0,3588964.0,134236.0
2025-12-20,남성,7225645.0,943018.0,5531018.0,19805682.0,1392518.0,25600709.0
2025-12-20,리빙,0.0,708227.0,0.0,0.0,1119909.0,0.0
2025-12-20,명품,0.0,1211818.0,0.0,0.0,6901091.0,0.0
2025-12-20,뷰티,0.0,215818.0,10000.0,0.0,440909.0,65455.0
2025-12-20,슈즈,463273.0,415091.0,799500.0,163091.0,1597655.0,432000.0
2025-12-20,스포츠,119455.0,294182.0,189091.0,422455.0,1084236.0,-217273.0
2025-12-20,아웃도어,0.0,405455.0,0.0,0.0,1391564.0,0.0
2025-12-20,여성,7741273.0,689909.0,3493636.0,22296773.0,2446627.0,13517182.0
2025-12-20,잡화,3448236.0,1412364.0,7143891.0,7452518.0,3163000.0,7538255.0
2025-12-20,키즈,0.0,524427.0,0.0,0.0,4079609.0,0.0
2025-12-21,골프,3902091.0,52727.0,297545.0,5992536.0,6138255.0,1420109.0
2025-12-21,남성,9741182.0,1448364.0,7204591.0,51770145.0,4951709.0,30155991.0
2025-12-21,리빙,0.0,356273.0,0.0,0.0,1919936.0,0.0
2025-12-21,명품,0.0,2141636.0,0.0,0.0,10279982.0,0.0
2025-12-21,뷰티,0.0,476000.0,212727.0,0.0,867755.0,16364.0
2025-12-21,슈즈,0.0,177182.0,198182.0,1111545.0,917009.0,765545.0
2025-12-21,스포츠,801273.0,204545.0,0.0,1114136.0,2989773.0,80909.0
2025-12-21,아웃도어,0.0,381364.0,0.0,0.0,2841545.0,0.0
2025-12-21,여성,5359273.0,261945.0,5667364.0,54705545.0,2772336.0,32337273.0
2025-12-21,잡화,3878909.0,788000.0,6910945.0,8791445.0,2289745.0,9995464.0
2025-12-21,키즈,0.0,282364.0,0.0,0.0,3152827.0,0.0
2025-12-22,골프,3174682.0,286618.0,1425773.0,9345018.0,2193864.0,1710055.0
2025-12-22,남성,14597455.0,793300.0,10579000.0,23041809.0,3234145.0,34722518.0
2025-12-22,리빙,0.0,868364.0,0.0,0.0,660541.0,0.0
2025-12-22,명품,0.0,174545.0,0.0,0.0,14830936.0,0.0
2025-12-22,뷰티,0.0,642455.0,180000.0,0.0,1298291.0,0.0
2025-12-22,슈즈,-320818.0,-90909.0,460909.0,838500.0,1098273.0,828545.0
2025-12-22,스포츠,589500.0,684273.0,0.0,1712618.0,996909.0,334727.0
2025-12-22,아웃도어,0.0,174636.0,0.0,0.0,1124273.0,0.0
2025-12-22,여성,-1435727.0,359055.0,6486273.0,15194727.0,7563109.0,16833955.0
2025-12-22,잡화,4286300.0,937636.0,9698964.0,9918145.0,26312245.0,10132836.0
2025-12-22,키즈,0.0,712955.0,0.0,0.0,520036.0,0.0
2025-12-23,골프,1741227.0,396709.0,113000.0,4103327.0,979882.0,33036.0
2025-12-23,남성,-4505545.0,704364.0,6437609.0,9477364.0,-920455.0,15157300.0
2025-12-23,리빙,0.0,-11182.0,0.0,0.0,1083336.0,0.0
2025-12-23,명품,0.0,801455.0,0.0,0.0,16971164.0,0.0
2025-12-23,뷰티,0.0,427909.0,138182.0,0.0,89364.0,94636.0
2025-12-23,슈즈,151818.0,0.0,-210045.0,995909.0,-53873.0,853818.0
2025-12-23,스포츠,620000.0,98818.0,0.0,1005273.0,591136.0,0.0
2025-12-23,아웃도어,0.0,634045.0,0.0,0.0,1546227.0,0.0
2025-12-23,여성,3380455.0,-23291.0,4181455.0,-9209045.0,-170518.0,7012545.0
2025-12-23,잡화,2945018.0,160636.0,7507782.0,4457782.0,9814391.0,8759536.0
2025-12-23,키즈,0.0,465191.0,0.0,0.0,731891.0,0.0
2025-12-24,골프,928591.0,1010636.0,80000.0,-135636.0,3921618.0,-196318.0
2025-12-24,남성,5629882.0,485691.0,8677818.0,11426373.0,262909.0,11677855.0
2025-12-24,리빙,0.0,359127.0,0.0,0.0,2217273.0,0.0
2025-12-24,명품,0.0,-1725182.0,0.0,0.0,31473.0,0.0
2025-12-24,뷰티,0.0,253000.0,0.0,0.0,492664.0,10000.0
2025-12-24,슈즈,139500.0,451909.0,216364.0,435409.0,-348391.0,301455.0
2025-12-24,스포츠,619273.0,94636.0,54545.0,216682.0,572818.0,80909.0
2025-12-24,아웃도어,0.0,-160545.0,0.0,0.0,-97891.0,0.0
2025-12-24,여성,2344636.0,238982.0,6064909.0,5547091.0,-171718.0,11816955.0
2025-12-24,잡화,3998236.0,2841682.0,3542145.0,6531545.0,4074600.0,5259636.0
2025-12-24,키즈,0.0,32591.0,0.0,0.0,-9045.0,0.0
2025-12-25,골프,2206727.0,1458245.0,94545.0,7750455.0,5022645.0,790364.0
2025-12-25,남성,9347500.0,915545.0,9734955.0,46140473.0,4408909.0,21665636.0
2025-12-25,리빙,0.0,66636.0,0.0,0.0,1895000.0,0.0
2025-12-25,명품,0.0,1567800.0,0.0,0.0,12577364.0,0.0
2025-12-25,뷰티,0.0,314182.0,156364.0,0.0,977536.0,0.0
2025-12-25,슈즈,88455.0,95091.0,217273.0,954636.0,416300.0,681591.0
2025-12-25,스포츠,320300.0,754545.0,406364.0,1085818.0,501909.0,225455.0
2025-12-25,아웃도어,0.0,294455.0,0.0,0.0,2763727.0,0.0
2025-12-25,여성,10029182.0,374236.0,1668636.0,48530227.0,7421755.0,26082909.0
2025-12-25,잡화,2678982.0,126782.0,4725945.0,9697527.0,2787309.0,4664382.0
2025-12-25,키즈,0.0,73364.0,0.0,0.0,6092300.0,0.0
2025-12-26,골프,1152500.0,1490727.0,336682.0,2820055.0,3381300.0,491918.0
2025-12-26,남성,-295091.0,8091.0,6975373.0,23614773.0,5258345.0,8346255.0
2025-12-26,리빙,0.0,234091.0,0.0,0.0,2317909.0,0.0
2025-12-26,명품,0.0,1458618.0,0.0,0.0,7663091.0,0.0
2025-12-26,뷰티,0.0,670636.0,0.0,0.0,749545.0,0.0
2025-12-26,슈즈,282545.0,187182.0,153636.0,573273.0,783091.0,636500.0
2025-12-26,스포츠,376182.0,-116636.0,0.0,1765818.0,2283591.0,615455.0
2025-12-26,아웃도어,0.0,152700.0,0.0,0.0,3273273.0,0.0
2025-12-26,여성,1596909.0,-141400.0,1196909.0,13297909.0,6034245.0,-3969455.0
2025-12-26,잡화,6059582.0,617091.0,5206364.0,5358536.0,174191.0,4959136.0
2025-12-26,키즈,0.0,786500.0,0.0,0.0,1658000.0,0.0
2025-12-27,골프,521818.0,402455.0,203045.0,3836173.0,4389900.0,172918.0
2025-12-27,남성,8088600.0,462500.0,2943982.0,22964755.0,3016100.0,15656064.0
2025-12-27,리빙,0.0,313545.0,0.0,0.0,1804245.0,0.0
2025-12-27,명품,0.0,3463727.0,0.0,0.0,20630273.0,0.0
2025-12-27,뷰티,0.0,274273.0,0.0,0.0,701336.0,0.0
2025-12-27,슈즈,762864.0,-117273.0,0.0,896636.0,1356727.0,135455.0
2025-12-27,스포츠,952318.0,109682.0,153636.0,1139727.0,1168000.0,80909.0
2025-12-27,아웃도어,0.0,562000.0,0.0,0.0,3635191.0,0.0
2025-12-27,여성,4989364.0,123455.0,3565727.0,33753091.0,5791673.0,12139864.0
2025-12-27,잡화,3035800.0,313727.0,5079491.0,8817882.0,1159909.0,5447964.0
2025-12-27,키즈,0.0,-24773.0,0.0,0.0,3606745.0,0.0
2025-12-28,골프,1447545.0,315436.0,56455.0,10643900.0,4970264.0,2100100.0
2025-12-28,남성,8327536.0,1294455.0,8960855.0,44399345.0,5266409.0,31202400.0
2025-12-28,리빙,0.0,1388273.0,0.0,0.0,2284036.0,0.0
2025-12-28,명품,0.0,3041000.0,0.0,0.0,11391164.0,0.0
2025-12-28,뷰티,0.0,231545.0,62727.0,0.0,1198491.0,0.0
2025-12-28,슈즈,0.0,43909.0,886364.0,390591.0,611782.0,317545.0
2025-12-28,스포츠,1083091.0,215045.0,425455.0,1363345.0,2203845.0,161818.0
2025-12-28,아웃도어,0.0,1587182.0,0.0,0.0,2766718.0,0.0
2025-12-28,여성,4312818.0,753427.0,2379182.0,60672636.0,5887064.0,27973091.0
2025-12-28,잡화,5899900.0,942909.0,7377255.0,9926900.0,3952391.0,8991582.0
2025-12-28,키즈,0.0,479100.0,0.0,0.0,4511482.0,0.0
2025-12-29,골프,2696591.0,707118.0,525727.0,7013155.0,-1352955.0,2972127.0
2025-12-29,남성,4471391.0,290091.0,2959482.0,20151618.0,5012491.0,9971109.0
2025-12-29,리빙,0.0,286727.0,0.0,0.0,671386.0,0.0
2025-12-29,명품,0.0,2507182.0,0.0,0.0,7089709.0,0.0
2025-12-29,뷰티,0.0,421364.0,19091.0,0.0,309527.0,115364.0
2025-12-29,슈즈,705909.0,-116273.0,0.0,239591.0,1217836.0,492318.0
2025-12-29,스포츠,838955.0,135273.0,696727.0,1250045.0,970109.0,1032182.0
2025-12-29,아웃도어,0.0,585727.0,0.0,0.0,2970136.0,0.0
2025-12-29,여성,6183727.0,189773.0,-3431818.0,13992500.0,1421282.0,4836136.0
2025-12-29,잡화,2303400.0,446000.0,4147000.0,7388445.0,841455.0,7959127.0
2025-12-29,키즈,0.0,96136.0,0.0,0.0,3765391.0,0.0
2025-12-30,골프,487364.0,0.0,0.0,708955.0,1957073.0,1991145.0
2025-12-30,남성,-154018.0,-133364.0,-286800.0,22457664.0,1955809.0,16222627.0
2025-12-30,리빙,0.0,36273.0,0.0,0.0,1104409.0,0.0
2025-12-30,명품,0.0,-440909.0,0.0,0.0,5062182.0,0.0
2025-12-30,뷰티,0.0,36273.0,97273.0,0.0,785382.0,0.0
2025-12-30,슈즈,-440818.0,-49882.0,287455.0,-271818.0,266118.0,-220682.0
2025-12-30,스포츠,-16545.0,88364.0,535455.0,2459636.0,795864.0,-91818.0
2025-12-30,아웃도어,0.0,-149545.0,0.0,0.0,4159045.0,0.0
2025-12-30,여성,-751909.0,-201000.0,1454455.0,18981955.0,-2882791.0,18202227.0
2025-12-30,잡화,862455.0,97091.0,1661155.0,6466136.0,620082.0,8023473.0
2025-12-30,키즈,0.0,405955.0,0.0,0.0,3424200.0,0.0
2025-12-31,골프,-964500.0,-445273.0,99682.0,5712909.0,1911118.0,661864.0
2025-12-31,남성,-3025091.0,-36518.0,-5013864.0,18305927.0,3028818.0,7837027.0
2025-12-31,리빙,0.0,0.0,0.0,0.0,1240200.0,0.0
2025-12-31,명품,0.0,-1280909.0,0.0,0.0,7639182.0,0.0
2025-12-31,뷰티,0.0,111818.0,156364.0,0.0,603400.0,26182.0
2025-12-31,슈즈,-349364.0,0.0,0.0,125227.0,818455.0,521364.0
2025-12-31,스포츠,-129409.0,0.0,0.0,942073.0,360800.0,0.0
2025-12-31,아웃도어,0.0,282636.0,0.0,0.0,-906200.0,0.0
2025-12-31,여성,-2909091.0,-330091.0,304000.0,15511091.0,-376491.0,5405000.0
2025-12-31,잡화,-178200.0,0.0,-212909.0,4931709.0,1119645.0,2445309.0
2025-12-31,키즈,0.0,223091.0,0.0,0.0,2181564.0,0.0
2026-01-01,골프,445000.0,467636.0,376600.0,4803818.0,3659009.0,1623345.0
2026-01-01,남성,13776909.0,706727.0,8186782.0,50730936.0,12371355.0,19741291.0
2026-01-01,리빙,0.0,438545.0,0.0,0.0,2133455.0,0.0
2026-01-01,명품,0.0,1589455.0,0.0,0.0,14446618.0,0.0
2026-01-01,뷰티,0.0,443455.0,-59091.0,0.0,1177591.0,0.0
2026-01-01,슈즈,69364.0,43909.0,820909.0,803182.0,1329455.0,117273.0
2026-01-01,스포츠,796364.0,440909.0,143636.0,1090182.0,1259136.0,218455.0
2026-01-01,아웃도어,0.0,386545.0,0.0,0.0,1535600.0,0.0
2026-01-01,여성,3394909.0,661636.0,6029182.0,51051636.0,5020852.0,22928773.0
2026-01-01,잡화,3446745.0,3190682.0,5191364.0,9447327.0,2627988.0,9050891.0
2026-01-01,키즈,0.0,1612582.0,0.0,0.0,6442509.0,0.0
2026-01-02,골프,139545.0,492182.0,90818.0,-305318.0,711818.0,2417682.0
2026-01-02,남성,4939491.0,940000.0,4126664.0,23411900.0,3899400.0,17001000.0
2026-01-02,리빙,0.0,869000.0,0.0,0.0,2586082.0,0.0
2026-01-02,명품,0.0,1637273.0,0.0,0.0,-2736018.0,0.0
2026-01-02,뷰티,0.0,625655.0,144545.0,0.0,1387055.0,32727.0
2026-01-02,슈즈,324409.0,378545.0,406364.0,592818.0,1756682.0,1119273.0
2026-01-02,스포츠,1201727.0,43636.0,117273.0,1329773.0,453955.0,-272727.0
2026-01-02,아웃도어,0.0,-25091.0,0.0,0.0,1200764.0,0.0
2026-01-02,여성,6468000.0,487764.0,-4808818.0,2887591.0,2760245.0,2839318.0
2026-01-02,잡화,3296182.0,519182.0,4182964.0,10698782.0,1971509.0,8851245.0
2026-01-02,키즈,0.0,994009.0,0.0,0.0,6313173.0,0.0
2026-01-03,골프,1569909.0,922500.0,89182.0,3050145.0,5519991.0,-98282.0
2026-01-03,남성,6274545.0,1440600.0,3332136.0,23476264.0,6532000.0,16816109.0
2026-01-03,리빙,0.0,449455.0,0.0,0.0,1788700.0,0.0
2026-01-03,명품,0.0,1088545.0,0.0,0.0,13420273.0,0.0
2026-01-03,뷰티,0.0,793000.0,32727.0,0.0,636300.0,177273.0
2026-01-03,슈즈,263364.0,366182.0,832818.0,2012318.0,1407955.0,1036455.0
2026-01-03,스포츠,485455.0,502818.0,0.0,816136.0,1499118.0,336636.0
2026-01-03,아웃도어,0.0,703091.0,0.0,0.0,-133982.0,0.0
2026-01-03,여성,8363364.0,551591.0,1049455.0,19772864.0,4204561.0,7812091.0
2026-01-03,잡화,3872291.0,758682.0,5801582.0,6475836.0,1075164.0,6187773.0
2026-01-03,키즈,0.0,873582.0,0.0,0.0,5178045.0,0.0
2026-01-04,골프,1126227.0,1380018.0,475591.0,2440227.0,3442964.0,1516200.0
2026-01-04,남성,12552136.0,920609.0,13842445.0,34040800.0,7745282.0,25747373.0
2026-01-04,리빙,0.0,484064.0,0.0,0.0,1896055.0,0.0
2026-01-04,명품,0.0,2283636.0,0.0,0.0,17664436.0,0.0
2026-01-04,뷰티,0.0,329182.0,62727.0,0.0,996027.0,62727.0
2026-01-04,슈즈,476000.0,146909.0,180909.0,68000.0,1905636.0,1049182.0
2026-01-04,스포츠,383818.0,474909.0,0.0,996545.0,1943045.0,289091.0
2026-01-04,아웃도어,0.0,449909.0,0.0,0.0,2060891.0,0.0
2026-01-04,여성,7291182.0,544773.0,4667773.0,32539000.0,4992197.0,29572318.0
2026-01-04,잡화,5230455.0,574709.0,5686445.0,9495291.0,2082045.0,8731145.0
2026-01-04,키즈,0.0,245818.0,0.0,0.0,4150236.0,0.0
2026-01-05,골프,1178864.0,1634600.0,645364.0,-356764.0,-11218.0,-589727.0
2026-01-05,남성,5132473.0,-393682.0,-306336.0,16228764.0,1834827.0,19069555.0
2026-01-05,리빙,0.0,1187273.0,0.0,0.0,1801109.0,0.0
2026-01-05,명품,0.0,541727.0,0.0,0.0,-2482691.0,0.0
2026-01-05,뷰티,0.0,863291.0,-81818.0,0.0,477400.0,91818.0
2026-01-05,슈즈,389909.0,110273.0,90000.0,500864.0,1170545.0,289091.0
2026-01-05,스포츠,823545.0,514091.0,180909.0,1343773.0,2085245.0,587273.0
2026-01-05,아웃도어,0.0,-131964.0,0.0,0.0,-969182.0,0.0
2026-01-05,여성,3170182.0,131000.0,2409364.0,18969700.0,-517773.0,18091818.0
2026-01-05,잡화,2420455.0,62636.0,4530218.0,7724873.0,1482552.0,6098473.0
2026-01-05,키즈,0.0,687091.0,0.0,0.0,2283027.0,0.0
2026-01-06,골프,2675482.0,2060500.0,250455.0,3186891.0,3356909.0,514818.0
2026-01-06,남성,4186100.0,369136.0,4311864.0,19169400.0,3687364.0,7241427.0
2026-01-06,리빙,0.0,1131909.0,0.0,0.0,1374855.0,0.0
2026-01-06,명품,0.0,832182.0,0.0,0.0,5636364.0,0.0
2026-01-06,뷰티,0.0,605564.0,0.0,0.0,642818.0,49091.0
2026-01-06,슈즈,-141455.0,0.0,242727.0,1691045.0,859136.0,251818.0
2026-01-06,스포츠,753818.0,427727.0,79273.0,1289909.0,820945.0,206364.0
2026-01-06,아웃도어,0.0,502909.0,0.0,0.0,860955.0,0.0
2026-01-06,여성,5991636.0,-53645.0,1081455.0,7943000.0,-1356282.0,5745318.0
2026-01-06,잡화,5169745.0,92182.0,3386873.0,7665718.0,67091.0,7728091.0
2026-01-06,키즈,0.0,385864.0,0.0,0.0,-987927.0,0.0
2026-01-07,골프,924864.0,275645.0,186455.0,3626900.0,3293673.0,957209.0
2026-01-07,남성,10305191.0,1078309.0,5715164.0,18449545.0,3474573.0,10215027.0
2026-01-07,리빙,0.0,159727.0,0.0,0.0,2553800.0,0.0
2026-01-07,명품,0.0,602018.0,0.0,0.0,2051636.0,0.0
2026-01-07,뷰티,0.0,328091.0,19091.0,0.0,516600.0,125455.0
2026-01-07,슈즈,148909.0,0.0,692727.0,556909.0,225673.0,-561909.0
2026-01-07,스포츠,992818.0,644955.0,351273.0,674273.0,1951545.0,0.0
2026-01-07,아웃도어,0.0,334027.0,0.0,0.0,653464.0,0.0
2026-01-07,여성,3944091.0,228764.0,279000.0,26881000.0,5741686.0,10728364.0
2026-01-07,잡화,4170018.0,1439618.0,4126273.0,7497391.0,334509.0,6093209.0
2026-01-07,키즈,0.0,1170382.0,0.0,0.0,2137420.0,0.0
2026-01-08,골프,999818.0,478209.0,437045.0,4277009.0,2305645.0,151682.0
2026-01-08,남성,7358736.0,943364.0,2093791.0,17079373.0,2884609.0,4778382.0
2026-01-08,리빙,0.0,64182.0,0.0,0.0,3221273.0,0.0
2026-01-08,명품,0.0,1075000.0,0.0,0.0,4334973.0,0.0
2026-01-08,뷰티,0.0,759273.0,156364.0,0.0,791309.0,-62727.0
2026-01-08,슈즈,621727.0,-231273.0,-63636.0,519136.0,728091.0,90909.0
2026-01-08,스포츠,1261182.0,147091.0,776000.0,656182.0,689000.0,-112091.0
2026-01-08,아웃도어,0.0,573000.0,0.0,0.0,-193727.0,0.0
2026-01-08,여성,-286182.0,434909.0,-231500.0,3135000.0,3102100.0,12911500.0
2026-01-08,잡화,2870873.0,-9091.0,4515000.0,5556664.0,-198700.0,4587518.0
2026-01-08,키즈,0.0,840064.0,0.0,0.0,782189.0,0.0
2026-01-09,골프,1244118.0,362700.0,538455.0,4355173.0,1566800.0,2353391.0
2026-01-09,남성,7456309.0,61636.0,5990818.0,13911745.0,-287000.0,9919727.0
2026-01-09,리빙,0.0,288773.0,0.0,0.0,931318.0,0.0
2026-01-09,명품,0.0,975727.0,0.0,0.0,4651545.0,0.0
2026-01-09,뷰티,0.0,646364.0,0.0,0.0,772191.0,0.0
2026-01-09,슈즈,924318.0,0.0,834318.0,580045.0,379091.0,-506364.0
2026-01-09,스포츠,98818.0,233545.0,294818.0,757500.0,9533727.0,634182.0
2026-01-09,아웃도어,0.0,-81818.0,0.0,0.0,1093136.0,0.0
2026-01-09,여성,4664182.0,904682.0,3476364.0,21727591.0,-4880691.0,15155091.0
2026-01-09,잡화,3511927.0,140909.0,2646527.0,5943345.0,2973955.0,4947327.0
2026-01-09,키즈,0.0,188632.0,0.0,0.0,1869536.0,0.0
2026-01-10,골프,1223464.0,370300.0,403818.0,8250373.0,3437927.0,4204209.0
2026-01-10,남성,7484355.0,755864.0,5526545.0,31705345.0,5787291.0,24976209.0
2026-01-10,리빙,0.0,2629745.0,0.0,0.0,3148182.0,0.0
2026-01-10,명품,0.0,740091.0,0.0,0.0,14052273.0,0.0
2026-01-10,뷰티,0.0,817727.0,97273.0,0.0,1332873.0,0.0
2026-01-10,슈즈,0.0,180000.0,650000.0,1472364.0,967727.0,807455.0
2026-01-10,스포츠,365091.0,341455.0,-515818.0,258000.0,930455.0,153636.0
2026-01-10,아웃도어,0.0,277955.0,0.0,0.0,1394209.0,0.0
2026-01-10,여성,4754818.0,-362727.0,3295545.0,40007364.0,3466582.0,24064727.0
2026-01-10,잡화,3416400.0,38891.0,3194782.0,6387473.0,1709245.0,4897782.0
2026-01-10,키즈,0.0,247545.0,0.0,0.0,4082436.0,0.0
2026-01-11,골프,2480518.0,630709.0,1401964.0,11553382.0,7092627.0,3568636.0
2026-01-11,남성,11885627.0,1375727.0,7715436.0,47957900.0,21801573.0,38217973.0
2026-01-11,리빙,0.0,1238327.0,0.0,0.0,2940318.0,0.0
2026-01-11,명품,0.0,0.0,0.0,0.0,10052455.0,0.0
2026-01-11,뷰티,0.0,501227.0,0.0,0.0,1322682.0,48091.0
2026-01-11,슈즈,465455.0,106909.0,289091.0,1414545.0,1606000.0,0.0
2026-01-11,스포츠,708000.0,315000.0,71818.0,1529818.0,2627045.0,161818.0
2026-01-11,아웃도어,0.0,248091.0,0.0,0.0,2731000.0,0.0
2026-01-11,여성,7363364.0,1016773.0,2328273.0,45581545.0,5764045.0,30465636.0
2026-01-11,잡화,4767191.0,217182.0,5632545.0,9282482.0,1070045.0,8119255.0
2026-01-11,키즈,0.0,984027.0,0.0,0.0,5317736.0,0.0
2026-01-12,골프,1135382.0,1107936.0,677818.0,1826864.0,2366218.0,1481145.0
2026-01-12,남성,3404073.0,320000.0,6008427.0,13218282.0,3217764.0,18695727.0
2026-01-12,리빙,0.0,-112045.0,0.0,0.0,1556464.0,0.0
2026-01-12,명품,0.0,996182.0,0.0,0.0,-9420727.0,0.0
2026-01-12,뷰티,0.0,550364.0,19091.0,0.0,1101727.0,82818.0
2026-01-12,슈즈,564273.0,203000.0,216364.0,12956045.0,399000.0,406364.0
2026-01-12,스포츠,715364.0,172818.0,256182.0,-481636.0,1385545.0,1513636.0
2026-01-12,아웃도어,0.0,358636.0,0.0,0.0,1333073.0,0.0
2026-01-12,여성,3054818.0,44691.0,-806364.0,17144527.0,892620.0,20560909.0
2026-01-12,잡화,2826473.0,66509.0,4384182.0,4632109.0,679925.0,6882227.0
2026-01-12,키즈,0.0,1146218.0,0.0,0.0,1622892.0,0.0
2026-01-13,골프,1089664.0,915036.0,537136.0,5442255.0,1585036.0,1263682.0
2026-01-13,남성,1410927.0,202909.0,3497800.0,25369364.0,680009.0,21348809.0
2026-01-13,리빙,0.0,748591.0,0.0,0.0,2708891.0,0.0
2026-01-13,명품,0.0,2280909.0,0.0,0.0,1207227.0,0.0
2026-01-13,뷰티,0.0,939909.0,0.0,0.0,1358118.0,10000.0
2026-01-13,슈즈,1002500.0,-246909.0,198182.0,2279682.0,921273.0,505455.0
2026-01-13,스포츠,136636.0,531727.0,353818.0,213636.0,6752773.0,0.0
2026-01-13,아웃도어,0.0,239364.0,0.0,0.0,1371291.0,0.0
2026-01-13,여성,3897182.0,655364.0,2513818.0,30455682.0,5863806.0,13889045.0
2026-01-13,잡화,1102545.0,200573.0,3132191.0,6000418.0,3397378.0,7047473.0
2026-01-13,키즈,0.0,271627.0,0.0,0.0,1403503.0,0.0
2026-01-14,골프,74909.0,136818.0,179182.0,3396436.0,2928809.0,2440536.0
2026-01-14,남성,4193009.0,-15955.0,5825773.0,14708355.0,1298091.0,25801518.0
2026-01-14,리빙,0.0,869682.0,0.0,0.0,3217345.0,0.0
2026-01-14,명품,0.0,1111636.0,0.0,0.0,5401273.0,0.0
2026-01-14,뷰티,0.0,604155.0,78182.0,0.0,1047464.0,151818.0
2026-01-14,슈즈,399182.0,183909.0,1300364.0,-32682.0,1339436.0,62727.0
2026-01-14,스포츠,96818.0,316545.0,0.0,1940818.0,2016882.0,0.0
2026-01-14,아웃도어,0.0,407636.0,0.0,0.0,815273.0,0.0
2026-01-14,여성,5939091.0,268491.0,2259909.0,12023000.0,6556318.0,17209727.0
2026-01-14,잡화,4129200.0,216409.0,4663000.0,7025036.0,1649273.0,4727055.0
2026-01-14,키즈,0.0,336455.0,0.0,0.0,1724015.0,0.0
2026-01-15,골프,-21836.0,1365282.0,611455.0,301618.0,1972336.0,574827.0
2026-01-15,남성,838564.0,367545.0,4037818.0,10526300.0,-248664.0,16063318.0
2026-01-15,리빙,0.0,539427.0,0.0,0.0,3349309.0,0.0
2026-01-15,명품,0.0,1153427.0,0.0,0.0,4490455.0,0.0
2026-01-15,뷰티,0.0,659618.0,78182.0,0.0,1491536.0,0.0
2026-01-15,슈즈,0.0,63000.0,423636.0,523636.0,628455.0,406364.0
2026-01-15,스포츠,256909.0,508173.0,397273.0,1399636.0,888182.0,-117273.0
2026-01-15,아웃도어,0.0,127273.0,0.0,0.0,1126064.0,0.0
2026-01-15,여성,3974000.0,818582.0,939909.0,-4301636.0,5856234.0,-2536727.0
2026-01-15,잡화,3122327.0,203273.0,3185218.0,3101791.0,2139982.0,4288200.0
2026-01-15,키즈,0.0,479725.0,0.0,0.0,2072182.0,0.0
2026-01-16,골프,1948791.0,286182.0,427855.0,641764.0,3615564.0,-1126436.0
2026-01-16,남성,2938291.0,394236.0,3061227.0,13548091.0,1661609.0,10102091.0
2026-01-16,리빙,0.0,453091.0,0.0,0.0,1345945.0,0.0
2026-01-16,명품,0.0,605636.0,0.0,0.0,3825609.0,0.0
2026-01-16,뷰티,0.0,639182.0,0.0,0.0,1961355.0,10909.0
2026-01-16,슈즈,-53682.0,-21818.0,161818.0,1920591.0,216273.0,559455.0
2026-01-16,스포츠,558455.0,319182.0,233636.0,597364.0,796955.0,80909.0
2026-01-16,아웃도어,0.0,412818.0,0.0,0.0,1672427.0,0.0
2026-01-16,여성,2415727.0,446518.0,4155273.0,32212182.0,-1920636.0,9292364.0
2026-01-16,잡화,2672382.0,263545.0,1770327.0,5839673.0,1444615.0,3515091.0
2026-01-16,키즈,0.0,81273.0,0.0,0.0,1600377.0,0.0
2026-01-17,골프,1730873.0,1112400.0,1851273.0,8297982.0,4163182.0,2151145.0
2026-01-17,남성,8591555.0,1205136.0,4964045.0,17450627.0,3878118.0,15543636.0
2026-01-17,리빙,0.0,296273.0,0.0,0.0,1316091.0,0.0
2026-01-17,명품,0.0,463636.0,0.0,0.0,8362091.0,0.0
2026-01-17,뷰티,0.0,295273.0,20000.0,0.0,1193400.0,0.0
2026-01-17,슈즈,108000.0,62727.0,360000.0,324818.0,881227.0,153636.0
2026-01-17,스포츠,47636.0,606273.0,180000.0,412182.0,2060364.0,-1071818.0
2026-01-17,아웃도어,0.0,368364.0,0.0,0.0,2765818.0,0.0
2026-01-17,여성,1926727.0,96955.0,2175818.0,29415500.0,2205464.0,8537273.0
2026-01-17,잡화,3611764.0,47909.0,1761673.0,7770018.0,1343827.0,4497482.0
2026-01-17,키즈,0.0,120373.0,0.0,0.0,2743091.0,0.0
2026-01-18,OFM,0.0,0.0,0.0,0.0,0.0,0.0
2026-01-18,골프,1598618.0,1286864.0,115636.0,6617473.0,3085700.0,3068091.0
2026-01-18,남성,6319973.0,501545.0,8040618.0,33017227.0,3354864.0,28588327.0
2026-01-18,리빙,0.0,446173.0,0.0,0.0,3172909.0,0.0
2026-01-18,명품,0.0,625455.0,0.0,0.0,13152973.0,0.0
2026-01-18,뷰티,0.0,1011091.0,0.0,0.0,1946000.0,0.0
2026-01-18,슈즈,713591.0,0.0,496364.0,1499091.0,1740364.0,252727.0
2026-01-18,스포츠,359273.0,383364.0,341909.0,1494091.0,1794773.0,0.0
2026-01-18,아웃도어,0.0,404468.0,0.0,0.0,2643055.0,0.0
2026-01-18,여성,5301636.0,567282.0,4329091.0,38009136.0,8978191.0,25636636.0
2026-01-18,잡화,4485400.0,79273.0,5218436.0,11916527.0,5630255.0,5663036.0
2026-01-18,키즈,0.0,1209225.0,0.0,0.0,3150509.0,0.0
2026-01-19,골프,997773.0,655091.0,317455.0,3683973.0,1859345.0,1860345.0
2026-01-19,남성,4211236.0,-22273.0,2713773.0,21280573.0,421127.0,10427918.0
2026-01-19,리빙,0.0,305091.0,0.0,0.0,1333309.0,0.0
2026-01-19,명품,0.0,1110909.0,0.0,0.0,4631727.0,0.0
2026-01-19,뷰티,0.0,275764.0,0.0,0.0,1044291.0,21818.0
2026-01-19,슈즈,-204000.0,265545.0,-7364.0,174409.0,467927.0,621091.0
2026-01-19,스포츠,111818.0,187727.0,153636.0,463182.0,737909.0,0.0
2026-01-19,아웃도어,0.0,6091.0,0.0,0.0,1037727.0,0.0
2026-01-19,여성,-1138909.0,1387273.0,3701000.0,26316591.0,3269509.0,9126273.0
2026-01-19,잡화,15393073.0,1084345.0,4130291.0,18539782.0,878139.0,6408927.0
2026-01-19,키즈,0.0,1664069.0,0.0,0.0,5859168.0,0.0
2026-01-20,골프,1958027.0,1518182.0,1632436.0,3970645.0,3333664.0,3641209.0
2026-01-20,남성,3705255.0,1035182.0,214364.0,13566682.0,169345.0,4977518.0
2026-01-20,리빙,0.0,95636.0,0.0,0.0,1697727.0,0.0
2026-01-20,명품,0.0,1827364.0,0.0,0.0,6149273.0,0.0
2026-01-20,뷰티,0.0,859364.0,19091.0,0.0,718291.0,0.0
2026-01-20,슈즈,717000.0,-108455.0,468182.0,-29455.0,613136.0,291873.0
2026-01-20,스포츠,540182.0,156545.0,153636.0,659636.0,1995227.0,606364.0
2026-01-20,아웃도어,0.0,314727.0,0.0,0.0,1814336.0,0.0
2026-01-20,여성,657636.0,700064.0,2540091.0,6572727.0,1131636.0,8036545.0
2026-01-20,잡화,2761000.0,56573.0,1737455.0,8031600.0,2021300.0,4852764.0
2026-01-20,키즈,0.0,1739027.0,0.0,0.0,5233927.0,0.0
2026-01-21,골프,2266045.0,2144982.0,1782364.0,5175755.0,4260764.0,1588345.0
2026-01-21,남성,4483091.0,742545.0,4211318.0,19189500.0,229082.0,13559000.0
2026-01-21,리빙,0.0,669545.0,0.0,0.0,1606909.0,0.0
2026-01-21,명품,0.0,3370455.0,0.0,0.0,1426636.0,0.0
2026-01-21,뷰티,0.0,351455.0,0.0,0.0,942018.0,0.0
2026-01-21,슈즈,239455.0,751818.0,402964.0,40636.0,414182.0,291091.0
2026-01-21,스포츠,477545.0,930545.0,221818.0,591182.0,1148318.0,279091.0
2026-01-21,아웃도어,0.0,1234182.0,0.0,0.0,2393745.0,0.0
2026-01-21,여성,6729818.0,1056955.0,2837909.0,24953364.0,4023355.0,13906864.0
2026-01-21,잡화,2253945.0,760218.0,3622945.0,8518836.0,3046009.0,4783636.0
2026-01-21,키즈,0.0,913382.0,0.0,0.0,2548675.0,0.0
2026-01-22,골프,893773.0,1224091.0,47409.0,6122027.0,-404264.0,1680773.0
2026-01-22,남성,4904645.0,844655.0,6147591.0,18617491.0,1958855.0,25478273.0
2026-01-22,리빙,0.0,231455.0,0.0,0.0,880636.0,0.0
2026-01-22,명품,0.0,1206364.0,0.0,0.0,4632373.0,0.0
2026-01-22,뷰티,0.0,852836.0,0.0,0.0,735955.0,0.0
2026-01-22,슈즈,865591.0,0.0,180000.0,1452545.0,1217227.0,317273.0
2026-01-22,스포츠,566818.0,524000.0,-134636.0,1313727.0,1637227.0,162727.0
2026-01-22,아웃도어,0.0,9636.0,0.0,0.0,1731545.0,0.0
2026-01-22,여성,4910909.0,274264.0,2980818.0,16039182.0,2339243.0,13324591.0
2026-01-22,잡화,2706436.0,200545.0,3705355.0,9728782.0,327709.0,7064736.0
2026-01-22,키즈,0.0,1482509.0,0.0,0.0,3675600.0,0.0
2026-01-23,골프,3127500.0,1664655.0,1054955.0,6178500.0,-1005764.0,488400.0
2026-01-23,남성,5120655.0,418636.0,4372818.0,21778036.0,3465545.0,14647227.0
2026-01-23,리빙,0.0,3864.0,0.0,0.0,3146718.0,0.0
2026-01-23,명품,0.0,379091.0,0.0,0.0,2519882.0,0.0
2026-01-23,뷰티,0.0,859455.0,78182.0,0.0,1411755.0,150000.0
2026-01-23,슈즈,-168909.0,0.0,1272055.0,777182.0,-11500.0,324545.0
2026-01-23,스포츠,211636.0,290636.0,45455.0,578364.0,1507791.0,594364.0
2026-01-23,아웃도어,0.0,-35636.0,0.0,0.0,1263273.0,0.0
2026-01-23,여성,5767364.0,449227.0,8660818.0,21808818.0,2590188.0,18667000.0
2026-01-23,잡화,2127309.0,48545.0,2190709.0,7359564.0,2428891.0,4072964.0
2026-01-23,키즈,0.0,1632164.0,0.0,0.0,1629145.0,0.0
2026-01-24,골프,1597845.0,587036.0,-320909.0,8378936.0,2939818.0,155818.0
2026-01-24,남성,5217064.0,331000.0,3644091.0,28865418.0,3913091.0,16123091.0
2026-01-24,리빙,0.0,517182.0,0.0,0.0,2785273.0,0.0
2026-01-24,명품,0.0,231818.0,0.0,0.0,5252182.0,0.0
2026-01-24,뷰티,0.0,818182.0,78182.0,0.0,776045.0,37091.0
2026-01-24,슈즈,372000.0,0.0,-186600.0,595818.0,981455.0,469091.0
2026-01-24,스포츠,671727.0,586727.0,153636.0,1161000.0,1823000.0,397273.0
2026-01-24,아웃도어,0.0,91727.0,0.0,0.0,2525327.0,0.0
2026-01-24,여성,5102182.0,928000.0,1568909.0,24488136.0,4490358.0,26044318.0
2026-01-24,잡화,4094873.0,1266509.0,3272436.0,10758909.0,2297964.0,4929100.0
2026-01-24,키즈,0.0,605391.0,0.0,0.0,2948918.0,0.0
2026-01-25,골프,1217982.0,1618982.0,210182.0,9019582.0,3420345.0,2740791.0
2026-01-25,남성,8345736.0,986636.0,3922955.0,39536200.0,4831318.0,35098000.0
2026-01-25,리빙,0.0,71818.0,0.0,0.0,2406655.0,0.0
2026-01-25,명품,0.0,2623727.0,0.0,0.0,6379727.0,0.0
2026-01-25,뷰티,0.0,677691.0,0.0,0.0,1925427.0,0.0
2026-01-25,슈즈,255636.0,259227.0,738182.0,801727.0,1747591.0,651091.0
2026-01-25,스포츠,834545.0,221455.0,64727.0,1490636.0,3153455.0,389091.0
2026-01-25,아웃도어,0.0,559364.0,0.0,0.0,2850636.0,0.0
2026-01-25,여성,6307818.0,165500.0,3954455.0,43855545.0,6145558.0,25482091.0
2026-01-25,잡화,3843145.0,200391.0,4080909.0,10094418.0,2238718.0,7379455.0
2026-01-25,키즈,0.0,180473.0,0.0,0.0,4064227.0,0.0
2026-01-26,골프,574473.0,786727.0,-90182.0,4105118.0,-435482.0,2351545.0
2026-01-26,남성,4769736.0,399091.0,6125764.0,27642818.0,1759973.0,7974609.0
2026-01-26,리빙,0.0,821364.0,0.0,0.0,1819555.0,0.0
2026-01-26,명품,0.0,5097273.0,0.0,0.0,12816155.0,0.0
2026-01-26,뷰티,0.0,602818.0,0.0,0.0,2174545.0,13636.0
2026-01-26,슈즈,-208455.0,154182.0,89091.0,1126318.0,1563455.0,342909.0
2026-01-26,스포츠,406909.0,685273.0,0.0,1305455.0,920364.0,273818.0
2026-01-26,아웃도어,0.0,319182.0,0.0,0.0,1943664.0,0.0
2026-01-26,여성,3982318.0,359782.0,4751818.0,16249318.0,-1307453.0,8927091.0
2026-01-26,잡화,3654582.0,406182.0,2932109.0,12980527.0,1114736.0,9529082.0
2026-01-26,키즈,0.0,124655.0,0.0,0.0,1388117.0,0.0
2026-01-27,골프,2531636.0,494945.0,516000.0,3534582.0,1462309.0,1668327.0
2026-01-27,남성,3512264.0,-374427.0,1405000.0,12035255.0,2584427.0,18509664.0
2026-01-27,리빙,0.0,598364.0,0.0,0.0,118545.0,0.0
2026-01-27,명품,0.0,4070000.0,0.0,0.0,3388818.0,0.0
2026-01-27,뷰티,0.0,1004182.0,78182.0,0.0,2368718.0,0.0
2026-01-27,슈즈,-210636.0,156182.0,1199091.0,1508818.0,1248682.0,733091.0
2026-01-27,스포츠,272545.0,359455.0,153636.0,1110182.0,160045.0,79273.0
2026-01-27,아웃도어,0.0,656455.0,0.0,0.0,2697864.0,0.0
2026-01-27,여성,1432273.0,-511364.0,428636.0,12710909.0,85494.0,9728591.0
2026-01-27,잡화,2485927.0,119573.0,3617255.0,7194618.0,3029291.0,6249100.0
2026-01-27,키즈,0.0,203245.0,0.0,0.0,216436.0,0.0
2026-01-28,골프,-696918.0,986545.0,-130182.0,2449836.0,2762364.0,-881491.0
2026-01-28,남성,198627.0,848455.0,5029691.0,5979264.0,1323291.0,6259191.0
2026-01-28,리빙,0.0,868091.0,0.0,0.0,2302345.0,0.0
2026-01-28,명품,0.0,-41727.0,0.0,0.0,6199818.0,0.0
2026-01-28,뷰티,0.0,389000.0,0.0,0.0,1152409.0,116364.0
2026-01-28,슈즈,282818.0,-193636.0,560909.0,1485318.0,34955.0,306182.0
2026-01-28,스포츠,156091.0,521591.0,252727.0,610273.0,415409.0,-95182.0
2026-01-28,아웃도어,0.0,703818.0,0.0,0.0,1509364.0,0.0
2026-01-28,여성,6644364.0,1997927.0,2921455.0,24611455.0,1840764.0,18679091.0
2026-01-28,잡화,2577927.0,1251500.0,4622600.0,5491182.0,591655.0,3170909.0
2026-01-28,키즈,0.0,1030791.0,0.0,0.0,1413462.0,0.0
2026-01-29,골프,54073.0,641373.0,242836.0,4186918.0,1093155.0,703273.0
2026-01-29,남성,3519127.0,43982.0,4422400.0,14494191.0,1578827.0,10137118.0
2026-01-29,리빙,0.0,1312091.0,0.0,0.0,2055818.0,0.0
2026-01-29,명품,0.0,824791.0,0.0,0.0,7752318.0,0.0
2026-01-29,뷰티,0.0,307364.0,0.0,0.0,702055.0,258000.0
2026-01-29,슈즈,81545.0,6773.0,576364.0,-404273.0,-213091.0,612182.0
2026-01-29,스포츠,126636.0,141727.0,597455.0,469636.0,2011864.0,86182.0
2026-01-29,아웃도어,0.0,275455.0,0.0,0.0,731727.0,0.0
2026-01-29,여성,4754364.0,303727.0,-2850545.0,9836636.0,255436.0,8008818.0
2026-01-29,잡화,2389055.0,80182.0,3937318.0,4830927.0,9981945.0,3719518.0
2026-01-29,키즈,0.0,162118.0,0.0,0.0,636391.0,0.0
2026-01-30,골프,1745364.0,2568618.0,750182.0,3234500.0,1988518.0,2904600.0
2026-01-30,남성,6380773.0,756809.0,6326045.0,20219027.0,1833409.0,18940491.0
2026-01-30,리빙,0.0,994727.0,0.0,0.0,2628000.0,0.0
2026-01-30,명품,0.0,1323364.0,0.0,0.0,1822636.0,0.0
2026-01-30,뷰티,0.0,366273.0,0.0,0.0,1007736.0,0.0
2026-01-30,슈즈,758818.0,43909.0,106545.0,1014364.0,637818.0,514909.0
2026-01-30,스포츠,281273.0,201818.0,64727.0,850364.0,2058545.0,27273.0
2026-01-30,아웃도어,0.0,-131455.0,0.0,0.0,865455.0,0.0
2026-01-30,여성,1847455.0,-476364.0,2752909.0,14717727.0,962509.0,10597455.0
2026-01-30,잡화,1566909.0,110909.0,3772727.0,5364982.0,857282.0,4701973.0
2026-01-30,키즈,0.0,487826.0,0.0,0.0,240773.0,0.0
2026-01-31,골프,1898818.0,1109764.0,426909.0,3700136.0,2814800.0,2281182.0
2026-01-31,남성,6863518.0,1018045.0,5702273.0,27239136.0,1786955.0,15987182.0
2026-01-31,리빙,0.0,188727.0,0.0,0.0,2345091.0,0.0
2026-01-31,명품,0.0,0.0,0.0,0.0,9993609.0,0.0
2026-01-31,뷰티,0.0,391364.0,0.0,0.0,1031800.0,34455.0
2026-01-31,슈즈,0.0,0.0,199091.0,181091.0,811636.0,261818.0
2026-01-31,스포츠,440909.0,553636.0,230000.0,1650909.0,1128182.0,572000.0
2026-01-31,아웃도어,0.0,738545.0,0.0,0.0,466818.0,0.0
2026-01-31,여성,6709273.0,28655.0,-239727.0,24726045.0,4885388.0,4613818.0
2026-01-31,잡화,1582555.0,93300.0,3960291.0,4929364.0,1926727.0,4598518.0
2026-01-31,키즈,0.0,120827.0,0.0,0.0,2268516.0,0.0
2026-02-01,골프,1902909.0,2336664.0,482909.0,8065455.0,6317200.0,2006318.0
2026-02-01,남성,9539436.0,298718.0,7931500.0,43644955.0,5754700.0,37675418.0
2026-02-01,리빙,0.0,456455.0,0.0,0.0,3007527.0,0.0
2026-02-01,명품,0.0,3459000.0,0.0,0.0,12297000.0,0.0
2026-02-01,뷰티,0.0,505727.0,0.0,0.0,1511100.0,30909.0
2026-02-01,슈즈,94182.0,136364.0,188182.0,761000.0,1196000.0,542909.0
2026-02-01,스포츠,345727.0,1003091.0,225455.0,1023727.0,1501818.0,519636.0
2026-02-01,아웃도어,0.0,515182.0,0.0,0.0,1637782.0,0.0
2026-02-01,여성,8161182.0,457955.0,3522545.0,51675000.0,2871482.0,20031455.0
2026-02-01,잡화,2800018.0,18182.0,6589409.0,7544273.0,3093127.0,9991055.0
2026-02-01,키즈,0.0,373072.0,0.0,0.0,1878091.0,0.0
2026-02-02,OFM,0.0,0.0,0.0,0.0,18182.0,0.0
2026-02-02,골프,2226045.0,1223309.0,1032727.0,1351518.0,4307391.0,1581627.0
2026-02-02,남성,6381891.0,-193000.0,4307591.0,14576009.0,1513445.0,13476682.0
2026-02-02,리빙,0.0,1892273.0,0.0,0.0,4100164.0,0.0
2026-02-02,명품,0.0,2050818.0,0.0,0.0,-1296882.0,0.0
2026-02-02,뷰티,0.0,1210855.0,39091.0,0.0,2108455.0,0.0
2026-02-02,슈즈,413636.0,316391.0,568364.0,614182.0,1056636.0,433636.0
2026-02-02,스포츠,448182.0,163318.0,561818.0,730636.0,698636.0,0.0
2026-02-02,아웃도어,0.0,718300.0,0.0,0.0,306273.0,0.0
2026-02-02,여성,2613273.0,-1603218.0,2283455.0,15056545.0,-2250467.0,-3449455.0
2026-02-02,잡화,1438909.0,380209.0,5180582.0,12054582.0,-1292273.0,6399945.0
2026-02-02,키즈,0.0,0.0,0.0,0.0,960882.0,0.0
2026-02-03,골프,-559882.0,791536.0,44364.0,5034864.0,2543309.0,2478336.0
2026-02-03,남성,3036718.0,501000.0,1618836.0,13572873.0,1256664.0,15936245.0
2026-02-03,리빙,0.0,1103182.0,0.0,0.0,775027.0,0.0
2026-02-03,명품,0.0,1207000.0,0.0,0.0,6910455.0,0.0
2026-02-03,뷰티,0.0,631909.0,38182.0,0.0,1457182.0,0.0
2026-02-03,슈즈,543091.0,87818.0,396545.0,211545.0,7318.0,-138364.0
2026-02-03,스포츠,681909.0,649455.0,313818.0,968545.0,1379455.0,280909.0
2026-02-03,아웃도어,0.0,603182.0,0.0,0.0,953336.0,0.0
2026-02-03,여성,2167182.0,171136.0,-2139455.0,20597545.0,556790.0,12866682.0
2026-02-03,잡화,5105445.0,158909.0,4625755.0,12017345.0,3953009.0,5531564.0
2026-02-03,키즈,0.0,98909.0,0.0,0.0,1030609.0,0.0
2026-02-04,골프,1245909.0,957445.0,152582.0,4971700.0,3256609.0,1676055.0
2026-02-04,남성,3305800.0,489382.0,7393073.0,18725973.0,2896155.0,21626145.0
2026-02-04,리빙,0.0,196636.0,0.0,0.0,2603427.0,0.0
2026-02-04,명품,0.0,1947273.0,0.0,0.0,821455.0,0.0
2026-02-04,뷰티,0.0,1052991.0,0.0,0.0,1274427.0,13636.0
2026-02-04,슈즈,552364.0,0.0,207273.0,799273.0,-91909.0,18182.0
2026-02-04,스포츠,481000.0,975455.0,0.0,947000.0,1694455.0,1222727.0
2026-02-04,아웃도어,0.0,787818.0,0.0,0.0,1970018.0,0.0
2026-02-04,여성,7539636.0,967682.0,-2411091.0,18630136.0,2665409.0,10512636.0
2026-02-04,잡화,6027109.0,381300.0,4076418.0,11160418.0,2504545.0,4596755.0
2026-02-04,키즈,0.0,169918.0,0.0,0.0,401836.0,0.0
2026-02-05,골프,1940564.0,651636.0,454182.0,1859991.0,5368600.0,1750736.0
2026-02-05,남성,2516109.0,-171573.0,1749000.0,15034300.0,1289391.0,1599664.0
2026-02-05,리빙,0.0,287655.0,0.0,0.0,2792209.0,0.0
2026-02-05,명품,0.0,114182.0,0.0,0.0,6240091.0,0.0
2026-02-05,뷰티,0.0,1010727.0,0.0,0.0,1177709.0,24818.0
2026-02-05,슈즈,70636.0,323909.0,668182.0,958545.0,1390273.0,162727.0
2026-02-05,스포츠,379273.0,626364.0,280000.0,1935364.0,1278273.0,307273.0
2026-02-05,아웃도어,0.0,871545.0,0.0,0.0,3096273.0,0.0
2026-02-05,여성,-220455.0,-251636.0,198364.0,11023455.0,4414945.0,2182182.0
2026-02-05,잡화,6201000.0,118182.0,4193318.0,12618945.0,766591.0,4244791.0
2026-02-05,키즈,0.0,349482.0,0.0,0.0,1278191.0,0.0
2026-02-06,골프,471455.0,1075245.0,131927.0,4509573.0,4337018.0,3124582.0
2026-02-06,남성,2335136.0,233909.0,5278909.0,15098364.0,848975.0,3232909.0
2026-02-06,리빙,0.0,-249636.0,0.0,0.0,-443864.0,0.0
2026-02-06,명품,0.0,943636.0,0.0,0.0,10447727.0,0.0
2026-02-06,뷰티,0.0,980364.0,0.0,0.0,949164.0,13636.0
2026-02-06,슈즈,45455.0,-306909.0,460182.0,696545.0,-3545.0,854964.0
2026-02-06,스포츠,574818.0,493545.0,252727.0,517727.0,1873364.0,1088182.0
2026-02-06,아웃도어,0.0,1828091.0,0.0,0.0,3008209.0,0.0
2026-02-06,여성,3798818.0,595509.0,-1250091.0,21534727.0,-579382.0,9708682.0
2026-02-06,잡화,4394582.0,-12000.0,3967955.0,7054345.0,2871000.0,2101245.0
2026-02-06,키즈,0.0,1214464.0,0.0,0.0,3586717.0,0.0
2026-02-07,골프,1428291.0,1302382.0,390909.0,9160100.0,4756664.0,3382545.0
2026-02-07,남성,3645645.0,743364.0,4189809.0,22282500.0,3141264.0,12379091.0
2026-02-07,리빙,0.0,937891.0,0.0,0.0,2646273.0,0.0
2026-02-07,명품,0.0,600000.0,0.0,0.0,14217182.0,0.0
2026-02-07,뷰티,0.0,851018.0,0.0,0.0,1121709.0,13636.0
2026-02-07,슈즈,0.0,43909.0,929818.0,592636.0,818545.0,-53691.0
2026-02-07,스포츠,246909.0,660909.0,355818.0,1344818.0,1552636.0,98182.0
2026-02-07,아웃도어,0.0,3268091.0,0.0,0.0,3713045.0,0.0
2026-02-07,여성,6042955.0,842555.0,1269273.0,33326000.0,3055864.0,5170864.0
2026-02-07,잡화,5233127.0,368182.0,3866564.0,8566209.0,1457291.0,4084564.0
2026-02-07,키즈,0.0,946145.0,0.0,0.0,5142036.0,0.0
2026-02-08,골프,1809636.0,1551745.0,384000.0,10209536.0,7838109.0,5244145.0
2026-02-08,남성,6497936.0,584091.0,4893536.0,39924127.0,2929024.0,25372782.0
2026-02-08,리빙,0.0,815445.0,0.0,0.0,1275000.0,0.0
2026-02-08,명품,0.0,3951000.0,0.0,0.0,14575055.0,0.0
2026-02-08,뷰티,0.0,435364.0,13636.0,0.0,2388527.0,47182.0
2026-02-08,슈즈,683455.0,43909.0,693818.0,558909.0,1376000.0,1194727.0
2026-02-08,스포츠,342545.0,468182.0,271818.0,1949545.0,1031636.0,-98909.0
2026-02-08,아웃도어,0.0,739273.0,0.0,0.0,4577845.0,0.0
2026-02-08,여성,6861636.0,586727.0,1999727.0,47284273.0,5717350.0,12692455.0
2026-02-08,잡화,4091582.0,85345.0,4999827.0,11469318.0,1046500.0,8640964.0
2026-02-08,키즈,0.0,568536.0,0.0,0.0,3724227.0,0.0
2026-02-09,골프,-91.0,91291.0,368773.0,2369436.0,934418.0,4008982.0
2026-02-09,남성,4496518.0,209636.0,3032409.0,10280955.0,4577581.0,8177000.0
2026-02-09,리빙,0.0,1372145.0,0.0,0.0,1033882.0,0.0
2026-02-09,명품,0.0,-2492818.0,0.0,0.0,-9866455.0,0.0
2026-02-09,뷰티,0.0,581155.0,0.0,0.0,2787491.0,34273.0
2026-02-09,슈즈,-248364.0,0.0,460000.0,1072909.0,761227.0,532727.0
2026-02-09,스포츠,141909.0,651909.0,529091.0,1004727.0,678455.0,-501636.0
2026-02-09,아웃도어,0.0,118500.0,0.0,0.0,3203909.0,0.0
2026-02-09,여성,178091.0,370000.0,1289909.0,13867455.0,-359200.0,9641909.0
2026-02-09,잡화,2903000.0,135000.0,4623182.0,12355264.0,1737845.0,8351091.0
2026-02-09,키즈,0.0,565882.0,0.0,0.0,4596709.0,0.0
2026-02-10,OFM,0.0,0.0,0.0,0.0,-18182.0,0.0
2026-02-10,골프,1042636.0,464700.0,-99091.0,6391382.0,1831645.0,2823191.0
2026-02-10,남성,5182409.0,441936.0,1456727.0,8995045.0,1840239.0,8907409.0
2026-02-10,리빙,0.0,350545.0,0.0,0.0,156591.0,0.0
2026-02-10,명품,0.0,-171818.0,0.0,0.0,-1130000.0,0.0
2026-02-10,뷰티,0.0,1192200.0,0.0,0.0,1482091.0,226273.0
2026-02-10,슈즈,-43818.0,0.0,432727.0,355727.0,59727.0,514545.0
2026-02-10,스포츠,1060364.0,115545.0,414364.0,1445909.0,-19545.0,792727.0
2026-02-10,아웃도어,0.0,-27364.0,0.0,0.0,2060136.0,0.0
2026-02-10,여성,1862182.0,115182.0,862182.0,3943591.0,1996873.0,12802727.0
2026-02-10,잡화,5588700.0,58727.0,6531873.0,12668418.0,1623045.0,4145000.0
2026-02-10,키즈,0.0,-189545.0,0.0,0.0,447645.0,0.0
2026-02-11,골프,614091.0,1125491.0,707182.0,5065555.0,3187027.0,1825655.0
2026-02-11,남성,4777364.0,-8927.0,5795991.0,25356182.0,2652448.0,6827009.0
2026-02-11,리빙,0.0,767055.0,0.0,0.0,2443691.0,0.0
2026-02-11,명품,0.0,2317273.0,0.0,0.0,2781455.0,0.0
2026-02-11,뷰티,0.0,1745636.0,0.0,0.0,1554936.0,-35318.0
2026-02-11,슈즈,226182.0,252727.0,968655.0,134182.0,540273.0,0.0
2026-02-11,스포츠,-187000.0,396273.0,589364.0,593909.0,895818.0,589273.0
2026-02-11,아웃도어,0.0,976000.0,0.0,0.0,4093136.0,0.0
2026-02-11,여성,353818.0,547182.0,487364.0,17596955.0,-25236.0,8066727.0
2026-02-11,잡화,3469309.0,128091.0,3743800.0,6972982.0,623982.0,5445545.0
2026-02-11,키즈,0.0,363545.0,0.0,0.0,3028055.0,0.0
2026-02-12,골프,2105091.0,2122773.0,1116000.0,3168855.0,1941273.0,-1559727.0
2026-02-12,남성,4024891.0,364300.0,7858545.0,17260118.0,4230936.0,7136818.0
2026-02-12,리빙,0.0,308818.0,0.0,0.0,2332636.0,0.0
2026-02-12,명품,0.0,2355455.0,0.0,0.0,7780091.0,0.0
2026-02-12,뷰티,0.0,1211273.0,0.0,0.0,1371273.0,35364.0
2026-02-12,슈즈,-126818.0,252727.0,198182.0,617000.0,435136.0,99091.0
2026-02-12,스포츠,1275182.0,301000.0,230909.0,1002818.0,297909.0,-611636.0
2026-02-12,아웃도어,0.0,808955.0,0.0,0.0,3384136.0,0.0
2026-02-12,여성,2203318.0,100264.0,3439455.0,1724091.0,2006618.0,7688727.0
2026-02-12,잡화,5707600.0,98682.0,4064409.0,6675418.0,42636.0,3719573.0
2026-02-12,키즈,0.0,473109.0,0.0,0.0,1563618.0,0.0
2026-02-13,골프,421436.0,834373.0,123818.0,3312364.0,1602727.0,1750327.0
2026-02-13,남성,1574864.0,177482.0,3282182.0,10698545.0,506492.0,7916973.0
2026-02-13,리빙,0.0,396045.0,0.0,0.0,1295345.0,0.0
2026-02-13,명품,0.0,135182.0,0.0,0.0,5732455.0,0.0
2026-02-13,뷰티,0.0,633382.0,0.0,0.0,1029873.0,19091.0
2026-02-13,슈즈,0.0,212909.0,486364.0,998273.0,1088182.0,-82727.0
2026-02-13,스포츠,2115545.0,795091.0,20727.0,2574273.0,486227.0,-485636.0
2026-02-13,아웃도어,0.0,606909.0,0.0,0.0,590955.0,0.0
2026-02-13,여성,8162909.0,1136948.0,234545.0,13489864.0,2459916.0,4869000.0
2026-02-13,잡화,4797309.0,2591000.0,4403200.0,6648109.0,934636.0,2301445.0
2026-02-13,키즈,0.0,387091.0,0.0,0.0,1273827.0,0.0
2026-02-14,골프,1093909.0,394273.0,383273.0,5499964.0,2215791.0,852518.0
2026-02-14,남성,2288318.0,321545.0,3180364.0,19637518.0,1963246.0,8497509.0
2026-02-14,리빙,0.0,458182.0,0.0,0.0,543036.0,0.0
2026-02-14,명품,0.0,4025455.0,0.0,0.0,8109545.0,0.0
2026-02-14,뷰티,0.0,801709.0,0.0,0.0,1143409.0,0.0
2026-02-14,슈즈,130364.0,0.0,99091.0,322818.0,880455.0,298418.0
2026-02-14,스포츠,66455.0,92455.0,0.0,159182.0,1474227.0,-461091.0
2026-02-14,아웃도어,0.0,872000.0,0.0,0.0,1772273.0,0.0
2026-02-14,여성,3037864.0,632509.0,1087545.0,27690727.0,4035118.0,8674727.0
2026-02-14,잡화,4617327.0,108545.0,2952709.0,7789673.0,2027818.0,3083382.0
2026-02-14,키즈,0.0,499418.0,0.0,0.0,1882045.0,0.0
2026-02-15,골프,632773.0,693591.0,413364.0,7179964.0,3007809.0,2266327.0
2026-02-15,남성,4793482.0,0.0,3124000.0,34829491.0,1184135.0,14353336.0
2026-02-15,리빙,0.0,339273.0,0.0,0.0,1493527.0,0.0
2026-02-15,명품,0.0,2101273.0,0.0,0.0,6533000.0,0.0
2026-02-15,뷰티,0.0,1178036.0,0.0,0.0,887182.0,0.0
2026-02-15,슈즈,166636.0,0.0,99091.0,1336955.0,381682.0,442727.0
2026-02-15,스포츠,184636.0,493909.0,61091.0,948000.0,1146364.0,0.0
2026-02-15,아웃도어,0.0,661955.0,0.0,0.0,1048800.0,0.0
2026-02-15,여성,7910273.0,206364.0,999591.0,35570773.0,4184300.0,10066909.0
2026-02-15,잡화,3888600.0,89545.0,2630127.0,10143964.0,1087318.0,4591155.0
2026-02-15,키즈,0.0,449591.0,0.0,0.0,1599982.0,0.0
2026-02-16,골프,1396727.0,44545.0,0.0,6334664.0,4806491.0,1894182.0
2026-02-16,남성,4478073.0,514818.0,2586955.0,29393473.0,2959045.0,14889955.0
2026-02-16,리빙,0.0,863909.0,0.0,0.0,1541345.0,0.0
2026-02-16,명품,0.0,1070000.0,0.0,0.0,5973000.0,0.0
2026-02-16,뷰티,0.0,642936.0,0.0,0.0,908545.0,0.0
2026-02-16,슈즈,810727.0,189091.0,533636.0,975182.0,632227.0,369327.0
2026-02-16,스포츠,112455.0,875818.0,293636.0,1122273.0,1571091.0,270909.0
2026-02-16,아웃도어,0.0,683318.0,0.0,0.0,1593091.0,0.0
2026-02-16,여성,4897455.0,50273.0,1029091.0,36637864.0,3492018.0,9425273.0
2026-02-16,잡화,3958473.0,1046364.0,1607727.0,10168609.0,2395091.0,3657927.0
2026-02-16,키즈,0.0,21636.0,0.0,0.0,1600073.0,0.0
2026-02-17,골프,276818.0,2396900.0,130182.0,6074400.0,2977291.0,2049091.0
2026-02-17,남성,3032573.0,-153000.0,1165227.0,16097536.0,2096000.0,5844245.0
2026-02-17,리빙,0.0,274545.0,0.0,0.0,2868027.0,0.0
2026-02-17,명품,0.0,83182.0,0.0,0.0,7076591.0,0.0
2026-02-17,뷰티,0.0,1584127.0,0.0,0.0,1301455.0,0.0
2026-02-17,슈즈,81545.0,0.0,414545.0,517727.0,443373.0,251091.0
2026-02-17,스포츠,759636.0,628909.0,0.0,695727.0,910545.0,68182.0
2026-02-17,아웃도어,0.0,317818.0,0.0,0.0,2656909.0,0.0
2026-02-17,여성,1138727.0,596273.0,316909.0,16215636.0,1929527.0,4677636.0
2026-02-17,잡화,5878582.0,190045.0,1279345.0,8988364.0,2334636.0,4488873.0
2026-02-17,키즈,0.0,0.0,0.0,0.0,697591.0,0.0
2026-02-18,골프,1409491.0,2754491.0,167273.0,6983855.0,3891455.0,1622545.0
2026-02-18,남성,3688727.0,332818.0,514273.0,31212418.0,2838615.0,14923236.0
2026-02-18,리빙,0.0,551364.0,0.0,0.0,2218400.0,0.0
2026-02-18,명품,0.0,-512545.0,0.0,0.0,2443182.0,0.0
2026-02-18,뷰티,0.0,512727.0,0.0,0.0,1766400.0,45455.0
2026-02-18,슈즈,431000.0,88000.0,99091.0,1737455.0,170909.0,0.0
2026-02-18,스포츠,394091.0,177818.0,187636.0,1010273.0,1499455.0,53636.0
2026-02-18,아웃도어,0.0,574955.0,0.0,0.0,2290864.0,0.0
2026-02-18,여성,5658500.0,352909.0,432091.0,40310000.0,3577918.0,14074455.0
2026-02-18,잡화,3431673.0,154364.0,3314855.0,14073745.0,2746455.0,5981345.0
2026-02-18,키즈,0.0,936282.0,0.0,0.0,2079727.0,0.0
2026-02-19,OFM,0.0,0.0,0.0,0.0,0.0,0.0
2026-02-19,골프,1804091.0,3683827.0,0.0,3917045.0,2016445.0,2386564.0
2026-02-19,남성,3267182.0,198182.0,1528045.0,19994464.0,407175.0,9133745.0
2026-02-19,리빙,0.0,536782.0,0.0,0.0,259455.0,0.0
2026-02-19,명품,0.0,753636.0,0.0,0.0,-13207727.0,0.0
2026-02-19,뷰티,0.0,687491.0,16818.0,0.0,1676609.0,0.0
2026-02-19,슈즈,0.0,0.0,531818.0,465727.0,828000.0,198182.0
2026-02-19,스포츠,27455.0,686091.0,0.0,298818.0,426227.0,181091.0
2026-02-19,아웃도어,0.0,437591.0,0.0,0.0,673273.0,0.0
2026-02-19,여성,634318.0,638000.0,829636.0,14965091.0,4062455.0,5804091.0
2026-02-19,잡화,4614891.0,99455.0,3002182.0,14430945.0,135955.0,4016973.0
2026-02-19,키즈,0.0,1460582.0,0.0,0.0,3943173.0,0.0
2026-02-20,골프,-72727.0,735973.0,740882.0,3564573.0,2279936.0,686545.0
2026-02-20,남성,2909545.0,-57455.0,180818.0,15854227.0,1873579.0,16224482.0
2026-02-20,리빙,0.0,290355.0,0.0,0.0,4531909.0,0.0
2026-02-20,명품,0.0,1917091.0,0.0,0.0,-1725682.0,0.0
2026-02-20,뷰티,0.0,608364.0,112636.0,0.0,767364.0,56818.0
2026-02-20,슈즈,744636.0,189091.0,657273.0,672182.0,745818.0,190000.0
2026-02-20,스포츠,449909.0,284455.0,-230909.0,225818.0,1395727.0,338182.0
2026-02-20,아웃도어,0.0,113455.0,0.0,0.0,-69591.0,0.0
2026-02-20,여성,3393182.0,555691.0,1275045.0,38727455.0,1188945.0,11398273.0
2026-02-20,잡화,3417655.0,21382.0,4123255.0,9038527.0,1995591.0,4311464.0
2026-02-20,키즈,0.0,686673.0,0.0,0.0,3553654.0,0.0
2026-02-21,골프,657091.0,416818.0,-266409.0,10644664.0,6437264.0,3048027.0
2026-02-21,남성,7587682.0,375927.0,3862273.0,27580200.0,4609548.0,15483064.0
2026-02-21,리빙,0.0,1170091.0,0.0,0.0,2475145.0,0.0
2026-02-21,명품,0.0,1342091.0,0.0,0.0,13914318.0,0.0
2026-02-21,뷰티,0.0,948436.0,0.0,0.0,912132.0,73182.0
2026-02-21,슈즈,730455.0,0.0,711145.0,180364.0,1162136.0,812727.0
2026-02-21,스포츠,17636.0,955636.0,519273.0,735091.0,2011827.0,180000.0
2026-02-21,아웃도어,0.0,733273.0,0.0,0.0,2736227.0,0.0
2026-02-21,여성,1227000.0,302918.0,2026545.0,36125818.0,5032345.0,6918500.0
2026-02-21,잡화,3028945.0,135455.0,4088327.0,10076664.0,2067727.0,7560327.0
2026-02-21,키즈,0.0,473700.0,0.0,0.0,5497903.0,0.0
2026-02-22,골프,951364.0,1838927.0,367455.0,8494082.0,5547745.0,2880227.0
2026-02-22,남성,5466682.0,1226755.0,6541364.0,46301982.0,5590403.0,26877255.0
2026-02-22,리빙,0.0,482436.0,0.0,0.0,3485273.0,0.0
2026-02-22,명품,0.0,619091.0,0.0,0.0,8948909.0,0.0
2026-02-22,뷰티,0.0,579155.0,105455.0,0.0,995636.0,29727.0
2026-02-22,슈즈,469545.0,397273.0,1272909.0,1865909.0,1192909.0,-153636.0
2026-02-22,스포츠,857909.0,802818.0,99091.0,811000.0,3215545.0,1368455.0
2026-02-22,아웃도어,0.0,499636.0,0.0,0.0,2986773.0,0.0
2026-02-22,여성,6790455.0,203545.0,1251000.0,62504091.0,4893382.0,26938455.0
2026-02-22,잡화,3952800.0,49300.0,5400118.0,11040482.0,1415755.0,7983418.0
2026-02-22,키즈,0.0,756955.0,0.0,0.0,7067718.0,0.0
2026-02-23,OFM,0.0,55455.0,0.0,0.0,19091.0,0.0
2026-02-23,골프,672164.0,1510473.0,484545.0,1912818.0,1654264.0,1385200.0
2026-02-23,남성,3576918.0,84000.0,1365455.0,18819645.0,2122991.0,18904336.0
2026-02-23,리빙,0.0,1289091.0,0.0,0.0,2178409.0,0.0
2026-02-23,명품,0.0,2984545.0,0.0,0.0,63364.0,0.0
2026-02-23,뷰티,0.0,789727.0,0.0,0.0,1214309.0,83909.0
2026-02-23,슈즈,-595818.0,393527.0,980909.0,942000.0,-316182.0,399809.0
2026-02-23,스포츠,344000.0,1071455.0,68182.0,525000.0,2249955.0,1269091.0
2026-02-23,아웃도어,0.0,756364.0,0.0,0.0,865273.0,0.0
2026-02-23,여성,993727.0,454564.0,1988818.0,12607182.0,1028691.0,-1122455.0
2026-02-23,잡화,2290727.0,26182.0,3310682.0,7887655.0,2503600.0,6299336.0
2026-02-23,키즈,0.0,437791.0,0.0,0.0,2964783.0,0.0
2026-02-24,OFM,0.0,0.0,0.0,0.0,54545.0,0.0
2026-02-24,골프,308400.0,1509745.0,667727.0,2972191.0,4237482.0,-140873.0
2026-02-24,남성,6477591.0,357455.0,3428409.0,5440364.0,-930682.0,8194791.0
2026-02-24,리빙,0.0,681818.0,0.0,0.0,1976864.0,0.0
2026-02-24,명품,0.0,1902727.0,0.0,0.0,5823636.0,0.0
2026-02-24,뷰티,0.0,1109673.0,0.0,0.0,459800.0,0.0
2026-02-24,슈즈,228636.0,0.0,321818.0,-277591.0,295227.0,-10000.0
2026-02-24,스포츠,183909.0,334727.0,180000.0,1232818.0,3629318.0,469273.0
2026-02-24,아웃도어,0.0,-154273.0,0.0,0.0,977545.0,0.0
2026-02-24,여성,1966500.0,-349273.0,1347000.0,-3930136.0,2631991.0,1812273.0
2026-02-24,잡화,2361364.0,197273.0,2574018.0,7198300.0,3274927.0,5897700.0
2026-02-24,키즈,0.0,233736.0,0.0,0.0,1963327.0,0.0
2026-02-25,OFM,0.0,55455.0,0.0,0.0,0.0,0.0
2026-02-25,골프,1168818.0,3042318.0,1251818.0,6708573.0,2681345.0,327164.0
2026-02-25,남성,4049191.0,682455.0,5672982.0,13849018.0,2023427.0,7679255.0
2026-02-25,리빙,0.0,1270345.0,0.0,0.0,515345.0,0.0
2026-02-25,명품,0.0,3553545.0,0.0,0.0,6091955.0,0.0
2026-02-25,뷰티,0.0,733127.0,0.0,0.0,890164.0,0.0
2026-02-25,슈즈,199545.0,131818.0,284364.0,-212864.0,1411955.0,692964.0
2026-02-25,스포츠,181182.0,281091.0,551091.0,293273.0,8587091.0,501818.0
2026-02-25,아웃도어,0.0,4455.0,0.0,0.0,3599682.0,0.0
2026-02-25,여성,5476091.0,-550982.0,2014273.0,3879836.0,-1683518.0,10807455.0
2026-02-25,잡화,4407164.0,300091.0,4707473.0,5717945.0,-293909.0,3499073.0
2026-02-25,키즈,0.0,316927.0,0.0,0.0,1471464.0,0.0
2026-02-26,OFM,0.0,-55455.0,0.0,0.0,0.0,0.0
2026-02-26,골프,495291.0,991127.0,722273.0,5768645.0,3249700.0,1708918.0
2026-02-26,남성,4898391.0,440818.0,5389409.0,22992964.0,68382.0,16464991.0
2026-02-26,리빙,0.0,1411182.0,0.0,0.0,2057291.0,0.0
2026-02-26,명품,0.0,765091.0,0.0,0.0,6608455.0,0.0
2026-02-26,뷰티,0.0,1203909.0,0.0,0.0,2394073.0,34455.0
2026-02-26,슈즈,48909.0,0.0,656364.0,1205818.0,-406045.0,992727.0
2026-02-26,스포츠,715727.0,971636.0,77273.0,1052818.0,2743909.0,285818.0
2026-02-26,아웃도어,0.0,383227.0,0.0,0.0,2605864.0,0.0
2026-02-26,여성,3627818.0,800582.0,522364.0,8598609.0,4391664.0,12351273.0
2026-02-26,잡화,1985000.0,-923455.0,5553027.0,5553009.0,693773.0,3950482.0
2026-02-26,키즈,0.0,483636.0,0.0,0.0,1275900.0,0.0
2026-02-27,골프,1107382.0,161909.0,511455.0,6771055.0,4425600.0,1518964.0
2026-02-27,남성,726827.0,172273.0,364000.0,15357809.0,4525506.0,12108400.0
2026-02-27,리빙,0.0,361455.0,0.0,0.0,1727836.0,0.0
2026-02-27,명품,0.0,1743636.0,0.0,0.0,2981182.0,0.0
2026-02-27,뷰티,0.0,712373.0,0.0,0.0,958564.0,36727.0
2026-02-27,슈즈,-58455.0,0.0,919091.0,-399455.0,41427.0,379091.0
2026-02-27,스포츠,173455.0,849727.0,504545.0,706364.0,26864.0,548182.0
2026-02-27,아웃도어,0.0,26682.0,0.0,0.0,7338364.0,0.0
2026-02-27,여성,2676909.0,24909.0,500455.0,23383291.0,1388818.0,4692909.0
2026-02-27,잡화,4508509.0,88364.0,3828618.0,7443900.0,1099636.0,4392373.0
2026-02-27,키즈,0.0,43900.0,0.0,0.0,1375155.0,0.0
2026-02-28,골프,2195182.0,1677818.0,640000.0,7343300.0,4821482.0,2076182.0
2026-02-28,남성,6000482.0,706527.0,4160318.0,35485973.0,2486082.0,26823827.0
2026-02-28,리빙,0.0,159164.0,0.0,0.0,1324545.0,0.0
2026-02-28,명품,0.0,4751818.0,0.0,0.0,9232545.0,0.0
2026-02-28,뷰티,0.0,580682.0,24000.0,0.0,802182.0,0.0
2026-02-28,슈즈,509727.0,468636.0,673636.0,583818.0,466891.0,305455.0
2026-02-28,스포츠,32182.0,690000.0,0.0,836545.0,1413182.0,157273.0
2026-02-28,아웃도어,0.0,217000.0,0.0,0.0,2038091.0,0.0
2026-02-28,여성,6214818.0,456909.0,3437636.0,37402255.0,6484736.0,18302818.0
2026-02-28,잡화,3274873.0,212182.0,3242455.0,6944500.0,2097436.0,4118982.0
2026-02-28,키즈,0.0,592727.0,0.0,0.0,4019673.0,0.0
2026-03-01,OFM,0.0,0.0,0.0,0.0,37273.0,0.0
2026-03-01,골프,2474200.0,708700.0,1661636.0,8845636.0,5223691.0,4980727.0
2026-03-01,남성,6759736.0,1133791.0,2612000.0,38965136.0,3375064.0,27148064.0
2026-03-01,리빙,0.0,252727.0,0.0,0.0,1408273.0,0.0
2026-03-01,명품,0.0,951000.0,0.0,0.0,13520045.0,0.0
2026-03-01,뷰티,0.0,483527.0,78000.0,0.0,1378032.0,24000.0
2026-03-01,슈즈,429545.0,-45909.0,1081818.0,892818.0,723727.0,576545.0
2026-03-01,스포츠,311909.0,293545.0,561818.0,1799818.0,1647209.0,383636.0
2026-03-01,아웃도어,0.0,509318.0,0.0,0.0,3415636.0,0.0
2026-03-01,여성,6993364.0,1020591.0,545182.0,56288509.0,6282009.0,20355273.0
2026-03-01,잡화,3649145.0,246691.0,3464364.0,9091564.0,1838000.0,5622427.0
2026-03-01,키즈,0.0,410045.0,0.0,0.0,2984073.0,0.0
2026-03-02,골프,723182.0,2003182.0,445455.0,9607791.0,6507082.0,4819127.0
2026-03-02,남성,9181955.0,148155.0,5657036.0,45178891.0,5209691.0,27583027.0
2026-03-02,리빙,0.0,446909.0,0.0,0.0,2903709.0,0.0
2026-03-02,명품,0.0,1667273.0,0.0,0.0,14690455.0,0.0
2026-03-02,뷰티,0.0,578545.0,0.0,0.0,740400.0,15455.0
2026-03-02,슈즈,163545.0,0.0,1441818.0,164818.0,1046136.0,333636.0
2026-03-02,스포츠,317091.0,1221136.0,342636.0,385273.0,2745727.0,153636.0
2026-03-02,아웃도어,0.0,1116727.0,0.0,0.0,3287818.0,0.0
2026-03-02,여성,4690636.0,205855.0,667364.0,36394636.0,9394191.0,19226545.0
2026-03-02,잡화,4300709.0,794545.0,3015964.0,13606564.0,1603364.0,4848964.0
2026-03-02,키즈,0.0,367636.0,0.0,0.0,2624573.0,0.0
2026-03-03,골프,1699818.0,2464282.0,855327.0,4015136.0,3960145.0,1771636.0
2026-03-03,남성,2151218.0,388364.0,256955.0,21283909.0,3334873.0,16313655.0
2026-03-03,리빙,0.0,2049727.0,0.0,0.0,620818.0,0.0
2026-03-03,명품,0.0,1163091.0,0.0,0.0,5094591.0,0.0
2026-03-03,뷰티,0.0,1279518.0,0.0,0.0,1221391.0,72727.0
2026-03-03,슈즈,364091.0,0.0,858545.0,458545.0,1374636.0,632727.0
2026-03-03,스포츠,344273.0,933545.0,151091.0,1373909.0,2665500.0,0.0
2026-03-03,아웃도어,0.0,-186818.0,0.0,0.0,2243273.0,0.0
2026-03-03,여성,5172545.0,357273.0,-1015818.0,16448455.0,600064.0,3278136.0
2026-03-03,잡화,1846618.0,0.0,2721364.0,10269709.0,-713436.0,6631227.0
2026-03-03,키즈,0.0,515318.0,0.0,0.0,3136391.0,0.0
2026-03-04,골프,1789200.0,1181873.0,-304727.0,2747491.0,1511282.0,3421036.0
2026-03-04,남성,3773318.0,345091.0,7282818.0,30213418.0,3107582.0,15295155.0
2026-03-04,리빙,0.0,329182.0,0.0,0.0,1697736.0,0.0
2026-03-04,명품,0.0,287545.0,0.0,0.0,6068273.0,0.0
2026-03-04,뷰티,0.0,685427.0,36727.0,0.0,998518.0,12727.0
2026-03-04,슈즈,87000.0,0.0,1143636.0,972091.0,1245636.0,730000.0
2026-03-04,스포츠,249818.0,1432409.0,161818.0,1106955.0,2184373.0,-4364.0
2026-03-04,아웃도어,0.0,-216591.0,0.0,0.0,1049182.0,0.0
2026-03-04,여성,1089727.0,-258000.0,166455.0,19297564.0,1896509.0,8464545.0
2026-03-04,잡화,3281218.0,53636.0,2124764.0,7638782.0,593409.0,6002082.0
2026-03-04,키즈,0.0,771718.0,0.0,0.0,3196182.0,0.0
2026-03-05,OFM,0.0,37273.0,0.0,0.0,0.0,0.0
2026-03-05,골프,1028000.0,877091.0,0.0,9532100.0,1535418.0,-441945.0
2026-03-05,남성,6309964.0,256700.0,161409.0,18799645.0,5637455.0,12993273.0
2026-03-05,리빙,0.0,486273.0,0.0,0.0,3003682.0,0.0
2026-03-05,명품,0.0,1236000.0,0.0,0.0,2516364.0,0.0
2026-03-05,뷰티,0.0,183273.0,0.0,0.0,325618.0,48000.0
2026-03-05,슈즈,167182.0,300955.0,178182.0,1067727.0,347455.0,163909.0
2026-03-05,스포츠,490591.0,1122909.0,0.0,1063545.0,1471382.0,288182.0
2026-03-05,아웃도어,0.0,78818.0,0.0,0.0,1225727.0,0.0
2026-03-05,여성,1490955.0,87200.0,229727.0,16802618.0,3137336.0,-2580364.0
2026-03-05,잡화,4206582.0,318391.0,2752427.0,6795418.0,1161845.0,3877036.0
2026-03-05,키즈,0.0,53727.0,0.0,0.0,2559945.0,0.0
2026-03-06,골프,1252300.0,2228655.0,-314000.0,4789182.0,5290273.0,2882727.0
2026-03-06,남성,1117473.0,532509.0,2247273.0,18837573.0,773864.0,10764045.0
2026-03-06,리빙,0.0,-414727.0,0.0,0.0,1791909.0,0.0
2026-03-06,명품,0.0,2707018.0,0.0,0.0,13103818.0,0.0
2026-03-06,뷰티,0.0,478127.0,0.0,0.0,1451291.0,0.0
2026-03-06,슈즈,-296000.0,0.0,150909.0,1273000.0,917818.0,342727.0
2026-03-06,스포츠,313909.0,310364.0,790000.0,1403273.0,902364.0,111818.0
2026-03-06,아웃도어,0.0,179636.0,0.0,0.0,843591.0,0.0
2026-03-06,여성,-2274836.0,465182.0,-444727.0,27886500.0,3148900.0,10534273.0
2026-03-06,잡화,4239491.0,131818.0,2366164.0,7981745.0,55773.0,3179327.0
2026-03-06,키즈,0.0,-288473.0,0.0,0.0,4957732.0,0.0
2026-03-07,골프,1707309.0,1386227.0,232000.0,11435373.0,5640709.0,-300145.0
2026-03-07,남성,6722991.0,253182.0,5640600.0,31575482.0,4356364.0,25367936.0
2026-03-07,리빙,0.0,318636.0,0.0,0.0,1033909.0,0.0
2026-03-07,명품,0.0,3361909.0,0.0,0.0,13849864.0,0.0
2026-03-07,뷰티,0.0,654636.0,41818.0,0.0,2350482.0,16818.0
2026-03-07,슈즈,441409.0,289455.0,234545.0,2445527.0,1390455.0,924545.0
2026-03-07,스포츠,215682.0,1244727.0,292727.0,2559182.0,3315318.0,1318227.0
2026-03-07,아웃도어,0.0,135455.0,0.0,0.0,1737636.0,0.0
2026-03-07,여성,5145136.0,847000.0,-1211000.0,44951627.0,3607909.0,21199273.0
2026-03-07,잡화,3762764.0,1001364.0,1348764.0,9162309.0,1404773.0,5991055.0
2026-03-07,키즈,0.0,593664.0,0.0,0.0,6881355.0,0.0
2026-03-08,골프,847227.0,2341455.0,777455.0,14533545.0,9368073.0,2913936.0
2026-03-08,남성,6118145.0,333273.0,3744118.0,56468827.0,7873255.0,22026964.0
2026-03-08,리빙,0.0,292000.0,0.0,0.0,3575500.0,0.0
2026-03-08,명품,0.0,1516727.0,0.0,0.0,8054091.0,0.0
2026-03-08,뷰티,0.0,804555.0,0.0,0.0,861891.0,0.0
2026-03-08,슈즈,649909.0,0.0,180000.0,471000.0,1050473.0,714545.0
2026-03-08,스포츠,357182.0,1187182.0,221818.0,1643364.0,3357773.0,580909.0
2026-03-08,아웃도어,0.0,221000.0,0.0,0.0,1832818.0,0.0
2026-03-08,여성,7585318.0,166409.0,3620273.0,68867136.0,8945200.0,27223364.0
2026-03-08,잡화,3746673.0,27364.0,3069755.0,16782545.0,14012591.0,7044855.0
2026-03-08,키즈,0.0,411264.0,0.0,0.0,6392855.0,0.0
2026-03-09,골프,1252782.0,1475600.0,-5273.0,5175755.0,4022127.0,777000.0
2026-03-09,남성,3039818.0,348000.0,-4727.0,21853627.0,2531791.0,5535382.0
2026-03-09,리빙,0.0,566636.0,0.0,0.0,1845664.0,0.0
2026-03-09,명품,0.0,2297364.0,0.0,0.0,1468636.0,0.0
2026-03-09,뷰티,0.0,731891.0,0.0,0.0,933945.0,0.0
2026-03-09,슈즈,261455.0,152727.0,540909.0,1549455.0,521909.0,-514782.0
2026-03-09,스포츠,457364.0,665091.0,390909.0,318318.0,1961409.0,393409.0
2026-03-09,아웃도어,0.0,565727.0,0.0,0.0,1492045.0,0.0
2026-03-09,여성,7524345.0,-527082.0,1452273.0,22091345.0,-1495536.0,5475455.0
2026-03-09,잡화,3616964.0,-51455.0,1597618.0,6198127.0,1900527.0,3497409.0
2026-03-09,키즈,0.0,1483527.0,0.0,0.0,3175164.0,0.0
2026-03-10,골프,-713855.0,1813945.0,482727.0,3737536.0,3023745.0,-1069409.0
2026-03-10,남성,2909736.0,699818.0,2409355.0,16148145.0,2258618.0,5798545.0
2026-03-10,리빙,0.0,324636.0,0.0,0.0,504818.0,0.0
2026-03-10,명품,0.0,-762000.0,0.0,0.0,3366182.0,0.0
2026-03-10,뷰티,0.0,993218.0,0.0,0.0,1563055.0,50455.0
2026-03-10,슈즈,154000.0,41427.0,566455.0,-270864.0,156045.0,143636.0
2026-03-10,스포츠,244818.0,468273.0,346364.0,373455.0,578045.0,884545.0
2026-03-10,아웃도어,0.0,270545.0,0.0,0.0,-71591.0,0.0
2026-03-10,여성,6986273.0,347500.0,2037727.0,16551464.0,2227073.0,7679273.0
2026-03-10,잡화,4250873.0,0.0,2808136.0,4315164.0,3435227.0,4208718.0
2026-03-10,키즈,0.0,1686991.0,0.0,0.0,5196795.0,0.0
2026-03-11,골프,2653745.0,830455.0,81545.0,2597718.0,4040827.0,1629500.0
2026-03-11,남성,6963391.0,357545.0,23327.0,15310355.0,1172527.0,3949309.0
2026-03-11,리빙,0.0,130818.0,0.0,0.0,1651909.0,0.0
2026-03-11,명품,0.0,2464545.0,0.0,0.0,-899091.0,0.0
2026-03-11,뷰티,0.0,1115400.0,0.0,0.0,883273.0,12727.0
2026-03-11,슈즈,480727.0,-72000.0,350909.0,690636.0,990436.0,206364.0
2026-03-11,스포츠,572773.0,-81091.0,422727.0,1163545.0,4195818.0,1264545.0
2026-03-11,아웃도어,0.0,22000.0,0.0,0.0,1676818.0,0.0
2026-03-11,여성,7157591.0,379891.0,2564545.0,16457282.0,2921455.0,2158182.0
2026-03-11,잡화,3874691.0,138527.0,3820473.0,8600818.0,4136245.0,3936164.0
2026-03-11,키즈,0.0,835418.0,0.0,0.0,288223.0,0.0
2026-03-12,골프,1718182.0,985845.0,367455.0,5608200.0,4038745.0,1096109.0
2026-03-12,남성,7176827.0,1420664.0,2919682.0,24771564.0,1680073.0,3114255.0
2026-03-12,리빙,0.0,222182.0,0.0,0.0,1028945.0,0.0
2026-03-12,명품,0.0,2904727.0,0.0,0.0,3816636.0,0.0
2026-03-12,뷰티,0.0,1075255.0,0.0,0.0,1341209.0,58636.0
2026-03-12,슈즈,500545.0,0.0,602727.0,1371364.0,663909.0,-153636.0
2026-03-12,스포츠,735909.0,260455.0,99091.0,1383409.0,1111364.0,1006364.0
2026-03-12,아웃도어,0.0,119091.0,0.0,0.0,1769273.0,0.0
2026-03-12,여성,4011691.0,244045.0,1431182.0,26354955.0,1978073.0,-597273.0
2026-03-12,잡화,5252127.0,-258273.0,1957327.0,8123636.0,1059545.0,5348836.0
2026-03-12,키즈,0.0,1142791.0,0.0,0.0,3256255.0,0.0
2026-03-13,골프,5090455.0,669036.0,1306909.0,4614045.0,3574091.0,830455.0
2026-03-13,남성,7399673.0,704455.0,2810355.0,25309355.0,687900.0,3370682.0
2026-03-13,리빙,0.0,486818.0,0.0,0.0,1545945.0,0.0
2026-03-13,명품,0.0,2723273.0,0.0,0.0,9984091.0,0.0
2026-03-13,뷰티,0.0,704727.0,25000.0,0.0,603955.0,0.0
2026-03-13,슈즈,256845.0,152727.0,657273.0,407600.0,1591500.0,813727.0
2026-03-13,스포츠,533091.0,479364.0,193636.0,927000.0,5313182.0,481818.0
2026-03-13,아웃도어,0.0,397364.0,0.0,0.0,3765773.0,0.0
2026-03-13,여성,3923455.0,640864.0,-1022545.0,32610500.0,1543485.0,1952000.0
2026-03-13,잡화,4798691.0,130255.0,2075436.0,5923473.0,2321518.0,4028536.0
2026-03-13,키즈,0.0,651191.0,0.0,0.0,1810518.0,0.0
2026-03-14,골프,1655409.0,1176718.0,895327.0,9676091.0,5509945.0,2419636.0
2026-03-14,남성,9254636.0,822273.0,3439891.0,46136073.0,3913164.0,10462582.0
2026-03-14,리빙,0.0,587564.0,0.0,0.0,1876564.0,0.0
2026-03-14,명품,0.0,1457273.0,0.0,0.0,7052091.0,0.0
2026-03-14,뷰티,0.0,704100.0,0.0,0.0,925300.0,12727.0
2026-03-14,슈즈,183273.0,-22227.0,468182.0,1258118.0,1813182.0,504545.0
2026-03-14,스포츠,794636.0,673636.0,0.0,1408182.0,1866864.0,575636.0
2026-03-14,아웃도어,0.0,438636.0,0.0,0.0,2040636.0,0.0
2026-03-14,여성,6079955.0,192091.0,801864.0,45280009.0,3645700.0,8540682.0
2026-03-14,잡화,2590945.0,909091.0,2849564.0,8816582.0,4943091.0,5153482.0
2026-03-14,키즈,0.0,0.0,0.0,0.0,1700664.0,0.0
2026-03-15,OFM,0.0,0.0,0.0,0.0,67273.0,0.0
2026-03-15,골프,2392655.0,860145.0,327273.0,12931282.0,8511827.0,4072345.0
2026-03-15,남성,8921364.0,430000.0,4524345.0,47495391.0,6768900.0,14100673.0
2026-03-15,리빙,0.0,1011200.0,0.0,0.0,1420818.0,0.0
2026-03-15,명품,0.0,1203455.0,0.0,0.0,13804182.0,0.0
2026-03-15,뷰티,0.0,663545.0,39091.0,0.0,1248232.0,41273.0
2026-03-15,슈즈,486145.0,432727.0,143636.0,1901264.0,1507773.0,766364.0
2026-03-15,스포츠,448000.0,352455.0,496364.0,1272182.0,1616245.0,938455.0
2026-03-15,아웃도어,0.0,269727.0,0.0,0.0,1922282.0,0.0
2026-03-15,여성,10393136.0,735055.0,316909.0,70307164.0,2334255.0,15314773.0
2026-03-15,잡화,5123945.0,319755.0,2727036.0,13529727.0,4715755.0,6278155.0
2026-03-15,키즈,0.0,398818.0,0.0,0.0,1461573.0,0.0
2026-03-16,OFM,0.0,-55455.0,0.0,0.0,0.0,0.0
2026-03-16,골프,3679691.0,1530545.0,500000.0,7569336.0,7018982.0,1573109.0
2026-03-16,남성,5874300.0,-30691.0,1623764.0,25049482.0,3562455.0,10831200.0
2026-03-16,리빙,0.0,251182.0,0.0,0.0,2230618.0,0.0
2026-03-16,명품,0.0,18091.0,0.0,0.0,4451545.0,0.0
2026-03-16,뷰티,0.0,511655.0,0.0,0.0,2097250.0,15455.0
2026-03-16,슈즈,32364.0,432727.0,558182.0,1113664.0,828164.0,736591.0
2026-03-16,스포츠,483636.0,989636.0,691818.0,684091.0,1927909.0,121818.0
2026-03-16,아웃도어,0.0,621364.0,0.0,0.0,1164136.0,0.0
2026-03-16,여성,2030318.0,666155.0,-85273.0,12695273.0,2029709.0,-3983818.0
2026-03-16,잡화,4232073.0,-373255.0,3813009.0,11251491.0,230682.0,5295745.0
2026-03-16,키즈,0.0,723591.0,0.0,0.0,724382.0,0.0
2026-03-17,OFM,0.0,0.0,0.0,0.0,-54545.0,0.0
2026-03-17,골프,740636.0,1112336.0,130182.0,7421173.0,8791045.0,2479091.0
2026-03-17,남성,6871073.0,865500.0,569809.0,19940773.0,2245955.0,16082036.0
2026-03-17,리빙,0.0,2014745.0,0.0,0.0,915909.0,0.0
2026-03-17,명품,0.0,2323636.0,0.0,0.0,7833091.0,0.0
2026-03-17,뷰티,0.0,771545.0,0.0,0.0,911345.0,0.0
2026-03-17,슈즈,1185182.0,211909.0,71818.0,1877455.0,195273.0,-154545.0
2026-03-17,스포츠,-39727.0,-33364.0,243636.0,168636.0,394073.0,392727.0
2026-03-17,아웃도어,0.0,591727.0,0.0,0.0,598591.0,0.0
2026-03-17,여성,2996700.0,238727.0,1313091.0,14360627.0,2101736.0,3712682.0
2026-03-17,잡화,4160145.0,188091.0,2596500.0,6668036.0,588973.0,3101318.0
2026-03-17,키즈,0.0,618718.0,0.0,0.0,552532.0,0.0
2026-03-18,골프,202455.0,2367709.0,369273.0,7334100.0,8880982.0,1221927.0
2026-03-18,남성,6200809.0,98600.0,5326318.0,32143536.0,3956264.0,12497182.0
2026-03-18,리빙,0.0,-33545.0,0.0,0.0,1909091.0,0.0
2026-03-18,명품,0.0,681727.0,0.0,0.0,1404727.0,0.0
2026-03-18,뷰티,0.0,583000.0,0.0,0.0,1613618.0,84545.0
2026-03-18,슈즈,47273.0,475455.0,369091.0,654818.0,660018.0,44545.0
2026-03-18,스포츠,120636.0,323909.0,0.0,1090118.0,1602273.0,410364.0
2026-03-18,아웃도어,0.0,745182.0,0.0,0.0,1948364.0,0.0
2026-03-18,여성,7847000.0,235409.0,-311818.0,17688573.0,4701927.0,3965818.0
2026-03-18,잡화,4367018.0,104473.0,4798418.0,8372436.0,1918500.0,3019145.0
2026-03-18,키즈,0.0,147718.0,0.0,0.0,2036073.0,0.0
2026-03-19,골프,822591.0,4769427.0,171818.0,5092718.0,7431664.0,1807773.0
2026-03-19,남성,7055318.0,622182.0,2713436.0,22055636.0,2212464.0,5958736.0
2026-03-19,리빙,0.0,2488273.0,0.0,0.0,1558191.0,0.0
2026-03-19,명품,0.0,986364.0,0.0,0.0,-2745545.0,0.0
2026-03-19,뷰티,0.0,749791.0,0.0,0.0,2197218.0,53636.0
2026-03-19,슈즈,311455.0,90818.0,945455.0,1069273.0,631773.0,688409.0
2026-03-19,스포츠,776455.0,785455.0,280364.0,981909.0,3762636.0,-410000.0
2026-03-19,아웃도어,0.0,115000.0,0.0,0.0,2231191.0,0.0
2026-03-19,여성,3396091.0,127109.0,835000.0,8466727.0,2978909.0,2484045.0
2026-03-19,잡화,3369364.0,335591.0,2725900.0,7198855.0,3271500.0,5183945.0
2026-03-19,키즈,0.0,1029755.0,0.0,0.0,3698391.0,0.0
2026-03-20,골프,-140100.0,2313882.0,763918.0,3129018.0,6531009.0,2498009.0
2026-03-20,남성,4672418.0,102545.0,3392073.0,17666818.0,2058000.0,9458582.0
2026-03-20,리빙,0.0,966636.0,0.0,0.0,1417909.0,0.0
2026-03-20,명품,0.0,266364.0,0.0,0.0,7368455.0,0.0
2026-03-20,뷰티,0.0,1339273.0,0.0,0.0,1109855.0,34000.0
2026-03-20,슈즈,386909.0,82091.0,414545.0,235391.0,945727.0,90000.0
2026-03-20,스포츠,157818.0,605545.0,410909.0,864727.0,551182.0,342727.0
2026-03-20,아웃도어,0.0,338091.0,0.0,0.0,69727.0,0.0
2026-03-20,여성,6275909.0,-455818.0,-452727.0,12472755.0,1619409.0,3082273.0
2026-03-20,잡화,2838636.0,347409.0,1902427.0,5857945.0,1011664.0,5066173.0
2026-03-20,키즈,0.0,380918.0,0.0,0.0,2325509.0,0.0
2026-03-21,골프,1006164.0,1099182.0,690000.0,7104527.0,10261282.0,1521964.0
2026-03-21,남성,8513182.0,1370091.0,2863500.0,29640027.0,5957636.0,14799609.0
2026-03-21,리빙,0.0,415545.0,0.0,0.0,1903091.0,0.0
2026-03-21,명품,0.0,2034109.0,0.0,0.0,6346364.0,0.0
2026-03-21,뷰티,0.0,879591.0,104545.0,0.0,811464.0,111818.0
2026-03-21,슈즈,676391.0,0.0,90000.0,1932118.0,591864.0,1262545.0
2026-03-21,스포츠,489482.0,116227.0,126364.0,1370273.0,1262682.0,210909.0
2026-03-21,아웃도어,0.0,1179727.0,0.0,0.0,2124773.0,0.0
2026-03-21,여성,1968400.0,951055.0,1167364.0,25186755.0,4846164.0,7622182.0
2026-03-21,잡화,1624800.0,225609.0,1820855.0,5936436.0,1120082.0,1816364.0
2026-03-21,키즈,0.0,412836.0,0.0,0.0,4062645.0,0.0
2026-03-22,골프,2001573.0,1846009.0,657636.0,11627118.0,9738336.0,2691427.0
2026-03-22,남성,13910036.0,971464.0,5229036.0,54098773.0,5456564.0,26230909.0
2026-03-22,리빙,0.0,-628364.0,0.0,0.0,1785445.0,0.0
2026-03-22,명품,0.0,851364.0,0.0,0.0,12013000.0,0.0
2026-03-22,뷰티,0.0,960564.0,0.0,0.0,1610809.0,0.0
2026-03-22,슈즈,779664.0,0.0,451818.0,841273.0,1111273.0,234545.0
2026-03-22,스포츠,687364.0,507727.0,180000.0,1515273.0,2486818.0,564545.0
2026-03-22,아웃도어,0.0,739273.0,0.0,0.0,3154273.0,0.0
2026-03-22,여성,11078800.0,543455.0,699273.0,50633973.0,4930955.0,13557136.0
2026-03-22,잡화,3408964.0,401773.0,2405055.0,10188645.0,2578409.0,7853645.0
2026-03-22,키즈,0.0,918664.0,0.0,0.0,3358909.0,0.0
2026-03-23,골프,1319536.0,691418.0,-14545.0,3769136.0,7780155.0,1500055.0
2026-03-23,남성,2466055.0,168909.0,2811045.0,19453691.0,3910455.0,8837155.0
2026-03-23,리빙,0.0,-36455.0,0.0,0.0,2914018.0,0.0
2026-03-23,명품,0.0,1920364.0,0.0,0.0,5039909.0,0.0
2026-03-23,뷰티,0.0,850773.0,17000.0,0.0,685391.0,0.0
2026-03-23,슈즈,-36455.0,127273.0,350909.0,620964.0,238818.0,270000.0
2026-03-23,스포츠,377455.0,488455.0,554545.0,593091.0,671727.0,432727.0
2026-03-23,아웃도어,0.0,155273.0,0.0,0.0,1104591.0,0.0
2026-03-23,여성,3037418.0,365227.0,-456636.0,15562682.0,-101500.0,4282273.0
2026-03-23,잡화,3139600.0,245455.0,2488073.0,9315055.0,558936.0,5866127.0
2026-03-23,키즈,0.0,528036.0,0.0,0.0,2944109.0,0.0
2026-03-24,OFM,0.0,0.0,0.0,0.0,55455.0,0.0
2026-03-24,골프,1151182.0,1153882.0,449691.0,8342255.0,3103682.0,410945.0
2026-03-24,남성,3872400.0,269091.0,2853036.0,19346845.0,1833864.0,9453400.0
2026-03-24,리빙,0.0,117364.0,0.0,0.0,1057364.0,0.0
2026-03-24,명품,0.0,2553909.0,0.0,0.0,7362727.0,0.0
2026-03-24,뷰티,0.0,1401909.0,0.0,0.0,837800.0,25000.0
2026-03-24,슈즈,497909.0,49882.0,440909.0,-36864.0,291091.0,-912000.0
2026-03-24,스포츠,1276909.0,174545.0,374545.0,846727.0,2219636.0,310000.0
2026-03-24,아웃도어,0.0,109455.0,0.0,0.0,1132045.0,0.0
2026-03-24,여성,3591727.0,37227.0,829182.0,10339236.0,5165118.0,5101818.0
2026-03-24,잡화,5315018.0,432536.0,2757600.0,7224927.0,539764.0,5870145.0
2026-03-24,키즈,0.0,270164.0,0.0,0.0,2450018.0,0.0
2026-03-25,골프,999182.0,1393864.0,806773.0,8749909.0,7737218.0,105955.0
2026-03-25,남성,3982345.0,297091.0,1224309.0,19038900.0,2039373.0,5961482.0
2026-03-25,리빙,0.0,619182.0,0.0,0.0,1148955.0,0.0
2026-03-25,명품,0.0,1305909.0,0.0,0.0,4843182.0,0.0
2026-03-25,뷰티,0.0,800673.0,0.0,0.0,994836.0,30273.0
2026-03-25,슈즈,75727.0,-54682.0,397273.0,781000.0,474909.0,260000.0
2026-03-25,스포츠,307364.0,382455.0,228364.0,1130173.0,1421109.0,339091.0
2026-03-25,아웃도어,0.0,155818.0,0.0,0.0,1461318.0,0.0
2026-03-25,여성,4338091.0,829800.0,-358455.0,30034500.0,1505227.0,7226455.0
2026-03-25,잡화,3663655.0,36636.0,3254255.0,6432291.0,964855.0,4139836.0
2026-03-25,키즈,0.0,446864.0,0.0,0.0,2609900.0,0.0
2026-03-26,OFM,0.0,-37273.0,0.0,0.0,0.0,0.0
2026-03-26,골프,971527.0,1276918.0,511382.0,4917155.0,5565355.0,2037291.0
2026-03-26,남성,6499891.0,539091.0,-1422264.0,19936227.0,4532727.0,13971636.0
2026-03-26,리빙,0.0,404727.0,0.0,0.0,1729455.0,0.0
2026-03-26,명품,0.0,4204000.0,0.0,0.0,6971045.0,0.0
2026-03-26,뷰티,0.0,848364.0,0.0,0.0,588845.0,24000.0
2026-03-26,슈즈,502182.0,250909.0,1152727.0,1749727.0,399864.0,368182.0
2026-03-26,스포츠,352455.0,365455.0,713636.0,786273.0,686800.0,-126364.0
2026-03-26,아웃도어,0.0,1633818.0,0.0,0.0,1408682.0,0.0
2026-03-26,여성,4808455.0,147045.0,509364.0,20075918.0,775936.0,2772091.0
2026-03-26,잡화,3347618.0,195136.0,5632127.0,5494000.0,3307318.0,5670636.0
2026-03-26,키즈,0.0,997327.0,0.0,0.0,1539782.0,0.0
2026-03-27,골프,1351636.0,1373927.0,-357145.0,9806964.0,4671118.0,2082982.0
2026-03-27,남성,5450718.0,-67000.0,2752700.0,17936418.0,1565682.0,13726345.0
2026-03-27,리빙,0.0,1628782.0,0.0,0.0,831455.0,0.0
2026-03-27,명품,0.0,6348727.0,0.0,0.0,-1812545.0,0.0
2026-03-27,뷰티,0.0,977182.0,60364.0,0.0,888655.0,60273.0
2026-03-27,슈즈,350636.0,465091.0,684545.0,-17645.0,180955.0,1396455.0
2026-03-27,스포츠,882273.0,188000.0,388182.0,1153091.0,1234727.0,116364.0
2026-03-27,아웃도어,0.0,187286.0,0.0,0.0,1908364.0,0.0
2026-03-27,여성,7761200.0,222682.0,889091.0,21437391.0,2107127.0,4544364.0
2026-03-27,잡화,1986873.0,72727.0,2589264.0,7165109.0,642873.0,2036827.0
2026-03-27,키즈,0.0,528218.0,0.0,0.0,1964609.0,0.0
2026-03-28,OFM,0.0,0.0,0.0,0.0,-19091.0,0.0
2026-03-28,골프,2662318.0,852909.0,470182.0,8101991.0,9403500.0,1329709.0
2026-03-28,남성,7036664.0,1059000.0,-1110573.0,39104291.0,4161545.0,11506609.0
2026-03-28,리빙,0.0,233455.0,0.0,0.0,904455.0,0.0
2026-03-28,명품,0.0,1918909.0,0.0,0.0,11220273.0,0.0
2026-03-28,뷰티,0.0,277000.0,0.0,0.0,858727.0,38636.0
2026-03-28,슈즈,184300.0,71727.0,900000.0,-238027.0,938727.0,315455.0
2026-03-28,스포츠,349727.0,484091.0,220909.0,649545.0,2078773.0,-217273.0
2026-03-28,아웃도어,0.0,462182.0,0.0,0.0,707000.0,0.0
2026-03-28,여성,5915182.0,619636.0,581000.0,46773173.0,5009109.0,8580091.0
2026-03-28,잡화,3290873.0,478273.0,5385891.0,6102800.0,1781000.0,5502645.0
2026-03-28,키즈,0.0,79273.0,0.0,0.0,1998627.0,0.0
2026-03-29,골프,596518.0,683400.0,436455.0,13935464.0,13422336.0,2242955.0
2026-03-29,남성,6870091.0,568000.0,4108382.0,53488973.0,4984182.0,22599273.0
2026-03-29,리빙,0.0,151909.0,0.0,0.0,1471909.0,0.0
2026-03-29,명품,0.0,1233636.0,0.0,0.0,9680273.0,0.0
2026-03-29,뷰티,0.0,914964.0,0.0,0.0,882582.0,118455.0
2026-03-29,슈즈,172091.0,87273.0,820000.0,1178682.0,1585727.0,937273.0
2026-03-29,스포츠,549182.0,1221727.0,0.0,1227818.0,2535500.0,0.0
2026-03-29,아웃도어,0.0,163909.0,0.0,0.0,1925818.0,0.0
2026-03-29,여성,8785373.0,439318.0,1500273.0,55560818.0,5639591.0,17342182.0
2026-03-29,잡화,4127982.0,287273.0,3120300.0,10925409.0,788027.0,5960491.0
2026-03-29,키즈,0.0,192645.0,0.0,0.0,3799223.0,0.0
2026-03-30,골프,726309.0,1029482.0,264964.0,7492218.0,5073882.0,1983609.0
2026-03-30,남성,13454455.0,390091.0,4755209.0,21386882.0,544791.0,7906027.0
2026-03-30,리빙,0.0,181273.0,0.0,0.0,1488327.0,0.0
2026-03-30,명품,0.0,4237618.0,0.0,0.0,2560100.0,0.0
2026-03-30,뷰티,0.0,622318.0,24000.0,0.0,841327.0,0.0
2026-03-30,슈즈,673064.0,-71727.0,1324545.0,1077482.0,470227.0,578182.0
2026-03-30,스포츠,1328818.0,604000.0,261818.0,988273.0,2448091.0,153636.0
2026-03-30,아웃도어,0.0,37545.0,0.0,0.0,971182.0,0.0
2026-03-30,여성,5821864.0,1168609.0,1829182.0,25372782.0,-1066982.0,29455.0
2026-03-30,잡화,3987655.0,28400.0,2276227.0,11093055.0,415918.0,4927173.0
2026-03-30,키즈,0.0,372836.0,0.0,0.0,2375791.0,0.0
2026-03-31,OFM,0.0,0.0,0.0,0.0,-160000.0,0.0
2026-03-31,골프,1664182.0,1572627.0,188364.0,6196155.0,10597855.0,1073236.0
2026-03-31,남성,4995882.0,518545.0,2556636.0,15482973.0,3534645.0,7262500.0
2026-03-31,리빙,0.0,555545.0,0.0,0.0,1453727.0,0.0
2026-03-31,명품,0.0,1038000.0,0.0,0.0,2761273.0,0.0
2026-03-31,뷰티,0.0,877364.0,0.0,0.0,1043191.0,10000.0
2026-03-31,슈즈,181545.0,0.0,1172727.0,504245.0,1243045.0,1310000.0
2026-03-31,스포츠,760273.0,522000.0,626545.0,1354364.0,5847364.0,390182.0
2026-03-31,아웃도어,0.0,29364.0,0.0,0.0,1217364.0,0.0
2026-03-31,여성,1819136.0,-215182.0,352727.0,12348018.0,978273.0,2441182.0
2026-03-31,잡화,4629327.0,-11591.0,4530382.0,6619036.0,3162727.0,4452000.0
2026-03-31,키즈,0.0,320545.0,0.0,0.0,984982.0,0.0
2026-04-01,골프,879891.0,1311373.0,215455.0,2156264.0,2688536.0,1087764.0
2026-04-01,남성,7227373.0,176273.0,3660800.0,22935573.0,2565364.0,5307882.0
2026-04-01,리빙,0.0,778073.0,0.0,0.0,2658227.0,0.0
2026-04-01,명품,0.0,1225909.0,0.0,0.0,6021818.0,0.0
2026-04-01,뷰티,0.0,1022909.0,0.0,0.0,572818.0,285636.0
2026-04-01,슈즈,135000.0,421527.0,1425455.0,814636.0,578636.0,957273.0
2026-04-01,스포츠,672164.0,1173545.0,893636.0,1248591.0,1540609.0,1177273.0
2026-04-01,아웃도어,0.0,280909.0,0.0,0.0,1366182.0,0.0
2026-04-01,여성,428773.0,123545.0,-141909.0,20697327.0,1695155.0,-491727.0
2026-04-01,잡화,5128327.0,-75455.0,2450155.0,11252927.0,903945.0,3832027.0
2026-04-01,키즈,0.0,497618.0,0.0,0.0,1451018.0,0.0
2026-04-02,골프,857018.0,876973.0,496318.0,3359491.0,2574082.0,1563082.0
2026-04-02,남성,3695518.0,625200.0,4192645.0,9469691.0,368691.0,2475773.0
2026-04-02,리빙,0.0,402364.0,0.0,0.0,1319418.0,0.0
2026-04-02,명품,0.0,1017727.0,0.0,0.0,6875364.0,0.0
2026-04-02,뷰티,0.0,426464.0,0.0,0.0,1488300.0,78182.0
2026-04-02,슈즈,123545.0,56455.0,1145455.0,-92573.0,1286455.0,234545.0
2026-04-02,스포츠,1080727.0,395818.0,684727.0,1486000.0,1010273.0,1208182.0
2026-04-02,아웃도어,0.0,188818.0,0.0,0.0,1226727.0,0.0
2026-04-02,여성,4380955.0,85818.0,1286545.0,17168009.0,701955.0,-330727.0
2026-04-02,잡화,3684055.0,18545.0,2973509.0,8421600.0,1852218.0,4567309.0
2026-04-02,키즈,0.0,397391.0,0.0,0.0,681609.0,0.0
2026-04-03,골프,1633518.0,142500.0,247173.0,5827836.0,3906409.0,1542773.0
2026-04-03,남성,5550255.0,603564.0,3101164.0,21822845.0,1653873.0,6209845.0
2026-04-03,리빙,0.0,111455.0,0.0,0.0,304255.0,0.0
2026-04-03,명품,0.0,1460000.0,0.0,0.0,1918182.0,0.0
2026-04-03,뷰티,0.0,765636.0,25000.0,0.0,843436.0,0.0
2026-04-03,슈즈,173000.0,216364.0,765455.0,1724809.0,152909.0,740000.0
2026-04-03,스포츠,498455.0,764909.0,531091.0,580364.0,847545.0,1409273.0
2026-04-03,아웃도어,0.0,188077.0,0.0,0.0,1049782.0,0.0
2026-04-03,여성,6562400.0,-97182.0,208909.0,18586845.0,339009.0,3178273.0
2026-04-03,잡화,3248036.0,0.0,2615418.0,7402182.0,410755.0,2711345.0
2026-04-03,키즈,0.0,166736.0,0.0,0.0,553664.0,0.0
2026-04-04,골프,2080582.0,1200645.0,585682.0,9301245.0,5450182.0,1192727.0
2026-04-04,남성,6143418.0,595545.0,2381091.0,33629618.0,2325964.0,13069355.0
2026-04-04,리빙,0.0,408145.0,0.0,0.0,2377527.0,0.0
2026-04-04,명품,0.0,2409000.0,0.0,0.0,9137545.0,0.0
2026-04-04,뷰티,0.0,613982.0,0.0,0.0,1274682.0,40455.0
2026-04-04,슈즈,544664.0,203636.0,1189091.0,1507782.0,1087409.0,1164545.0
2026-04-04,스포츠,383455.0,164091.0,411273.0,655455.0,1935182.0,346727.0
2026-04-04,아웃도어,0.0,506636.0,0.0,0.0,1643591.0,0.0
2026-04-04,여성,9540545.0,809436.0,-315545.0,34482609.0,2188855.0,1694364.0
2026-04-04,잡화,4717927.0,40909.0,4016364.0,10410955.0,942364.0,3486400.0
2026-04-04,키즈,0.0,245545.0,0.0,0.0,1330627.0,0.0
2026-04-05,골프,1424155.0,1374191.0,336591.0,12356564.0,8581345.0,3838545.0
2026-04-05,남성,9988673.0,384364.0,2715045.0,43420418.0,3421364.0,17507545.0
2026-04-05,리빙,0.0,1265636.0,0.0,0.0,3245600.0,0.0
2026-04-05,명품,0.0,2942909.0,0.0,0.0,8506909.0,0.0
2026-04-05,뷰티,0.0,1624764.0,10000.0,0.0,1353691.0,42455.0
2026-04-05,슈즈,512818.0,504155.0,1298182.0,1083300.0,511091.0,820000.0
2026-04-05,스포츠,548364.0,146182.0,1211091.0,2035727.0,1881364.0,1047636.0
2026-04-05,아웃도어,0.0,350364.0,0.0,0.0,2010064.0,0.0
2026-04-05,여성,12559273.0,511927.0,1724545.0,61616073.0,3130809.0,11501273.0
2026-04-05,잡화,2824855.0,118182.0,2379309.0,10264564.0,1202891.0,6722682.0
2026-04-05,키즈,0.0,64873.0,0.0,0.0,1290673.0,0.0
2026-04-06,골프,2424264.0,35636.0,110100.0,7416045.0,2143845.0,1600718.0
2026-04-06,남성,7962973.0,197145.0,946427.0,19816900.0,2415718.0,5352809.0
2026-04-06,리빙,0.0,483745.0,0.0,0.0,-108327.0,0.0
2026-04-06,명품,0.0,994545.0,0.0,0.0,-2844727.0,0.0
2026-04-06,뷰티,0.0,1643455.0,25455.0,0.0,1227236.0,0.0
2026-04-06,슈즈,-609636.0,603864.0,747273.0,181636.0,448136.0,1073636.0
2026-04-06,스포츠,674909.0,427364.0,372909.0,1212818.0,900427.0,1632364.0
2026-04-06,아웃도어,0.0,150909.0,0.0,0.0,602091.0,0.0
2026-04-06,여성,-1322909.0,180818.0,-444545.0,18390536.0,4058773.0,1705455.0
2026-04-06,잡화,3000000.0,0.0,3173382.0,9301855.0,1231391.0,3792573.0
2026-04-06,키즈,0.0,154764.0,0.0,0.0,973125.0,0.0
2026-04-07,골프,2657727.0,1898564.0,691245.0,7805127.0,5586136.0,1908055.0
2026-04-07,남성,7692882.0,476727.0,2206373.0,21875164.0,3697936.0,11424118.0
2026-04-07,리빙,0.0,199364.0,0.0,0.0,2209045.0,0.0
2026-04-07,명품,0.0,4003000.0,0.0,0.0,4792318.0,0.0
2026-04-07,뷰티,0.0,897327.0,0.0,0.0,3329882.0,34000.0
2026-04-07,슈즈,638155.0,0.0,1422727.0,727455.0,1904227.0,764545.0
2026-04-07,스포츠,2116955.0,486000.0,846545.0,1941782.0,3013000.0,1100545.0
2026-04-07,아웃도어,0.0,1008909.0,0.0,0.0,1042682.0,0.0
2026-04-07,여성,6143818.0,98045.0,2181000.0,27739464.0,1683155.0,5304182.0
2026-04-07,잡화,3306073.0,86000.0,5010664.0,11254909.0,307573.0,9628855.0
2026-04-07,키즈,0.0,83045.0,0.0,0.0,378818.0,0.0
2026-04-08,골프,2549527.0,557945.0,461182.0,7975309.0,6686064.0,2860591.0
2026-04-08,남성,6014755.0,-86909.0,2567264.0,35484955.0,2836655.0,15798073.0
2026-04-08,리빙,0.0,664182.0,0.0,0.0,3830418.0,0.0
2026-04-08,명품,0.0,1839727.0,0.0,0.0,1155364.0,0.0
2026-04-08,뷰티,0.0,1259291.0,114818.0,0.0,2274591.0,80727.0
2026-04-08,슈즈,1000909.0,429091.0,2630909.0,805000.0,794818.0,1650000.0
2026-04-08,스포츠,207000.0,634182.0,487455.0,2687000.0,1199909.0,568182.0
2026-04-08,아웃도어,0.0,251818.0,0.0,0.0,2156364.0,0.0
2026-04-08,여성,6800409.0,345891.0,4496364.0,28408136.0,1109473.0,8001727.0
2026-04-08,잡화,3839673.0,-18182.0,6695000.0,8152436.0,140800.0,7979482.0
2026-04-08,키즈,0.0,-141791.0,0.0,0.0,459277.0,0.0
2026-04-09,골프,319473.0,-722164.0,270727.0,5380627.0,815336.0,1391018.0
2026-04-09,남성,3365745.0,132182.0,2429973.0,22753200.0,2507900.0,2257218.0
2026-04-09,리빙,0.0,-200455.0,0.0,0.0,2956418.0,0.0
2026-04-09,명품,0.0,270545.0,0.0,0.0,4747727.0,0.0
2026-04-09,뷰티,0.0,760155.0,45000.0,0.0,1208309.0,0.0
2026-04-09,슈즈,-40455.0,-189091.0,937273.0,1244182.0,423636.0,258182.0
2026-04-09,스포츠,487091.0,-59182.0,758364.0,1157000.0,480909.0,817091.0
2026-04-09,아웃도어,0.0,247182.0,0.0,0.0,-16727.0,0.0
2026-04-09,여성,3657955.0,808273.0,1461091.0,21233164.0,1658464.0,5244273.0
2026-04-09,잡화,2461509.0,7273.0,2186709.0,8928800.0,299373.0,4007618.0
2026-04-09,키즈,0.0,64182.0,0.0,0.0,195436.0,0.0
2026-04-10,골프,-14136.0,733000.0,192273.0,6038809.0,3130191.0,2029264.0
2026-04-10,남성,3680818.0,98182.0,-47336.0,19572173.0,120991.0,5197473.0
2026-04-10,리빙,0.0,346091.0,0.0,0.0,1326109.0,0.0
2026-04-10,명품,0.0,3537182.0,0.0,0.0,3530000.0,0.0
2026-04-10,뷰티,0.0,481636.0,40364.0,0.0,2019882.0,0.0
2026-04-10,슈즈,195000.0,-305455.0,478182.0,0.0,71636.0,333636.0
2026-04-10,스포츠,455818.0,641364.0,652182.0,364782.0,699364.0,741273.0
2026-04-10,아웃도어,0.0,662482.0,0.0,0.0,1336136.0,0.0
2026-04-10,여성,2159545.0,-174800.0,-149818.0,25511818.0,-281900.0,7305364.0
2026-04-10,잡화,2586836.0,156227.0,1760727.0,6152745.0,432182.0,3738873.0
2026-04-10,키즈,0.0,210718.0,0.0,0.0,1192700.0,0.0
2026-04-11,골프,908164.0,720455.0,487955.0,10196791.0,6311191.0,1087782.0
2026-04-11,남성,3552282.0,485000.0,1316636.0,26842718.0,3037627.0,5902545.0
2026-04-11,리빙,0.0,88727.0,0.0,0.0,1400309.0,0.0
2026-04-11,명품,0.0,1180273.0,0.0,0.0,8668364.0,0.0
2026-04-11,뷰티,0.0,544273.0,18000.0,0.0,1417055.0,60455.0
2026-04-11,슈즈,-103364.0,0.0,755455.0,96091.0,858773.0,99091.0
2026-04-11,스포츠,181273.0,385182.0,331818.0,1349118.0,1125164.0,1360591.0
2026-04-11,아웃도어,0.0,43091.0,0.0,0.0,915536.0,0.0
2026-04-11,여성,914818.0,781791.0,-633636.0,25054918.0,2221964.0,5725364.0
2026-04-11,잡화,3239818.0,114545.0,1597491.0,9284936.0,1535927.0,1669700.0
2026-04-11,키즈,0.0,0.0,0.0,0.0,2907009.0,0.0
2026-04-12,골프,1486818.0,1437436.0,343818.0,11472782.0,5761909.0,4218445.0
2026-04-12,남성,5770345.0,61909.0,1843455.0,36053055.0,3998682.0,15102864.0
2026-04-12,리빙,0.0,57364.0,0.0,0.0,3070264.0,0.0
2026-04-12,명품,0.0,1478909.0,0.0,0.0,8017455.0,0.0
2026-04-12,뷰티,0.0,459909.0,0.0,0.0,2075182.0,186727.0
2026-04-12,슈즈,240545.0,0.0,811818.0,784727.0,1120864.0,738182.0
2026-04-12,스포츠,556636.0,922909.0,734545.0,1451909.0,1358909.0,831455.0
2026-04-12,아웃도어,0.0,593818.0,0.0,0.0,2317727.0,0.0
2026-04-12,여성,4569136.0,611155.0,436545.0,46148182.0,4499800.0,12489545.0
2026-04-12,잡화,2896636.0,57273.0,3755818.0,9467900.0,646591.0,5683409.0
2026-04-12,키즈,0.0,594455.0,0.0,0.0,3047000.0,0.0
2026-04-13,골프,1515036.0,373109.0,674182.0,7845918.0,9373618.0,1495736.0
2026-04-13,남성,1604836.0,891309.0,583609.0,27264118.0,3308055.0,4844882.0
2026-04-13,리빙,0.0,2687418.0,0.0,0.0,1083364.0,0.0
2026-04-13,명품,0.0,1082909.0,0.0,0.0,4617500.0,0.0
2026-04-13,뷰티,0.0,1038409.0,29000.0,0.0,1560900.0,282727.0
2026-04-13,슈즈,-7636.0,0.0,80000.0,849973.0,789955.0,279091.0
2026-04-13,스포츠,352364.0,1023909.0,1100182.0,1045909.0,1554000.0,1209091.0
2026-04-13,아웃도어,0.0,285000.0,0.0,0.0,314555.0,0.0
2026-04-13,여성,457773.0,443655.0,-778636.0,23213618.0,679291.0,7082818.0
2026-04-13,잡화,1680000.0,38864.0,1961909.0,8278300.0,-91836.0,5997918.0
2026-04-13,키즈,0.0,167391.0,0.0,0.0,4069435.0,0.0
2026-04-14,골프,1879500.0,1096636.0,513273.0,5076373.0,6167918.0,1796645.0
2026-04-14,남성,2127800.0,528727.0,711118.0,13824700.0,1655455.0,4608527.0
2026-04-14,리빙,0.0,332273.0,0.0,0.0,1177500.0,0.0
2026-04-14,명품,0.0,1781000.0,0.0,0.0,1962318.0,0.0
2026-04-14,뷰티,0.0,702064.0,0.0,0.0,1339091.0,528727.0
2026-04-14,슈즈,0.0,80909.0,241818.0,577727.0,-477627.0,-909.0
2026-04-14,스포츠,585727.0,1032364.0,1321091.0,89455.0,947773.0,1205136.0
2026-04-14,아웃도어,0.0,314909.0,0.0,0.0,3544955.0,0.0
2026-04-14,여성,555136.0,484727.0,-965182.0,12126073.0,1006818.0,8108091.0
2026-04-14,잡화,1474618.0,376045.0,2443873.0,7260073.0,478500.0,5116800.0
2026-04-14,키즈,0.0,566827.0,0.0,0.0,2763355.0,0.0
2026-04-15,골프,805018.0,1512727.0,310591.0,4027127.0,4919545.0,1168809.0
2026-04-15,남성,5651282.0,589636.0,2070318.0,19871973.0,1708755.0,4658709.0
2026-04-15,리빙,0.0,803000.0,0.0,0.0,1020636.0,0.0
2026-04-15,명품,0.0,1493091.0,0.0,0.0,5069545.0,0.0
2026-04-15,뷰티,0.0,772645.0,13636.0,0.0,1540009.0,30909.0
2026-04-15,슈즈,505545.0,0.0,891818.0,190273.0,-87818.0,1028182.0
2026-04-15,스포츠,159727.0,876545.0,5636.0,639091.0,1996136.0,695636.0
2026-04-15,아웃도어,0.0,551818.0,0.0,0.0,829273.0,0.0
2026-04-15,여성,3054282.0,89473.0,270364.0,16591482.0,1770118.0,4279682.0
2026-04-15,잡화,4689382.0,70000.0,3063709.0,7799209.0,-379364.0,2534727.0
2026-04-15,키즈,0.0,164055.0,0.0,0.0,2962091.0,0.0
2026-04-16,골프,2201364.0,864018.0,586273.0,7230100.0,7602591.0,2606955.0
2026-04-16,남성,7357000.0,307636.0,922455.0,12693982.0,1453809.0,3682318.0
2026-04-16,리빙,0.0,317900.0,0.0,0.0,1019155.0,0.0
2026-04-16,명품,0.0,4217909.0,0.0,0.0,8340727.0,0.0
2026-04-16,뷰티,0.0,549818.0,38636.0,0.0,1746991.0,25000.0
2026-04-16,슈즈,190909.0,0.0,1271818.0,256364.0,426500.0,884545.0
2026-04-16,스포츠,374182.0,854909.0,122000.0,648455.0,997182.0,-182909.0
2026-04-16,아웃도어,0.0,421000.0,0.0,0.0,2076455.0,0.0
2026-04-16,여성,4051864.0,-212418.0,1377909.0,14340282.0,2368700.0,3658818.0
2026-04-16,잡화,4003109.0,-40091.0,2448364.0,6171727.0,606836.0,6345209.0
2026-04-16,키즈,0.0,177964.0,0.0,0.0,3144145.0,0.0
2026-04-17,골프,2437127.0,1720364.0,-88955.0,5383109.0,7993045.0,3310418.0
2026-04-17,남성,6514191.0,689555.0,1717591.0,16977336.0,1432500.0,1222509.0
2026-04-17,리빙,0.0,283727.0,0.0,0.0,880864.0,0.0
2026-04-17,명품,0.0,-5381000.0,0.0,0.0,1506736.0,0.0
2026-04-17,뷰티,0.0,449109.0,127818.0,0.0,512045.0,38000.0
2026-04-17,슈즈,-7364.0,189091.0,1080000.0,333091.0,861864.0,712727.0
2026-04-17,스포츠,174091.0,841545.0,450909.0,430273.0,1298927.0,95455.0
2026-04-17,아웃도어,0.0,-319727.0,0.0,0.0,1144773.0,0.0
2026-04-17,여성,4181409.0,-112236.0,372909.0,19384682.0,-406509.0,1853273.0
2026-04-17,잡화,1279073.0,117636.0,1905273.0,7436091.0,195673.0,3236000.0
2026-04-17,키즈,0.0,210109.0,0.0,0.0,1421164.0,0.0
2026-04-18,골프,1351327.0,1045955.0,122864.0,9452536.0,10874791.0,5123655.0
2026-04-18,남성,5204927.0,610409.0,1866882.0,34571118.0,4669382.0,10276764.0
2026-04-18,리빙,0.0,12636.0,0.0,0.0,833282.0,0.0
2026-04-18,명품,0.0,1886000.0,0.0,0.0,6734182.0,0.0
2026-04-18,뷰티,0.0,948200.0,-19091.0,0.0,1081827.0,49818.0
2026-04-18,슈즈,523455.0,0.0,683636.0,975545.0,810545.0,1220000.0
2026-04-18,스포츠,97000.0,820000.0,641818.0,1291273.0,835709.0,207273.0
2026-04-18,아웃도어,0.0,103182.0,0.0,0.0,2007673.0,0.0
2026-04-18,여성,4875455.0,54673.0,1866364.0,19172545.0,3896673.0,6323182.0
2026-04-18,잡화,2211873.0,156818.0,1233273.0,5559945.0,507527.0,2833391.0
2026-04-18,키즈,0.0,91773.0,0.0,0.0,2228740.0,0.0
2026-04-19,골프,2379773.0,2397818.0,796091.0,9018982.0,12777909.0,4375845.0
2026-04-19,남성,8485891.0,1125727.0,2492955.0,41131145.0,3487691.0,10361818.0
2026-04-19,리빙,0.0,305636.0,0.0,0.0,2059136.0,0.0
2026-04-19,명품,0.0,1519545.0,0.0,0.0,18137182.0,0.0
2026-04-19,뷰티,0.0,563818.0,0.0,0.0,843964.0,120000.0
2026-04-19,슈즈,46909.0,47045.0,603636.0,498364.0,1358955.0,577273.0
2026-04-19,스포츠,447455.0,86636.0,703636.0,1037455.0,3114800.0,71818.0
2026-04-19,아웃도어,0.0,112364.0,0.0,0.0,2804318.0,0.0
2026-04-19,여성,5772027.0,690182.0,2135000.0,37640755.0,2108236.0,12568545.0
2026-04-19,잡화,1797564.0,81818.0,2054982.0,10155145.0,488364.0,5198182.0
2026-04-19,키즈,0.0,0.0,0.0,0.0,3714009.0,0.0
2026-04-20,골프,723773.0,475409.0,493909.0,8043100.0,6367464.0,3553973.0
2026-04-20,남성,4432282.0,442536.0,1046045.0,20376873.0,1805609.0,9687109.0
2026-04-20,리빙,0.0,937455.0,0.0,0.0,3458236.0,0.0
2026-04-20,명품,0.0,2907727.0,0.0,0.0,-2754909.0,0.0
2026-04-20,뷰티,0.0,531836.0,19091.0,0.0,1382309.0,22636.0
2026-04-20,슈즈,-41000.0,47045.0,820000.0,385273.0,570000.0,596364.0
2026-04-20,스포츠,198818.0,350545.0,373636.0,677364.0,1471773.0,690182.0
2026-04-20,아웃도어,0.0,402727.0,0.0,0.0,1659364.0,0.0
2026-04-20,여성,1951691.0,-469191.0,263636.0,7992273.0,-35355.0,6247182.0
2026-04-20,잡화,2351873.0,-13545.0,2576091.0,8848036.0,1297955.0,3194000.0
2026-04-20,키즈,0.0,118909.0,0.0,0.0,1016136.0,0.0
2026-04-21,골프,1924273.0,2443564.0,515909.0,4887573.0,6042991.0,1966418.0
2026-04-21,남성,6085045.0,280818.0,1662500.0,15308873.0,1864373.0,4285782.0
2026-04-21,리빙,0.0,393909.0,0.0,0.0,3958091.0,0.0
2026-04-21,명품,0.0,4138318.0,0.0,0.0,2861636.0,0.0
2026-04-21,뷰티,0.0,490364.0,76636.0,0.0,1239036.0,220000.0
2026-04-21,슈즈,126182.0,0.0,8182.0,-478182.0,521727.0,1239091.0
2026-04-21,스포츠,458318.0,445182.0,-23455.0,203545.0,1268045.0,0.0
2026-04-21,아웃도어,0.0,130545.0,0.0,0.0,1399500.0,0.0
2026-04-21,여성,6166818.0,-42164.0,659727.0,15097045.0,2363582.0,2035818.0
2026-04-21,잡화,2911673.0,0.0,629182.0,4422827.0,1024636.0,2795955.0
2026-04-21,키즈,0.0,132909.0,0.0,0.0,1427600.0,0.0
2026-04-22,골프,990318.0,1339082.0,1013900.0,5415464.0,6199173.0,1555673.0
2026-04-22,남성,6113582.0,108091.0,1433336.0,16104418.0,2500745.0,10563845.0
2026-04-22,리빙,0.0,936364.0,0.0,0.0,1018318.0,0.0
2026-04-22,명품,0.0,1421273.0,0.0,0.0,785818.0,0.0
2026-04-22,뷰티,0.0,1024418.0,0.0,0.0,2500427.0,181727.0
2026-04-22,슈즈,432818.0,0.0,332727.0,1448636.0,1198000.0,1550000.0
2026-04-22,스포츠,275091.0,1021273.0,152727.0,1014364.0,1849491.0,877455.0
2026-04-22,아웃도어,0.0,-30636.0,0.0,0.0,1823318.0,0.0
2026-04-22,여성,6544545.0,680864.0,2792000.0,20211000.0,2459045.0,6523273.0
2026-04-22,잡화,1973509.0,202273.0,2427073.0,5616836.0,384127.0,5936000.0
2026-04-22,키즈,0.0,175973.0,0.0,0.0,661308.0,0.0
2026-04-23,골프,1578473.0,1255036.0,325364.0,1588700.0,7929891.0,2377591.0
2026-04-23,남성,3707536.0,215545.0,738000.0,16307982.0,1117482.0,5540418.0
2026-04-23,리빙,0.0,375336.0,0.0,0.0,457473.0,0.0
2026-04-23,명품,0.0,5275818.0,0.0,0.0,1086500.0,0.0
2026-04-23,뷰티,0.0,890955.0,58000.0,0.0,1761073.0,15000.0
2026-04-23,슈즈,5091.0,164645.0,1559091.0,662091.0,511591.0,595455.0
2026-04-23,스포츠,475455.0,474455.0,45455.0,510364.0,807636.0,297273.0
2026-04-23,아웃도어,0.0,168909.0,0.0,0.0,1426182.0,0.0
2026-04-23,여성,2599682.0,15182.0,1437273.0,20906318.0,3300527.0,9982091.0
2026-04-23,잡화,4637164.0,750636.0,4025455.0,4792473.0,645809.0,3929391.0
2026-04-23,키즈,0.0,0.0,0.0,0.0,426673.0,0.0
2026-04-24,골프,891909.0,559909.0,954118.0,5053264.0,3755400.0,3691145.0
2026-04-24,남성,6461864.0,178727.0,3423864.0,12815373.0,2075973.0,7058355.0
2026-04-24,리빙,0.0,347273.0,0.0,0.0,1186764.0,0.0
2026-04-24,명품,0.0,3245000.0,0.0,0.0,1383909.0,0.0
2026-04-24,뷰티,0.0,273182.0,0.0,0.0,720945.0,90273.0
2026-04-24,슈즈,126636.0,0.0,883636.0,-116500.0,673455.0,260000.0
2026-04-24,스포츠,268545.0,347091.0,77273.0,493455.0,1227118.0,331818.0
2026-04-24,아웃도어,0.0,-13245.0,0.0,0.0,2116864.0,0.0
2026-04-24,여성,4568455.0,298218.0,1555091.0,19575227.0,1703809.0,6210682.0
2026-04-24,잡화,1430873.0,64636.0,2491545.0,4539855.0,810627.0,7256227.0
2026-04-24,키즈,0.0,64027.0,0.0,0.0,1061609.0,0.0
2026-04-25,골프,708773.0,1227109.0,678136.0,11780055.0,7488909.0,4112564.0
2026-04-25,남성,4828591.0,767364.0,2083936.0,15788518.0,3921555.0,8917891.0
2026-04-25,리빙,0.0,211600.0,0.0,0.0,2630909.0,0.0
2026-04-25,명품,0.0,2362000.0,0.0,0.0,10499364.0,0.0
2026-04-25,뷰티,0.0,1208745.0,16818.0,0.0,2738982.0,29091.0
2026-04-25,슈즈,-32364.0,0.0,397273.0,1442455.0,323636.0,621818.0
2026-04-25,스포츠,138636.0,198455.0,285636.0,1138000.0,1455636.0,433636.0
2026-04-25,아웃도어,0.0,270882.0,0.0,0.0,2192318.0,0.0
2026-04-25,여성,3440455.0,509909.0,1826182.0,36271491.0,3142136.0,11450091.0
2026-04-25,잡화,1459382.0,105636.0,2323545.0,6631127.0,2891455.0,8707791.0
2026-04-25,키즈,0.0,125655.0,0.0,0.0,1484718.0,0.0
2026-04-26,골프,865045.0,2542536.0,342000.0,11437300.0,8770936.0,6594118.0
2026-04-26,남성,7035609.0,227273.0,1653909.0,32611164.0,2681064.0,20360982.0
2026-04-26,리빙,0.0,900182.0,0.0,0.0,2929109.0,0.0
2026-04-26,명품,0.0,2196545.0,0.0,0.0,5015136.0,0.0
2026-04-26,뷰티,0.0,1346791.0,0.0,0.0,1508764.0,68273.0
2026-04-26,슈즈,552545.0,105164.0,1291091.0,420327.0,575636.0,611818.0
2026-04-26,스포츠,537636.0,137727.0,251909.0,895818.0,1761455.0,170909.0
2026-04-26,아웃도어,0.0,234000.0,0.0,0.0,2173227.0,0.0
2026-04-26,여성,5970418.0,206982.0,1623000.0,37900118.0,3830073.0,21344818.0
2026-04-26,잡화,2246818.0,167364.0,3082364.0,9064818.0,1075773.0,11516936.0
2026-04-26,키즈,0.0,323136.0,0.0,0.0,1516936.0,0.0
2026-04-27,골프,1673409.0,764291.0,809782.0,7784800.0,6031500.0,4011000.0
2026-04-27,남성,5693400.0,588745.0,1314500.0,18427473.0,855209.0,6733036.0
2026-04-27,리빙,0.0,395364.0,0.0,0.0,2066945.0,0.0
2026-04-27,명품,0.0,4041455.0,0.0,0.0,9066182.0,0.0
2026-04-27,뷰티,0.0,1107909.0,65273.0,0.0,2002000.0,59273.0
2026-04-27,슈즈,576455.0,456000.0,720909.0,828364.0,577000.0,315455.0
2026-04-27,스포츠,600364.0,817909.0,384727.0,354000.0,1137473.0,297273.0
2026-04-27,아웃도어,0.0,74182.0,0.0,0.0,1871273.0,0.0
2026-04-27,여성,5456091.0,99464.0,3045227.0,16182255.0,-187291.0,2796364.0
2026-04-27,잡화,2746327.0,21273.0,2383000.0,8305945.0,10320209.0,6700473.0
2026-04-27,키즈,0.0,246945.0,0.0,0.0,1483864.0,0.0
2026-04-28,골프,2017682.0,1706909.0,499364.0,6032555.0,1618982.0,3475955.0
2026-04-28,남성,4658409.0,490564.0,583682.0,12959555.0,1035518.0,6961118.0
2026-04-28,리빙,0.0,201636.0,0.0,0.0,2130909.0,0.0
2026-04-28,명품,0.0,1201636.0,0.0,0.0,7861727.0,0.0
2026-04-28,뷰티,0.0,879927.0,55273.0,0.0,551536.0,18182.0
2026-04-28,슈즈,215091.0,44545.0,1280909.0,697273.0,379273.0,-370909.0
2026-04-28,스포츠,483909.0,82182.0,0.0,90091.0,1134800.0,178273.0
2026-04-28,아웃도어,0.0,491364.0,0.0,0.0,1129909.0,0.0
2026-04-28,여성,3649727.0,237164.0,1731182.0,20876209.0,27291.0,10658318.0
2026-04-28,잡화,2117382.0,643273.0,4682273.0,8293964.0,1364745.0,6870336.0
2026-04-28,키즈,0.0,349191.0,0.0,0.0,775900.0,0.0
2026-04-29,골프,3294455.0,3279882.0,756545.0,9634391.0,1954200.0,3832618.0
2026-04-29,남성,10624473.0,444955.0,2187655.0,20301836.0,1544464.0,5121745.0
2026-04-29,리빙,0.0,263545.0,0.0,0.0,1887182.0,0.0
2026-04-29,명품,0.0,1789818.0,0.0,0.0,2186091.0,0.0
2026-04-29,뷰티,0.0,613664.0,5273.0,0.0,1096409.0,78091.0
2026-04-29,슈즈,130636.0,462273.0,667273.0,133727.0,689109.0,296545.0
2026-04-29,스포츠,589909.0,144909.0,144545.0,477455.0,822009.0,317455.0
2026-04-29,아웃도어,0.0,1060182.0,0.0,0.0,1835773.0,0.0
2026-04-29,여성,4176327.0,132091.0,2410136.0,19207955.0,571036.0,4549182.0
2026-04-29,잡화,1634909.0,191909.0,4147418.0,8806345.0,1288500.0,5351782.0
2026-04-29,키즈,0.0,515509.0,0.0,0.0,1186427.0,0.0
2026-04-30,골프,695173.0,990055.0,981545.0,4579236.0,829255.0,3294791.0
2026-04-30,남성,6930200.0,405555.0,266555.0,5602700.0,2918591.0,2557955.0
2026-04-30,리빙,0.0,423091.0,0.0,0.0,3352655.0,0.0
2026-04-30,명품,0.0,1489273.0,0.0,0.0,3159473.0,0.0
2026-04-30,뷰티,0.0,757500.0,23182.0,0.0,1193209.0,0.0
2026-04-30,슈즈,701545.0,141818.0,1300091.0,1923773.0,258000.0,-390909.0
2026-04-30,스포츠,38273.0,153000.0,356364.0,780273.0,-81818.0,331000.0
2026-04-30,아웃도어,0.0,338091.0,0.0,0.0,1763227.0,0.0
2026-04-30,여성,6322909.0,56455.0,3106727.0,15086636.0,1362927.0,9923727.0
2026-04-30,잡화,2250364.0,479636.0,1512364.0,6870655.0,1639727.0,5775945.0
2026-04-30,키즈,0.0,120482.0,0.0,0.0,734536.0,0.0
2026-05-01,골프,1209573.0,443455.0,476782.0,9143236.0,5907155.0,2937564.0
2026-05-01,남성,8958145.0,486818.0,1640627.0,32060164.0,2526773.0,10160691.0
2026-05-01,리빙,0.0,146818.0,0.0,0.0,2581727.0,0.0
2026-05-01,명품,0.0,1623545.0,0.0,0.0,8499964.0,0.0
2026-05-01,뷰티,0.0,557273.0,148091.0,0.0,1087582.0,18091.0
2026-05-01,슈즈,654273.0,137636.0,1206364.0,1291364.0,2201636.0,476364.0
2026-05-01,스포츠,482364.0,400273.0,234545.0,973545.0,1895318.0,292727.0
2026-05-01,아웃도어,0.0,157364.0,0.0,0.0,3681636.0,0.0
2026-05-01,여성,5254818.0,368455.0,2334864.0,35990955.0,3237800.0,15566000.0
2026-05-01,잡화,2654491.0,777091.0,3004364.0,7185073.0,2543818.0,5797473.0
2026-05-01,키즈,0.0,0.0,0.0,0.0,1908655.0,0.0
2026-05-02,골프,3678818.0,670800.0,1566545.0,10733909.0,5429618.0,2561509.0
2026-05-02,남성,10602982.0,859255.0,2440545.0,36753509.0,3482673.0,10209345.0
2026-05-02,리빙,0.0,334455.0,0.0,0.0,2999909.0,0.0
2026-05-02,명품,0.0,3529636.0,0.0,0.0,7361455.0,0.0
2026-05-02,뷰티,0.0,728545.0,156364.0,0.0,1426764.0,71364.0
2026-05-02,슈즈,411545.0,216364.0,1370909.0,864273.0,1381500.0,1852727.0
2026-05-02,스포츠,344636.0,643182.0,234545.0,535273.0,2313545.0,70909.0
2026-05-02,아웃도어,0.0,560000.0,0.0,0.0,1483909.0,0.0
2026-05-02,여성,5138909.0,143664.0,3998682.0,37052000.0,2371764.0,14654227.0
2026-05-02,잡화,2224055.0,106545.0,2436818.0,11363236.0,1173500.0,5388964.0
2026-05-02,키즈,0.0,83382.0,0.0,0.0,1801109.0,0.0
2026-05-03,골프,2702036.0,1610236.0,319909.0,8174191.0,6387073.0,4081009.0
2026-05-03,남성,8235655.0,1042873.0,1247018.0,30677336.0,3427555.0,11993291.0
2026-05-03,리빙,0.0,290273.0,0.0,0.0,2575545.0,0.0
2026-05-03,명품,0.0,3171545.0,0.0,0.0,5639818.0,0.0
2026-05-03,뷰티,0.0,1009545.0,121000.0,0.0,2461800.0,65455.0
2026-05-03,슈즈,-127364.0,375909.0,944545.0,463091.0,2529818.0,798273.0
2026-05-03,스포츠,1037727.0,597636.0,99091.0,1425909.0,1915673.0,367273.0
2026-05-03,아웃도어,0.0,524364.0,0.0,0.0,3680455.0,0.0
2026-05-03,여성,4624773.0,340527.0,2214818.0,24637036.0,3777173.0,9803636.0
2026-05-03,잡화,2892855.0,724136.0,3400273.0,8264255.0,1857009.0,4222864.0
2026-05-03,키즈,0.0,332373.0,0.0,0.0,1958555.0,0.0
2026-05-04,골프,2202545.0,2748618.0,1137091.0,5008018.0,2503182.0,3198336.0
2026-05-04,남성,8699582.0,562091.0,1541545.0,20265827.0,2184045.0,9379627.0
2026-05-04,리빙,0.0,507782.0,0.0,0.0,2657455.0,0.0
2026-05-04,명품,0.0,1980000.0,0.0,0.0,4458455.0,0.0
2026-05-04,뷰티,0.0,895773.0,93909.0,0.0,1663064.0,32727.0
2026-05-04,슈즈,355273.0,-189091.0,2610364.0,1059945.0,-19473.0,144545.0
2026-05-04,스포츠,343455.0,408182.0,195455.0,1590636.0,1042300.0,379182.0
2026-05-04,아웃도어,0.0,383845.0,0.0,0.0,2179545.0,0.0
2026-05-04,여성,4074545.0,165000.0,1793455.0,13163864.0,-596636.0,6642227.0
2026-05-04,잡화,3824055.0,-3545.0,3809255.0,8897455.0,29091.0,4578364.0
2026-05-04,키즈,0.0,-14000.0,0.0,0.0,929449.0,0.0
2026-05-05,골프,2038764.0,928455.0,1082982.0,10062564.0,4723009.0,3565473.0
2026-05-05,남성,6060436.0,369909.0,2618882.0,34785691.0,3176145.0,13818173.0
2026-05-05,리빙,0.0,279409.0,0.0,0.0,2458182.0,0.0
2026-05-05,명품,0.0,1088182.0,0.0,0.0,8241000.0,0.0
2026-05-05,뷰티,0.0,697109.0,56727.0,0.0,2842064.0,97636.0
2026-05-05,슈즈,213727.0,180091.0,556182.0,1252455.0,1341118.0,702727.0
2026-05-05,스포츠,1105273.0,282727.0,279091.0,1714182.0,2759436.0,95364.0
2026-05-05,아웃도어,0.0,205000.0,0.0,0.0,3579000.0,0.0
2026-05-05,여성,8787591.0,185909.0,463000.0,21205136.0,4166391.0,11441864.0
2026-05-05,잡화,2940655.0,68364.0,3539255.0,12791673.0,2142000.0,6153164.0
2026-05-05,키즈,0.0,114091.0,0.0,0.0,1157918.0,0.0
2026-05-06,골프,186173.0,1298500.0,346091.0,11024400.0,2528109.0,3617000.0
2026-05-06,남성,6591900.0,477073.0,1171827.0,29779236.0,2384300.0,8063164.0
2026-05-06,리빙,0.0,193455.0,0.0,0.0,1562818.0,0.0
2026-05-06,명품,0.0,1268909.0,0.0,0.0,4522636.0,0.0
2026-05-06,뷰티,0.0,586273.0,192091.0,0.0,1821791.0,91455.0
2026-05-06,슈즈,257545.0,-225455.0,1188182.0,235091.0,962364.0,1293909.0
2026-05-06,스포츠,693000.0,531273.0,296455.0,2052300.0,580364.0,116364.0
2026-05-06,아웃도어,0.0,319727.0,0.0,0.0,2883818.0,0.0
2026-05-06,여성,3040273.0,-37127.0,-188000.0,23554727.0,3713427.0,11635045.0
2026-05-06,잡화,4402982.0,502091.0,3909255.0,13611309.0,-2083645.0,8820791.0
2026-05-06,키즈,0.0,145136.0,0.0,0.0,1274655.0,0.0
2026-05-07,골프,2837964.0,2006627.0,381545.0,5296191.0,3945191.0,1247000.0
2026-05-07,남성,4086409.0,564964.0,2677836.0,7143782.0,1472064.0,6373709.0
2026-05-07,리빙,0.0,418182.0,0.0,0.0,963564.0,0.0
2026-05-07,명품,0.0,2776455.0,0.0,0.0,7392455.0,0.0
2026-05-07,뷰티,0.0,660091.0,51727.0,0.0,1400482.0,32727.0
2026-05-07,슈즈,184545.0,-252727.0,1510000.0,48636.0,1061909.0,351818.0
2026-05-07,스포츠,728818.0,88545.0,44545.0,1247909.0,1293218.0,521545.0
2026-05-07,아웃도어,0.0,346091.0,0.0,0.0,6003364.0,0.0
2026-05-07,여성,-3298273.0,87827.0,-436182.0,4944764.0,1333600.0,4323500.0
2026-05-07,잡화,2831127.0,126091.0,3323982.0,4560327.0,-309418.0,6053627.0
2026-05-07,키즈,0.0,117118.0,0.0,0.0,864044.0,0.0
2026-05-08,골프,1590000.0,1275373.0,1236273.0,13703255.0,1685973.0,2886127.0
2026-05-08,남성,6052318.0,594809.0,5355918.0,9060536.0,1066773.0,8534455.0
2026-05-08,리빙,0.0,115182.0,0.0,0.0,1766400.0,0.0
2026-05-08,명품,0.0,3150727.0,0.0,0.0,8609182.0,0.0
2026-05-08,뷰티,0.0,637182.0,61727.0,0.0,1121282.0,0.0
2026-05-08,슈즈,57455.0,143200.0,1135455.0,414909.0,467091.0,220818.0
2026-05-08,스포츠,898027.0,505455.0,376636.0,877091.0,3662755.0,377364.0
2026-05-08,아웃도어,0.0,839727.0,0.0,0.0,3271727.0,0.0
2026-05-08,여성,7967682.0,194545.0,401045.0,19474909.0,1346391.0,4501227.0
2026-05-08,잡화,2933491.0,99000.0,1863236.0,2467018.0,389909.0,6445345.0
2026-05-08,키즈,0.0,49245.0,0.0,0.0,814464.0,0.0
2026-05-09,골프,1199545.0,2521809.0,1586973.0,3720755.0,5730209.0,2949718.0
2026-05-09,남성,4147855.0,443909.0,2266100.0,20590536.0,1954218.0,6632227.0
2026-05-09,리빙,0.0,387182.0,0.0,0.0,1831818.0,0.0
2026-05-09,명품,0.0,3721818.0,0.0,0.0,6709818.0,0.0
2026-05-09,뷰티,0.0,1513773.0,54455.0,0.0,1851073.0,58545.0
2026-05-09,슈즈,428091.0,389136.0,1315455.0,1200455.0,1058000.0,-81818.0
2026-05-09,스포츠,659455.0,349091.0,288182.0,1142091.0,1126727.0,151909.0
2026-05-09,아웃도어,0.0,30909.0,0.0,0.0,2686727.0,0.0
2026-05-09,여성,10967318.0,150600.0,1976182.0,23075364.0,3270873.0,9760636.0
2026-05-09,잡화,3813327.0,160000.0,4693573.0,6196600.0,496909.0,8150673.0
2026-05-09,키즈,0.0,-113273.0,0.0,0.0,1167727.0,0.0
2026-05-10,골프,1514991.0,2312455.0,2674764.0,6393409.0,5979218.0,3518473.0
2026-05-10,남성,7354045.0,575855.0,2923909.0,23364891.0,3848364.0,12116655.0
2026-05-10,리빙,0.0,508864.0,0.0,0.0,5260045.0,0.0
2026-05-10,명품,0.0,3675000.0,0.0,0.0,9155455.0,0.0
2026-05-10,뷰티,0.0,874273.0,41545.0,0.0,2861118.0,20000.0
2026-05-10,슈즈,146727.0,0.0,1062727.0,368727.0,1290145.0,621818.0
2026-05-10,스포츠,692909.0,701364.0,305455.0,1432182.0,2428091.0,210818.0
2026-05-10,아웃도어,0.0,435455.0,0.0,0.0,2250909.0,0.0
2026-05-10,여성,7995636.0,271591.0,1785591.0,29813955.0,5213609.0,13666045.0
2026-05-10,잡화,2562873.0,93727.0,3820936.0,7258400.0,1605309.0,7942445.0
2026-05-10,키즈,0.0,56364.0,0.0,0.0,1391709.0,0.0
2026-05-11,골프,1991582.0,2077445.0,251273.0,-394055.0,4457100.0,1836236.0
2026-05-11,남성,4724982.0,991100.0,935573.0,3541136.0,1048518.0,5021527.0
2026-05-11,리빙,0.0,281600.0,0.0,0.0,-525727.0,0.0
2026-05-11,명품,0.0,1693455.0,0.0,0.0,2793909.0,0.0
2026-05-11,뷰티,0.0,2403118.0,49727.0,0.0,1832255.0,42091.0
2026-05-11,슈즈,125000.0,0.0,641818.0,913091.0,1965936.0,2600955.0
2026-05-11,스포츠,473273.0,531545.0,152727.0,1562727.0,-956055.0,591909.0
2026-05-11,아웃도어,0.0,285727.0,0.0,0.0,2224409.0,0.0
2026-05-11,여성,-17818.0,70836.0,-159545.0,11418364.0,2743145.0,5120864.0
2026-05-11,잡화,2221673.0,65091.0,4189491.0,7159745.0,1086000.0,3342564.0
2026-05-11,키즈,0.0,184391.0,0.0,0.0,2443455.0,0.0
2026-05-12,골프,2443373.0,2368527.0,-355500.0,5915500.0,5406127.0,2160000.0
2026-05-12,남성,5450782.0,579418.0,719973.0,11578873.0,3290282.0,4873945.0
2026-05-12,리빙,0.0,109182.0,0.0,0.0,441727.0,0.0
2026-05-12,명품,0.0,2608909.0,0.0,0.0,4160000.0,0.0
2026-05-12,뷰티,0.0,798227.0,10000.0,0.0,1673182.0,170818.0
2026-05-12,슈즈,-290364.0,53318.0,432727.0,124091.0,1048000.0,696364.0
2026-05-12,스포츠,1056182.0,503545.0,773636.0,1039182.0,3923327.0,-235455.0
2026-05-12,아웃도어,0.0,337818.0,0.0,0.0,2604545.0,0.0
2026-05-12,여성,2700182.0,159045.0,1622091.0,7536182.0,3508509.0,9969909.0
2026-05-12,잡화,3033382.0,1623727.0,2813182.0,6141036.0,527745.0,4130709.0
2026-05-12,키즈,0.0,6309.0,0.0,0.0,1222627.0,0.0
2026-05-13,골프,1495564.0,2547664.0,272909.0,3010464.0,7017936.0,4531027.0
2026-05-13,남성,4671236.0,430191.0,1839536.0,16825245.0,1799955.0,9720527.0
2026-05-13,리빙,0.0,566664.0,0.0,0.0,2305300.0,0.0
2026-05-13,명품,0.0,-2429909.0,0.0,0.0,2308818.0,0.0
2026-05-13,뷰티,0.0,512591.0,95182.0,0.0,1996027.0,10000.0
2026-05-13,슈즈,249818.0,35636.0,-136364.0,1017818.0,1071727.0,294545.0
2026-05-13,스포츠,461273.0,271909.0,324545.0,1073091.0,2193973.0,884727.0
2026-05-13,아웃도어,0.0,11182.0,0.0,0.0,2773227.0,0.0
2026-05-13,여성,484818.0,429782.0,3326727.0,22704818.0,2225436.0,15027318.0
2026-05-13,잡화,2175273.0,322091.0,2777364.0,7499636.0,865755.0,6130855.0
2026-05-13,키즈,0.0,57455.0,0.0,0.0,515853.0,0.0
2026-05-14,골프,1243227.0,2570436.0,691455.0,3707436.0,3060291.0,3478527.0
2026-05-14,남성,3196882.0,576191.0,2740473.0,19883836.0,2271345.0,16705664.0
2026-05-14,리빙,0.0,294764.0,0.0,0.0,680155.0,0.0
2026-05-14,명품,0.0,2198182.0,0.0,0.0,5981409.0,0.0
2026-05-14,뷰티,0.0,1135182.0,68455.0,0.0,1055318.0,29000.0
2026-05-14,슈즈,71273.0,418273.0,1054727.0,14727.0,1380000.0,1056364.0
2026-05-14,스포츠,582000.0,425727.0,216364.0,2099091.0,1324445.0,1241364.0
2026-05-14,아웃도어,0.0,1022273.0,0.0,0.0,2651136.0,0.0
2026-05-14,여성,4981318.0,531636.0,-624455.0,21544955.0,2010918.0,11152182.0
2026-05-14,잡화,1493491.0,67091.0,1516455.0,5046636.0,119045.0,3067582.0
2026-05-14,키즈,0.0,185218.0,0.0,0.0,1835298.0,0.0
2026-05-15,골프,664373.0,1953800.0,249564.0,6065464.0,1255436.0,2877636.0
2026-05-15,남성,4207200.0,199518.0,2224855.0,14749845.0,2490400.0,6200282.0
2026-05-15,리빙,0.0,453636.0,0.0,0.0,775473.0,0.0
2026-05-15,명품,0.0,1503091.0,0.0,0.0,10473000.0,0.0
2026-05-15,뷰티,0.0,546909.0,47273.0,0.0,1816318.0,42727.0
2026-05-15,슈즈,236545.0,62727.0,179091.0,1121091.0,471955.0,1799091.0
2026-05-15,스포츠,427909.0,233636.0,0.0,473818.0,2181182.0,99000.0
2026-05-15,아웃도어,0.0,727273.0,0.0,0.0,1679136.0,0.0
2026-05-15,여성,4656273.0,244800.0,1085636.0,11332682.0,1115418.0,5630682.0
2026-05-15,잡화,1616982.0,127555.0,3214782.0,4119400.0,1841218.0,5063509.0
2026-05-15,키즈,0.0,235273.0,0.0,0.0,810018.0,0.0
2026-05-16,골프,450700.0,2027618.0,28636.0,3701064.0,5802536.0,1192000.0
2026-05-16,남성,4067936.0,399400.0,-47545.0,22054309.0,3405673.0,7402500.0
2026-05-16,리빙,0.0,39636.0,0.0,0.0,652059.0,0.0
2026-05-16,명품,0.0,2218636.0,0.0,0.0,6553727.0,0.0
2026-05-16,뷰티,0.0,1045364.0,19091.0,0.0,1666827.0,0.0
2026-05-16,슈즈,0.0,0.0,667273.0,1033182.0,1200245.0,-108182.0
2026-05-16,스포츠,371000.0,435000.0,279091.0,771636.0,1830091.0,610000.0
2026-05-16,아웃도어,0.0,421727.0,0.0,0.0,2231727.0,0.0
2026-05-16,여성,501909.0,688682.0,1861636.0,21367818.0,4955500.0,6000818.0
2026-05-16,잡화,1500564.0,42318.0,2015464.0,5374200.0,1439573.0,8135764.0
2026-05-16,키즈,0.0,357909.0,0.0,0.0,1180045.0,0.0
2026-05-17,골프,1228036.0,1512100.0,57273.0,8958400.0,12882618.0,4074927.0
2026-05-17,남성,7460673.0,713155.0,3429900.0,22566882.0,6396400.0,18925636.0
2026-05-17,리빙,0.0,233545.0,0.0,0.0,3142055.0,0.0
2026-05-17,명품,0.0,1721545.0,0.0,0.0,6412545.0,0.0
2026-05-17,뷰티,0.0,1025973.0,0.0,0.0,1918845.0,30273.0
2026-05-17,슈즈,513636.0,98545.0,950000.0,970182.0,2765382.0,739091.0
2026-05-17,스포츠,651727.0,184636.0,0.0,1077209.0,1916091.0,121818.0
2026-05-17,아웃도어,0.0,532545.0,0.0,0.0,3194736.0,0.0
2026-05-17,여성,6534409.0,291673.0,778182.0,31606182.0,5829455.0,16216000.0
2026-05-17,잡화,1395236.0,72545.0,4435018.0,8744982.0,1688182.0,7869682.0
2026-05-17,키즈,0.0,-75909.0,0.0,0.0,1519600.0,0.0
2026-05-18,골프,-155891.0,1390182.0,756055.0,4860955.0,2291191.0,1837055.0
2026-05-18,남성,4166745.0,146564.0,324682.0,16827845.0,1899882.0,1880882.0
2026-05-18,리빙,0.0,97182.0,0.0,0.0,1792573.0,0.0
2026-05-18,명품,0.0,2174727.0,0.0,0.0,-8818545.0,0.0
2026-05-18,뷰티,0.0,420927.0,43000.0,0.0,2701855.0,39455.0
2026-05-18,슈즈,428364.0,-6255.0,386364.0,1171364.0,790000.0,397273.0
2026-05-18,스포츠,223636.0,185909.0,233636.0,638818.0,-943545.0,216364.0
2026-05-18,아웃도어,0.0,285909.0,0.0,0.0,611773.0,0.0
2026-05-18,여성,958182.0,281155.0,-17364.0,-1683636.0,2107855.0,2199727.0
2026-05-18,잡화,1529836.0,101700.0,1328309.0,4902036.0,1440336.0,7141255.0
2026-05-18,키즈,0.0,22727.0,0.0,0.0,1289209.0,0.0
2026-05-19,골프,2005136.0,215973.0,234018.0,4305645.0,2308200.0,694218.0
2026-05-19,남성,5175936.0,690236.0,945682.0,6380264.0,2164455.0,6442800.0
2026-05-19,리빙,0.0,521200.0,0.0,0.0,485103.0,0.0
2026-05-19,명품,0.0,1847636.0,0.0,0.0,1964727.0,0.0
2026-05-19,뷰티,0.0,1049727.0,48091.0,0.0,867727.0,208455.0
2026-05-19,슈즈,255091.0,538864.0,533636.0,352091.0,1507527.0,-638182.0
2026-05-19,스포츠,481818.0,867000.0,63636.0,820091.0,363364.0,60909.0
2026-05-19,아웃도어,0.0,885727.0,0.0,0.0,2813455.0,0.0
2026-05-19,여성,789273.0,135391.0,-929182.0,8300773.0,880245.0,-3247727.0
2026-05-19,잡화,1777109.0,235500.0,3310927.0,4654255.0,423955.0,5789355.0
2026-05-19,키즈,0.0,9227.0,0.0,0.0,1185700.0,0.0
2026-05-20,골프,1648318.0,1668409.0,152964.0,3444264.0,873509.0,777000.0
2026-05-20,남성,4263391.0,114336.0,3471636.0,6932836.0,1271473.0,3686964.0
2026-05-20,리빙,0.0,268091.0,0.0,0.0,3286855.0,0.0
2026-05-20,명품,0.0,1121455.0,0.0,0.0,4377818.0,0.0
2026-05-20,뷰티,0.0,1282273.0,0.0,0.0,905836.0,13636.0
2026-05-20,슈즈,76091.0,161273.0,414545.0,48364.0,2045455.0,279091.0
2026-05-20,스포츠,616364.0,343636.0,99091.0,1098545.0,1030409.0,240909.0
2026-05-20,아웃도어,0.0,1845091.0,0.0,0.0,83552545.0,0.0
2026-05-20,여성,3546409.0,359718.0,35273.0,8839227.0,-203936.0,-1187818.0
2026-05-20,잡화,3702055.0,401136.0,2375618.0,3868818.0,574227.0,7467155.0
2026-05-20,키즈,0.0,98773.0,0.0,0.0,733364.0,0.0
2026-05-21,골프,841355.0,1203445.0,455727.0,1982818.0,3349918.0,1184509.0
2026-05-21,남성,6622182.0,-123936.0,2253636.0,10906500.0,900664.0,5114855.0
2026-05-21,리빙,0.0,112727.0,0.0,0.0,388891.0,0.0
2026-05-21,명품,0.0,2240545.0,0.0,0.0,1994545.0,0.0
2026-05-21,뷰티,0.0,455455.0,40364.0,0.0,1645182.0,0.0
2026-05-21,슈즈,83273.0,130727.0,492909.0,1097636.0,706818.0,630000.0
2026-05-21,스포츠,371727.0,258818.0,216364.0,1041909.0,1306273.0,259273.0
2026-05-21,아웃도어,0.0,317818.0,0.0,0.0,29969273.0,0.0
2026-05-21,여성,3784000.0,46409.0,-780545.0,3401636.0,1139709.0,4585091.0
2026-05-21,잡화,1508345.0,75545.0,2526536.0,4049909.0,1175836.0,6943836.0
2026-05-21,키즈,0.0,108182.0,0.0,0.0,426055.0,0.0
2026-05-22,골프,2312882.0,70873.0,587964.0,1828218.0,2305627.0,783418.0
2026-05-22,남성,4212182.0,-118636.0,1432591.0,22440709.0,666345.0,2634273.0
2026-05-22,리빙,0.0,-162727.0,0.0,0.0,1972627.0,0.0
2026-05-22,명품,0.0,773727.0,0.0,0.0,9255000.0,0.0
2026-05-22,뷰티,0.0,1521864.0,123273.0,0.0,940800.0,0.0
2026-05-22,슈즈,0.0,-130727.0,1777273.0,457364.0,700227.0,-26364.0
2026-05-22,스포츠,86727.0,185818.0,0.0,597636.0,336273.0,-188000.0
2026-05-22,아웃도어,0.0,1288455.0,0.0,0.0,7924773.0,0.0
2026-05-22,여성,3016636.0,23382.0,3300273.0,7235091.0,1380000.0,4051364.0
2026-05-22,잡화,1757855.0,205818.0,3321327.0,3214218.0,2546991.0,3823345.0
2026-05-22,키즈,0.0,70418.0,0.0,0.0,570064.0,0.0
2026-05-23,골프,2310691.0,1208000.0,270000.0,6350136.0,4591673.0,2680727.0
2026-05-23,남성,6320791.0,447009.0,1968773.0,18810845.0,3758200.0,7179273.0
2026-05-23,리빙,0.0,495909.0,0.0,0.0,3785200.0,0.0
2026-05-23,명품,0.0,3854727.0,0.0,0.0,10935091.0,0.0
2026-05-23,뷰티,0.0,784091.0,-32727.0,0.0,1868182.0,88636.0
2026-05-23,슈즈,115909.0,305455.0,90000.0,209727.0,1969564.0,704545.0
2026-05-23,스포츠,475091.0,495455.0,207273.0,1023364.0,1435909.0,222000.0
2026-05-23,아웃도어,0.0,1751000.0,0.0,0.0,4451955.0,0.0
2026-05-23,여성,6571409.0,639091.0,2832000.0,23102727.0,6617055.0,13317364.0
2026-05-23,잡화,790091.0,691864.0,2578964.0,5488400.0,957364.0,5889945.0
2026-05-23,키즈,0.0,0.0,0.0,0.0,698145.0,0.0
2026-05-24,골프,-98727.0,1169282.0,405636.0,2837264.0,8269118.0,2354018.0
2026-05-24,남성,3015036.0,205200.0,1904500.0,14855009.0,3685991.0,4654636.0
2026-05-24,리빙,0.0,114200.0,0.0,0.0,-1485955.0,0.0
2026-05-24,명품,0.0,1166273.0,0.0,0.0,4816091.0,0.0
2026-05-24,뷰티,0.0,716182.0,65364.0,0.0,1553127.0,87273.0
2026-05-24,슈즈,260818.0,98545.0,80909.0,748818.0,942727.0,631818.0
2026-05-24,스포츠,276727.0,1029455.0,44545.0,518909.0,2228318.0,99091.0
2026-05-24,아웃도어,0.0,1180273.0,0.0,0.0,10191136.0,0.0
2026-05-24,여성,2114682.0,450955.0,702000.0,13243545.0,4338664.0,5591727.0
2026-05-24,잡화,1969382.0,1616273.0,3396909.0,4445618.0,4112745.0,5865091.0
2026-05-24,키즈,0.0,174018.0,0.0,0.0,1194809.0,0.0
2026-05-25,골프,1291309.0,1176473.0,220800.0,5779664.0,4813918.0,3125527.0
2026-05-25,남성,3772218.0,539273.0,1833909.0,16619391.0,2999091.0,9856864.0
2026-05-25,리빙,0.0,340182.0,0.0,0.0,1641436.0,0.0
2026-05-25,명품,0.0,2582727.0,0.0,0.0,9418091.0,0.0
2026-05-25,뷰티,0.0,1376909.0,22636.0,0.0,1902536.0,67636.0
2026-05-25,슈즈,-164182.0,100818.0,406364.0,399091.0,2769455.0,2312000.0
2026-05-25,스포츠,252545.0,234045.0,289091.0,197545.0,2711000.0,-3636.0
2026-05-25,아웃도어,0.0,1272636.0,0.0,0.0,3373636.0,0.0
2026-05-25,여성,1546727.0,259645.0,26182.0,18658500.0,4657991.0,8754000.0
2026-05-25,잡화,2190855.0,112273.0,2528618.0,4344855.0,817536.0,5284636.0
2026-05-25,키즈,0.0,83709.0,0.0,0.0,1170836.0,0.0
2026-05-26,골프,1436473.0,723745.0,1274945.0,7594945.0,3023936.0,5068827.0
2026-05-26,남성,5363300.0,478182.0,2930727.0,16358673.0,1395045.0,7036309.0
2026-05-26,리빙,0.0,-59382.0,0.0,0.0,2718091.0,0.0
2026-05-26,명품,0.0,1121818.0,0.0,0.0,-3579000.0,0.0
2026-05-26,뷰티,0.0,887273.0,10000.0,0.0,1889291.0,82909.0
2026-05-26,슈즈,120273.0,178182.0,2457273.0,145727.0,1248591.0,721818.0
2026-05-26,스포츠,508364.0,300545.0,167455.0,646000.0,1317636.0,1010909.0
2026-05-26,아웃도어,0.0,1859000.0,0.0,0.0,1053636.0,0.0
2026-05-26,여성,3745909.0,801618.0,1917727.0,12702455.0,3096300.0,12396636.0
2026-05-26,잡화,1760873.0,1710318.0,4065373.0,5700436.0,1076155.0,7038982.0
2026-05-26,키즈,0.0,147582.0,0.0,0.0,513300.0,0.0
2026-05-27,골프,364564.0,1125382.0,274945.0,1690964.0,2615927.0,2658255.0
2026-05-27,남성,3551091.0,414909.0,2087727.0,5156236.0,873891.0,2958645.0
2026-05-27,리빙,0.0,714909.0,0.0,0.0,1083164.0,0.0
2026-05-27,명품,0.0,1073273.0,0.0,0.0,3150636.0,0.0
2026-05-27,뷰티,0.0,794891.0,0.0,0.0,1746691.0,46273.0
2026-05-27,슈즈,-46909.0,203727.0,1128182.0,215364.0,1817000.0,684545.0
2026-05-27,스포츠,302909.0,585909.0,314545.0,1479364.0,1608727.0,99091.0
2026-05-27,아웃도어,0.0,346636.0,0.0,0.0,2053355.0,0.0
2026-05-27,여성,333545.0,470364.0,1996636.0,12716364.0,5098718.0,2207545.0
2026-05-27,잡화,744800.0,124000.0,2719591.0,5597855.0,475973.0,6507109.0
2026-05-27,키즈,0.0,655055.0,0.0,0.0,727433.0,0.0
2026-05-28,골프,267400.0,534545.0,309055.0,4107491.0,1611436.0,998445.0
2026-05-28,남성,2308073.0,399936.0,1310045.0,8202364.0,700900.0,4322273.0
2026-05-28,리빙,0.0,-416218.0,0.0,0.0,4124473.0,0.0
2026-05-28,명품,0.0,1927273.0,0.0,0.0,7613455.0,0.0
2026-05-28,뷰티,0.0,544709.0,106273.0,0.0,1305709.0,0.0
2026-05-28,슈즈,186636.0,279509.0,1002727.0,-232000.0,1085909.0,938182.0
2026-05-28,스포츠,223636.0,497500.0,315455.0,459909.0,1217273.0,418545.0
2026-05-28,아웃도어,0.0,279455.0,0.0,0.0,1183364.0,0.0
2026-05-28,여성,4009273.0,510518.0,459545.0,3394818.0,4433009.0,3508909.0
2026-05-28,잡화,2584564.0,352027.0,2616255.0,5042509.0,1582091.0,3507927.0
2026-05-28,키즈,0.0,91455.0,0.0,0.0,957462.0,0.0
2026-05-29,골프,1598145.0,2249336.0,963655.0,2769436.0,3288391.0,1362464.0
2026-05-29,남성,776182.0,291455.0,2803682.0,14402764.0,107373.0,4357164.0
2026-05-29,리빙,0.0,327273.0,0.0,0.0,-750664.0,0.0
2026-05-29,명품,0.0,637273.0,0.0,0.0,4268636.0,0.0
2026-05-29,뷰티,0.0,748691.0,16818.0,0.0,1334955.0,0.0
2026-05-29,슈즈,254273.0,342818.0,278182.0,-5455.0,661727.0,-460000.0
2026-05-29,스포츠,402000.0,-33636.0,0.0,387636.0,1221818.0,1136364.0
2026-05-29,아웃도어,0.0,426636.0,0.0,0.0,630364.0,0.0
2026-05-29,여성,1753682.0,129909.0,1374182.0,12543318.0,2389964.0,6159045.0
2026-05-29,잡화,1021091.0,280273.0,1035682.0,3913745.0,1433500.0,4129436.0
2026-05-29,키즈,0.0,58727.0,0.0,0.0,1287458.0,0.0
2026-05-30,골프,997318.0,1306973.0,394045.0,4426891.0,4510609.0,2005527.0
2026-05-30,남성,7104245.0,76818.0,1618045.0,18473145.0,3087300.0,5752136.0
2026-05-30,리빙,0.0,0.0,0.0,0.0,3389482.0,0.0
2026-05-30,명품,0.0,2303545.0,0.0,0.0,8321364.0,0.0
2026-05-30,뷰티,0.0,982209.0,0.0,0.0,1246909.0,70364.0
2026-05-30,슈즈,198091.0,355909.0,218364.0,448636.0,1684045.0,1063636.0
2026-05-30,스포츠,352545.0,532727.0,297273.0,672364.0,3319136.0,843636.0
2026-05-30,아웃도어,0.0,511364.0,0.0,0.0,1638182.0,0.0
2026-05-30,여성,2493318.0,634718.0,-335909.0,21978000.0,3567045.0,12825182.0
2026-05-30,잡화,2363455.0,57909.0,1417264.0,4595527.0,572900.0,5396591.0
2026-05-30,키즈,0.0,134500.0,0.0,0.0,1862215.0,0.0
2026-05-31,골프,920636.0,1265000.0,1025382.0,4814645.0,4730082.0,5850618.0
2026-05-31,남성,5215045.0,187909.0,2418500.0,24116818.0,1972591.0,10863664.0
2026-05-31,리빙,0.0,746418.0,0.0,0.0,2003800.0,0.0
2026-05-31,명품,0.0,3281455.0,0.0,0.0,7653000.0,0.0
2026-05-31,뷰티,0.0,593618.0,0.0,0.0,1506809.0,74818.0
2026-05-31,슈즈,220636.0,0.0,720909.0,297909.0,2971936.0,874545.0
2026-05-31,스포츠,264727.0,280000.0,62727.0,741091.0,2450818.0,684545.0
2026-05-31,아웃도어,0.0,1320273.0,0.0,0.0,2061364.0,0.0
2026-05-31,여성,6210682.0,514364.0,3051182.0,21077545.0,3999582.0,14874818.0
2026-05-31,잡화,2211927.0,250091.0,2602836.0,4681682.0,3205773.0,9153455.0
2026-05-31,키즈,0.0,23636.0,0.0,0.0,2185764.0,0.0
2026-06-01,골프,1852745.0,1604836.0,832782.0,2607036.0,2554718.0,2784718.0
2026-06-01,남성,3671500.0,303845.0,2882991.0,13387500.0,1514982.0,1519345.0
2026-06-01,리빙,0.0,761491.0,0.0,0.0,1201436.0,0.0
2026-06-01,명품,0.0,1694545.0,0.0,0.0,-1691455.0,0.0
2026-06-01,뷰티,0.0,830182.0,0.0,0.0,1384091.0,223273.0
2026-06-01,슈즈,83636.0,306909.0,2101818.0,81455.0,585182.0,1827273.0
2026-06-01,스포츠,303000.0,476636.0,130182.0,617182.0,2453909.0,723909.0
2026-06-01,아웃도어,0.0,1511455.0,0.0,0.0,2439000.0,0.0
2026-06-01,여성,3043727.0,152727.0,798000.0,11720545.0,3856918.0,4156818.0
2026-06-01,잡화,2072036.0,213364.0,4003618.0,5675227.0,1089818.0,8653745.0
2026-06-01,키즈,0.0,21818.0,0.0,0.0,763945.0,0.0
2026-06-02,골프,161227.0,976818.0,1221682.0,3140600.0,3985864.0,3425636.0
2026-06-02,남성,5481627.0,381727.0,748364.0,17282064.0,1323745.0,5285973.0
2026-06-02,리빙,0.0,100773.0,0.0,0.0,1638302.0,0.0
2026-06-02,명품,0.0,3775818.0,0.0,0.0,2774891.0,0.0
2026-06-02,뷰티,0.0,1012182.0,0.0,0.0,1192673.0,103818.0
2026-06-02,슈즈,46909.0,52500.0,1689091.0,10727.0,267936.0,821818.0
2026-06-02,스포츠,269818.0,-155727.0,89091.0,585091.0,1074464.0,148182.0
2026-06-02,아웃도어,0.0,219091.0,0.0,0.0,393727.0,0.0
2026-06-02,여성,2168818.0,497527.0,2193318.0,14987818.0,3757427.0,3249818.0
2026-06-02,잡화,2235636.0,0.0,4255400.0,3990909.0,2951273.0,9726782.0
2026-06-02,키즈,0.0,72845.0,0.0,0.0,1211600.0,0.0
2026-06-03,골프,693300.0,1437545.0,1504709.0,6023000.0,5864555.0,5378855.0
2026-06-03,남성,5106327.0,511927.0,2237409.0,24115500.0,2964664.0,8665236.0
2026-06-03,리빙,0.0,228818.0,0.0,0.0,2990600.0,0.0
2026-06-03,명품,0.0,3089364.0,0.0,0.0,10450455.0,0.0
2026-06-03,뷰티,0.0,1013682.0,22636.0,0.0,2025500.0,143818.0
2026-06-03,슈즈,75727.0,154273.0,1660000.0,1008364.0,1537282.0,532727.0
2026-06-03,스포츠,353818.0,454182.0,99091.0,1230364.0,2310045.0,514545.0
2026-06-03,아웃도어,0.0,982373.0,0.0,0.0,2711845.0,0.0
2026-06-03,여성,5883545.0,533273.0,4241682.0,29235273.0,5007482.0,17791455.0
2026-06-03,잡화,2610727.0,261091.0,5864491.0,7203727.0,2945282.0,9199064.0
2026-06-03,키즈,0.0,47864.0,0.0,0.0,1381536.0,0.0
2026-06-04,골프,1460864.0,1071291.0,852755.0,3719855.0,1925227.0,1143527.0
2026-06-04,남성,2454045.0,727673.0,1279000.0,14316645.0,2041636.0,6966300.0
2026-06-04,리빙,0.0,226455.0,0.0,0.0,1843509.0,0.0
2026-06-04,명품,0.0,2854818.0,0.0,0.0,4272545.0,0.0
2026-06-04,뷰티,0.0,523936.0,14636.0,0.0,696636.0,142000.0
2026-06-04,슈즈,164818.0,155273.0,1597273.0,-282909.0,2053964.0,456545.0
2026-06-04,스포츠,149000.0,445545.0,306182.0,638727.0,602773.0,-198182.0
2026-06-04,아웃도어,0.0,316818.0,0.0,0.0,189409.0,0.0
2026-06-04,여성,1978818.0,12655.0,447273.0,7730727.0,1759709.0,5163682.0
2026-06-04,잡화,1688545.0,-86173.0,3669736.0,5921864.0,34136.0,4669591.0
2026-06-04,키즈,0.0,86236.0,0.0,0.0,1237700.0,0.0
2026-06-05,골프,1282364.0,729273.0,366273.0,2693055.0,3054000.0,1205436.0
2026-06-05,남성,1540818.0,564864.0,4099955.0,6980891.0,536145.0,12981409.0
2026-06-05,리빙,0.0,26182.0,0.0,0.0,1203000.0,0.0
2026-06-05,명품,0.0,2694545.0,0.0,0.0,3939182.0,0.0
2026-06-05,뷰티,0.0,937636.0,22636.0,0.0,1445273.0,28182.0
2026-06-05,슈즈,446182.0,0.0,196364.0,-45000.0,1769364.0,568182.0
2026-06-05,스포츠,410091.0,212545.0,126364.0,367182.0,628955.0,189091.0
2026-06-05,아웃도어,0.0,-475909.0,0.0,0.0,781409.0,0.0
2026-06-05,여성,532318.0,319255.0,2742727.0,8241682.0,561845.0,7737455.0
2026-06-05,잡화,2655382.0,60273.0,3519245.0,3790264.0,2192245.0,3200718.0
2026-06-05,키즈,0.0,69545.0,0.0,0.0,860727.0,0.0
2026-06-06,골프,388455.0,499455.0,-128055.0,4455027.0,3886000.0,3838982.0
2026-06-06,남성,3013955.0,698245.0,1826727.0,23392418.0,1809155.0,11571727.0
2026-06-06,리빙,0.0,285182.0,0.0,0.0,1387964.0,0.0
2026-06-06,명품,0.0,1483000.0,0.0,0.0,9037273.0,0.0
2026-06-06,뷰티,0.0,1722191.0,0.0,0.0,902264.0,13636.0
2026-06-06,슈즈,-182.0,398182.0,1047273.0,569182.0,1110091.0,954909.0
2026-06-06,스포츠,124636.0,562273.0,280000.0,261091.0,1787909.0,225455.0
2026-06-06,아웃도어,0.0,1845455.0,0.0,0.0,1479136.0,0.0
2026-06-06,여성,1800364.0,-41527.0,1721727.0,13450591.0,4002573.0,20061727.0
2026-06-06,잡화,1378655.0,276591.0,3012636.0,6362436.0,1437491.0,5388364.0
2026-06-06,키즈,0.0,158700.0,0.0,0.0,1221073.0,0.0
2026-06-07,골프,1785182.0,874382.0,586618.0,4191609.0,4935464.0,3178273.0
2026-06-07,남성,5488391.0,941336.0,3541909.0,19196282.0,2327973.0,14348409.0
2026-06-07,리빙,0.0,815727.0,0.0,0.0,1722445.0,0.0
2026-06-07,명품,0.0,1561273.0,0.0,0.0,4692727.0,0.0
2026-06-07,뷰티,0.0,2863091.0,0.0,0.0,1396809.0,47636.0
2026-06-07,슈즈,647000.0,663773.0,2200182.0,94818.0,2114091.0,1235636.0
2026-06-07,스포츠,286182.0,75818.0,0.0,678818.0,2063909.0,198182.0
2026-06-07,아웃도어,0.0,541536.0,0.0,0.0,1564727.0,0.0
2026-06-07,여성,2986818.0,492600.0,3205364.0,20983955.0,3020473.0,24613000.0
2026-06-07,잡화,1835636.0,96545.0,2851909.0,9506545.0,1876327.0,7209891.0
2026-06-07,키즈,0.0,0.0,0.0,0.0,1246073.0,0.0
2026-06-08,골프,821773.0,-929555.0,527345.0,4075473.0,3524864.0,3026118.0
2026-06-08,남성,2133573.0,-125073.0,2216545.0,10759664.0,899500.0,8541091.0
2026-06-08,리빙,0.0,-131873.0,0.0,0.0,760391.0,0.0
2026-06-08,명품,0.0,505818.0,0.0,0.0,3023000.0,0.0
2026-06-08,뷰티,0.0,493227.0,27182.0,0.0,760427.0,72000.0
2026-06-08,슈즈,301364.0,-101273.0,866364.0,139455.0,1558455.0,260909.0
2026-06-08,스포츠,184455.0,489818.0,0.0,830818.0,515727.0,-297364.0
2026-06-08,아웃도어,0.0,225364.0,0.0,0.0,398500.0,0.0
2026-06-08,여성,2706909.0,-139145.0,1706091.0,11765091.0,-359318.0,7866091.0
2026-06-08,잡화,3659455.0,-460909.0,5111255.0,5884800.0,692273.0,5761255.0
2026-06-08,키즈,0.0,262455.0,0.0,0.0,298436.0,0.0
2026-06-09,골프,954818.0,646000.0,753727.0,435636.0,6202909.0,1285918.0
2026-06-09,남성,2364345.0,622000.0,2751364.0,84000.0,2115655.0,5887182.0
2026-06-09,리빙,0.0,623909.0,0.0,0.0,2081991.0,0.0
2026-06-09,명품,0.0,96364.0,0.0,0.0,11668936.0,0.0
2026-06-09,뷰티,0.0,1962782.0,27273.0,0.0,1131427.0,27182.0
2026-06-09,슈즈,46909.0,-60000.0,-99091.0,573636.0,666364.0,1127273.0
2026-06-09,스포츠,198318.0,-9091.0,225455.0,-117909.0,1681636.0,188273.0
2026-06-09,아웃도어,0.0,306909.0,0.0,0.0,1483782.0,0.0
2026-06-09,여성,338682.0,-179364.0,2176636.0,-1260409.0,1259909.0,-2475091.0
2026-06-09,잡화,1475727.0,375273.0,4363545.0,6616564.0,873518.0,4199018.0
2026-06-09,키즈,0.0,-91.0,0.0,0.0,332500.0,0.0
2026-06-10,골프,202155.0,348136.0,474236.0,265773.0,2482955.0,1602173.0
2026-06-10,남성,2447282.0,484764.0,1256500.0,8751173.0,686973.0,7374555.0
2026-06-10,리빙,0.0,449364.0,0.0,0.0,1555655.0,0.0
2026-06-10,명품,0.0,3524909.0,0.0,0.0,1100000.0,0.0
2026-06-10,뷰티,0.0,1176409.0,62364.0,0.0,1404364.0,21727.0
2026-06-10,슈즈,-114273.0,0.0,630909.0,152091.0,131045.0,1172727.0
2026-06-10,스포츠,561364.0,576545.0,275455.0,281227.0,947000.0,-416364.0
2026-06-10,아웃도어,0.0,582818.0,0.0,0.0,276273.0,0.0
2026-06-10,여성,2585636.0,-122327.0,2346045.0,789455.0,122873.0,6549409.0
2026-06-10,잡화,1908909.0,44673.0,2920545.0,6368000.0,624545.0,6127418.0
2026-06-10,키즈,0.0,138182.0,0.0,0.0,619800.0,0.0
2026-06-11,골프,-384136.0,836818.0,538364.0,2033709.0,3001273.0,771627.0
2026-06-11,남성,4271545.0,434218.0,3261000.0,5103255.0,-739300.0,4769727.0
2026-06-11,리빙,0.0,903927.0,0.0,0.0,350436.0,0.0
2026-06-11,명품,0.0,-1124182.0,0.0,0.0,-1816164.0,0.0
2026-06-11,뷰티,0.0,1164364.0,0.0,0.0,1172709.0,40000.0
2026-06-11,슈즈,213000.0,316273.0,722727.0,-99545.0,471991.0,175273.0
2026-06-11,스포츠,423727.0,-124545.0,99091.0,269500.0,1564273.0,99091.0
2026-06-11,아웃도어,0.0,-637182.0,0.0,0.0,775909.0,0.0
2026-06-11,여성,1523909.0,190927.0,2608000.0,5490091.0,2093027.0,4435000.0
2026-06-11,잡화,826218.0,81455.0,1927909.0,5988927.0,553245.0,4800982.0
2026-06-11,키즈,0.0,118318.0,0.0,0.0,954273.0,0.0
2026-06-12,골프,834182.0,499836.0,1364091.0,1767255.0,3246027.0,2157345.0
2026-06-12,남성,3272045.0,-15818.0,1514545.0,5697345.0,115973.0,6921964.0
2026-06-12,리빙,0.0,383582.0,0.0,0.0,1578018.0,0.0
2026-06-12,명품,0.0,352364.0,0.0,0.0,1086136.0,0.0
2026-06-12,뷰티,0.0,853955.0,53636.0,0.0,1409836.0,0.0
2026-06-12,슈즈,93818.0,228364.0,368182.0,0.0,-492636.0,-71818.0
2026-06-12,스포츠,325409.0,268636.0,120909.0,380000.0,478100.0,132636.0
2026-06-12,아웃도어,0.0,-1126182.0,0.0,0.0,1252818.0,0.0
2026-06-12,여성,4959000.0,120764.0,3308000.0,6920727.0,994536.0,9320864.0
2026-06-12,잡화,1331764.0,1574645.0,2231527.0,2703218.0,203018.0,9167236.0
2026-06-12,키즈,0.0,45164.0,0.0,0.0,228855.0,0.0
2026-06-13,골프,1061045.0,459727.0,-149200.0,3253773.0,4022245.0,1018318.0
2026-06-13,남성,3287491.0,529182.0,3979682.0,15018491.0,2269282.0,10182682.0
2026-06-13,리빙,0.0,127318.0,0.0,0.0,1079318.0,0.0
2026-06-13,명품,0.0,242909.0,0.0,0.0,5917636.0,0.0
2026-06-13,뷰티,0.0,576409.0,59000.0,0.0,1233236.0,54091.0
2026-06-13,슈즈,46909.0,41909.0,583636.0,-152091.0,1508818.0,559091.0
2026-06-13,스포츠,309091.0,111818.0,0.0,278727.0,1589545.0,216727.0
2026-06-13,아웃도어,0.0,255909.0,0.0,0.0,2216182.0,0.0
2026-06-13,여성,3033091.0,561073.0,2523864.0,17739045.0,198655.0,18095364.0
2026-06-13,잡화,1009273.0,-556000.0,2288418.0,2746800.0,444145.0,5059382.0
2026-06-13,키즈,0.0,175545.0,0.0,0.0,471698.0,0.0
2026-06-14,골프,415727.0,742545.0,945000.0,4375464.0,3627818.0,2775418.0
2026-06-14,남성,5387109.0,304182.0,3740591.0,21397373.0,2143291.0,16552545.0
2026-06-14,리빙,0.0,95727.0,0.0,0.0,1772464.0,0.0
2026-06-14,명품,0.0,538182.0,0.0,0.0,9893909.0,0.0
2026-06-14,뷰티,0.0,814273.0,0.0,0.0,1419818.0,29091.0
2026-06-14,슈즈,46909.0,414727.0,910000.0,0.0,1656091.0,549091.0
2026-06-14,스포츠,960227.0,467455.0,0.0,240000.0,1260091.0,310000.0
2026-06-14,아웃도어,0.0,681818.0,0.0,0.0,1609182.0,0.0
2026-06-14,여성,5719455.0,428827.0,6688500.0,31734182.0,2730855.0,26117545.0
2026-06-14,잡화,1352909.0,515636.0,2519800.0,6267455.0,174927.0,7421455.0
2026-06-14,키즈,0.0,140000.0,0.0,0.0,943991.0,0.0
2026-06-15,골프,1635818.0,546818.0,1163600.0,4386818.0,3347909.0,3659645.0
2026-06-15,남성,6486545.0,50545.0,3371000.0,16964718.0,4272909.0,9740364.0
2026-06-15,리빙,0.0,1156891.0,0.0,0.0,1567073.0,0.0
2026-06-15,명품,0.0,917273.0,0.0,0.0,2573718.0,0.0
2026-06-15,뷰티,0.0,547273.0,0.0,0.0,1093209.0,27182.0
2026-06-15,슈즈,0.0,53636.0,1418636.0,1060455.0,-1068091.0,767273.0
2026-06-15,스포츠,359727.0,12545.0,379091.0,484727.0,510400.0,252727.0
2026-06-15,아웃도어,0.0,686273.0,0.0,0.0,1025455.0,0.0
2026-06-15,여성,4351227.0,357727.0,2210818.0,16934136.0,680864.0,16084091.0
2026-06-15,잡화,1509855.0,130864.0,3848145.0,7705964.0,2360182.0,7285073.0
2026-06-15,키즈,0.0,404318.0,0.0,0.0,1763200.0,0.0
2026-06-16,골프,1902182.0,941909.0,767818.0,2738045.0,1914245.0,2011009.0
2026-06-16,남성,5099218.0,-237264.0,4221727.0,10288455.0,1412436.0,11394582.0
2026-06-16,리빙,0.0,279864.0,0.0,0.0,5410200.0,0.0
2026-06-16,명품,0.0,2291364.0,0.0,0.0,7595364.0,0.0
2026-06-16,뷰티,0.0,972909.0,0.0,0.0,1871909.0,0.0
2026-06-16,슈즈,-46909.0,0.0,179091.0,347636.0,1413409.0,414545.0
2026-06-16,스포츠,332727.0,524627.0,568182.0,533182.0,647091.0,49091.0
2026-06-16,아웃도어,0.0,655455.0,0.0,0.0,1568000.0,0.0
2026-06-16,여성,2398182.0,71736.0,2749000.0,11457864.0,-843900.0,19310818.0
2026-06-16,잡화,2971036.0,18818.0,2137636.0,7636155.0,2962318.0,5791600.0
2026-06-16,키즈,0.0,184082.0,0.0,0.0,548800.0,0.0
2026-06-17,골프,681364.0,1698364.0,254300.0,3474273.0,3922918.0,981173.0
2026-06-17,남성,6191945.0,359827.0,3636055.0,11486209.0,979609.0,10579900.0
2026-06-17,리빙,0.0,683673.0,0.0,0.0,1443391.0,0.0
2026-06-17,명품,0.0,5023000.0,0.0,0.0,13337009.0,0.0
2026-06-17,뷰티,0.0,708636.0,0.0,0.0,1317609.0,0.0
2026-06-17,슈즈,45000.0,108182.0,421818.0,152091.0,2041909.0,712727.0
2026-06-17,스포츠,435227.0,47636.0,108182.0,358364.0,103291.0,281000.0
2026-06-17,아웃도어,0.0,-187182.0,0.0,0.0,824545.0,0.0
2026-06-17,여성,8352455.0,-8273.0,3772727.0,9610273.0,1161173.0,7694136.0
2026-06-17,잡화,2704273.0,12727.0,4489545.0,9206691.0,1810909.0,10568518.0
2026-06-17,키즈,0.0,1683718.0,0.0,0.0,2428864.0,0.0
2026-06-18,골프,2204927.0,907727.0,1634327.0,3043355.0,8955000.0,3199582.0
2026-06-18,남성,6546709.0,359755.0,3956864.0,12156591.0,2632582.0,10008182.0
2026-06-18,리빙,0.0,191182.0,0.0,0.0,1371791.0,0.0
2026-06-18,명품,0.0,4299091.0,0.0,0.0,10318209.0,0.0
2026-06-18,뷰티,0.0,387045.0,0.0,0.0,991855.0,42727.0
2026-06-18,슈즈,126636.0,0.0,236182.0,-341091.0,597545.0,296364.0
2026-06-18,스포츠,448500.0,178545.0,324727.0,1087955.0,815545.0,0.0
2026-06-18,아웃도어,0.0,608000.0,0.0,0.0,2048364.0,0.0
2026-06-18,여성,1886455.0,147500.0,4030818.0,14642182.0,2036773.0,10862073.0
2026-06-18,잡화,3316036.0,132773.0,4461891.0,7881291.0,2398227.0,7664891.0
2026-06-18,키즈,0.0,377636.0,0.0,0.0,793182.0,0.0
2026-06-19,골프,321727.0,547182.0,103191.0,6417718.0,3175091.0,2212518.0
2026-06-19,남성,3391827.0,133227.0,3570545.0,7846373.0,1707418.0,7906518.0
2026-06-19,리빙,0.0,497636.0,0.0,0.0,1166682.0,0.0
2026-06-19,명품,0.0,2848000.0,0.0,0.0,1982836.0,0.0
2026-06-19,뷰티,0.0,797227.0,71818.0,0.0,1497355.0,10000.0
2026-06-19,슈즈,126909.0,161818.0,620909.0,-217636.0,486491.0,878409.0
2026-06-19,스포츠,508500.0,240636.0,-99091.0,369227.0,784764.0,57273.0
2026-06-19,아웃도어,0.0,154727.0,0.0,0.0,645727.0,0.0
2026-06-19,여성,5135636.0,787500.0,3380909.0,21916773.0,2777573.0,13387682.0
2026-06-19,잡화,1626091.0,3727.0,4122482.0,4589982.0,4416309.0,5674600.0
2026-06-19,키즈,0.0,-341382.0,0.0,0.0,1165436.0,0.0
2026-06-20,골프,683455.0,1119455.0,321955.0,4257127.0,3724873.0,3376736.0
2026-06-20,남성,5768136.0,178864.0,3427000.0,17141655.0,4179591.0,11987409.0
2026-06-20,리빙,0.0,833818.0,0.0,0.0,1801355.0,0.0
2026-06-20,명품,0.0,824818.0,0.0,0.0,6217073.0,0.0
2026-06-20,뷰티,0.0,987591.0,0.0,0.0,805373.0,120727.0
2026-06-20,슈즈,0.0,402364.0,334545.0,0.0,2042000.0,513636.0
2026-06-20,스포츠,353455.0,490909.0,396364.0,-35136.0,1064436.0,27273.0
2026-06-20,아웃도어,0.0,331545.0,0.0,0.0,1825364.0,0.0
2026-06-20,여성,-908545.0,293182.0,2227455.0,20512000.0,3152009.0,16890727.0
2026-06-20,잡화,2500527.0,229364.0,2943073.0,4728909.0,1693073.0,6421455.0
2026-06-20,키즈,0.0,169818.0,0.0,0.0,790136.0,0.0
2026-06-21,골프,1292045.0,1277000.0,781455.0,4678473.0,5674482.0,4611182.0
2026-06-21,남성,4288682.0,131727.0,2542045.0,27476373.0,1970682.0,18807500.0
2026-06-21,리빙,0.0,635455.0,0.0,0.0,1832818.0,0.0
2026-06-21,명품,0.0,894364.0,0.0,0.0,9012227.0,0.0
2026-06-21,뷰티,0.0,953918.0,42182.0,0.0,826727.0,178182.0
2026-06-21,슈즈,0.0,565182.0,792727.0,262636.0,1096909.0,901818.0
2026-06-21,스포츠,587909.0,708091.0,162727.0,452955.0,1019000.0,505455.0
2026-06-21,아웃도어,0.0,246182.0,0.0,0.0,683364.0,0.0
2026-06-21,여성,6084636.0,154818.0,3504091.0,28734773.0,4092982.0,28732500.0
2026-06-21,잡화,4361127.0,0.0,3792227.0,8374473.0,3050182.0,8547364.0
2026-06-21,키즈,0.0,56364.0,0.0,0.0,1168882.0,0.0
2026-06-22,골프,396727.0,816182.0,606109.0,2733927.0,592618.0,904682.0
2026-06-22,남성,8412691.0,132182.0,3702136.0,11315018.0,202900.0,9296864.0
2026-06-22,리빙,0.0,171273.0,0.0,0.0,2789182.0,0.0
2026-06-22,명품,0.0,-136818.0,0.0,0.0,6515900.0,0.0
2026-06-22,뷰티,0.0,180545.0,71818.0,0.0,569000.0,154455.0
2026-06-22,슈즈,69364.0,236636.0,107273.0,58818.0,838691.0,99091.0
2026-06-22,스포츠,191682.0,38182.0,0.0,246545.0,683818.0,121818.0
2026-06-22,아웃도어,0.0,151000.0,0.0,0.0,949382.0,0.0
2026-06-22,여성,3784864.0,670955.0,3071000.0,10006545.0,1569555.0,12484291.0
2026-06-22,잡화,-263727.0,0.0,2672418.0,7382418.0,2265664.0,3087855.0
2026-06-22,키즈,0.0,456591.0,0.0,0.0,732027.0,0.0
2026-06-23,골프,1421455.0,132818.0,328455.0,2091145.0,840191.0,1640645.0
2026-06-23,남성,5587045.0,-99955.0,1439000.0,9120073.0,1972736.0,7311818.0
2026-06-23,리빙,0.0,640136.0,0.0,0.0,1561745.0,0.0
2026-06-23,명품,0.0,1425727.0,0.0,0.0,4218345.0,0.0
2026-06-23,뷰티,0.0,660091.0,0.0,0.0,1003673.0,0.0
2026-06-23,슈즈,426909.0,625636.0,1101818.0,169091.0,1093000.0,909091.0
2026-06-23,스포츠,135273.0,394182.0,162727.0,541682.0,866155.0,0.0
2026-06-23,아웃도어,0.0,144727.0,0.0,0.0,3177182.0,0.0
2026-06-23,여성,2951091.0,317491.0,1672273.0,8534000.0,1362136.0,-1315409.0
2026-06-23,잡화,2027800.0,29091.0,3765091.0,5714145.0,2260564.0,4811836.0
2026-06-23,키즈,0.0,473136.0,0.0,0.0,1078627.0,0.0
2026-06-24,골프,1934727.0,112364.0,306236.0,3500782.0,3739636.0,1831182.0
2026-06-24,남성,2050018.0,305073.0,2191927.0,7800655.0,116000.0,7452391.0
2026-06-24,리빙,0.0,249455.0,0.0,0.0,1323273.0,0.0
2026-06-24,명품,0.0,-320909.0,0.0,0.0,3664527.0,0.0
2026-06-24,뷰티,0.0,747909.0,0.0,0.0,1109536.0,29091.0
2026-06-24,슈즈,0.0,77545.0,370000.0,-169182.0,2057818.0,227273.0
2026-06-24,스포츠,467318.0,348091.0,-106182.0,195909.0,980545.0,26545.0
2026-06-24,아웃도어,0.0,664455.0,0.0,0.0,2033500.0,0.0
2026-06-24,여성,4353818.0,412400.0,2122409.0,8311545.0,2123818.0,6718818.0
2026-06-24,잡화,1508545.0,203182.0,1045764.0,5626673.0,-180082.0,4724418.0
2026-06-24,키즈,0.0,217727.0,0.0,0.0,1258491.0,0.0
2026-06-25,골프,1055273.0,-25236.0,115909.0,2695336.0,2183318.0,2801245.0
2026-06-25,남성,1157655.0,259364.0,3737727.0,7504955.0,2037600.0,6620700.0
2026-06-25,리빙,0.0,692273.0,0.0,0.0,2650836.0,0.0
2026-06-25,명품,0.0,181727.0,0.0,0.0,5690727.0,0.0
2026-06-25,뷰티,0.0,495782.0,-71818.0,0.0,1165055.0,22636.0
2026-06-25,슈즈,0.0,-192636.0,1236545.0,0.0,932591.0,422818.0
2026-06-25,스포츠,242182.0,305091.0,-18182.0,843045.0,258636.0,209909.0
2026-06-25,아웃도어,0.0,1134286.0,0.0,0.0,694727.0,0.0
2026-06-25,여성,3648909.0,313709.0,3239000.0,7139773.0,2305809.0,3744818.0
2026-06-25,잡화,2542982.0,81727.0,2933091.0,5775364.0,8782318.0,5087291.0
2026-06-25,키즈,0.0,320045.0,0.0,0.0,425445.0,0.0
2026-06-26,골프,447636.0,196636.0,764818.0,1679736.0,2582727.0,945200.0
2026-06-26,남성,1064391.0,296191.0,4307091.0,8693955.0,1683591.0,6322927.0
2026-06-26,리빙,0.0,77182.0,0.0,0.0,1982091.0,0.0
2026-06-26,명품,0.0,324000.0,0.0,0.0,8079582.0,0.0
2026-06-26,뷰티,0.0,754364.0,22727.0,0.0,1511764.0,0.0
2026-06-26,슈즈,0.0,972182.0,1329273.0,292091.0,2241345.0,216364.0
2026-06-26,스포츠,429864.0,596636.0,53636.0,924409.0,440000.0,135455.0
2026-06-26,아웃도어,0.0,647364.0,0.0,0.0,878818.0,0.0
2026-06-26,여성,3320591.0,523818.0,2399273.0,11679682.0,3052645.0,12460545.0
2026-06-26,잡화,1319218.0,170682.0,1827000.0,6999364.0,4307591.0,4049055.0
2026-06-26,키즈,0.0,366227.0,0.0,0.0,280873.0,0.0
2026-06-27,골프,688382.0,516000.0,238727.0,3198736.0,3816855.0,926500.0
2026-06-27,남성,5818364.0,408273.0,3714591.0,15753218.0,3656427.0,9440409.0
2026-06-27,리빙,0.0,189364.0,0.0,0.0,1460091.0,0.0
2026-06-27,명품,0.0,1311182.0,0.0,0.0,5881645.0,0.0
2026-06-27,뷰티,0.0,724545.0,18091.0,0.0,1227136.0,0.0
2026-06-27,슈즈,0.0,216455.0,1784091.0,620182.0,1946727.0,233636.0
2026-06-27,스포츠,241364.0,628909.0,0.0,991136.0,890727.0,108182.0
2026-06-27,아웃도어,0.0,734182.0,0.0,0.0,616000.0,0.0
2026-06-27,여성,6468455.0,1042000.0,5500818.0,21713091.0,3415782.0,7232091.0
2026-06-27,잡화,944764.0,478182.0,3503273.0,5115000.0,5497000.0,8258673.0
2026-06-27,키즈,0.0,154718.0,0.0,0.0,1592336.0,0.0
2026-06-28,골프,2793673.0,578555.0,426927.0,6729609.0,5595955.0,3755491.0
2026-06-28,남성,6296364.0,331045.0,5360864.0,28266409.0,1714991.0,16959609.0
2026-06-28,리빙,0.0,172545.0,0.0,0.0,1931182.0,0.0
2026-06-28,명품,0.0,597545.0,0.0,0.0,5639273.0,0.0
2026-06-28,뷰티,0.0,717909.0,0.0,0.0,1851409.0,0.0
2026-06-28,슈즈,0.0,536455.0,842000.0,54182.0,2748173.0,767273.0
2026-06-28,스포츠,415773.0,628545.0,0.0,1104909.0,2148955.0,581818.0
2026-06-28,아웃도어,0.0,250182.0,0.0,0.0,1650545.0,0.0
2026-06-28,여성,6485455.0,609782.0,5706455.0,28450000.0,4355009.0,22695864.0
2026-06-28,잡화,1737527.0,84364.0,1944000.0,11707964.0,679682.0,7618427.0
2026-06-28,키즈,0.0,387255.0,0.0,0.0,1181545.0,0.0
2026-06-29,골프,785545.0,738545.0,239182.0,3944582.0,3507909.0,2713500.0
2026-06-29,남성,6090055.0,12073.0,2584318.0,14023136.0,2228627.0,9889264.0
2026-06-29,리빙,0.0,145045.0,0.0,0.0,1314909.0,0.0
2026-06-29,명품,0.0,18182.0,0.0,0.0,-263336.0,0.0
2026-06-29,뷰티,0.0,431055.0,83455.0,0.0,1677164.0,0.0
2026-06-29,슈즈,-173818.0,90000.0,1009091.0,268636.0,83182.0,531818.0
2026-06-29,스포츠,182182.0,751273.0,0.0,474864.0,876027.0,0.0
2026-06-29,아웃도어,0.0,255455.0,0.0,0.0,1683864.0,0.0
2026-06-29,여성,-9727.0,424636.0,2570773.0,4439591.0,925673.0,5788682.0
2026-06-29,잡화,4899909.0,163182.0,1206364.0,14627664.0,-263318.0,6192018.0
2026-06-29,키즈,0.0,25491.0,0.0,0.0,1034400.0,0.0
2026-06-30,골프,228000.0,205273.0,420509.0,3885473.0,2582182.0,1552600.0
2026-06-30,남성,2004136.0,24045.0,1459136.0,3260127.0,202536.0,6357545.0
2026-06-30,리빙,0.0,332545.0,0.0,0.0,986145.0,0.0
2026-06-30,명품,0.0,1568091.0,0.0,0.0,1068636.0,0.0
2026-06-30,뷰티,0.0,469000.0,89091.0,0.0,960364.0,39091.0
2026-06-30,슈즈,0.0,-171636.0,67091.0,547000.0,1392636.0,659091.0
2026-06-30,스포츠,57045.0,355182.0,108182.0,822455.0,881982.0,213545.0
2026-06-30,아웃도어,0.0,-105636.0,0.0,0.0,1864591.0,0.0
2026-06-30,여성,2058000.0,159445.0,-29091.0,3001909.0,413473.0,8674045.0
2026-06-30,잡화,3012182.0,1075182.0,2464045.0,5231136.0,584273.0,7734527.0
2026-06-30,키즈,0.0,56773.0,0.0,0.0,912500.0,0.0
2026-07-01,골프,968382.0,557455.0,760036.0,4829391.0,3078891.0,929082.0
2026-07-01,남성,146100.0,723209.0,2376500.0,4215964.0,1371755.0,12251591.0
2026-07-01,리빙,0.0,346636.0,0.0,0.0,4478109.0,0.0
2026-07-01,명품,0.0,2276455.0,0.0,0.0,5146327.0,0.0
2026-07-01,뷰티,0.0,616455.0,0.0,0.0,1015273.0,25909.0
2026-07-01,슈즈,152091.0,-108000.0,604545.0,473273.0,1551636.0,1050909.0
2026-07-01,스포츠,580227.0,618364.0,124227.0,1927773.0,2000173.0,44545.0
2026-07-01,아웃도어,0.0,538364.0,0.0,0.0,839091.0,0.0
2026-07-01,여성,7539273.0,80227.0,2961273.0,9655136.0,2260836.0,4463273.0
2026-07-01,잡화,2352145.0,58818.0,1640709.0,19067064.0,1305955.0,7891864.0
2026-07-01,키즈,0.0,191000.0,0.0,0.0,1229227.0,0.0
2026-07-02,골프,572400.0,352909.0,365636.0,3519164.0,1845545.0,867345.0
2026-07-02,남성,2222818.0,97091.0,3701318.0,389464.0,1161236.0,5551227.0
2026-07-02,리빙,0.0,365564.0,0.0,0.0,2995345.0,0.0
2026-07-02,명품,0.0,248545.0,0.0,0.0,7323191.0,0.0
2026-07-02,뷰티,0.0,823400.0,0.0,0.0,1310073.0,30000.0
2026-07-02,슈즈,141636.0,306545.0,883636.0,216818.0,-285727.0,422727.0
2026-07-02,스포츠,112318.0,488636.0,198182.0,738864.0,1091091.0,-54545.0
2026-07-02,아웃도어,0.0,442727.0,0.0,0.0,1673455.0,0.0
2026-07-02,여성,-499455.0,41873.0,772364.0,10265045.0,159473.0,7741182.0
2026-07-02,잡화,2121309.0,93364.0,267255.0,8267973.0,1272227.0,2790364.0
2026-07-02,키즈,0.0,161809.0,0.0,0.0,568545.0,0.0
2026-07-03,골프,648636.0,530091.0,464636.0,3487891.0,1751136.0,2186727.0
2026-07-03,남성,630273.0,51818.0,3580273.0,11578582.0,999327.0,9941173.0
2026-07-03,리빙,0.0,421200.0,0.0,0.0,2813064.0,0.0
2026-07-03,명품,0.0,1144909.0,0.0,0.0,1241200.0,0.0
2026-07-03,뷰티,0.0,577182.0,0.0,0.0,1043727.0,106364.0
2026-07-03,슈즈,0.0,-90909.0,395455.0,-15364.0,697273.0,874545.0
2026-07-03,스포츠,228682.0,223818.0,99091.0,1024545.0,822927.0,198182.0
2026-07-03,아웃도어,0.0,37636.0,0.0,0.0,3428864.0,0.0
2026-07-03,여성,893727.0,56909.0,2964364.0,10656818.0,225369.0,9538545.0
2026-07-03,잡화,1950836.0,366364.0,282182.0,9233491.0,995591.0,3981836.0
2026-07-03,키즈,0.0,46473.0,0.0,0.0,414636.0,0.0
2026-07-04,골프,1516527.0,571764.0,422364.0,3705918.0,5735273.0,3502191.0
2026-07-04,남성,5429418.0,0.0,3325636.0,20014809.0,1935227.0,12877009.0
2026-07-04,리빙,0.0,137273.0,0.0,0.0,2313364.0,0.0
2026-07-04,명품,0.0,321818.0,0.0,0.0,7150118.0,0.0
2026-07-04,뷰티,0.0,612545.0,0.0,0.0,1094236.0,35000.0
2026-07-04,슈즈,183273.0,35636.0,279091.0,550227.0,1699718.0,431818.0
2026-07-04,스포츠,208273.0,910000.0,0.0,742091.0,1144873.0,188773.0
2026-07-04,아웃도어,0.0,32364.0,0.0,0.0,1469636.0,0.0
2026-07-04,여성,834091.0,408545.0,983545.0,13162818.0,1624082.0,8856182.0
2026-07-04,잡화,3700055.0,0.0,1176636.0,7591200.0,1781636.0,5887955.0
2026-07-04,키즈,0.0,0.0,0.0,0.0,363818.0,0.0
2026-07-05,골프,1190745.0,640036.0,546182.0,5853491.0,5447136.0,3492464.0
2026-07-05,남성,4649464.0,167091.0,4233818.0,21787318.0,2321473.0,14245273.0
2026-07-05,리빙,0.0,448818.0,0.0,0.0,2935691.0,0.0
2026-07-05,명품,0.0,98182.0,0.0,0.0,6284864.0,0.0
2026-07-05,뷰티,0.0,252273.0,20000.0,0.0,1688600.0,237273.0
2026-07-05,슈즈,0.0,290727.0,586364.0,939300.0,831182.0,2074545.0
2026-07-05,스포츠,491273.0,607818.0,189091.0,1316273.0,1578800.0,198182.0
2026-07-05,아웃도어,0.0,72727.0,0.0,0.0,1527045.0,0.0
2026-07-05,여성,3985636.0,298182.0,2626273.0,29085318.0,3200836.0,14174818.0
2026-07-05,잡화,2524436.0,88864.0,2363818.0,11090555.0,7840691.0,13460991.0
2026-07-05,키즈,0.0,21818.0,0.0,0.0,633618.0,0.0
2026-07-06,골프,866291.0,-290455.0,656273.0,5056855.0,1893927.0,2360082.0
2026-07-06,남성,4622455.0,-16455.0,2755545.0,15024109.0,859182.0,9085818.0
2026-07-06,리빙,0.0,-47273.0,0.0,0.0,5632809.0,0.0
2026-07-06,명품,0.0,2158091.0,0.0,0.0,2765636.0,0.0
2026-07-06,뷰티,0.0,670500.0,0.0,0.0,799955.0,0.0
2026-07-06,슈즈,206455.0,-269818.0,41818.0,-109273.0,346773.0,259091.0
2026-07-06,스포츠,71000.0,396636.0,496364.0,1137091.0,1946200.0,99091.0
2026-07-06,아웃도어,0.0,245727.0,0.0,0.0,5119273.0,0.0
2026-07-06,여성,-959727.0,-158727.0,2341455.0,11882864.0,857109.0,7437909.0
2026-07-06,잡화,3580836.0,190391.0,3226527.0,8092927.0,-3801045.0,8726109.0
2026-07-06,키즈,0.0,283327.0,0.0,0.0,517800.0,0.0
2026-07-07,골프,873818.0,259055.0,232545.0,3529145.0,5486727.0,1937555.0
2026-07-07,남성,1910591.0,78455.0,2614318.0,17565991.0,986455.0,11460455.0
2026-07-07,리빙,0.0,466091.0,0.0,0.0,-695818.0,0.0
2026-07-07,명품,0.0,1071636.0,0.0,0.0,-78727.0,0.0
2026-07-07,뷰티,0.0,1035364.0,40000.0,0.0,1298764.0,50000.0
2026-07-07,슈즈,165455.0,44545.0,152727.0,784200.0,775564.0,307273.0
2026-07-07,스포츠,277182.0,509455.0,311818.0,1248455.0,558836.0,9091.0
2026-07-07,아웃도어,0.0,732455.0,0.0,0.0,10815727.0,0.0
2026-07-07,여성,1391364.0,-76300.0,1032091.0,7136955.0,759145.0,9580773.0
2026-07-07,잡화,2583473.0,88827.0,3580545.0,7388673.0,6003382.0,6823345.0
2026-07-07,키즈,0.0,59918.0,0.0,0.0,415936.0,0.0
2026-07-08,골프,895818.0,371145.0,290455.0,4092418.0,4053036.0,3487627.0
2026-07-08,남성,4540700.0,219727.0,3983173.0,12473264.0,735618.0,7933818.0
2026-07-08,리빙,0.0,49909.0,0.0,0.0,1761500.0,0.0
2026-07-08,명품,0.0,631273.0,0.0,0.0,1872473.0,0.0
2026-07-08,뷰티,0.0,493545.0,0.0,0.0,2194000.0,0.0
2026-07-08,슈즈,292091.0,312091.0,90000.0,123500.0,366727.0,44545.0
2026-07-08,스포츠,290000.0,108000.0,-543636.0,438455.0,267818.0,731818.0
2026-07-08,아웃도어,0.0,-327636.0,0.0,0.0,2327318.0,0.0
2026-07-08,여성,4067091.0,-84736.0,66455.0,9324455.0,1880391.0,6945182.0
2026-07-08,잡화,1048009.0,63909.0,1688818.0,7821400.0,-2077636.0,10270827.0
2026-07-08,키즈,0.0,121818.0,0.0,0.0,564273.0,0.0
2026-07-09,골프,612182.0,557545.0,790700.0,2033336.0,2150191.0,2303873.0
2026-07-09,남성,-447909.0,314000.0,1827000.0,12479500.0,1526873.0,8751455.0
2026-07-09,리빙,0.0,198318.0,0.0,0.0,1852645.0,0.0
2026-07-09,명품,0.0,90636.0,0.0,0.0,2786945.0,0.0
2026-07-09,뷰티,0.0,578273.0,0.0,0.0,1388436.0,69091.0
2026-07-09,슈즈,216500.0,-36000.0,878364.0,847136.0,330455.0,497273.0
2026-07-09,스포츠,467455.0,391091.0,0.0,606091.0,824318.0,225727.0
2026-07-09,아웃도어,0.0,1084273.0,0.0,0.0,24227818.0,0.0
2026-07-09,여성,286818.0,204873.0,1113727.0,10757045.0,2213227.0,6292545.0
2026-07-09,잡화,1682527.0,-83636.0,2720327.0,8747527.0,2049182.0,9038673.0
2026-07-09,키즈,0.0,90855.0,0.0,0.0,2042873.0,0.0
2026-07-10,골프,-68573.0,69455.0,237200.0,2639509.0,5253627.0,2130291.0
2026-07-10,남성,950427.0,552091.0,3297727.0,14157009.0,507318.0,12101727.0
2026-07-10,리빙,0.0,329818.0,0.0,0.0,1770155.0,0.0
2026-07-10,명품,0.0,-27273.0,0.0,0.0,3487473.0,0.0
2026-07-10,뷰티,0.0,409909.0,56364.0,0.0,1579782.0,0.0
2026-07-10,슈즈,152091.0,0.0,351818.0,391955.0,-209091.0,-199091.0
2026-07-10,스포츠,-134727.0,216364.0,-220818.0,1336091.0,608164.0,0.0
2026-07-10,아웃도어,0.0,-183091.0,0.0,0.0,1435182.0,0.0
2026-07-10,여성,2354545.0,117091.0,2358818.0,19268955.0,168645.0,7186455.0
2026-07-10,잡화,4176618.0,0.0,1693000.0,8074473.0,3216400.0,6056455.0
2026-07-10,키즈,0.0,166309.0,0.0,0.0,1609336.0,0.0
2026-07-11,골프,1479182.0,1154045.0,977918.0,4240282.0,7799282.0,1208227.0
2026-07-11,남성,5335609.0,366645.0,3464045.0,10520636.0,2152545.0,14006591.0
2026-07-11,리빙,0.0,141727.0,0.0,0.0,457136.0,0.0
2026-07-11,명품,0.0,174545.0,0.0,0.0,6890545.0,0.0
2026-07-11,뷰티,0.0,347818.0,0.0,0.0,1152736.0,34273.0
2026-07-11,슈즈,0.0,116182.0,62727.0,568000.0,1455727.0,577273.0
2026-07-11,스포츠,59455.0,200182.0,0.0,1057091.0,798582.0,40091.0
2026-07-11,아웃도어,0.0,308636.0,0.0,0.0,1764273.0,0.0
2026-07-11,여성,5786909.0,229564.0,2375091.0,18445682.0,2945000.0,6429000.0
2026-07-11,잡화,638127.0,0.0,2082455.0,8833227.0,520591.0,6769800.0
2026-07-11,키즈,0.0,80336.0,0.0,0.0,926164.0,0.0
2026-07-12,골프,1593245.0,616782.0,247273.0,6057782.0,6532109.0,4704345.0
2026-07-12,남성,6073173.0,156273.0,4884227.0,23350300.0,2795845.0,21261318.0
2026-07-12,리빙,0.0,227455.0,0.0,0.0,1129500.0,0.0
2026-07-12,명품,0.0,798182.0,0.0,0.0,6435909.0,0.0
2026-07-12,뷰티,0.0,567627.0,0.0,0.0,623800.0,0.0
2026-07-12,슈즈,0.0,137455.0,234545.0,333182.0,1545818.0,667273.0
2026-07-12,스포츠,325091.0,891273.0,108273.0,761182.0,1724991.0,207364.0
2026-07-12,아웃도어,0.0,498182.0,0.0,0.0,2250455.0,0.0
2026-07-12,여성,4009091.0,72464.0,2059091.0,27569182.0,3279109.0,16071727.0
2026-07-12,잡화,2014527.0,124364.0,1250727.0,8492145.0,3203818.0,9813155.0
2026-07-12,키즈,0.0,30909.0,0.0,0.0,1699455.0,0.0
2026-07-13,골프,747836.0,339000.0,429545.0,3112436.0,5101373.0,2074491.0
2026-07-13,남성,3275345.0,227227.0,3360364.0,10947736.0,605909.0,10195955.0
2026-07-13,리빙,0.0,198000.0,0.0,0.0,4972364.0,0.0
2026-07-13,명품,0.0,44545.0,0.0,0.0,3057545.0,0.0
2026-07-13,뷰티,0.0,938364.0,0.0,0.0,1220427.0,23545.0
2026-07-13,슈즈,164818.0,248091.0,260909.0,-248182.0,1393545.0,252727.0
2026-07-13,스포츠,363455.0,173182.0,218455.0,324455.0,2138182.0,128273.0
2026-07-13,아웃도어,0.0,68818.0,0.0,0.0,335818.0,0.0
2026-07-13,여성,3021045.0,460273.0,2647000.0,8539273.0,378873.0,7862500.0
2026-07-13,잡화,2928673.0,0.0,894273.0,16731091.0,489018.0,7844764.0
2026-07-13,키즈,0.0,0.0,0.0,0.0,761709.0,0.0
2026-07-14,골프,1216345.0,369273.0,394273.0,2383682.0,303827.0,3905100.0
2026-07-14,남성,6997182.0,206273.0,3626136.0,1946145.0,1275309.0,3189227.0
2026-07-14,리빙,0.0,22182.0,0.0,0.0,-40818.0,0.0
2026-07-14,명품,0.0,529545.0,0.0,0.0,10659618.0,0.0
2026-07-14,뷰티,0.0,602818.0,23545.0,0.0,1245555.0,0.0
2026-07-14,슈즈,-189636.0,-35636.0,72727.0,-19727.0,1221091.0,387273.0
2026-07-14,스포츠,127545.0,168364.0,99091.0,971636.0,1966655.0,158182.0
2026-07-14,아웃도어,0.0,204091.0,0.0,0.0,198864.0,0.0
2026-07-14,여성,2731909.0,125136.0,2088727.0,1407273.0,3205709.0,4653773.0
2026-07-14,잡화,1353491.0,577545.0,2848091.0,9105836.0,2465573.0,5041655.0
2026-07-14,키즈,0.0,140091.0,0.0,0.0,443291.0,0.0
2026-07-15,골프,843745.0,499091.0,914345.0,4173718.0,3274936.0,951300.0
2026-07-15,남성,1548200.0,316709.0,2281682.0,10347436.0,3038173.0,8738427.0
2026-07-15,리빙,0.0,94273.0,0.0,0.0,752727.0,0.0
2026-07-15,명품,0.0,557000.0,0.0,0.0,7000273.0,0.0
2026-07-15,뷰티,0.0,582418.0,0.0,0.0,837109.0,0.0
2026-07-15,슈즈,0.0,209273.0,0.0,272364.0,1476273.0,287273.0
2026-07-15,스포츠,-31364.0,102091.0,0.0,547727.0,1752127.0,0.0
2026-07-15,아웃도어,0.0,185091.0,0.0,0.0,2062136.0,0.0
2026-07-15,여성,-3334909.0,-19800.0,941864.0,9673136.0,2378036.0,2424227.0
2026-07-15,잡화,1448818.0,101636.0,683000.0,5258673.0,1767000.0,7037000.0
2026-07-15,키즈,0.0,36445.0,0.0,0.0,956427.0,0.0
2026-07-16,골프,-761818.0,556973.0,355182.0,2742264.0,2719827.0,1203373.0
2026-07-16,남성,1315455.0,78364.0,2416327.0,6576800.0,1127464.0,7235836.0
2026-07-16,리빙,0.0,29000.0,0.0,0.0,1263182.0,0.0
2026-07-16,명품,0.0,223636.0,0.0,0.0,1926455.0,0.0
2026-07-16,뷰티,0.0,556545.0,0.0,0.0,1157609.0,0.0
2026-07-16,슈즈,0.0,130909.0,677273.0,411727.0,1017427.0,-53636.0
2026-07-16,스포츠,354273.0,-20909.0,0.0,27091.0,1198273.0,-33364.0
2026-07-16,아웃도어,0.0,71818.0,0.0,0.0,318818.0,0.0
2026-07-16,여성,2635455.0,198382.0,2012182.0,11614545.0,872927.0,3255909.0
2026-07-16,잡화,2246509.0,-62727.0,2019445.0,6257655.0,768773.0,3948955.0
2026-07-16,키즈,0.0,-67191.0,0.0,0.0,871400.0,0.0
2026-07-17,골프,764236.0,1579645.0,101909.0,5338545.0,5455182.0,4401582.0
2026-07-17,남성,4277636.0,355000.0,4234709.0,21557227.0,923655.0,9882382.0
2026-07-17,리빙,0.0,116000.0,0.0,0.0,1335091.0,0.0
2026-07-17,명품,0.0,2090000.0,0.0,0.0,13455818.0,0.0
2026-07-17,뷰티,0.0,540182.0,0.0,0.0,1061545.0,0.0
2026-07-17,슈즈,0.0,0.0,62727.0,246909.0,2104455.0,414545.0
2026-07-17,스포츠,481364.0,218909.0,0.0,2112091.0,2915582.0,100364.0
2026-07-17,아웃도어,0.0,177636.0,0.0,0.0,1483864.0,0.0
2026-07-17,여성,5621818.0,32636.0,1879091.0,26962182.0,2638873.0,13219273.0
2026-07-17,잡화,1760327.0,130436.0,2754000.0,6704309.0,1346218.0,7692345.0
2026-07-17,키즈,0.0,172027.0,0.0,0.0,952355.0,0.0
2026-07-18,골프,410564.0,2015845.0,967818.0,3751091.0,3921709.0,1109500.0
2026-07-18,남성,3052100.0,531864.0,2713364.0,8929582.0,975373.0,9021373.0
2026-07-18,리빙,0.0,230455.0,0.0,0.0,2088909.0,0.0
2026-07-18,명품,0.0,256273.0,0.0,0.0,4580273.0,0.0
2026-07-18,뷰티,0.0,293636.0,0.0,0.0,2037173.0,0.0
2026-07-18,슈즈,0.0,210545.0,-89091.0,322636.0,2360545.0,487273.0
2026-07-18,스포츠,323455.0,385818.0,353000.0,696909.0,2265636.0,27091.0
2026-07-18,아웃도어,0.0,458818.0,0.0,0.0,1559136.0,0.0
2026-07-18,여성,3274909.0,260345.0,2089636.0,15551636.0,2452427.0,5778227.0
2026-07-18,잡화,1804764.0,0.0,1746000.0,6363036.0,350418.0,7712455.0
2026-07-18,키즈,0.0,155700.0,0.0,0.0,988473.0,0.0
2026-07-19,골프,1938673.0,1901491.0,419545.0,3900973.0,4559036.0,2867855.0
2026-07-19,남성,6110882.0,465791.0,3448164.0,22281627.0,1733773.0,11436645.0
2026-07-19,리빙,0.0,86727.0,0.0,0.0,1465564.0,0.0
2026-07-19,명품,0.0,609091.0,0.0,0.0,2120636.0,0.0
2026-07-19,뷰티,0.0,478909.0,0.0,0.0,1288727.0,0.0
2026-07-19,슈즈,294864.0,170909.0,244545.0,117591.0,2655364.0,650364.0
2026-07-19,스포츠,49545.0,752636.0,180000.0,952182.0,4693182.0,301909.0
2026-07-19,아웃도어,0.0,128000.0,0.0,0.0,202409.0,0.0
2026-07-19,여성,5516000.0,373982.0,1997273.0,22813682.0,1632018.0,10782318.0
2026-07-19,잡화,2860382.0,28818.0,2937527.0,7154845.0,531364.0,9209036.0
2026-07-19,키즈,0.0,0.0,0.0,0.0,928673.0,0.0
2026-07-20,골프,895282.0,818136.0,1171264.0,3013055.0,1276409.0,3135700.0
2026-07-20,남성,2891873.0,126182.0,2715891.0,11614300.0,264400.0,6796136.0
2026-07-20,리빙,0.0,233364.0,0.0,0.0,1090364.0,0.0
2026-07-20,명품,0.0,413455.0,0.0,0.0,-7650727.0,0.0
2026-07-20,뷰티,0.0,956909.0,0.0,0.0,760018.0,31818.0
2026-07-20,슈즈,0.0,289455.0,225636.0,78545.0,677636.0,1102000.0
2026-07-20,스포츠,242909.0,401909.0,201909.0,805727.0,2744000.0,391909.0
2026-07-20,아웃도어,0.0,480091.0,0.0,0.0,-263227.0,0.0
2026-07-20,여성,3749818.0,59264.0,524000.0,6550591.0,-832227.0,543273.0
2026-07-20,잡화,2386655.0,0.0,2046073.0,15889073.0,195273.0,8035191.0
2026-07-20,키즈,0.0,90909.0,0.0,0.0,539082.0,0.0
2026-07-21,골프,1036036.0,763764.0,877182.0,2505518.0,3416200.0,-133436.0
2026-07-21,남성,4592873.0,176273.0,2597400.0,9464982.0,654000.0,4074409.0
2026-07-21,리빙,0.0,507091.0,0.0,0.0,1088982.0,0.0
2026-07-21,명품,0.0,806364.0,0.0,0.0,537136.0,0.0
2026-07-21,뷰티,0.0,388464.0,0.0,0.0,1645391.0,54273.0
2026-07-21,슈즈,0.0,144545.0,1103818.0,-437182.0,711691.0,276545.0
2026-07-21,스포츠,106727.0,392727.0,182636.0,244091.0,2704573.0,390182.0
2026-07-21,아웃도어,0.0,148182.0,0.0,0.0,2025091.0,0.0
2026-07-21,여성,499909.0,-307227.0,1504000.0,7619591.0,-623391.0,7911045.0
2026-07-21,잡화,2458382.0,129455.0,2247891.0,10400527.0,888364.0,9151727.0
2026-07-21,키즈,0.0,40909.0,0.0,0.0,254045.0,0.0
2026-07-22,골프,1300855.0,1201373.0,603727.0,2221182.0,3386000.0,1730400.0
2026-07-22,남성,1860782.0,185636.0,1431091.0,10109009.0,-573282.0,4307373.0
2026-07-22,리빙,0.0,251364.0,0.0,0.0,974182.0,0.0
2026-07-22,명품,0.0,0.0,0.0,0.0,5047773.0,0.0
2026-07-22,뷰티,0.0,698909.0,0.0,0.0,741873.0,61818.0
2026-07-22,슈즈,0.0,130909.0,650000.0,101182.0,1121182.0,641818.0
2026-07-22,스포츠,521545.0,102000.0,363727.0,296091.0,2710882.0,53636.0
2026-07-22,아웃도어,0.0,27273.0,0.0,0.0,1026273.0,0.0
2026-07-22,여성,4185818.0,-54018.0,974273.0,11253136.0,1630273.0,4139818.0
2026-07-22,잡화,1618255.0,-109545.0,1537318.0,6346245.0,259545.0,7555545.0
2026-07-22,키즈,0.0,0.0,0.0,0.0,938955.0,0.0
2026-07-23,골프,590273.0,602455.0,466182.0,4224000.0,2595227.0,2235118.0
2026-07-23,남성,2217373.0,270736.0,2027391.0,9060564.0,1192336.0,4689082.0
2026-07-23,리빙,0.0,89182.0,0.0,0.0,1091900.0,0.0
2026-07-23,명품,0.0,366364.0,0.0,0.0,5043364.0,0.0
2026-07-23,뷰티,0.0,288000.0,23545.0,0.0,426727.0,23545.0
2026-07-23,슈즈,0.0,-71182.0,740000.0,0.0,1334355.0,941182.0
2026-07-23,스포츠,92182.0,285636.0,25545.0,430273.0,1090091.0,140000.0
2026-07-23,아웃도어,0.0,0.0,0.0,0.0,1105673.0,0.0
2026-07-23,여성,3706091.0,18027.0,1130273.0,4716000.0,1762264.0,2975045.0
2026-07-23,잡화,1828891.0,0.0,1928482.0,5541173.0,388745.0,4513327.0
2026-07-23,키즈,0.0,669782.0,0.0,0.0,2992600.0,0.0
2026-07-24,골프,2253364.0,320391.0,953773.0,2930373.0,3345845.0,4559764.0
2026-07-24,남성,236436.0,74036.0,633727.0,10827455.0,933709.0,4332600.0
2026-07-24,리빙,0.0,0.0,0.0,0.0,163091.0,0.0
2026-07-24,명품,0.0,405455.0,0.0,0.0,3011182.0,0.0
2026-07-24,뷰티,0.0,475091.0,0.0,0.0,1225745.0,0.0
2026-07-24,슈즈,0.0,0.0,-55455.0,0.0,19455.0,974545.0
2026-07-24,스포츠,322909.0,61636.0,126364.0,587636.0,965873.0,-6455.0
2026-07-24,아웃도어,0.0,434636.0,0.0,0.0,581500.0,0.0
2026-07-24,여성,2878000.0,330691.0,1040818.0,6062682.0,1324345.0,7608818.0
2026-07-24,잡화,1308891.0,40182.0,189955.0,5429691.0,494955.0,3285245.0
2026-07-24,키즈,0.0,116000.0,0.0,0.0,512055.0,0.0
2026-07-25,골프,1337518.0,433927.0,301418.0,2430545.0,4942418.0,1307909.0
2026-07-25,남성,2548464.0,100182.0,601027.0,16889336.0,1000909.0,2881064.0
2026-07-25,리빙,0.0,57273.0,0.0,0.0,87318.0,0.0
2026-07-25,명품,0.0,580455.0,0.0,0.0,3317455.0,0.0
2026-07-25,뷰티,0.0,424818.0,0.0,0.0,242064.0,18091.0
2026-07-25,슈즈,349364.0,36545.0,-181818.0,0.0,562909.0,272182.0
2026-07-25,스포츠,258273.0,449636.0,0.0,258455.0,2044727.0,196364.0
2026-07-25,아웃도어,0.0,489091.0,0.0,0.0,609000.0,0.0
2026-07-25,여성,1804727.0,190636.0,1595182.0,14786364.0,2121973.0,8909182.0
2026-07-25,잡화,1915164.0,90427.0,1342164.0,9830391.0,1126091.0,2908736.0
2026-07-25,키즈,0.0,598436.0,0.0,0.0,617818.0,0.0
2026-07-26,골프,1270127.0,724691.0,773909.0,5209909.0,4042918.0,3049664.0
2026-07-26,남성,2306536.0,141100.0,2052982.0,17706882.0,1960755.0,6837845.0
2026-07-26,리빙,0.0,67909.0,0.0,0.0,1059636.0,0.0
2026-07-26,명품,0.0,60000.0,0.0,0.0,3934273.0,0.0
2026-07-26,뷰티,0.0,294364.0,0.0,0.0,673264.0,0.0
2026-07-26,슈즈,0.0,0.0,495455.0,120273.0,1102909.0,678182.0
2026-07-26,스포츠,186545.0,403182.0,138273.0,886182.0,2421636.0,248182.0
2026-07-26,아웃도어,0.0,59909.0,0.0,0.0,652091.0,0.0
2026-07-26,여성,4596818.0,168618.0,2024091.0,21975727.0,2160218.0,11559545.0
2026-07-26,잡화,1000782.0,380000.0,1562045.0,6737036.0,1409273.0,5584627.0
2026-07-26,키즈,0.0,420536.0,0.0,0.0,1226264.0,0.0
2026-07-27,골프,2201055.0,582373.0,229182.0,3979309.0,1460345.0,1358400.0
2026-07-27,남성,2016782.0,276545.0,2427409.0,9205145.0,-1140682.0,5169873.0
2026-07-27,리빙,0.0,336091.0,0.0,0.0,1516036.0,0.0
2026-07-27,명품,0.0,892182.0,0.0,0.0,832545.0,0.0
2026-07-27,뷰티,0.0,565755.0,0.0,0.0,31182.0,0.0
2026-07-27,슈즈,0.0,36273.0,423636.0,395864.0,606464.0,821818.0
2026-07-27,스포츠,339182.0,594273.0,-37182.0,1042273.0,1423236.0,152818.0
2026-07-27,아웃도어,0.0,-20000.0,0.0,0.0,900727.0,0.0
2026-07-27,여성,2694000.0,103436.0,1394636.0,10787455.0,-1192864.0,3477727.0
2026-07-27,잡화,2461945.0,136182.0,1964845.0,18430818.0,769909.0,6804764.0
2026-07-27,키즈,0.0,0.0,0.0,0.0,284955.0,0.0
2026-07-28,골프,-45082.0,578027.0,538591.0,3709873.0,979591.0,2168245.0
2026-07-28,남성,1423300.0,220682.0,2566955.0,2021845.0,164318.0,1012582.0
2026-07-28,리빙,0.0,-190709.0,0.0,0.0,376455.0,0.0
2026-07-28,명품,0.0,-220909.0,0.0,0.0,2952273.0,0.0
2026-07-28,뷰티,0.0,-97727.0,89091.0,0.0,717991.0,0.0
2026-07-28,슈즈,0.0,46364.0,99091.0,158455.0,573000.0,487273.0
2026-07-28,스포츠,178364.0,163636.0,0.0,949818.0,-195000.0,99091.0
2026-07-28,아웃도어,0.0,548909.0,0.0,0.0,721909.0,0.0
2026-07-28,여성,1807636.0,-40882.0,2118182.0,3952045.0,358927.0,1069091.0
2026-07-28,잡화,2838645.0,0.0,1921782.0,15657673.0,99809.0,6379200.0
2026-07-28,키즈,0.0,-14545.0,0.0,0.0,375527.0,0.0
2026-07-29,골프,803909.0,439082.0,339700.0,3183800.0,356527.0,1993682.0
2026-07-29,남성,3664773.0,43909.0,419136.0,9826936.0,91900.0,5639109.0
2026-07-29,리빙,0.0,279273.0,0.0,0.0,594818.0,0.0
2026-07-29,명품,0.0,1112364.0,0.0,0.0,20455455.0,0.0
2026-07-29,뷰티,0.0,378273.0,0.0,0.0,283845.0,80000.0
2026-07-29,슈즈,0.0,-130909.0,323818.0,152091.0,270000.0,693636.0
2026-07-29,스포츠,306545.0,494818.0,0.0,724273.0,512291.0,287364.0
2026-07-29,아웃도어,0.0,121545.0,0.0,0.0,319636.0,0.0
2026-07-29,여성,1935182.0,54455.0,1827818.0,15951864.0,620264.0,3377091.0
2026-07-29,잡화,2565982.0,271091.0,2558455.0,11050164.0,869745.0,7070455.0
2026-07-29,키즈,0.0,0.0,0.0,0.0,509191.0,0.0
