기간_일자+요일,노출수,클릭수,CTR,CR,객단가,결제고객수,CPM,CPC,CPUV,UV,광고비,거래액,ROAS,순결제비중,거래액(총),ROAS(총),UV/클릭,CR(총),객단가(총),결제고객수(총),가입률,가입수,가입CPA,첫구매율,첫구매수,첫구매CPA,첫구매거래액,첫구매비중,신규고객수,신규거래액,신규비중,윈백고객수,윈백거래액,date
25-01-01 (수),2016632,19787,0.0098119042046342,0.0109186287666219,131482.6815642458,179,1661.4335188571836,169.32834689442564,204.37355129925584,16394,3350500,23535400,7.024444112818983,0.8648251794890545,27214055,8.122386211013282,0.8285237782382372,0.0120775893619616,137444.72222222222,198,0.0120775893619616,198,16921.717171717173,0.004513846529218,74,45277.02702702703,9091254,0.3862799867433738,59,7411382,0.3149035920358269,42,7026037,2025-01-01
25-01-02 (목),2001253,15577,0.0077836235598397,0.0104554568891435,153788.84931506848,146,1311.3884151579036,168.48045194838545,187.94185047264395,13964,2624420,22453172,8.555479686940352,0.7065561380874456,31778327,12.108704780484832,0.8964498940745972,0.012675451160126,179538.5706214689,177,0.012317387568032,172,15258.255813953489,0.0038670867946147,54,48600.37037037037,6409463,0.2854591324557617,37,5329918,0.237379288770424,39,9000764,2025-01-02
25-01-03 (금),1901476,14070,0.0073995149031594,0.0083846553387252,217682.30088495577,113,1212.4318161259991,163.85287846481876,171.06255101283668,13477,2305410,24598100,10.669729028676027,0.6740990272054497,36490336,15.828132956827636,0.9578535891968728,0.011204273948208,241657.8543046357,151,0.012465682273503,168,13722.67857142857,0.0032648215478222,44,52395.681818181816,8534718,0.3469665543273667,33,5189072,0.2109541793878389,47,12871910,2025-01-03
25-01-04 (토),1747569,15998,0.0091544310982856,0.0103314679294016,175361.86805555556,144,1514.6583625596472,165.4563070383798,189.9103171186684,13938,2646970,25252109,9.540005742414913,0.8016996072603219,31498218,11.899726101920308,0.8712339042380297,0.0122686181661644,184200.1052631579,171,0.0125556033864255,175,15125.542857142857,0.0038743004735256,54,49017.96296296296,7569300,0.2997492209462584,40,5499645,0.2177895319555289,36,8028309,2025-01-04
25-01-05 (일),1684653,16675,0.0098981808123097,0.0115773224810552,181367.3818181818,165,1634.668979309092,165.14842578710645,193.2255122088128,14252,2753850,29925618,10.866829348003703,0.872646945534862,34292927,12.452721462679522,0.8546926536731634,0.0125596407521751,191580.5977653632,179,0.0124894751613808,178,15471.067415730337,0.0035784451305079,51,53997.05882352941,7115164,0.2377616395424148,25,3224800,0.1077605147536134,53,14272155,2025-01-05
25-01-06 (월),2038970,14740,0.0072291402031417,0.0098409755401839,123239.85507246378,138,1211.72454719785,167.61668928086837,176.1869785352635,14023,2470670,17007100,6.88359837614898,0.6240419222198164,27253137,11.030666580320318,0.9513568521031208,0.0129073664693717,150569.817679558,181,0.0119090066319617,167,14794.43113772455,0.004421307851387,62,39849.51612903226,7705973,0.4531032921544531,49,5713809,0.335966096512633,26,3866209,2025-01-06
25-01-07 (화),2293550,17227,0.0075110636349763,0.0099993711087353,171056.6603773585,159,1416.0885962808748,188.5336971033842,204.25570718822715,15901,3247870,27198009,8.374106414357717,0.6781214670277197,40107872,12.34897702186356,0.923027805189528,0.0130809383057669,192826.3076923077,208,0.0149047229733979,237,13704.09282700422,0.0040877932205521,65,49967.230769230766,8617018,0.3168253235007018,49,7131064,0.2621906625591601,30,9043673,2025-01-07
25-01-08 (수),2465494,18416,0.0074694969851883,0.0107110978875334,183489.9,180,1456.9656223053066,195.05538662033013,213.75423980958047,16805,3592140,33028182,9.194569810753478,0.7431172150924592,44445454,12.372973770510058,0.9125217202432668,0.0135673906575423,194936.20175438595,228,0.0145789943469205,245,14661.795918367348,0.0044629574531389,75,47895.2,11102291,0.3361459919289533,50,5869145,0.1777011220296654,47,15476237,2025-01-08
25-01-09 (목),2458704,17489,0.0071130969811738,0.0082426031863197,103173.60447761194,134,1303.410251905069,183.24089427640232,197.1273912776035,16257,3204700,13825263,4.314058414204138,0.4790029873280221,28862582,9.006328829531626,0.92955572073875,0.0111951774620163,158585.61538461538,182,0.0113182013901703,184,17416.847826086956,0.0031371101679276,51,62837.25490196078,6343782,0.4588543451216805,42,4704191,0.3402605071599723,30,-1412790,2025-01-09
25-01-10 (금),2243358,16373,0.0072984338656603,0.0087401268936941,112802.96296296296,135,1341.1278984450987,183.7555731997801,194.783762786482,15446,3008630,15228400,5.061572875361875,0.545557884381523,27913445,9.277792550097551,0.9433823978501192,0.0114592774828434,157703.0790960452,177,0.0108118606759031,167,18015.74850299401,0.0029133756312313,45,66858.44444444444,5698927,0.3742301883323264,39,5766955,0.378697368075438,39,2712473,2025-01-10
25-01-11 (토),2040356,18852,0.0092395640760729,0.0086255041886441,171829.1654676259,139,1728.046478163615,187.0268406535116,218.79180887372013,16115,3525830,23884254,6.774079862046667,0.7552852009314284,31622828,8.9689032086062,0.8548164650965415,0.0100527458889233,195202.64197530865,162,0.0119764194849519,193,18268.549222797927,0.0029165373875271,47,75017.65957446808,8454937,0.3539962772125937,39,5628981,0.2356774886081851,40,7860745,2025-01-11
25-01-12 (일),2124568,19763,0.0093021263616885,0.0102107840210186,168140.29824561405,171,1747.2493231565193,187.8333249000657,221.66059592762883,16747,3712150,28751991,7.745374244036475,0.8341724575502351,34467682,9.285099470657164,0.8473915903455953,0.0112856033916522,182368.68783068785,189,0.0119424374514838,200,18560.75,0.0037618677972174,63,58923.01587301587,8501519,0.2956845318990257,40,5250954,0.1826292307896173,45,11590209,2025-01-12
25-01-13 (월),2360505,15774,0.0066824683701157,0.0085825576021654,144500.63076923075,130,1236.7565415027716,185.0748066438443,192.7358552848749,15147,2919370,18785082,6.434635554931372,0.5604966936806892,33515063,11.480238202077846,0.9602510460251046,0.0118175216214431,187234.98882681565,179,0.0134019937941506,203,14381.133004926109,0.0036310820624546,55,53079.454545454544,6477228,0.3448070122877291,44,5665045,0.3015714810294679,37,7472145,2025-01-13
25-01-14 (화),2468158,16065,0.0065089025905148,0.0107702349869451,111110.84848484848,165,1192.9625250895608,183.2816682228447,192.19451697127937,15320,2944420,18333290,6.226452068658683,0.5935616496278456,30886918,10.489983765902965,0.9536258948023654,0.0131201044386422,153666.25870646766,201,0.0114882506527415,176,16729.659090909092,0.0041122715404699,63,46736.8253968254,8107310,0.4422179543333466,43,5330100,0.2907334144607978,31,3681618,2025-01-14
25-01-15 (수),2516657,15744,0.0062559180690892,0.0108955620515546,144809.4756097561,164,1166.6866005180682,186.4932672764228,195.06710071751263,15052,2936150,23748754,8.08839943463379,0.7066706904871124,33606536,11.445783083289342,0.9560467479674796,0.0140845070422535,158521.3962264151,212,0.0129550890247143,195,15057.179487179486,0.0038533085304278,58,50623.27586206896,6228200,0.2622537586603491,37,3761454,0.1583853199203629,36,6723282,2025-01-15
25-01-16 (목),2326173,15398,0.0066194560765686,0.0105816398037841,125884.0463576159,151,1375.7102330738085,207.82828938823224,224.2564821303434,14270,3200140,19008491,5.939893567156437,0.6948307470308615,27357009,8.548691307255307,0.9267437329523316,0.0130343377715487,147080.6935483871,186,0.0127540294323756,182,17583.186813186814,0.0042046250875963,60,53335.66666666666,7222909,0.3799832927295491,41,4657873,0.2450417026790816,38,5790927,2025-01-16
25-01-17 (금),2149898,15707,0.0073059280021656,0.0106278153153153,150015.8940397351,151,1581.8983040125624,216.5225695549755,239.3665540540541,14208,3400920,22652400,6.660668289756889,0.770737900118596,29390536,8.64193688766569,0.904564843700261,0.0129504504504504,159731.1739130435,184,0.0117539414414414,167,20364.79041916168,0.0040822072072072,58,58636.55172413793,7446518,0.3287297593191008,43,5532663,0.2442418021931451,42,8291154,2025-01-17
25-01-18 (토),1963498,19449,0.0099052812888019,0.0098702248217876,147382.15432098764,162,1962.354940010125,198.11198519204072,234.7578139279839,16413,3853080,23875909,6.196577543160277,0.7042175999384619,33904164,8.799236974057118,0.8438994292765695,0.011393407664656,181305.6898395721,187,0.0129775178212392,213,18089.577464788734,0.0037774934503137,62,62146.45161290323,11463518,0.4801290706879474,45,8635137,0.3616673610206841,31,3536064,2025-01-18
25-01-19 (일),2016851,20918,0.010371613966525,0.0117314154335907,157265.59798994975,199,2027.2841176666,195.4646715747204,241.03814183811824,16963,4088730,31295854,7.6541747682043075,0.8332316238968303,37559609,9.186130901282306,0.8109283870350894,0.0136178741967812,162595.70995670996,231,0.01385368154218,235,17398.85106382979,0.0044213877262276,75,54516.4,9602236,0.3068213444502904,57,7307291,0.2334907045514719,46,11399755,2025-01-19
25-01-20 (월),1864064,13107,0.0070314109386802,0.0135416666666666,145414.04142011833,169,1465.207203186157,208.38025482566567,218.8493589743589,12480,2731240,24574973,8.997734728548204,0.7302390340188356,33653327,12.321629369810047,0.9521629663538568,0.0165064102564102,163365.66504854368,206,0.0152243589743589,190,14374.947368421052,0.004326923076923,54,50578.51851851852,6116391,0.2488869875869243,45,4918800,0.2001548485933229,60,8660818,2025-01-20
25-01-21 (화),1640638,11184,0.0068168602702119,0.0131755848346329,145399.75510204083,147,1368.2847770196715,200.7206723891273,201.20641749574256,11157,2244860,21373764,9.521201322131446,0.7314742534578402,29220118,13.01645447823027,0.9975858369098712,0.016671148158107,157097.40860215054,186,0.0153267007260016,171,13127.836257309942,0.0049296405843864,55,40815.63636363636,7283728,0.3407789100693729,41,5356281,0.2506007364917101,27,6004464,2025-01-21
25-01-22 (수),1693872,11323,0.0066846845570385,0.0125355618776671,143045.0,141,1347.6401994955936,201.6011657687892,202.9454125177809,11248,2282730,20169345,8.835624449672103,0.786798281969965,25634709,11.22984715669396,0.9933763136977832,0.0158250355618776,144015.2191011236,178,0.0162695590327169,183,12473.934426229507,0.0053342816500711,60,38045.5,7748463,0.3841702841614341,50,6359846,0.3153223865227155,35,6948573,2025-01-22
25-01-23 (목),1792909,11257,0.0062786231760786,0.0130190007037297,120074.38513513512,148,1271.5090392206184,202.51399129430573,200.536593947924,11368,2279700,17771009,7.795327894021143,0.599539254771498,29641110,13.002197657586525,1.0098605312250155,0.0163617171006333,159360.8064516129,186,0.0132828993666432,151,15097.350993377484,0.0045742434904996,52,43840.38461538462,6663446,0.3749616017863701,34,4454136,0.2506405798342683,38,3799282,2025-01-23
25-01-24 (금),1906347,12406,0.0065077344261039,0.0084441100242454,184627.17821782173,101,1398.911111146082,214.96130904401096,222.9587827104757,11961,2666810,18647345,6.992378534653763,0.6370490080008008,29271445,10.976201904147652,0.9641302595518296,0.0123735473622606,197780.0337837838,148,0.0121227322130256,145,18391.793103448275,0.0030097817908201,36,74078.05555555556,6752909,0.3621378271276688,28,4870063,0.261166562853854,33,7404964,2025-01-24
25-01-25 (토),1849328,16585,0.0089681224747584,0.0092294783946301,196415.7727272728,132,1965.1300364240417,219.1239071450105,254.1022234652496,14302,3634170,25926882,7.134196253890159,0.8776138300139541,29542472,8.12908366972376,0.862345492915285,0.0103482030485246,199611.2972972973,148,0.0098587610124458,141,25774.25531914893,0.0030065725073416,43,84515.58139534884,7480818,0.2885351967891858,35,5024345,0.193789017900417,42,10661163,2025-01-25
25-01-26 (일),1805719,17223,0.0095380288959688,0.0077150140882865,157906.40869565218,115,2080.091088369785,218.0839574986936,251.9830940560848,14906,3756060,18159237,4.834650404945608,0.7946586976904655,22851618,6.0839331640069645,0.8654705916506996,0.009392191064001,163225.84285714285,140,0.0124781966993157,186,20193.870967741936,0.0028176573192003,42,89430.0,3832172,0.2110315538037198,30,3029645,0.1668376815611801,31,9306955,2025-01-26
25-01-27 (월),1383359,13666,0.0098788528502001,0.0093680663982249,143310.13157894736,114,2150.967319401544,217.7345236352993,244.5196811570384,12169,2975560,16337355,5.490514390568498,0.7997619221635173,20427773,6.865186049012623,0.8904580711254207,0.0108472347768921,154755.85606060605,132,0.0101076505875585,123,24191.544715447155,0.0032870408414824,40,74389.0,5560490,0.3403543596867424,29,3529718,0.2160519863833527,35,5532382,2025-01-27
25-01-28 (화),1316958,13363,0.0101468687687838,0.0072614107883817,189636.69047619047,84,2208.7416607059604,217.6771683005313,251.4540110650069,11568,2908820,15929482,5.476269415089281,0.8039759594791015,19813381,6.8114840382010575,0.8656738756267305,0.0087309820193637,196172.08910891088,101,0.0108056708160442,125,23270.56,0.0031120331950207,36,80800.55555555556,6629491,0.4161774375337503,26,4390290,0.2756078320688645,18,4721009,2025-01-28
25-01-29 (수),1175714,12072,0.0102678032242535,0.0095707381787169,231259.76237623763,101,2225.4476854064847,216.7403909874089,247.93802710129825,10553,2616490,23357236,8.926934939556428,0.8071495929891592,28937927,11.059827096606522,0.8741716368455931,0.01108689472188,247332.7094017094,117,0.0105183360181938,111,23571.981981981982,0.002748033734483,29,90223.79310344828,5776646,0.2473171911265528,20,4076509,0.1745287413288113,31,5875300,2025-01-29
25-01-30 (목),1278443,12768,0.0099871484297696,0.011413678439831,141049.67716535434,127,2173.0260950234,217.5822368421053,249.6710703693718,11127,2778090,17913309,6.448066477327949,0.9324179627666992,19211673,6.915424986231548,0.8714755639097744,0.0122225217938348,141262.30147058822,136,0.0140199514693987,156,17808.26923076923,0.0039543452862406,44,63138.40909090909,4910300,0.2741146261698494,33,3902173,0.2178365259037289,33,6365536,2025-01-30
25-01-31 (금),1732487,12120,0.0069957234888342,0.0100671140939597,140975.43859649124,114,1499.566807716306,214.35478547854785,229.42246555987285,11324,2597980,16071200,6.1860368440095765,0.6540890434834987,24570355,9.45748427624539,0.9343234323432345,0.0144825150123631,149819.23780487804,164,0.0152772871776757,173,15017.225433526011,0.0047686329918756,54,48110.74074074074,6440573,0.400752464035044,39,5133691,0.3194342052864752,32,5436364,2025-01-31
25-02-01 (토),1439344,15070,0.0104700474660678,0.00903215114352,140709.91743119265,109,2220.796418368368,212.1094890510949,264.8732184289029,12068,3196490,15337381,4.798194582182331,0.6879819134824015,22293291,6.974303376516116,0.8007962840079629,0.0120152469340404,153746.83448275863,145,0.0135896586012595,164,19490.79268292683,0.0033974146503148,41,77963.17073170732,7075373,0.461315592277456,31,5604555,0.3654179941151622,32,4156245,2025-02-01
25-02-02 (일),1252675,12533,0.0100049893228491,0.0117320437041017,164773.07633587785,131,2118.7059692258567,211.7649405569297,237.690309869246,11166,2654050,21585273,8.132956425086189,0.8576778922044642,25167109,9.482530095514402,0.8909279502114418,0.0129858499014866,173566.26896551723,145,0.0126276195593766,141,18823.04964539007,0.0044778792763747,50,53081.0,7884937,0.36529243804329,34,5678881,0.2630905339950993,37,7445900,2025-02-02
25-02-03 (월),1733200,11434,0.0065970459266097,0.007849978194505,59618.27777777778,90,1389.366489729979,210.6043379394788,210.0348887919756,11465,2408050,5365645,2.228211623512801,0.2483322548107491,21606718,8.972703224600819,1.0027112121742172,0.0133449629306585,141220.3790849673,153,0.0133449629306585,153,15738.888888888889,0.003052769297863,35,68801.42857142857,3740045,0.6970354915392278,26,2892755,0.5391253055317674,30,2353518,2025-02-03
25-02-04 (화),1951380,15733,0.0080624993594276,0.0120923913043478,158396.11797752808,178,1816.4580963215776,225.29714612597724,240.8016304347826,14720,3544600,28194509,7.954214579924392,0.7154316174263349,39409090,11.118064097500422,0.9356130426492086,0.0158967391304347,168414.91452991453,234,0.0146739130434782,216,16410.185185185186,0.0051630434782608,76,46639.47368421053,10051136,0.3564926773507565,52,6717736,0.2382639825364577,46,9758082,2025-02-04
25-02-05 (수),1888310,15925,0.008433466962522,0.0096549861589359,158211.44055944055,143,1964.6827056998056,232.96263736263737,250.4847748295186,14811,3709930,22624236,6.09829188151798,0.5418092710923653,41756827,11.255421800411328,0.9300470957613814,0.01424616838836,197899.654028436,211,0.0134359597596381,199,18642.86432160804,0.003848490986429,57,65086.491228070176,7849218,0.3469384778341244,49,6824991,0.3016672474597595,29,8598546,2025-02-05
25-02-06 (목),2103597,14813,0.0070417480154231,0.0104748603351955,156822.42,150,1575.244688027222,223.7008033484101,231.4022346368715,14320,3313680,23523363,7.0988638009705225,0.7247687141372424,32456372,9.794660920788973,0.9667184230068184,0.013058659217877,173563.48663101604,187,0.0118016759776536,169,19607.57396449704,0.003072625698324,44,75310.90909090909,4455482,0.1894066762477797,35,3472537,0.1476207717408433,58,12564391,2025-02-06
25-02-07 (금),1857267,14225,0.0076591034030109,0.0113791861721281,165624.9746835443,158,1687.1349138276837,220.27838312829525,225.67230824630897,13885,3133460,26168746,8.351389837432103,0.8076671501276419,32400409,10.340138058248709,0.9760984182776802,0.0137558516384587,169635.64921465967,191,0.0132517104789341,184,17029.67391304348,0.0046813107670147,65,48207.07692307692,9078291,0.3469134898554176,53,6510200,0.2487776831186331,38,8557464,2025-02-07
25-02-08 (토),1666238,16913,0.0101504106856283,0.0092956981951418,177745.51824817518,137,2183.4815914653245,215.1126352509904,246.85846112091195,14738,3638200,24351136,6.693182342916827,0.824838715140758,29522300,8.114534659996702,0.8714006976881689,0.0110598452978694,181118.40490797543,163,0.0127561405889537,188,19352.127659574468,0.0033925905821685,50,72764.0,7175700,0.2946761908766802,41,8961918,0.3680287441210135,30,7173455,2025-02-08
25-02-09 (일),1543997,16967,0.0109890109890109,0.010844200411805,176720.6582278481,158,2319.531708934667,211.0773855130548,245.8030199039121,14570,3581350,27921864,7.796463344828068,0.8650965489568428,32276009,9.012246499225151,0.8587257617728532,0.0121482498284145,182350.3333333333,177,0.0147563486616334,215,16657.441860465115,0.003363074811256,49,73088.77551020408,6889482,0.2467414782909908,38,5837027,0.2090486150924594,45,11013636,2025-02-09
25-02-10 (월),1950479,13629,0.0069875143490393,0.0102333799602444,136539.8273381295,139,1513.9614422918678,216.66666666666663,217.40042700434367,13583,2952950,18979036,6.427144381042687,0.5817985649752104,32621318,11.047026871433651,0.9966248440824712,0.0136199661341382,176331.44864864866,185,0.01214753736288,165,17896.666666666668,0.0036810719281454,50,59059.0,7347691,0.3871477455440835,39,6165736,0.3248708733151673,34,5689836,2025-02-10
25-02-11 (화),1938847,12492,0.0064430045279488,0.0103182104599873,170752.8854961832,131,1413.1336820285458,219.3283701569004,215.80419029615624,12696,2739850,22368628,8.164179790864463,0.6419881097198283,34842745,12.7170264795518,1.0163304514889528,0.014807813484562,185333.75,188,0.0131537492123503,167,16406.2874251497,0.0046471329552615,59,46438.13559322034,7562436,0.3380822462602534,44,5776227,0.2582289356325296,29,9721827,2025-02-11
25-02-12 (수),1766468,12952,0.0073321452752045,0.0111727416798732,109694.32624113475,141,1616.2987384996502,220.4400864731316,226.23930269413628,12620,2855140,15466900,5.417212465938623,0.6190066733649116,24986645,8.751460523827204,0.974366893143916,0.0146592709984152,135062.94594594595,185,0.0137876386687797,174,16408.850574712644,0.004120443740095,52,54906.53846153846,3903519,0.2523788865254188,40,2740563,0.1771889001674543,42,5644509,2025-02-12
25-02-13 (목),1800117,12362,0.0068673314012366,0.0095019659239842,129869.43965517242,116,1557.5876456919189,226.8111955994176,229.67234600262125,12208,2803840,15064855,5.372936758160237,0.6930387828051674,21737391,7.75272162462908,0.987542468856172,0.0121231979030144,146874.26351351352,148,0.0138433813892529,169,16590.76923076923,0.004505242463958,55,50978.90909090909,6606055,0.4385077055172452,40,4565472,0.3030544933887515,33,5444545,2025-02-13
25-02-14 (금),1638737,11149,0.0068034101872356,0.0117044623262618,115322.796875,128,1540.948913706104,226.4965467754956,230.90801024140453,10936,2525210,14761318,5.8455803675733895,0.6029115002901355,24483391,9.695586109670089,0.9808951475468652,0.0145391367959034,153983.59119496855,159,0.0106071689831748,116,21769.05172413793,0.0038405267008046,42,60124.04761904762,4437819,0.3006383982785277,26,1745136,0.1182235895195808,37,4407172,2025-02-14
25-02-15 (토),1281978,12924,0.0100812962468934,0.0102914468563521,185296.487394958,119,2254.219651195262,223.60414732281023,249.9230303554441,11563,2889860,22050282,7.630224993598306,0.8320218748393992,26502046,9.170702386966845,0.894692045806252,0.0123670327769609,185328.993006993,143,0.0105508950964282,122,23687.37704918033,0.0036322753610654,42,68806.19047619047,4918255,0.2230472608014718,35,4796773,0.2175379435056658,40,11018855,2025-02-15
25-02-16 (일),1364772,13770,0.0100895973832991,0.01089895927231,157027.34586466165,133,2237.076962305792,221.7211328976035,250.1925755961649,12203,3053100,20884637,6.840469359012151,0.7965635532790898,26218419,8.587474697848089,0.8862018881626724,0.0122101122674752,175962.54362416107,149,0.0108170122101122,132,23129.545454545456,0.0037695648610997,46,66371.73913043478,7185509,0.3440571650826394,25,3747573,0.1794416153845527,37,8047654,2025-02-16
25-02-17 (월),1603723,12458,0.0077681744291252,0.0100544616673648,133908.63333333333,120,1779.7524884284878,229.10820356397497,239.14788437369083,11935,2854230,16069036,5.629902285379945,0.6684971079629355,24037555,8.42173020394292,0.9580189436506662,0.0135735232509426,148379.96913580247,162,0.0117302052785923,140,20387.35714285714,0.0032677000418935,39,73185.38461538461,4935836,0.307164412351805,37,4979236,0.3098652588742722,36,5296373,2025-02-17
25-02-18 (화),1647562,12051,0.0073144440087838,0.0092062702164717,188760.2792792793,111,1640.2599720071232,224.24943988050785,224.1378452351331,12057,2702430,20952391,7.753166964546723,0.600100404387147,34914809,12.919782936098253,1.0004978839930296,0.0129385419258522,223812.87820512825,156,0.0124409056979348,150,18016.2,0.0028199386248652,34,79483.23529411765,4777390,0.2280116861125778,23,8739909,0.417131820420877,31,9603873,2025-02-18
25-02-19 (수),1548052,12010,0.0077581373235524,0.0113154172560113,137487.36764705885,136,1695.3758659269845,218.5287260616153,218.3650886097013,12019,2624530,18698282,7.1244306599657845,0.6400912641765856,29211900,11.130335717252231,1.0007493755203998,0.0152258923371328,159627.868852459,183,0.0138946667776021,167,15715.748502994013,0.0039936766785922,48,54677.708333333336,5751300,0.3075844080220846,37,4455000,0.2382571832000394,39,6976564,2025-02-19
25-02-20 (목),1586826,13440,0.0084697377028105,0.0113601236476043,147796.16326530612,147,1901.2733595239808,224.4784226190476,233.15224111282845,12940,3016990,21726036,7.201229039539409,0.7332575911829414,29629473,9.820872127517823,0.9627976190476192,0.0139103554868624,164608.18333333332,180,0.0125193199381761,162,18623.395061728395,0.0034003091190108,44,68567.95454545454,3829482,0.1762623425644696,35,4020718,0.185064500491484,43,9861355,2025-02-20
25-02-21 (금),1621446,13849,0.0085411416723097,0.0105159630806476,163357.1582733813,139,1963.2784563901605,229.86136183117915,240.83446814949312,13218,3183350,22706645,7.132940141674651,0.8066248999873571,28150191,8.842945639028068,0.9544371434760632,0.0130882130428203,162717.86705202312,173,0.0127099409895596,168,18948.511904761905,0.0036314117113027,48,66319.79166666667,6078809,0.2677105754725103,35,4494410,0.1979336885744239,37,9941900,2025-02-21
25-02-22 (토),1409797,14913,0.0105781186936842,0.0082786396181384,152732.35135135136,111,2350.480246446829,222.2021055454972,247.1434964200477,13408,3313700,16953291,5.116121254187163,0.7434512684456334,22803500,6.881582521048978,0.8990813384295581,0.0097702863961813,174072.51908396947,131,0.0117094272076372,157,21106.3694267516,0.0029832935560859,40,82842.5,5546237,0.3271481035746982,29,4655364,0.2745994273324276,19,5437419,2025-02-22
25-02-23 (일),1341357,14330,0.0106832111063646,0.0098278166522525,156598.4,125,2339.354847367256,218.9748778785764,246.71043321015804,12719,3137910,19574800,6.2381648931932405,0.8053249824976306,24306709,7.746146001638033,0.8875785066294487,0.011636134916267,164234.52027027027,148,0.0099850617186885,127,24707.95275590552,0.0029090337290667,37,84808.37837837837,4334800,0.2214479841428775,28,3370682,0.172194964954942,38,8265373,2025-02-23
25-02-24 (월),1723052,13170,0.0076434141279543,0.0103918097144176,137429.82962962962,135,1682.392638179231,220.11009870918755,223.14294511584944,12991,2898850,18553027,6.400133501216,0.6355860090707135,29190427,10.06965762285044,0.986408504176158,0.0139327226541451,161273.0773480663,181,0.0122392425525363,159,18231.761006289307,0.0034639365714725,45,64418.88888888889,6217109,0.3350994422635185,39,6039109,0.3255053205064597,35,5948418,2025-02-24
25-02-25 (화),1803696,13526,0.0074990464024979,0.014074540022016,123124.8379888268,179,1663.7781533029956,221.86529646606536,235.960842899827,12718,3000950,22039346,7.344123027707893,0.6388270115553728,34499709,11.496262516869658,0.9402631968061512,0.01863500550401,145568.3924050633,237,0.0129737380091209,165,18187.57575757576,0.0059757823557163,76,39486.18421052631,8080082,0.3666207699629562,53,5221055,0.2368970022976181,47,6951018,2025-02-25
25-02-26 (수),1709385,13363,0.007817431415392,0.0108934232989187,109460.723880597,134,1724.5442074196276,220.6024096385542,239.64799609787823,12301,2947910,14667737,4.975639351269204,0.5705982725905124,25705891,8.720039282067635,0.9205268278081268,0.0150394276888057,138950.76216216217,185,0.0129257783920006,159,18540.314465408806,0.0034956507601008,43,68556.04651162791,5211855,0.3553278191448347,25,3363591,0.2293190149237063,41,2703709,2025-02-26
25-02-27 (목),1791034,13853,0.0077346382034065,0.0136505460218408,132124.52,175,1675.9090000524836,216.6758102937992,234.13494539781595,12820,3001610,23121791,7.7031296537524865,0.6869304259333939,33659582,11.21384257115348,0.9254313145167112,0.0163026521060842,161050.63157894736,209,0.0131045241809672,168,17866.72619047619,0.0039001560062402,50,60032.2,6876500,0.2974034321130227,39,6108636,0.2641938939764657,59,9999718,2025-02-27
25-02-28 (금),1711847,15738,0.0091935786317351,0.0121622605782535,165590.20359281436,167,1983.903935340016,215.792349726776,247.3337703007793,13731,3396140,27653564,8.142645473979282,0.8169469142456027,33849891,9.967165959000512,0.8724742661075104,0.0139829582696089,176301.515625,192,0.0125264001165246,172,19745.0,0.0026218046755516,36,94337.22222222222,4077136,0.1474361858023074,25,3356427,0.1213741201676572,74,15621246,2025-02-28
25-03-01 (토),1414517,16753,0.0118436187051834,0.0147844543658054,144028.39603960395,202,2441.3987247944,206.13621440935952,252.7556173607553,13663,3453400,29093736,8.424664388718364,0.7936420982097226,36658509,10.615193432559217,0.8155554229093297,0.0166874039376418,160782.93421052632,228,0.0169069750420844,231,14949.78354978355,0.0043914220888531,60,57556.66666666666,7148600,0.2457092482038058,47,6152945,0.2114869331322728,67,11698610,2025-03-01
25-03-02 (일),1405553,16991,0.0120884804770791,0.0125549723365016,157497.8418079096,177,2475.239283043756,204.7601671473133,246.7782664207689,14098,3479080,27877118,8.01278441427044,0.7485346416321997,37242255,10.704627372753716,0.8297333882643753,0.0155341183146545,170055.95890410958,219,0.0134061569016881,189,18407.830687830687,0.0031210100723506,44,79070.0,5412990,0.1941732283803512,32,3845509,0.1379449984750934,64,12524518,2025-03-02
25-03-03 (월),1448265,17053,0.0117747787870313,0.0128883934791695,148887.96216216215,185,2378.8464127766674,202.0289685099396,240.01672007802705,14354,3445200,27544273,7.994970683849994,0.7998655888334946,34436127,9.995392720306514,0.8417287280830352,0.015117737216107,158691.82949308757,217,0.014421067298314,207,16643.478260869564,0.0041800195067576,60,57420.0,6673345,0.2422770424908292,48,4815591,0.1748309349097723,51,12134582,2025-03-03
25-03-04 (화),1927905,15821,0.0082063172199875,0.0141088595338543,156970.318627451,204,1771.6640602104358,215.89027242272928,236.22657168545544,14459,3415600,32021945,9.375203478159037,0.8246069024521475,38832982,11.369300269352385,0.9139118892611088,0.016252852894391,165246.7319148936,235,0.016045369665952,232,14722.413793103447,0.0049795974825368,72,47438.88888888889,7938845,0.247918888125003,63,8003427,0.2499356925383514,61,14986227,2025-03-04
25-03-05 (수),1834104,16669,0.0090883614015344,0.0180794701986754,149844.20512820513,273,1981.9813925491685,218.07906893034976,240.7390728476821,15100,3635160,40907468,11.25327853519515,0.7661565083245969,53393096,14.687963115791328,0.9058731777551144,0.0219205298013245,161308.44712990936,331,0.0198675496688741,300,12117.2,0.0067549668874172,102,35638.82352941176,11685845,0.2856653215496006,81,8654418,0.2115608328533068,61,17624773,2025-03-05
25-03-06 (목),1963228,15685,0.0079893929793177,0.0184621767390402,134313.34831460673,267,1788.7632001988563,223.89225374561684,242.826026828931,14462,3511750,35861664,10.211906884032178,0.7211824752343835,49726200,14.159948743503952,0.9220274147274466,0.0235098879822984,146253.5294117647,340,0.0190844973032775,276,12723.731884057972,0.0063614991010925,92,38171.19565217391,10894518,0.3037928747533857,63,7236809,0.2017979143410634,68,9111599,2025-03-06
25-03-07 (금),1621628,13648,0.0084162335628146,0.0109753249785942,158733.33333333334,141,1786.6859723685086,212.29044548651817,225.5265820814197,12847,2897340,22381400,7.724809652992055,0.6510288157057654,34378509,11.865541841827332,0.941310082063306,0.0158791935860512,168522.10294117648,204,0.0137775356114267,177,16369.152542372882,0.0043589943177395,56,51738.21428571428,6738528,0.3010771444145585,42,5978618,0.2671243979375731,37,9134064,2025-03-07
25-03-08 (토),1371177,16232,0.0118380048673511,0.0125231567247128,124567.45562130178,169,2479.5048341680176,209.4529324790537,251.93330863282696,13495,3399840,21051900,6.19202668360864,0.6246930415268245,33699591,9.91211086404066,0.83138245441104,0.0159318266024453,156742.28372093022,215,0.0145238977399036,196,17346.122448979593,0.0040014820303816,54,62960.0,6383191,0.3032121091207919,50,4746654,0.2254739002180325,49,7134482,2025-03-08
25-03-09 (일),1360832,16486,0.0121146475097587,0.0151837453238465,166762.0096618357,207,2501.521128250952,206.48732257673177,249.69925915059048,13633,3404150,34519736,10.140486171290924,0.7786776576249513,44331227,13.02270082105665,0.8269440737595536,0.017090882417663,190262.7768240344,233,0.0134233110834005,183,18601.91256830601,0.0041076798943739,56,60788.392857142855,6748145,0.1954865761429925,39,4645673,0.1345802007292292,71,16992136,2025-03-09
25-03-10 (월),1984212,15118,0.0076191455348521,0.0129041508351853,125752.02222222222,180,1608.0086200466485,211.04841910305595,228.73539321815184,13949,3190630,22635364,7.0943243183948,0.5645913129264438,40091591,12.565415294158209,0.9226749570048948,0.0182808803498458,157221.92549019607,255,0.0157000501828088,219,14569.086757990868,0.0044447630654527,62,51461.77419354839,7721691,0.3411339442122512,48,5789964,0.255792838144772,48,7308573,2025-03-10
25-03-11 (화),1969240,15446,0.0078436351079604,0.0135897065201677,131237.81382978722,188,1633.5388271617478,208.2629807069792,232.5307214110164,13834,3216830,24672709,7.669882772791848,0.6058864280944449,40721673,12.65894467534809,0.8956364107212224,0.0184328466098019,159692.83529411766,255,0.0159028480555154,220,14621.954545454546,0.0058551395113488,81,39713.950617283954,11220945,0.4547917701294981,53,8393018,0.3401741576087165,45,9399037,2025-03-11
25-03-12 (수),1940371,16690,0.0086014478674439,0.0134930560126374,158107.14146341462,205,1824.4912957367435,212.114439784302,233.0145461725795,15193,3540190,32411964,9.155430640728325,0.715910379282946,45273773,12.788515023204967,0.9103055721989216,0.0179029816362798,166447.69485294115,272,0.0140854340814848,214,16542.943925233645,0.0054630421904824,83,42652.89156626506,10384946,0.3204047122846366,54,7803736,0.2407671438855109,69,15109400,2025-03-12
25-03-13 (목),2188506,16745,0.007651338401631,0.015005569752965,124825.28384279476,229,1637.8250733605482,214.05733054643176,234.872550946858,15261,3584390,28584990,7.974854856753869,0.6817479168879238,41928973,11.697659294886996,0.9113765303075544,0.0188716335757814,145586.71180555556,288,0.0137605661490072,210,17068.52380952381,0.0049144879103597,75,47791.86666666667,8193382,0.2866323199693265,52,6839155,0.2392568617305795,67,9004818,2025-03-13
25-03-14 (금),2140762,16701,0.0078014277159254,0.0150300601202404,161554.38666666666,225,1647.3713565543485,211.1628046224777,235.57982631930528,14970,3526630,36349737,10.30721595404111,0.7385038498575662,49220782,13.95688858768853,0.8963535117657625,0.0199732798931195,164618.0,299,0.0154308617234468,231,15266.796536796535,0.0050100200400801,75,47021.73333333333,9033964,0.2485290058632336,59,7082291,0.1948374757154364,73,17702518,2025-03-14
25-03-15 (토),1647027,17779,0.0107946014242632,0.0127362366474938,170563.5376344086,186,2254.826423610542,208.88463918105631,254.2974527526705,14604,3713760,31724818,8.542506247038043,0.7506405029152229,42263664,11.380289517900994,0.821418527476236,0.01615995617639,179083.3220338983,236,0.0135579293344289,198,18756.36363636364,0.0036976170912078,54,68773.33333333333,8634109,0.2721562973190264,43,7257318,0.2287583808991433,62,14444473,2025-03-15
25-03-16 (일),1647324,18514,0.0112388334049646,0.0137077455416555,160081.81553398058,206,2343.370217395,208.5065355946851,256.8731700825126,15028,3860290,32976854,8.54258462447122,0.8706407048416466,37876536,9.811836934530826,0.8117100572539699,0.0148389672611125,169849.93721973093,223,0.0143731700825126,216,17871.712962962964,0.004524886877828,68,56768.970588235294,7626427,0.2312660570956829,45,5854009,0.177518722677427,60,16220318,2025-03-16
25-03-17 (월),2325577,17494,0.0075224342174006,0.0110282599160348,117325.98295454546,176,1559.045346595705,207.2527723791014,227.18716711573407,15959,3625680,20649373,5.695310396946228,0.5577140570194996,37025018,10.211882460669448,0.9122556305018864,0.0154771602230716,149898.85829959513,247,0.0125321135409486,200,18128.4,0.0039476157653988,63,57550.47619047619,6974345,0.337750933163927,45,5084309,0.2462209869520009,29,2424963,2025-03-17
25-03-18 (화),2291614,17157,0.0074868629708144,0.0125363489499192,166147.79896907217,194,1547.2151941819172,206.65734102698607,229.11922455573503,15475,3545620,32232673,9.090842504272878,0.6592928871428565,48889763,13.788776857080004,0.9019642128577255,0.0174474959612277,181073.1962962963,270,0.0144103392568659,223,15899.641255605382,0.0044588045234248,69,51385.79710144927,12567682,0.3899050506918864,53,9273227,0.2876964935548473,48,8486618,2025-03-18
25-03-19 (수),2151054,16910,0.0078612624322773,0.0119070984625449,138929.86813186813,182,1608.2673889172472,204.58131283264345,226.33104350670592,15285,3459470,25285236,7.308991261667249,0.5913780896380955,42756464,12.359252717901876,0.9039030159668836,0.0164213280994439,170344.4780876494,251,0.0138698070003271,212,16318.254716981131,0.0038599934576382,59,58635.08474576271,11463900,0.4533831521287758,45,9332809,0.3691011228845164,42,3777427,2025-03-19
25-03-20 (목),2226082,16692,0.0074983760706029,0.0148862220473473,137713.21585903084,227,1523.0705787118354,203.12005751258087,222.34113712374585,15249,3390480,31260900,9.220198909888865,0.6779322784669578,46112128,13.600471909582124,0.9135514018691588,0.0187553282182438,161231.21678321678,286,0.0142960194111089,218,15552.660550458717,0.0042625745950554,65,52161.230769230766,10146282,0.3245678147462165,52,6334418,0.2026306984123937,66,8202973,2025-03-20
25-03-21 (금),1925845,16293,0.0084601824134341,0.0113613031277804,151822.18072289156,166,1758.0023314441194,207.79721352728168,231.7185682020396,14611,3385640,25202482,7.443934381682636,0.5753344138662758,43804927,12.938447974385936,0.8967654821088811,0.0161522140852782,185614.09745762715,236,0.0119772773937444,175,19346.51428571429,0.0034220792553555,50,67712.8,5982363,0.2373719778869398,34,5013664,0.1989353270840546,66,10495510,2025-03-21
25-03-22 (토),1531021,17440,0.0113910913044301,0.0137553512527194,146262.0612244898,196,2302.5484300999137,202.13589449541288,247.4033265492316,14249,3525250,28667364,8.132008793702575,0.6108581876427602,46929655,13.31243316076874,0.8170298165137615,0.0185276159730507,177763.8446969697,264,0.0155098603410765,221,15951.357466063348,0.0034388378131798,49,71943.87755102041,5074109,0.1769994967099172,43,4385418,0.152975976444852,82,18800218,2025-03-22
25-03-23 (일),1850458,19347,0.0104552494571614,0.0158147773279352,164064.98,250,2134.039248661683,204.1117485915129,249.8070597165992,15808,3948950,41016245,10.386620494055382,0.9052921643277332,45307191,11.473224781270972,0.8170775830878172,0.0171432186234817,167185.20664206642,271,0.0160045546558704,253,15608.498023715416,0.0044281376518218,70,56413.57142857143,9092673,0.2216846764007773,55,6747064,0.1644973595218187,79,17245437,2025-03-23
25-03-24 (월),2242664,18332,0.0081742071036945,0.012249647822625,124397.455,200,1711.9104778959309,209.42832205978613,235.146689532676,16327,3839240,24879491,6.480316677259041,0.6549371637060515,37987600,9.894562465487962,0.890628409338861,0.0164145280823176,141744.776119403,268,0.0140258467569057,229,16765.24017467249,0.0036136461076744,59,65071.86440677966,6598691,0.2652261254058614,43,5501055,0.2211080202565237,71,11711000,2025-03-24
25-03-25 (화),2033382,17409,0.0085615983617441,0.0142275108323093,125677.93636363636,220,1788.0358929114154,208.84370153368948,235.1264308348962,15463,3635760,27649146,7.60477754307215,0.6444925478393158,42900645,11.799636114595025,0.8882187374346603,0.0186897755933518,148445.1384083045,289,0.0141628403285261,219,16601.64383561644,0.0052383108064411,81,44885.92592592593,10589273,0.3829873443469104,60,7696355,0.2783577836364276,73,9991655,2025-03-25
25-03-26 (수),1994866,16582,0.0083123377710583,0.0151311365164761,133994.82666666666,225,1784.505826456514,214.68158243878904,239.3981170141224,14870,3559850,30148836,8.469131002710789,0.6074287352809198,49633536,13.942591963144514,0.8967555180316006,0.0200403496973772,166555.48993288592,298,0.0137188971082716,204,17450.245098039217,0.0049764626765299,74,48106.08108108108,10761018,0.356929799876851,61,10063528,0.3337949100257137,72,9795090,2025-03-26
25-03-27 (목),1993076,16562,0.008309768418264,0.0144828528487498,154703.34433962265,212,1782.360532162346,214.4897959183673,242.68206039076367,14638,3552380,32797109,9.232432622636091,0.6491257751477509,50525045,14.222871708544696,0.8838304552590267,0.0186500888099467,185073.4249084249,273,0.0119551851345812,175,20299.314285714285,0.0045088126793277,66,53823.93939393939,9496100,0.2895407640960061,45,7052891,0.2150461188515121,62,12076272,2025-03-27
25-03-28 (금),2039369,17731,0.0086943559502963,0.0131231907365712,157991.4019607843,204,1876.325471260964,215.8095990073882,246.1576069475716,15545,3826520,32230246,8.422860980734454,0.6678225593048532,48261691,12.612423559788006,0.8767131013479217,0.0179478932132518,172980.97132616487,279,0.0145384367963975,226,16931.504424778763,0.0047603731103248,74,51709.72972972973,11047327,0.3427627266636438,53,6788100,0.2106127269397819,66,12678563,2025-03-28
25-03-29 (토),1625222,18844,0.0115947236746733,0.0169664065151001,133171.82,250,2493.899294988624,215.0891530460624,275.0688836104513,14735,4053140,33292955,8.214114242291162,0.7944073484819183,41909173,10.339927315612094,0.7819465081723626,0.0198167628096369,143524.56506849316,292,0.01357312521208,200,20265.7,0.0043434000678656,64,63330.3125,8330409,0.250215368386495,49,6443491,0.1935391736780349,81,12447900,2025-03-29
25-03-30 (일),1598178,18500,0.0115756818076584,0.0176347849498552,155122.72900763358,262,2479.961556222148,214.23891891891893,266.7712189540284,14857,3963420,40642155,10.254314455697353,0.8791882450976768,46226909,11.663388941873432,0.8030810810810811,0.0195194184559466,159403.1344827586,290,0.0172309349128357,256,15482.109375,0.0055192838392676,82,48334.39024390244,11252546,0.276868832373677,56,8114909,0.1996672912644519,76,16025436,2025-03-30
25-03-31 (월),2278551,17134,0.0075196912423728,0.0139620653319283,144061.2783018868,212,1647.9552136423542,219.15197852223648,247.29649631190728,15184,3754950,30540991,8.13352800969387,0.8145020558975636,37496518,9.985890091745562,0.8861911987860395,0.0167281348788198,147624.08661417323,254,0.0127766069546891,194,19355.41237113402,0.0039515279241306,60,62582.5,5786181,0.1894562294982504,40,4038464,0.1322309416875176,62,10677727,2025-03-31
25-04-01 (화),2126695,14983,0.0070452039432076,0.0099692127254068,126270.85294117648,136,1544.0577986029966,219.1643863044784,240.70810731564288,13642,3283740,17172836,5.2296576464640925,0.4129382262511903,41586937,12.664503584327626,0.9104985650403792,0.0176660313736988,172559.90456431537,241,0.0142940917753995,195,16839.69230769231,0.0033719395982993,46,71385.65217391304,4828936,0.2811961868150374,21,3082282,0.1794859043666404,35,5289354,2025-04-01
25-04-02 (수),3984049,14367,0.0036061303462884,0.0122523067614581,121135.35185185184,162,795.5700344046974,220.61599498851533,239.72091967932235,13222,3169590,19623927,6.191314018532365,0.5471656510298667,35864691,11.315246135935563,0.92030347323728,0.0177734079564362,152615.70638297874,235,0.0153531992134321,203,15613.743842364533,0.0039328392073816,52,60953.65384615384,5219309,0.2659665927212224,42,5234136,0.2667221499550014,39,6480064,2025-04-02
25-04-03 (목),4300918,13972,0.0032486087853802,0.0137261197624016,126924.24561403508,171,690.9641151028687,212.6953907815632,238.54390752929845,12458,2971780,21704046,7.303382484571536,0.612322553368351,35445446,11.927345227439448,0.891640423704552,0.0184620324289613,154110.6347826087,230,0.0133247712313372,166,17902.289156626506,0.0048964520789853,61,48717.70491803279,6985973,0.3218742256628096,40,4798482,0.2210869807408259,50,7979427,2025-04-03
25-04-04 (금),1530780,12390,0.0080939129071453,0.0136090028788275,136288.63461538462,156,1806.17724297417,223.15254237288136,241.19863909971207,11463,2764860,21261027,7.6897300405807165,0.6844347672461182,31063628,11.23515404034924,0.925181598062954,0.01814533717177,149344.36538461538,208,0.0141324260664747,162,17067.037037037036,0.003925673907354,45,61441.333333333336,6162063,0.2898290378917255,40,5186927,0.2439640850839425,51,7960955,2025-04-04
25-04-05 (토),1185395,13499,0.0113877652596813,0.0135799160189404,123232.71710526316,152,2462.326903690331,216.22564634417364,260.772804431341,11193,2918830,18731373,6.417425132673023,0.6195242805784841,30235091,10.358633767639772,0.8291725312986147,0.0174216027874564,155051.7487179487,195,0.0129545251496471,145,20129.86206896552,0.004824443848834,54,54052.40740740741,5629300,0.3005278897601366,38,4337391,0.2315575585409569,47,9122054,2025-04-05
25-04-06 (일),1158269,13783,0.0118996537073857,0.018021140183677,157462.8076923077,208,2552.82667497792,214.5294928535152,256.1826373245538,11542,2956860,32752264,11.076704341767956,0.907658542783581,36084345,12.20360280838457,0.8374084016542117,0.0197539421244151,158264.67105263157,228,0.0140356957199792,162,18252.222222222223,0.0040720845607347,47,62911.914893617024,6542037,0.1997430467707514,42,6451436,0.1969767952529938,83,17365028,2025-04-06
25-04-07 (월),1489080,12587,0.0084528702285975,0.0199494729506054,137314.61135371178,229,1861.3909259408488,220.20815126718043,241.46354212039373,11479,2771760,31445046,11.34479392155165,0.7069277446263734,44481273,16.048024720755045,0.9119726702153016,0.0248279466852513,156074.64210526316,285,0.0177715828904956,204,13587.058823529413,0.0066207857827336,76,36470.52631578947,9916918,0.3153729843486316,60,8575100,0.2727011434487963,69,13634872,2025-04-07
25-04-08 (화),1921703,16108,0.0083821485422044,0.0153458061803657,133334.9908675799,219,1909.020280449164,227.74832381425367,257.06467661691545,14271,3668570,29200363,7.959603605764644,0.6992825809126343,41757601,11.382528069520276,0.8859572883039484,0.0201107140354565,145496.86759581885,287,0.0133837852988578,191,19207.17277486911,0.0052554130754677,75,48914.26666666667,9008300,0.3084995895427738,59,7746646,0.2652927979011767,69,14126845,2025-04-08
25-04-09 (수),1635978,15565,0.0095141866210914,0.0165922619047619,149232.3677130045,223,2099.007443865382,220.61869579184068,255.50074404761904,13440,3433930,33278818,9.69117541708771,0.7076543811475537,47026937,13.694786148814917,0.863475746867973,0.0223958333333333,156235.67109634553,301,0.015922619047619,214,16046.40186915888,0.0055059523809523,74,46404.45945945946,9496609,0.2853649729987405,58,7268282,0.2184056537104172,50,11955627,2025-04-09
25-04-10 (목),1579326,14829,0.0093894484102712,0.0141569123695033,136584.55865921787,179,2037.19181473616,216.96607997842065,254.4598228408732,12644,3217390,24448636,7.598903459014916,0.6527762373416423,37453318,11.640900854419264,0.8526535841931351,0.0194558683960771,152249.26016260163,246,0.0128124011388801,162,19860.432098765432,0.0050616893388168,64,50271.71875,9100172,0.372215938754211,63,10006519,0.4092874138254584,61,8805073,2025-04-10
25-04-11 (금),1550104,13994,0.0090277813617666,0.0148582102224486,114459.73714285716,175,1964.6230188426064,217.6196941546377,258.5642723722194,11778,3045370,20030454,6.577346594995025,0.6478638395085843,30917691,10.152359483412525,0.8416464198942404,0.0193581253183902,135603.90789473685,228,0.0135846493462387,160,19033.5625,0.0048395313295975,57,53427.54385964912,5008972,0.250067821727855,48,4679064,0.2335975010850977,70,10913018,2025-04-11
25-04-12 (토),1324835,16226,0.0122475629040597,0.0146587632169176,134138.6994535519,183,2548.09844244755,208.04942684580303,270.41092598526114,12484,3375810,24547382,7.2715531976029455,0.7478808949277665,32822582,9.722875991243583,0.7693824725748798,0.0177026594040371,148518.4705882353,221,0.0132169176545978,165,20459.454545454544,0.0043255366869593,54,62515.0,5063873,0.2062897379443559,41,3975855,0.1619665592037472,70,11354364,2025-04-12
25-04-13 (일),1340391,17309,0.0129133961657456,0.0155428909777218,154937.2761904762,210,2629.0239191400124,203.58888439540124,260.81859225816004,13511,3523920,32536828,9.233134690912394,0.8481477270162012,38362218,10.886234080228837,0.7805765786585014,0.0170231663089334,166792.25217391303,230,0.0141366294130708,191,18449.84293193717,0.0037747020945895,51,69096.4705882353,7008382,0.2153984401921416,35,4233427,0.1301118535586812,75,14946482,2025-04-13
25-04-14 (월),1563867,14611,0.0093428661132948,0.0168793409788402,130470.24880382777,209,1943.592389889933,208.02956676476623,245.4789210143757,12382,3039520,27268282,8.971246117808075,0.6324973196034496,43112091,14.183848436595252,0.8474437067962494,0.022855758358908,152339.5441696113,283,0.0139718946858342,173,17569.47976878613,0.005653367791956,70,43421.71428571428,8482709,0.3110833678484035,44,5295891,0.1942143256403172,70,11229454,2025-04-14
25-04-15 (화),1577523,13710,0.0086908400067701,0.0147736976942783,164087.3352601156,173,1822.616849326444,209.71699489423776,245.53543979504693,11710,2875220,28387109,9.87302154269934,0.7405198780707282,38334027,13.332554378447565,0.8541210795040116,0.0207514944491887,157753.19753086418,243,0.0120409906063193,141,20391.63120567376,0.0041844577284372,49,58677.95918367347,7364209,0.259420887135777,34,6538391,0.2303295837557815,52,11283782,2025-04-15
25-04-16 (수),1473734,12343,0.0083753241765474,0.0166546633057256,130849.97297297296,185,1731.838988582743,206.77874098679413,229.768635217861,11108,2552270,24207245,9.48459410642291,0.5948877963322579,40692119,15.943500883527213,0.8999432876934295,0.0228664025927259,160205.19291338584,254,0.014854159164566,165,15468.30303030303,0.0054915376305365,61,41840.49180327869,6918945,0.2858212489690586,36,3660328,0.1512079544780911,62,9271800,2025-04-16
25-04-17 (목),1398171,11864,0.0084853712457203,0.0182379619801215,144804.7142857143,189,1759.5272681238562,207.36008091706,237.39457685998264,10363,2460120,27368091,11.124697575728014,0.67528483487727,40528218,16.474081752109655,0.8734828051247472,0.024799768406832,157697.34630350195,257,0.016211521760108,168,14643.57142857143,0.0062723149667084,65,37848.0,6565828,0.2399081470461348,49,5813654,0.2124245348351114,61,12212100,2025-04-17
25-04-18 (금),1447042,11954,0.0082609903513512,0.0129631421108638,128544.84328358209,134,1723.225725307213,208.5979588422285,241.2285963045371,10337,2493580,17225009,6.9077426832104845,0.5424809782175656,31752282,12.733612717458431,0.8647314706374435,0.0189610138338009,162001.4387755102,196,0.0134468414433588,139,17939.424460431655,0.0034826351939634,36,69266.11111111111,3935219,0.228459619382492,25,3124300,0.1813816178557584,38,6814518,2025-04-18
25-04-19 (토),1169085,13196,0.0112874598510801,0.0190673966396073,123834.56435643564,202,2285.103307287323,202.4461958169142,252.169152350387,10594,2671480,25014582,9.363567011544164,0.7902164420522215,31655355,11.849370012128109,0.8028190360715368,0.0226543326411176,131897.3125,240,0.0161412120067962,171,15622.690058479531,0.005569190107608,59,45279.32203389831,5366764,0.214545419947453,43,4433209,0.1772249882088775,68,12057764,2025-04-19
25-04-20 (일),1086467,13467,0.0123952223123205,0.0181016694803976,123135.94300518135,193,2501.336902087224,201.7984703348927,254.8883886700432,10662,2717620,23765237,8.7448712476358,0.7828585499225879,30357000,11.170435896114984,0.7917130764089998,0.0199774901519414,142521.12676056338,213,0.0162258488088538,173,15708.78612716763,0.0046895516788595,50,54352.4,6505181,0.273726746339622,34,4497163,0.1892328277643517,53,7949600,2025-04-20
25-04-21 (월),1569512,13287,0.0084656886981431,0.0166927490871152,129034.66145833331,192,1784.8095458970688,210.82862948746896,243.547209181012,11502,2801280,24774655,8.844048078021476,0.6377602577539792,38846345,13.867355280443226,0.8656581621133439,0.023300295600765,144949.0485074627,268,0.0174752217005738,201,13936.716417910447,0.0052164840897235,60,46688.0,6959991,0.2809319039962413,46,6146291,0.2480878543010992,57,10054691,2025-04-21
25-04-22 (화),1605731,13115,0.0081676196075183,0.0150286911376263,135244.40606060607,165,1741.7799120774278,213.2542889820816,254.74360142089444,10979,2796830,22315327,7.978792776107236,0.6709336701211652,33260109,11.892073883646844,0.837133053755242,0.0217688314054103,139163.6359832636,239,0.0153019400674014,168,16647.79761904762,0.0048273977593587,53,52770.377358490565,6271582,0.2810436970069943,42,5216709,0.2337724649968158,46,9054245,2025-04-22
25-04-23 (수),1592959,14369,0.0090203200459019,0.0180118946474086,127143.05188679244,212,1923.5397772321824,213.2451805971188,260.3330501274427,11770,3064120,26954327,8.796759591660901,0.6616727111014491,40736646,13.29472931869509,0.8191245041408588,0.0234494477485131,147596.54347826086,276,0.0139337298215802,164,18683.658536585364,0.0052676295666949,62,49421.29032258064,7448355,0.2763324419118311,39,4840327,0.1795751383442072,74,11665464,2025-04-23
25-04-24 (목),1927593,15443,0.0080115460058217,0.0187098794426178,147386.42259414226,239,1732.4559696989977,216.24490060221456,261.42711758258963,12774,3339470,35225355,10.548187287204255,0.7131448386518219,49394391,14.79108690900053,0.8271708864857864,0.0232503522780648,166311.08080808082,297,0.0162047909816815,207,16132.70531400966,0.0054015969938938,69,48398.11594202898,7422964,0.2107278691726456,51,6587654,0.1870145524438291,96,16817582,2025-04-24
25-04-25 (금),1968098,14982,0.0076124258039995,0.0192965315095261,125802.56962025315,237,1680.2212084967314,220.72086503804564,269.2427943331705,12282,3306840,29815209,9.01622364553471,0.7458071996217834,39977100,12.089215081467504,0.8197837404885863,0.0233675297182869,139293.03135888503,287,0.0153069532649405,188,17589.574468085106,0.0052108777072138,64,51669.375,6515891,0.2185425230458723,48,5228891,0.1753766341198547,67,11661309,2025-04-25
25-04-26 (토),1521741,16047,0.010545158473091,0.0178095872170439,131562.91588785045,214,2313.9877285293624,219.4360316570076,293.0500998668442,12016,3521290,28154464,7.995497104754223,0.7579773962018296,37144200,10.548463773219474,0.7488003988284414,0.0221371504660452,139639.84962406015,266,0.0147303595206391,177,19894.293785310736,0.0050765645805592,61,57726.065573770495,7595572,0.2697821560374937,42,5667173,0.201288612704543,74,11896409,2025-04-26
25-04-27 (일),1484700,16845,0.0113457264093756,0.0204276289643112,149939.40856031128,257,2467.697177881053,217.5001484119917,291.21611954534615,12581,3663790,38534428,10.517641022001808,0.8527871838048452,45186453,12.33325408934464,0.7468685069753636,0.022335267466815,160805.88256227758,281,0.0182020507113901,229,15999.082969432317,0.0046101263810507,58,63168.79310344828,7497082,0.1945554245673505,42,6005864,0.1558570948555406,93,18320655,2025-04-27
25-04-28 (월),2363653,15986,0.0067632600893616,0.0179552666202306,127219.7025862069,232,1482.8022556610467,219.24371324909296,271.2506771921678,12921,3504830,29514971,8.421227563105772,0.6897359155974601,42791698,12.20935052484714,0.8082697360190166,0.0236049841343549,140300.64918032786,305,0.0179552666202306,232,15107.025862068966,0.0054175373423109,70,50069.0,8099372,0.2744157193988095,45,5178364,0.1754487239713025,68,11117063,2025-04-28
25-04-29 (화),2430425,16543,0.0068066284703292,0.0170381075530539,138095.33482142858,224,1525.5850314245452,224.13226137943545,282.02783905073403,13147,3707820,30933355,8.342733735726114,0.7273459370696034,42529082,11.470104266118636,0.794716798645953,0.0223625161633832,144656.74149659864,294,0.0150604700692173,198,18726.36363636364,0.0050962196698866,67,55340.59701492537,8655955,0.2798259354667478,44,6577700,0.2126410148527374,66,10581881,2025-04-29
25-04-30 (수),2171830,16059,0.0073942251465354,0.0198302469135802,137925.4007782101,257,1698.6412380342842,229.7253876331029,284.6574074074074,12960,3689160,35446828,9.60837372193128,0.6974883626590305,50820673,13.775676034652877,0.8070240986362788,0.0251543209876543,155891.63496932515,326,0.0198302469135802,257,14354.708171206226,0.0061728395061728,80,46114.5,8752200,0.2469106685653226,63,7740546,0.2183706254336777,72,13735228,2025-04-30
25-05-01 (목),2008330,18718,0.0093201814442845,0.0205446061703461,147861.26440677966,295,2076.078134569518,222.75082807992308,290.37189219304963,14359,4169450,43619073,10.46158917842881,0.749835679868645,58171509,13.95184232932401,0.7671225558286142,0.0240267428093878,168613.0695652174,345,0.0193606797130719,278,14998.021582733812,0.0059196322863709,85,49052.35294117647,10898355,0.2498529714283474,61,9062609,0.2077671160045056,89,17495973,2025-05-01
25-05-02 (금),2234598,15830,0.0070840482270189,0.0187382885696439,145105.72083333333,240,1565.0286986742135,220.9229311433986,273.04887570268585,12808,3497210,34825373,9.958044555517112,0.6863839149992841,50737455,14.50798064743038,0.8090966519267214,0.0252966895690193,156597.08333333334,324,0.0171767645221736,220,15896.40909090909,0.0062460961898813,80,43715.125,10078291,0.2893950626171326,58,7344536,0.2108961187580101,65,13127982,2025-05-02
25-05-03 (토),1816675,16911,0.0093087646386943,0.0191876208897485,140703.4435483871,248,2012.2421456782308,216.16640056767784,282.8309477756286,12925,3655590,34894454,9.545505376697058,0.8459552379279365,41248582,11.283700305559432,0.7642954290107031,0.0208123791102514,153340.45353159853,269,0.0164023210831721,212,17243.349056603773,0.0051837524177949,67,54561.0447761194,7373028,0.2112951244343872,53,6616500,0.1896146591088658,76,15452091,2025-05-03
25-05-04 (일),1744511,16402,0.0094020616665644,0.0180698484725711,133415.73542600896,223,2033.211599124339,216.25167662480183,287.41268940928614,12341,3546960,29751709,8.38794601574306,0.8332545357880751,35705427,10.06648707625685,0.7524082428972076,0.0204197390811117,141688.20238095237,252,0.0152337736001944,188,18866.808510638297,0.0059962725873105,74,47931.89189189189,8446164,0.2838883641944736,56,7561218,0.2541439888377504,63,10372654,2025-05-04
25-05-05 (월),1650364,16388,0.0099299306092474,0.0169228253760627,121603.25120772948,207,2112.473369511211,212.737979009031,285.0188031393067,12232,3486350,25171873,7.220122190829951,0.7160579915456258,35153400,10.08315286761226,0.7463998047351721,0.020519947678221,140053.38645418326,251,0.0192119032047089,235,14835.531914893618,0.0057226945716154,70,49805.0,7136700,0.2835188307203043,47,3301673,0.1311651699498086,59,9994309,2025-05-05
25-05-06 (화),1558340,15057,0.0096622046536699,0.0141831553143057,145999.3765432099,162,2044.0340362180268,211.54944544065884,278.87410260900015,11422,3185300,23651899,7.425328540482843,0.6455183715880748,36640164,11.502892663171444,0.7585840472869761,0.0204867798984416,156581.89743589744,234,0.0175100682892663,200,15926.5,0.0049028191209945,56,56880.357142857145,7929355,0.3352523617659622,30,4926682,0.2082996380121528,36,7116572,2025-05-06
25-05-07 (수),2264271,14078,0.0062174536528533,0.0208061286671889,148956.17991631798,239,1371.9559187040772,220.66202585594544,270.4344041089928,11487,3106480,35600527,11.460085691844146,0.7271132047848896,48961464,15.761074914372536,0.8159539707344793,0.0276834682684774,153966.8679245283,318,0.0205449638722033,236,13163.050847457627,0.0067032297379646,77,40343.896103896106,10246391,0.2878157112674203,46,7487181,0.2103109597225906,69,12899800,2025-05-07
25-05-08 (목),2021467,14091,0.00697068020403,0.0208080457777007,139238.29583333334,240,1558.462245488054,223.57391242637144,273.1385469048032,11534,3150380,33417191,10.607352446371548,0.6608620160746543,50566064,16.050782445292313,0.8185366546022284,0.028524362753598,153696.24316109423,329,0.0227154499739899,262,12024.351145038168,0.008063117738859,93,33875.05376344086,11037482,0.3302935306561225,64,8978918,0.2686915845200753,52,8494401,2025-05-08
25-05-09 (금),2185583,14859,0.0067986436570928,0.0140650406504065,151689.54913294798,173,1525.2543600494696,224.3468604885928,271.0219512195122,12300,3333570,26242292,7.872128678863801,0.6661373063734761,39394719,11.817576652057705,0.8277811427417726,0.0205691056910569,155710.35177865613,253,0.0148780487804878,183,18216.22950819672,0.0045528455284552,56,59528.03571428572,6919809,0.2636892006231773,48,6997709,0.266657691332754,66,12997173,2025-05-09
25-05-10 (토),1697333,15747,0.0092774959303801,0.015129090610097,132287.00543478262,184,2091.6873707162945,225.4581825109545,291.9166255550074,12162,3550290,24340809,6.856005847409648,0.6831813964830182,35628618,10.035410628427536,0.7723375881120214,0.0193224798552869,151611.14042553192,235,0.0152113139286301,185,19190.75675675676,0.004275612563723,52,68274.80769230769,6784464,0.2787279584667872,40,4984591,0.2047832921247605,58,9906337,2025-05-10
25-05-11 (일),1671734,16069,0.0096121751426961,0.0181236673773987,143814.47963800904,221,2099.3411631276267,218.40438110647835,287.80875840577335,12194,3509540,31783000,9.056172603817023,0.8460317959740673,37567146,10.704293440165948,0.7588524488144875,0.020583893718222,149669.90438247012,251,0.0175496145645399,214,16399.719626168226,0.0056585205838937,69,50862.89855072464,5669000,0.1783657930340119,56,5558164,0.1748785199635025,75,17575727,2025-05-11
25-05-12 (월),2242723,15286,0.0068158216596521,0.016951825277931,136193.86976744185,215,1521.971282231466,223.29975140651567,269.12875502641333,12683,3413360,29281682,8.578550753509738,0.6138330183741658,47703009,13.975381735298942,0.8297134632997514,0.0238114010880706,157956.9834437086,302,0.0171883623748324,218,15657.614678899085,0.0056768903256327,72,47407.77777777778,7456400,0.2546438418394134,59,5886755,0.2010388269362395,76,14000009,2025-05-12
25-05-13 (화),2317447,16291,0.0070297184789986,0.0160346695557963,130518.0990990991,222,1567.6086659155528,222.9973605058008,262.3943661971831,13845,3632850,28975018,7.975836602116796,0.4948341481768024,58555009,16.11820168738043,0.8498557485728316,0.0226796677500902,186480.9203821656,314,0.0162513542795232,225,16146.0,0.0056338028169014,78,46575.0,9564536,0.3300959467911288,58,7468600,0.2577599779230508,59,10162172,2025-05-13
25-05-14 (수),2329372,17015,0.0073045438856481,0.0196288365453247,154623.53818181818,275,1713.6507178758911,234.60064648839256,284.92005710207,14010,3991730,42521473,10.65239207060598,0.7817292343681492,54394119,13.626702958366424,0.8233911254775198,0.0255531763026409,151938.87988826816,358,0.0157744468236973,221,18062.12669683258,0.006423982869379,90,44352.55555555556,9440428,0.2220155449459617,53,4806900,0.1130464130440636,81,19293336,2025-05-14
25-05-15 (목),2195293,15394,0.0070122758101082,0.017117742308582,140043.4054054054,222,1605.293689726155,228.92620501494088,271.7318220371656,12969,3524090,31089636,8.822032354451787,0.6960361074357407,44666700,12.674676299413466,0.8424710926334936,0.0227465494641067,151412.54237288135,295,0.013647929678464,177,19910.11299435028,0.0059372349448685,77,45767.4025974026,7515218,0.2417274361140799,57,6081481,0.1956111998223459,63,15033781,2025-05-15
25-05-16 (금),1972773,14784,0.0074940198390793,0.0161007492427865,134542.21287128713,202,1682.631503979424,224.5298971861472,264.5823369998406,12546,3319450,27177527,8.187358447935653,0.674638878349283,40284555,12.135912575878534,0.8486201298701299,0.0214410967639088,149756.71003717472,269,0.0160210425633668,201,16514.67661691542,0.005420054200542,68,48815.44117647059,8890628,0.3271316039903115,45,5841672,0.2149449432981889,67,11986818,2025-05-16
25-05-17 (토),1382279,14476,0.0104725601705589,0.0178508925446272,150939.1274509804,204,2420.3652084709383,231.11494888090635,292.75638781939097,11428,3345620,30791582,9.203550313544277,0.7359208005393575,41840891,12.506169559005505,0.7894445979552362,0.0224886244312215,162805.0233463035,257,0.0154882744137206,177,18901.80790960452,0.0057752887644382,66,50691.21212121212,8595573,0.2791533413255609,45,6191527,0.2010785610170987,61,14066064,2025-05-17
25-05-18 (일),1334257,15012,0.0112512057272324,0.0246090745962573,137143.65625,288,2603.2466009172144,231.37490007993603,296.79569341194565,11703,3473400,39497373,11.371386249784074,0.8625096178948365,45793545,13.18406892382104,0.7795763389288569,0.0274288643937451,142659.01869158878,321,0.0170041869606083,199,17454.27135678392,0.0055541314192941,65,53436.92307692308,7901736,0.200057254440694,56,6716700,0.1700543476650966,116,20446373,2025-05-18
25-05-19 (월),1979738,14789,0.0074701803976081,0.0159784844170226,120995.59405940594,202,1726.4355182352413,231.1102846710393,270.359911406423,12642,3417890,24441110,7.150935226119039,0.5754390731519597,42473845,12.426919824804193,0.8548245317465684,0.0230185097294731,145958.23024054983,291,0.0147919632969466,187,18277.486631016043,0.0053788957443442,68,50263.08823529412,6773773,0.2771467007840478,53,6378818,0.2609872464875777,62,8881309,2025-05-19
25-05-20 (화),2348655,15581,0.0066340096778794,0.0153239265665301,114244.41584158417,202,1462.8074365966906,220.5012515242924,260.6304050978607,13182,3435630,23077372,6.717071395930296,0.6161981536568943,37451219,10.9008301243149,0.8460304216674155,0.0219238355333029,129588.99307958478,289,0.0152480655439235,201,17092.68656716418,0.004930966469428,65,52855.84615384616,6616591,0.2867133658026572,54,5362373,0.2323649763933259,61,7530063,2025-05-20
25-05-21 (수),2156964,16825,0.007800315628819,0.0197963800904977,133818.3107142857,280,1715.3461995656858,219.9072808320951,261.5907805429864,14144,3699940,37469127,10.126955301977867,0.7708886528780339,48605109,13.13672897398336,0.8406537890044576,0.0238970588235294,143802.0976331361,338,0.0161906108597285,229,16156.943231441048,0.0053733031674208,76,48683.42105263158,10246990,0.2734782158121805,52,7267055,0.1939478066836198,105,16230400,2025-05-21
25-05-22 (목),2159556,17981,0.0083262485436821,0.0166089521610875,125288.7335907336,259,1713.830065068931,205.8346031922585,237.3420546363986,15594,3701112,32449782,8.767576339219133,0.7421395572052332,43724636,11.813918627698918,0.8672487625827262,0.0213543670642554,131305.21321321322,333,0.01404386302424,219,16900.054794520547,0.0048736693600102,76,48698.84210526316,10167573,0.3133325518180677,56,7920127,0.2440733500151095,94,12233882,2025-05-22
25-05-23 (금),2062178,18160,0.0088062233231078,0.0169657422512234,135564.89615384614,260,1809.58918192319,205.4898127753304,243.5037520391517,15325,3731695,35246873,9.445271652694018,0.7362981352436252,47870382,12.828053203705018,0.8438876651982379,0.0208809135399673,149594.94375,320,0.0149429037520391,229,16295.61135371179,0.0052202283849918,80,46646.1875,11390273,0.3231569790602417,56,7024000,0.1992800893287753,79,12462837,2025-05-23
25-05-24 (토),1907771,19320,0.010127001616022,0.0171882175424785,140592.82061068702,262,2017.836522307971,199.2531055900621,252.54674276717185,15243,3849570,36835319,9.568684034840254,0.7376774290605181,49934182,12.971366152583276,0.7889751552795031,0.0219116971724726,149503.53892215568,334,0.0138424194712326,211,18244.407582938387,0.0050514990487436,77,49994.41558441558,8607754,0.2336820810483547,61,7410963,0.2011917692364765,78,14828399,2025-05-24
25-05-25 (일),1819831,20282,0.0111449909359715,0.017826446807156,148593.375,280,2208.323739951677,198.144956118726,255.8589164066977,15707,4018776,41606145,10.352939551744113,0.8973346691005287,46366363,11.537434034641391,0.7744305295335766,0.0190360985547844,155071.4481605351,299,0.0154071433118991,242,16606.512396694216,0.0054115999236009,85,47279.71764705882,9640236,0.2317022161029338,66,8901737,0.2139524582246204,88,17905682,2025-05-25
25-05-26 (월),2128286,19157,0.0090011398843952,0.0153364632237871,144457.14285714287,245,1751.5535975897976,194.59242052513443,233.35255086071987,15975,3727807,35392000,9.49405374258914,0.6485309021438297,54572573,14.639323602321689,0.8338988359346453,0.0209076682316118,163390.9371257485,334,0.0143974960876369,230,16207.85652173913,0.0053208137715179,85,43856.55294117647,11869827,0.3353816399186257,66,8729908,0.2466633137432188,72,13913336,2025-05-26
25-05-27 (화),2050925,16788,0.0081855748016139,0.014141143355003,139493.01895734598,211,1649.588844058169,201.5238861091256,226.73969573084915,14921,3383183,29433027,8.69980340998403,0.7105328032751734,41423882,12.244055967412937,0.8887896116273528,0.0192346357482742,144334.08362369338,287,0.0149453789960458,223,15171.224215246635,0.0054956102137926,82,41258.32926829269,10129137,0.3441418716464331,65,8848081,0.3006174322471148,66,10000828,2025-05-27
25-05-28 (수),1882207,15748,0.0083667736864223,0.0154980999925489,123607.95192307692,208,1739.775168193509,207.93859537719075,243.99202741971536,13421,3274617,25710454,7.851438504105976,0.6818535661651087,37706709,11.514845552930312,0.8522352044704089,0.0200432158557484,140173.63940520445,269,0.0160941807614931,216,15160.263888888889,0.0046941360554355,63,51978.04761904762,6583982,0.2560819034934194,49,6257618,0.2433880786391403,64,9848799,2025-05-28
25-05-29 (목),1831191,16913,0.0092360654896185,0.0155038759689922,159513.03097345133,226,1776.1364052138745,192.304440371312,223.12169856623447,14577,3252445,36049945,11.083952226709444,0.651793794403746,55308819,17.00530493213567,0.8618813930112931,0.0211291760993345,179574.08766233767,308,0.013994649104754,204,15943.357843137255,0.0045276805927145,66,49279.469696969696,9987173,0.2770371216932508,50,7423727,0.2059289410843761,78,15633200,2025-05-29
25-05-30 (금),1822610,16896,0.0092702223734095,0.013059163059163,113880.20994475138,181,1804.5259271045368,194.65832149621207,237.2977633477633,13860,3288947,20612318,6.267148117619408,0.5414653989062368,38067655,11.57442032358685,0.8203125,0.0186147186147186,147549.0503875969,258,0.0145743145743145,202,16281.915841584158,0.0044011544011544,61,53917.16393442623,5650428,0.2741287030405799,53,5576546,0.2705443414952166,57,10602946,2025-05-30
25-05-31 (토),1453745,16673,0.0114689990335306,0.0151351351351351,115178.8469387755,196,2330.5008787648453,203.2000239908835,261.6180694980695,12950,3387954,22575054,6.663329549338627,0.6491648036711785,34775536,10.26446522001184,0.7767048521561807,0.0193050193050193,139102.144,250,0.0142084942084942,184,18412.793478260868,0.0051737451737451,67,50566.477611940296,6198246,0.27456173526761,43,4487873,0.1987978854890003,55,8620736,2025-05-31
25-06-01 (일),1565330,18117,0.0115739173209482,0.0196556671449067,141190.41240875912,274,2245.59996933554,194.02246508803887,252.159612625538,13940,3515105,38686173,11.00569485122066,0.8741425821721083,44256136,12.590274259232654,0.7694430645250318,0.0213055954088952,149010.55892255894,297,0.0142754662840746,199,17663.844221105526,0.0049497847919655,69,50943.55072463768,8939282,0.23107175786036,58,7706528,0.1992062642122807,92,17787437,2025-06-01
25-06-02 (월),1961221,17140,0.0087394536362806,0.0126788496954242,137785.78212290502,179,1704.7584132537845,195.06464410735123,236.81881286301177,14118,3343408,24663655,7.376800857089533,0.636463352008072,38751100,11.590299478855108,0.8236872812135356,0.0182745431364215,150198.06201550388,258,0.0124663550077914,176,18996.636363636364,0.0050290409406431,71,47090.25352112676,10684945,0.4332263405403619,48,8515318,0.3452577486994527,42,8335763,2025-06-02
25-06-03 (화),1861567,20112,0.0108038013136244,0.0185858853098749,139553.44483985766,281,2067.6473100350404,191.38146380270484,254.5845624710629,15119,3849064,39214518,10.188065981755564,0.8368988779612291,46856937,12.173592592900508,0.7517402545743834,0.0209008532310338,148281.44620253163,316,0.0141543752893709,214,17986.280373831774,0.0046299358423176,70,54986.62857142857,10927201,0.2786519268195518,46,7174400,0.1829526503424063,102,16290836,2025-06-03
25-06-04 (수),2193892,17841,0.0081321231856445,0.0155001707067258,129473.00881057268,227,1558.576721187734,191.6568017487809,233.48234892454764,14645,3419349,29390373,8.595312441052375,0.6068762898280483,48428936,14.163203580564604,0.8208620593016086,0.0223967224308637,147649.19512195123,328,0.0141345168999658,207,16518.594202898552,0.0041652441106179,61,56054.901639344265,6684064,0.2274235852671893,38,3374400,0.1148131056383666,52,10951064,2025-06-04
25-06-05 (목),1800350,14525,0.0080678756908378,0.0164378918827317,132570.71649484537,194,1751.788263393229,217.1312908777969,267.228605321132,11802,3153832,25718719,8.154752377425304,0.6251012984331197,41143282,13.045489423659852,0.8125301204819277,0.0239789866124385,145382.6219081272,283,0.0160989662769022,190,16599.115789473683,0.0060159295034739,71,44420.16901408451,8428273,0.3277096732539439,51,5301717,0.2061423432481221,59,7337736,2025-06-05
25-06-06 (금),1295283,15131,0.0116816170674671,0.0186356353824099,134951.37556561086,221,2147.49826871811,183.835701539885,234.55755122691627,11859,2781618,29824254,10.72190861577686,0.8652796276544078,34467764,12.391264364840897,0.7837552045469566,0.020322118222447,143019.76763485477,241,0.0136605110043005,162,17170.48148148148,0.0051437726621131,61,45600.29508196721,6248845,0.2095222566170473,44,4625618,0.1550958491702759,69,11135946,2025-06-06
25-06-07 (토),1279984,15984,0.0124876560957011,0.0167993630573248,131133.34597156398,211,2324.6556206952587,186.15628128128128,236.9046178343949,12560,2975522,27669136,9.298918307443198,0.7388934859391416,37446718,12.584923922592406,0.7857857857857858,0.0209394904458598,142382.95817490495,263,0.0169585987261146,213,13969.586854460094,0.0058917197452229,74,40209.75675675676,7711209,0.2786935233539638,49,3866455,0.1397389134232453,54,9157263,2025-06-07
25-06-08 (일),1325042,15891,0.0119928273971692,0.0174767886400873,145587.6205357143,224,2207.0447578265444,184.03039456296017,228.1678239837716,12817,2924427,32611627,11.15145873020595,0.8631954775789742,37780118,12.918810419955772,0.806557170725568,0.0194273230865257,151727.3815261044,249,0.0136537411250682,175,16711.01142857143,0.0041351330264492,53,55177.8679245283,7382009,0.2263612606632597,36,5619482,0.1723152911076776,82,14379873,2025-06-08
25-06-09 (월),1751418,15420,0.0088042945773082,0.0135032041501373,121991.88700564973,177,1602.913182347104,182.06037613488976,214.17233750381448,13108,2807371,21592564,7.69138243573792,0.57095942264162,37818036,13.470979076153457,0.8500648508430609,0.0218950259383582,131770.16027874564,287,0.014494964906927,190,14775.636842105265,0.0049588037839487,65,43190.32307692308,6535237,0.3026614625294152,43,4357746,0.2018169773631329,47,10288809,2025-06-09
25-06-10 (화),1652363,14917,0.0090276773324021,0.013456206165389,145284.24242424243,165,1689.825419717096,187.1827445196756,227.71203718806063,12262,2792205,23971900,8.585293701572771,0.6487247291071785,36952345,13.234108885271676,0.8220151504994302,0.0203881911596803,147809.38,250,0.0136193116946664,167,16719.790419161676,0.0039145327026586,48,58170.9375,5116445,0.2134351052690858,41,4127282,0.1721716676608863,59,12856865,2025-06-10
25-06-11 (수),1370070,14536,0.0106096768778237,0.0170904543559816,131909.6243902439,205,1936.6900961264755,182.5399697303247,221.2089203834931,11995,2653401,27041473,10.191250022141396,0.6401172231295842,42244564,15.920912067192257,0.8251926252063841,0.0243434764485202,144673.16438356164,292,0.0150062526052521,180,14741.116666666669,0.0050854522717799,61,43498.37704918033,9010990,0.3332285190233535,43,6651309,0.2459669634120892,74,10972709,2025-06-11
25-06-12 (목),1538652,15893,0.0103291712485994,0.0195482866043613,116265.37450199205,251,1889.15232294242,182.8948593720505,226.38224299065425,12840,2906748,29182609,10.03960749263438,0.656691304415726,44438854,15.288168771424283,0.8079028503114579,0.0267912772585669,129182.71511627908,344,0.0172897196261682,222,13093.45945945946,0.0063862928348909,82,35448.14634146341,7323900,0.2509679652014664,57,5914427,0.202669576253446,65,12210209,2025-06-12
25-06-13 (금),1638117,15305,0.0093430444833916,0.0237897188487772,103681.75174825174,286,1636.937410453588,175.20385494936295,223.04899351189485,12022,2681495,29652981,11.058376390782009,0.6129741446831586,48375582,18.040526646516216,0.7854949362953283,0.0301946431542172,133266.06611570247,363,0.0161370820163034,194,13822.139175257733,0.0055731159540841,67,40022.31343283582,4389473,0.1480280515473301,50,3828782,0.1291196321880758,106,15778628,2025-06-13
25-06-14 (토),1314254,15297,0.0116393026005627,0.0202376851532897,133571.7574468085,235,1984.6734345111367,170.51480682486763,224.62667929727868,11612,2608365,31389363,12.03411447400958,0.7437077881290598,42206581,16.1812403555484,0.759103092109564,0.0255769893213916,142109.70033670033,297,0.0181708577333792,211,12361.91943127962,0.005253186358939,61,42760.08196721312,7517999,0.2395078549379928,47,6123346,0.1950771030300933,83,12851800,2025-06-14
25-06-15 (일),1527917,16288,0.0106602649227674,0.0239987157877839,140002.2508361204,299,1775.082023434519,166.51387524557956,217.68825748454933,12459,2712178,41860673,15.434338380445531,0.8634180243555872,48482510,17.875858442919306,0.7649189587426326,0.0262460871659041,148264.55657492354,327,0.0162131792278674,202,13426.623762376235,0.0067421141343607,84,32287.83333333333,10107218,0.2414490087151728,60,6186118,0.1477787516698549,104,20386254,2025-06-15
25-06-16 (월),1671535,14596,0.0087320935547266,0.0239384198951108,106961.3816254417,283,1587.556946160266,181.80713894217592,224.4676873625444,11822,2653657,30270071,11.406926742981478,0.7143492871438575,42374328,15.968276231630538,0.8099479309399835,0.0314667568939265,113909.48387096774,372,0.0188631365251226,223,11899.807174887892,0.0076129250549822,90,29485.077777777777,7671918,0.2534489595349809,67,5978382,0.1975014198017573,73,12184808,2025-06-16
25-06-17 (화),2118177,16375,0.0077307042801427,0.0258402029169308,107186.53067484662,326,1381.0144289169414,178.64018320610688,231.8669150285352,12616,2925233,34942809,11.94530794640974,0.6965153868092424,50168036,17.1500991544947,0.7704427480916031,0.032577679137603,122063.34793187348,411,0.019578313253012,247,11843.04858299595,0.0064204185161699,81,36113.98765432099,6157255,0.1762095027906886,57,4099392,0.1173171853470624,101,14608227,2025-06-17
25-06-18 (수),1799153,16283,0.0090503698129064,0.0248487668683108,114040.77153558053,267,1697.8328135517102,187.598169870417,284.28673801768264,10745,3054661,30448886,9.968008233974244,0.6804661915937517,44747096,14.648792779296947,0.6598906835349752,0.0331316891577477,125694.08988764044,356,0.0242903676128431,261,11703.681992337164,0.0078175895765472,84,36365.01190476191,7432632,0.2441019352891925,52,5326541,0.1749338547229609,56,9533791,2025-06-18
25-06-19 (목),1633671,15818,0.0096824880897071,0.0212518195050946,120396.42922374429,219,1803.053980881096,186.2180427361234,285.84153323629306,10305,2945597,26366818,8.951264548409032,0.7086621190887941,37206473,12.631216354443598,0.651473005436844,0.0281416787967006,128298.1827586207,290,0.0244541484716157,252,11688.876984126984,0.0081513828238719,84,35066.630952380954,8424009,0.3194928185873623,59,7445191,0.2823697193950366,37,7938573,2025-06-19
25-06-20 (금),1719099,15657,0.0091076779173276,0.02234417875343,112793.58333333331,228,1719.0819144214497,188.7508462668455,289.61897295178363,10204,2955272,25716937,8.702054159481767,0.6279636050283118,40952910,13.857577238237292,0.6517212748291499,0.0305762446099568,131259.32692307694,312,0.0207761662093296,212,13939.962264150943,0.007938063504508,81,36484.83950617284,8391700,0.3263102444898473,56,7066982,0.2747987445005601,47,8712136,2025-06-20
25-06-21 (토),1404329,16842,0.0119929161898671,0.0250939754139997,122345.74898785424,247,2106.941464571336,175.68216363852275,300.6033729553998,9843,2958839,30219400,10.21326270202603,0.755298403529408,40009882,13.5221558185491,0.5844317776986107,0.0309864878593924,131179.94098360656,305,0.0251955704561617,248,11930.80241935484,0.0089403637102509,88,33623.170454545456,9162519,0.3031998980787176,59,6142436,0.2032613486700596,53,10515100,2025-06-21
25-06-22 (일),1327049,17766,0.0133875991014649,0.0293193717277486,111935.68506493508,308,2351.12267896664,175.61944163007993,297.0066634935745,10505,3120055,34476191,11.049866428636674,0.8615620886792278,40015910,12.82538609095032,0.5912979849150062,0.0321751546882436,118390.26627218934,338,0.0266539742979533,280,11143.05357142857,0.0104712041884816,110,28364.136363636364,11876792,0.3444925804013558,81,9291700,0.2695106312643412,66,8280537,2025-06-22
25-06-23 (월),1518986,16856,0.0110968764689075,0.0195932076880014,104404.76190476192,210,2045.3782984174968,184.3201827242525,289.87693599552154,10718,3106901,21925000,7.056871139440877,0.586885720702357,37358210,12.02426791198046,0.6358566682486948,0.0292032095540212,119355.303514377,313,0.0245381601044971,263,11813.311787072244,0.0063444672513528,68,45689.720588235294,7031073,0.32068748004561,59,6599846,0.3010192018244014,59,7297673,2025-06-23
25-06-24 (화),1485519,14559,0.0098006151385475,0.0166322314049586,132873.91304347827,161,1874.0399819860936,191.21656707191428,287.5952479338843,9680,2783922,21392700,7.684374777741618,0.6831516312282178,31314717,11.248417520318457,0.6648808297273164,0.0239669421487603,134977.22844827586,232,0.024896694214876,241,11551.543568464733,0.0069214876033057,67,41551.07462686567,6708291,0.3135785104264539,57,6565809,0.3069182010685888,34,7083418,2025-06-24
25-06-25 (수),1217986,13423,0.0110206521257223,0.0192669693278706,144376.64942528735,174,2096.836088427946,190.2642479326529,282.7944856605027,9031,2553917,25121537,9.836473542405646,0.6889128104466797,36465481,14.27825610620862,0.6728004171943679,0.0264644003986269,152575.23430962345,239,0.0194884287454324,176,14510.892045454546,0.0078618093234414,71,35970.66197183099,10062136,0.4005382313988193,51,6258818,0.2491415234664981,47,8596418,2025-06-25
25-06-26 (목),1337479,14718,0.0110042849270904,0.0188196788380893,103935.22826086955,184,2040.253342295468,185.40535398831364,279.10361051447273,9777,2728796,19124082,7.008249059292083,0.5926322835021195,32269727,11.825628225781626,0.6642886261720342,0.0278203948041321,118638.70220588236,272,0.0256724966758719,251,10871.69721115538,0.0092052776925437,90,30319.95555555556,8847245,0.462623251667714,59,6561882,0.3431214110041988,26,3654863,2025-06-26
25-06-27 (금),1212793,14315,0.0118033332976031,0.0237497384390039,111146.89427312776,227,2070.375571099107,175.4060076842473,262.70527306967983,9558,2510937,25230345,10.048179225524176,0.6958915324314945,36256146,14.43928939674711,0.6676912329724065,0.0313873195229127,120853.82,300,0.0209248796819418,200,12554.685,0.0070098346934505,67,37476.67164179104,6787354,0.2690155049405785,53,5477954,0.2171176811097906,64,9517263,2025-06-27
25-06-28 (토),1041045,15325,0.0147207853647056,0.0223561643835616,113364.48039215688,204,2520.833393369163,171.24313213703098,287.5946301369863,9125,2624301,23126354,8.812386231609866,0.7387373585480644,31305245,11.928984137109271,0.5954323001631321,0.0280547945205479,122286.11328125,256,0.0255342465753424,233,11263.09442060086,0.0077808219178082,71,36961.98591549296,6207173,0.2684025765583282,57,5076736,0.2195216764389233,49,6496373,2025-06-28
25-06-29 (일),1050083,16064,0.0152978383613485,0.0264872819003573,130184.67063492064,252,2599.776398627537,169.94403635458167,286.9435568635695,9514,2729981,32806537,12.017130155850902,0.90564339159472,36224564,13.269163411760008,0.5922559760956175,0.0289047719150725,131725.6872727273,275,0.0275383645154509,262,10419.774809160306,0.0081984443977296,78,34999.756410256414,9106710,0.2775882745563788,61,7214865,0.2199215662415085,57,7702528,2025-06-29
25-06-30 (월),1169013,14740,0.0126089273600892,0.0171482020369985,98418.18181818182,165,2251.198233039325,178.54002713704207,273.5065474953232,9622,2631680,16239000,6.170583049610895,0.5790304956417606,28045155,10.656749680812256,0.6527815468113976,0.023903554354604,121935.45652173914,230,0.0196424859696528,189,13924.232804232804,0.0046767823737268,45,58481.77777777778,4368010,0.2689826959788164,42,4688127,0.2886955477554037,44,4523291,2025-06-30
25-07-01 (화),1261893,16369,0.01297178128415,0.0225436408977556,130099.51769911504,226,2335.3010120509425,180.02932372166902,293.9551122194514,10025,2946900,29402491,9.97743085954732,0.6983537965329054,42102572,14.287071838202856,0.6124381452746044,0.032219451371571,130348.520123839,323,0.0267331670822942,268,10995.89552238806,0.009576059850374,96,30696.875,11414473,0.388214488357466,83,11022873,0.3748958889231528,46,8532464,2025-07-01
25-07-02 (수),1119020,14574,0.0130238959089203,0.0272415272415272,99913.18897637796,254,2421.2882700934747,185.9112117469466,290.5909480909481,9324,2709470,25377950,9.36638899858644,0.7967221246383773,31852950,11.756155262837382,0.6397694524495677,0.0323895323895323,105473.34437086093,302,0.0256327756327756,239,11336.694560669455,0.0099742599742599,93,29134.086021505376,9342500,0.3681345419941327,79,8595718,0.3387081304833527,63,7843150,2025-07-02
25-07-03 (목),1022001,13243,0.0129579129570323,0.0166865315852205,90511.17142857144,140,2441.015224055554,188.3802763724232,297.3444576877235,8390,2494720,12671564,5.079353193945614,0.4708810859117394,26910327,10.786912759748589,0.6335422487351808,0.0256257449344457,125164.31162790698,215,0.0225268176400476,189,13199.57671957672,0.0069129916567342,58,43012.41379310345,5965182,0.4707534129173005,39,4379818,0.345641469356111,30,5159736,2025-07-03
25-07-04 (금),980063,11870,0.0121114663036968,0.0212628865979381,128097.93333333332,165,2116.1292692408547,174.72114574557708,267.2603092783505,7760,2073940,21136159,10.191306884480747,0.7105715038294291,29745295,14.342408652130729,0.6537489469250211,0.0279639175257731,137075.09216589862,217,0.0228092783505154,177,11717.175141242938,0.0064432989690721,50,41478.8,6300572,0.2980944645618913,44,6195845,0.293139590783737,43,7881354,2025-07-04
25-07-05 (토),903868,12803,0.0141646789132926,0.0220417633410672,122410.15204678362,171,2350.011284833626,165.9064281808951,273.79479247228664,7758,2124100,20932136,9.854590650157714,0.8427399563841023,24838191,11.693513017277906,0.6059517300632664,0.0264243361691157,121161.90731707316,205,0.0261665377674658,203,10463.546798029556,0.0081206496519721,63,33715.87301587302,6406509,0.3060609294722717,51,5457509,0.2607239414076041,41,6914773,2025-07-05
25-07-06 (일),920625,13352,0.0145031907671418,0.0247005063603803,119722.635,200,2376.939579090292,163.89080287597363,270.25688526614795,8097,2188270,23944527,10.942217825039872,0.8283114883555335,28907636,13.210269299492293,0.606426003594967,0.0274175620600222,130214.57657657658,222,0.0270470544646165,219,9992.100456621003,0.0076571569717179,62,35294.67741935484,6915837,0.288827463578629,47,6059546,0.2530660137909594,47,7248145,2025-07-06
25-07-07 (월),1387545,14954,0.0107773081233401,0.0196201210603214,103838.08510638298,188,1663.9676551030775,154.39547947037582,240.9549154664997,9582,2308830,19521560,8.45517426575365,0.6112317125757263,31938068,13.833009792838798,0.6407650127056306,0.0276560217073679,120521.01132075473,265,0.0258818618242538,248,9309.798387096776,0.0083489876852431,80,28860.375,8826463,0.4521392245291872,65,8171164,0.418571261722936,31,4488405,2025-07-07
25-07-08 (화),1372534,17359,0.0126474098273703,0.0201602253719517,101025.807860262,229,2114.2754933575416,167.17063194884497,255.47275288317635,11359,2901915,23134910,7.972290711478455,0.621022911257749,37252909,12.837353609599178,0.6543579699291434,0.0277313143762655,118263.20317460316,315,0.0215688000704287,245,11844.551020408164,0.0058984065498723,67,43312.16417910448,6561719,0.2836284645153147,60,6222528,0.2689670286160612,54,6124164,2025-07-08
25-07-09 (수),1340554,17297,0.012902874483236,0.0237992954721196,114262.2238267148,277,2135.426845915942,165.50008672024052,245.9536901795687,11639,2862655,31650636,11.056392055626684,0.7644013582450876,41405782,14.464118798807402,0.6728912528184078,0.0290402955580376,122502.31360946746,338,0.0083340493169516,97,29511.907216494845,0.0077326230775839,90,31807.277777777777,7405636,0.2339806378614319,62,5501246,0.1738115467885068,62,10773981,2025-07-09
25-07-10 (목),1270839,17396,0.0136885947000367,0.0240338057927634,127166.6336996337,273,2150.2637234142167,157.08432973097263,240.57038471696453,11359,2732639,34716491,12.70438246691202,0.7556845268511163,45940455,16.81175413217772,0.6529661991262359,0.0285236376441588,141791.52777777778,324,8.803591865481116e-05,1,2732639.0,0.0070428734923848,80,34157.9875,7518782,0.2165766695718181,63,5864337,0.168920787530053,69,13830073,2025-07-10
25-07-11 (금),1196546,15251,0.0127458534816045,0.0211598746081504,92635.30555555556,216,1920.020626035272,150.63884335453412,225.05809169279,10208,2297393,20009226,8.709535547466194,0.6652827629274412,30076273,13.091479342019412,0.6693331584814111,0.0277233542319749,106276.58303886926,283,0.0002938871473354,3,765797.6666666666,0.0081308777429467,83,27679.43373493976,5974964,0.2986104509989541,68,4595764,0.2296822475791917,45,5410245,2025-07-11
25-07-12 (토),1071552,16679,0.015565273547154,0.0190900098911968,117078.66321243525,193,2323.197567640208,149.25517117333175,246.23412462908013,10110,2489427,22596182,9.076860659099465,0.7753012211067435,29145036,11.707527876896972,0.6061514479285329,0.0224530168150346,128392.22907488988,227,0.0001978239366963,2,1244713.5,0.00702274975272,71,35062.35211267605,6691173,0.2961196276432895,59,6441318,0.2850622286543806,53,9078272,2025-07-12
25-07-13 (일),1133110,18106,0.0159790311620231,0.0230684730867813,105487.70238095238,252,2362.705297808686,147.86286313929085,245.07552178689124,10924,2677205,26582901,9.929348331562208,0.8960545542615082,29666610,11.08118728300597,0.6033359107478184,0.0253570120834859,107099.67509025271,277,0.0001830831197363,2,1338602.5,0.0076894910289271,84,31871.48809523809,8286318,0.3117160914830176,58,6061010,0.2280040842795901,73,8791191,2025-07-13
25-07-14 (월),1451542,16356,0.0112680170466993,0.0154345347715513,102665.23863636365,176,1523.3730749781955,135.19442406456346,193.91739016048408,11403,2211240,18069082,8.171470306253505,0.535890613445013,33717855,15.248392304770174,0.6971753484959647,0.0238533719196702,123962.70220588236,272,0.0004384811014645,5,442248.0,0.0057879505393317,66,33503.63636363636,6008928,0.332553031747822,47,5393155,0.298474211362813,45,6006536,2025-07-14
25-07-15 (화),1318410,15534,0.0117823742234964,0.0184461152882205,101768.20652173914,184,1720.7067604159556,146.04074932406334,227.4282706766917,9975,2268597,18725350,8.254154439946804,0.5992684613000141,31247014,13.773717412127407,0.642139822325222,0.025563909774436,122537.30980392155,255,0.0,0,0.0,0.0061152882205513,61,37190.11475409836,6171246,0.3295663899473174,50,4827545,0.2578079982483638,49,7251814,2025-07-15
25-07-16 (수),1335254,16046,0.0120171892389013,0.0183892870614862,114918.13333333332,195,1960.259995476516,163.1213386513773,246.8356280648812,10604,2617445,22409036,8.56141619021603,0.7016400045563161,31938082,12.202006918961048,0.6608500560887448,0.0230101848359109,130893.7786885246,244,9.43040362127499e-05,1,2617445.0,0.0065069784986797,69,37933.985507246376,6817509,0.3042303560046046,53,6095291,0.2720014819022112,46,7751245,2025-07-16
25-07-17 (목),1351896,16250,0.0120201553965689,0.0154041319318593,136470.4294117647,170,1703.5400652121168,141.72363076923077,208.6814969191736,11036,2303009,23199973,10.073765669174543,0.7618724995693117,30451254,13.222377333306122,0.6791384615384616,0.0207502718376223,132974.90829694323,229,0.0,0,0.0,0.0060710402319681,67,34373.26865671642,7945618,0.3424839330631979,47,6194000,0.2669830693337445,40,8973045,2025-07-17
25-07-18 (금),1303820,14903,0.0114302587780521,0.0180849994976389,133776.1611111111,180,1735.3016520685371,151.81647990337515,227.320506379986,9953,2262521,24079709,10.642866519249988,0.7399787444068393,32541082,14.382665177472386,0.6678521103133598,0.0242138048829498,135025.2365145228,241,0.0001004722194313,1,2262521.0,0.0067316387018989,67,33768.97014925373,7347654,0.3051388204068413,60,7822291,0.3248498974800733,36,6560909,2025-07-18
25-07-19 (토),1189542,15941,0.0134009559981909,0.0178180370296635,113352.61452513968,179,1959.3994999756208,146.21341195658994,232.0115468843321,10046,2330788,20290118,8.705261053343333,0.7725967430952947,26262236,11.267535271333127,0.6301988582899442,0.0204061317937487,128108.46829268293,205,0.0001990842126219,2,1165394.0,0.0059725263786581,60,38846.46666666667,5741463,0.2829684381332824,38,3995319,0.1969095990471815,48,6841709,2025-07-19
25-07-20 (일),1182926,17565,0.0148487732960472,0.0215143894942721,112833.09956709956,231,2152.356106806343,144.95177910617707,237.13122846232653,10737,2546078,26064446,10.237096428310522,0.8880574433589421,29349955,11.527516046248389,0.611272416737831,0.0236565148551737,115551.00393700787,254,0.0005588153115395,6,424346.3333333333,0.0074508708205271,80,31825.975,8010591,0.3073378578620087,62,6278591,0.2408871840207154,57,8010018,2025-07-20
25-07-21 (월),1397952,15755,0.0112700579132903,0.0175108265863302,115551.56451612904,186,1667.0522306917549,147.91869247857824,219.3992656750141,10622,2330459,21492591,9.222471195588508,0.6576034501385711,32683209,14.024365586350156,0.6741986670898128,0.0236302014686499,130211.98804780876,251,0.0007531538316701,8,291307.375,0.0071549614008661,76,30663.93421052632,6316373,0.2938860652026552,54,3978282,0.1851001584685624,42,8904090,2025-07-21
25-07-22 (화),1303509,15413,0.0118242375004698,0.0194330361614745,115965.69587628866,194,1773.5220853864453,149.99039771621358,231.57387558850044,9983,2311802,22497345,9.731518962264069,0.666160749168104,33771646,14.608364384147086,0.6476999935119704,0.0274466593208454,123254.18248175182,274,0.0005008514474606,5,462360.4,0.0077131122908945,77,30023.4025974026,7787155,0.3461366218991619,58,5196291,0.2309735215422086,41,8109183,2025-07-22
25-07-23 (수),1345253,14851,0.0110395591015221,0.0193668895005898,110246.51269035532,197,1671.3934107561922,151.40037707898458,221.0427644514353,10172,2248447,21718563,9.659361772814748,0.6720005443193261,32319264,14.37403861420794,0.6849370412766818,0.0268383798662996,118385.58241758242,273,9.830908375933936e-05,1,2248447.0,0.0081596539520251,83,27089.722891566264,9524654,0.4385489960822915,64,8002336,0.3684560530086636,43,4820873,2025-07-23
25-07-24 (목),1425925,14850,0.0104142924768132,0.0145645797511884,111536.875,144,1616.9518032154567,155.2627609427609,233.20036411449377,9887,2305652,16061310,6.966059925782382,0.5980713882599598,26855172,11.647539177638256,0.6657912457912458,0.021644583796905,125491.45794392524,214,0.000505714574694,5,461130.4,0.0050571457469404,50,46113.04,4090100,0.2546554421775061,37,5200182,0.3237707260491205,36,6893964,2025-07-24
25-07-25 (금),1402335,15296,0.0109075220970738,0.0201498582422033,129412.62814070351,199,1693.3706995831951,155.24797332635984,240.4488659376265,9876,2374673,25753113,10.84490917275768,0.7480207584797873,34428340,14.498139322761492,0.6456589958158996,0.0251113811259619,138823.9516129032,248,0.0003037667071688,3,791557.6666666666,0.0076954232482786,76,31245.697368421053,8547649,0.3319074086305605,56,7099010,0.275656383754461,56,10905999,2025-07-25
25-07-26 (토),1291522,16463,0.0127469760484141,0.0212743768901866,117858.56862745098,204,2009.45009066822,157.64131689242544,270.648555636667,9589,2595249,24043148,9.264293329850045,0.7562512701486346,31792539,12.250284654767231,0.5824576322662941,0.0244029617269788,135865.55128205128,234,0.0007300031285848,7,370749.8571428572,0.0074043174470747,71,36552.80281690141,7253294,0.3016782161803438,53,5585702,0.2323199108536037,53,9622681,2025-07-26
25-07-27 (일),1353606,17512,0.0129372948996975,0.0213871676993803,106714.35981308411,214,2017.17855860568,155.91965509365008,272.8827703377973,10006,2730465,22836873,8.363730353621087,0.8048479698683432,28374145,10.39168969387998,0.5713796253997259,0.0236857885268838,119722.13080168776,237,0.0005996402158704,6,455077.5,0.0066959824105536,67,40753.20895522388,5573718,0.2440666022883255,47,4001791,0.1752337546388246,58,7596809,2025-07-27
25-07-28 (월),1570572,16152,0.0102841512519005,0.0204081632653061,134711.318627451,204,1615.421005850098,157.0786899455176,253.81502601040413,9996,2537135,27481109,10.83155173059376,0.7382265805322463,37225846,14.67239464987082,0.6188707280832095,0.0255102040816326,145983.70980392158,255,0.0002000800320128,2,1268567.5,0.0076030412164865,76,33383.35526315789,8284618,0.3014659270118975,65,7308499,0.2659462905954778,56,11044581,2025-07-28
25-07-29 (화),1560150,16262,0.0104233567285196,0.0179699842022116,94748.5989010989,182,1627.2980162163894,156.12034190136515,250.67426935229068,10128,2538829,17244245,6.792204201228204,0.6413350245434356,26888045,10.590727063539925,0.622801623416554,0.0242890995260663,109300.99593495936,246,0.0006911532385466,7,362689.8571428572,0.0058254344391785,59,43031.0,5810228,0.3369372216643871,36,3445964,0.1998326978072974,45,4396036,2025-07-29
25-07-30 (수),1676434,17233,0.0102795576801711,0.0180089587713685,107840.09644670053,197,1480.1030043532878,143.98508675216155,226.83014900813603,10939,2481295,21244499,8.56185943227226,0.7319938867335323,29022782,11.696626962936692,0.6347704984622526,0.0221226803181278,119928.85123966944,242,0.0007313282749794,8,310161.875,0.0056677941310905,62,40020.8870967742,8177954,0.3849445449384332,48,5692445,0.2679491288544861,46,3461281,2025-07-30
25-07-31 (목),1696642,16546,0.0097522046489477,0.0146951442132165,98787.23602484472,161,1430.091910962949,146.6429348483017,221.4634903249361,10956,2426354,15904745,6.554997745588649,0.6278897752916023,25330473,10.439726849420984,0.6621539949232443,0.0195326761591821,118366.69626168224,214,0.0003650967506389,4,606588.5,0.0054764512595837,60,40439.23333333333,6653164,0.4183131512011038,45,5438763,0.3419585161535127,40,3334827,2025-07-31
25-08-01 (금),1328459,13397,0.0100846168380055,0.0153944836433611,123770.89583333331,144,1541.720143414287,152.87840561319695,218.9557408595253,9354,2048112,17823009,8.70216521362113,0.6020157231308693,29605554,14.455046403712297,0.6982160185116071,0.0230917254650416,137062.75,216,0.0002138122728244,2,1024056.0,0.0042762454564892,40,51202.8,4000037,0.2244310710946732,33,3832901,0.2150535299623088,48,8703709,2025-08-01
25-08-02 (토),1134972,13650,0.0120267284126833,0.0195539931890585,115796.11797752808,178,1805.1837402156173,150.09765567765567,225.0722838624629,9103,2048833,20611709,10.060219158906555,0.8717807006632385,23643227,11.5398507345401,0.6668864468864469,0.0219707788641107,118216.135,200,0.0001098538943205,1,2048833.0,0.0068109414478743,62,33045.6935483871,6250890,0.3032688846907357,46,5380700,0.2610506484445322,52,8445882,2025-08-02
25-08-03 (일),1191047,14492,0.0121674459530144,0.0212720922848978,119979.33333333331,201,1806.616363585988,148.47950593430858,227.72409778812573,9449,2151765,24115846,11.20747200553964,0.8755077785129792,27544982,12.801110716086562,0.6520149047750483,0.0236003809926976,123520.09865470852,223,0.0006349878293999,6,358627.5,0.0065615409037993,62,34705.8870967742,6531899,0.2708550635130113,51,5625854,0.2332845383073021,54,8577782,2025-08-03
25-08-04 (월),1459667,14270,0.0097762023804059,0.0162675558249974,114577.0745341615,161,1523.8818168801513,155.87666433076384,224.75093462665453,9897,2224360,18446909,8.29313105792228,0.6551053456284598,28158691,12.65923276807711,0.6935529081990189,0.0223299989895928,127414.89140271491,221,0.0004041628776396,4,556090.0,0.0058603617257754,58,38351.03448275862,5971346,0.3237044211580379,31,3589318,0.1945755790306115,34,3195454,2025-08-04
25-08-05 (화),1789667,18115,0.010121994762154,0.0197072532504701,126250.13692946058,241,1594.9799599590317,157.5756555340878,233.41916755253905,12229,2854483,30426283,10.659122159774642,0.7788104455565216,39067636,13.686413967082656,0.6750759039470052,0.0242865320140649,131540.86195286195,297,0.0006541826805135,8,356810.375,0.0070324638155204,86,33191.66279069767,8839182,0.2905113976623434,74,9076327,0.2983054814812575,64,12412218,2025-08-05
25-08-06 (수),1844896,18411,0.0099794243144329,0.0210694333599361,114152.82196969698,264,1507.634034655612,151.0742490902178,221.9814844373504,12530,2781428,30136345,10.834846345114812,0.7451352578336033,40444127,14.540777974479296,0.6805713975340829,0.0260175578611332,124061.73926380368,326,0.0002394253790901,3,927142.6666666666,0.0075019952114924,94,29589.659574468085,9342100,0.3099944601775696,75,8394601,0.2785540515945115,59,10534200,2025-08-06
25-08-07 (목),1645670,16484,0.0100165889880717,0.0200353045013239,113188.8678414097,227,1525.327070433319,152.280089784033,221.5520741394528,11330,2510185,25693873,10.235848353806592,0.7096275928124925,36207545,14.424253590870793,0.6873331715603009,0.0255075022065313,125285.62283737025,289,0.0003530450132391,4,627546.25,0.0073256840247131,83,30243.192771084337,8860837,0.3448618664846674,73,8089191,0.3148295704582956,48,6749964,2025-08-07
25-08-08 (금),1600358,15026,0.0093891491778714,0.0159060783942435,109342.91071428572,168,1411.4273181375668,150.32536935977635,213.85996970270784,10562,2258789,18369609,8.132503301547866,0.6260439556282499,29342363,12.99030719558135,0.7029149474244643,0.0205453512592312,135218.26267281105,217,0.0006627532664268,7,322684.14285714284,0.0047339519030486,50,45175.78,4977391,0.270957917503851,44,4398454,0.2394418955787246,47,7121973,2025-08-08
25-08-09 (토),1221835,14619,0.0119647906632237,0.0182103610675039,108656.74137931036,174,1824.51149295936,152.49004719885082,233.3073783359497,9555,2229252,18906273,8.48099407334837,0.6457822465048386,29276545,13.132900632140288,0.6536014775292428,0.0226059654631083,135539.5601851852,216,0.0010465724751439,10,222925.2,0.0062794348508634,60,37154.2,7797055,0.4124057131725538,52,6367782,0.3368078943956855,47,4245328,2025-08-09
25-08-10 (일),1208800,15320,0.0126737260092653,0.0204778156996587,133428.51960784313,204,1912.2964923891464,150.88668407310706,232.04015257980325,9962,2311584,27219418,11.775223396597312,0.8455254949248903,32192309,13.926514891952875,0.6502610966057442,0.0221843003412969,145666.55656108598,221,0.0009034330455731,9,256842.66666666663,0.0068259385665529,68,33993.882352941175,6269463,0.230330530946694,51,4438182,0.1630520535009235,55,9472018,2025-08-10
25-08-11 (월),1532227,14545,0.009492718768172,0.0163357135870096,133404.7365269461,167,1460.1250336927883,153.81526297696803,218.84407708109163,10223,2237243,22278591,9.958055964416918,0.7058187346657677,31564182,14.1085174922885,0.7028532141629426,0.0229873813948938,134315.6680851064,235,0.0001956372884671,2,1118621.5,0.0065538491636505,67,33391.68656716418,8228509,0.3693460237229545,48,6504327,0.2919541455741074,42,7564136,2025-08-11
25-08-12 (화),1535534,13551,0.0088249429840042,0.0137460543732817,127068.28148148148,135,1326.056603110058,150.26234226256364,207.3317381122085,9821,2036205,17154218,8.424602630874592,0.5758411104240015,29789846,14.63008194165126,0.7247435613607852,0.0208736381223907,145316.32195121952,205,0.0005091131249363,5,407241.0,0.0056002443742999,55,37021.90909090909,6272664,0.365663068989796,43,5101300,0.297378755475767,24,4656391,2025-08-12
25-08-13 (수),1524780,14144,0.0092760922887236,0.0158858646160072,86893.8025477707,157,1323.1456341242672,142.6404128959276,204.1390266113528,9883,2017506,13642327,6.761975924730831,0.557479603670189,24471437,12.1295485614417,0.6987415158371041,0.0226651826368511,109247.48660714286,224,0.0005059192552868,5,403501.2,0.0051603764039259,51,39558.94117647059,4401245,0.3226168820026085,45,4957490,0.3633903512208731,54,4209645,2025-08-13
25-08-14 (목),1471192,13399,0.0091075807916301,0.0188879456706281,96644.23595505618,178,1323.859156384755,145.35793715948952,206.66924872665533,9424,1947651,17202674,8.832523896735093,0.8075083031339314,21303402,10.937997618669876,0.7033360698559594,0.0228140916808149,99085.59069767442,215,0.0004244482173174,4,486912.75,0.0055178268251273,52,37454.82692307692,3994782,0.2322186655400201,39,3068109,0.1783507029197902,59,7752209,2025-08-14
25-08-15 (금),1151249,13706,0.0119053306452383,0.0201421800947867,137803.5294117647,170,1743.476867298039,146.4450605574201,237.8170616113744,8440,2007176,23426600,11.671422934510977,0.8181805926219505,28632554,14.265093843290275,0.6157887056763461,0.0229857819905213,147590.48453608248,194,0.0005924170616113,5,401435.2,0.0054502369668246,46,43634.260869565216,4576727,0.1953645428700707,34,3886772,0.1659127658302955,55,10973872,2025-08-15
25-08-16 (토),1190159,14064,0.0118169084970999,0.018013856812933,97962.76923076923,156,1695.6179804547126,143.49082764505118,233.03175519630489,8660,2018055,15282192,7.572733151475059,0.6714484985876121,22760036,11.278204013270203,0.6157565415244596,0.023094688221709,113800.18,200,0.0006928406466512,6,336342.5,0.0056581986143187,49,41184.79591836735,4729872,0.3095021970670176,38,4182454,0.2736815503953883,36,3924654,2025-08-16
25-08-17 (일),1132398,13976,0.0123419504449848,0.023489932885906,115607.20689655172,203,1790.359043375209,145.06289353176874,234.5983568618376,8642,2027399,23468263,11.575552222330188,0.871686723135743,26922818,13.279486672332382,0.6183457355466514,0.0261513538532747,119127.51327433628,226,0.0006942837306179,6,337899.8333333333,0.0070585512612821,61,33236.04918032787,7154100,0.3048414788942837,52,7543072,0.3214158627760393,52,7099418,2025-08-17
25-08-18 (월),1330754,13459,0.0101138151754569,0.0171415850400712,127009.3896103896,154,1448.9041550880177,143.2599004383684,214.61876669634907,8984,1928135,19559446,10.144230564768543,0.7033166129096055,27810300,14.423419521973306,0.6675087302176982,0.0232635796972395,133063.63636363635,209,0.0006678539626001,6,321355.8333333333,0.005120213713268,46,41915.97826086957,6627309,0.3388290752202286,28,5984709,0.305975383965374,43,6093291,2025-08-18
25-08-19 (화),1105396,11544,0.0104433162414193,0.018696442482472,103573.67361111112,144,1533.504734954713,146.84078309078308,220.0895871202285,7702,1695130,14914609,8.798504539474848,0.6444272304625951,23143977,13.653216567460902,0.6671864171864171,0.0268761360685536,111806.65217391304,207,0.0,0,0.0,0.0071410023370553,55,30820.545454545456,4826918,0.323636911970002,47,4205845,0.2819949889400386,35,5321864,2025-08-19
25-08-20 (수),1129425,12220,0.0108196648737189,0.0189537528430629,136079.33333333334,150,1501.9501073555127,138.81669394435352,214.34672731867576,7914,1696340,20411900,12.032906139099474,0.6806790577184121,29987554,17.677796903922562,0.6476268412438625,0.0260298205711397,145570.6504854369,206,0.0,0,0.0,0.0068233510235026,54,31413.703703703704,4878654,0.2390102832171429,40,4182518,0.2049058637363498,49,8869009,2025-08-20
25-08-21 (목),1218381,12333,0.0101224493815973,0.0193803391559352,140532.3552631579,152,1420.3849206446916,140.32027892645746,220.65153640188703,7843,1730570,21360918,12.34328458253639,0.7244826946124986,29484373,17.03737670247375,0.6359361063812535,0.0265204641081218,141751.79326923078,208,0.0,0,0.0,0.0061201071018742,48,36053.54166666666,5421009,0.253781649271815,39,3819945,0.1788286907894127,36,7170463,2025-08-21
25-08-22 (금),1199881,12007,0.0100068256768796,0.016820401519262,100271.26612903226,124,1452.1940092392497,145.12034646456237,236.36190992946285,7372,1742460,12433637,7.135680015610115,0.5858406465034979,21223582,12.180240579410718,0.6139751811443325,0.0245523602821486,117257.3591160221,181,0.0,0,0.0,0.0050189907759088,37,47093.51351351351,3029236,0.2436323338054665,25,2458582,0.1977363501926266,38,5484791,2025-08-22
25-08-23 (토),942108,12630,0.0134061063062833,0.017700310768815,104340.25190839695,131,1944.7770319326448,145.0665083135392,247.55978921767328,7401,1832190,13668573,7.460237748268465,0.7290658384780423,18748064,10.23259814757203,0.5859857482185273,0.0226996351844345,111595.61904761904,168,0.0001351168760978,1,1832190.0,0.0067558438048912,50,36643.8,4708809,0.3444989465981562,39,3961464,0.2898227927670284,27,2634273,2025-08-23
25-08-24 (일),919551,12848,0.0139720363525242,0.0247766043866774,145853.12568306012,183,2043.9105606975577,146.28580323785803,254.465204440834,7386,1879480,26691122,14.201333347521654,0.8938737194055779,29860059,15.88740449486028,0.5748754669987547,0.0269428648795017,150050.54773869348,199,0.0,0,0.0,0.0081234768480909,60,31324.666666666668,7236678,0.2711267814069412,50,5917878,0.2217170937962068,50,7894200,2025-08-24
25-08-25 (월),1087560,12251,0.0112646658575159,0.0186089481325062,120424.304964539,141,1624.9770127625145,144.25434658395233,233.2400686287449,7577,1767260,16979827,9.607995993798308,0.703543333904571,24134728,13.656580242861832,0.6184801240715043,0.0248119308433416,128376.21276595745,188,0.0001319783555496,1,1767260.0,0.0047512207997888,36,49090.55555555556,3658755,0.2154765769992827,38,3277663,0.1930327676483394,46,7490391,2025-08-25
25-08-26 (화),1161821,11901,0.0102434023829832,0.0174372523117569,131483.1893939394,132,1509.311675378565,147.34476094445844,231.6446499339498,7570,1753550,17355781,9.897511334150725,0.74120160049635,23415736,13.353332382880442,0.6360810015965045,0.0239101717305151,129368.70718232045,181,0.0,0,0.0,0.0043593130779392,33,53137.878787878784,3887409,0.2239835245674049,25,3083064,0.1776390241384124,43,7217200,2025-08-26
25-08-27 (수),1492720,12758,0.0085468138699823,0.0183072100313479,136341.40410958903,146,1280.554960072887,149.82834300047028,239.68777429467085,7975,1911510,19905845,10.413675575853643,0.7493744560630723,26563282,13.896491255604207,0.6250979777394576,0.0250783699059561,132816.41,200,0.0,0,0.0,0.0067711598746081,54,35398.333333333336,5885736,0.2956787817849481,45,5880818,0.2954317186735856,32,6395554,2025-08-27
25-08-28 (목),1488072,13303,0.0089397556032235,0.0195499815566211,126664.03773584904,159,1350.1362837282068,151.02608434187778,247.03061600885283,8133,2009100,20139582,10.024180976556668,0.6872929354818861,29302763,14.585019660544525,0.6113658573254154,0.0256977744989548,140204.6076555024,209,0.0,0,0.0,0.0072543956719537,59,34052.542372881355,9451618,0.4693055694999032,44,8300891,0.4121679883922119,48,6405818,2025-08-28
25-08-29 (금),1788784,15820,0.0088439968157139,0.0173178022884238,123182.52380952382,168,1540.4095743253515,174.1757269279393,284.038758890836,9701,2755460,20694664,7.51042076459103,0.6440249201701113,32133328,11.66169278450785,0.6132111251580278,0.0225749922688382,146727.52511415526,219,0.0,0,0.0,0.0062880115452015,61,45171.47540983607,8767590,0.4236642837013444,56,6168018,0.2980487143932368,40,3892718,2025-08-29
25-08-30 (토),1934896,17294,0.0089379480860986,0.0212247384990352,149094.77990430623,209,1521.6735163026851,170.24864114721868,299.0027419518635,9847,2944280,31160809,10.583507343051611,0.8072748445595855,38600000,13.110166152675696,0.5693882271307968,0.0251853356352188,155645.16129032258,248,0.0001015537727226,1,2944280.0,0.0075149791814765,74,39787.56756756757,9130118,0.293000030904204,57,8025964,0.2575659701261286,52,10308518,2025-08-30
25-08-31 (일),1884571,17748,0.009417527914841,0.0220377507658859,146901.95515695066,223,1603.8663441175738,170.3065134099617,298.7054056724973,10119,3022600,32759136,10.83806524184477,0.8196589013113412,39966791,13.22265301396149,0.5701487491548344,0.0250024705998616,157971.50592885376,253,0.0,0,0.0,0.0074117995849392,75,40301.333333333336,12389600,0.3782028927747056,60,10854055,0.3313290985452119,58,10971082,2025-08-31
25-09-01 (월),1875580,15514,0.0082715746595719,0.0243353783231083,137873.1848739496,238,1430.885379455955,172.98826866056464,274.41104294478527,9780,2683740,32813818,12.226899028967038,0.7495242525227773,43779528,16.31287978716269,0.63039834987753,0.0300613496932515,148909.95918367346,294,0.0,0,0.0,0.0081799591002045,80,33546.75,7121282,0.2170208294566636,68,7235318,0.2204960727215589,68,11901373,2025-09-01
25-09-02 (화),1559426,17040,0.0109270975346056,0.0252037142315709,136197.98496240602,266,1820.0414767997968,166.56220657276995,268.92363085086225,10554,2838220,36228664,12.764572161425118,0.7971996159129728,45444909,16.011764063391844,0.6193661971830986,0.0295622512791358,145656.75961538462,312,0.0,0,0.0,0.0083380708736024,88,32252.5,10391037,0.2868181117581371,80,10294282,0.2841474364056041,75,13234782,2025-09-02
25-09-03 (수),1834943,18778,0.0102335603885243,0.0246775580395528,133149.85714285713,287,1830.6617698751409,178.8880604963255,288.8357695614789,11630,3359160,38214009,11.376060979530598,0.7869263463966014,48561100,14.456322413936816,0.61934178293748,0.0302665520206362,137957.67045454544,352,0.0,0,0.0,0.0073086844368013,85,39519.52941176471,11452428,0.2996918747781736,69,8214300,0.2149552013765423,93,14726837,2025-09-03
25-09-04 (목),2006181,18766,0.0093540911812044,0.0220701454234388,129073.64341085272,258,1782.8999477115972,190.6010870723649,305.97262617621897,11690,3576820,33301000,9.310225283911407,0.6740043771727766,49407691,13.813300920929764,0.6229350953852713,0.0275449101796407,153440.03416149068,322,0.0,0,0.0,0.006672369546621,78,45856.66666666666,9238582,0.2774265637668539,68,8266936,0.2482488814149725,93,14707618,2025-09-04
25-09-05 (금),2003461,19088,0.0095275126393775,0.0188726513569937,151085.59734513273,226,1828.545701663272,191.9226739312657,305.9223382045929,11975,3663420,34145345,9.320619803353152,0.6957706983017946,49075572,13.396108554301716,0.6273575020955574,0.0235490605427974,174026.8510638298,282,0.0,0,0.0,0.0056784968684759,68,53873.82352941176,6964064,0.2039535403727799,58,6513682,0.1907633968846998,85,14732882,2025-09-05
25-09-06 (토),1921398,20701,0.0107739260684147,0.0215216477511559,145455.328125,256,2018.9778484207848,187.3948118448384,326.12526271542663,11895,3879260,37236564,9.59888329217428,0.7469350071677474,49852482,12.851028804462707,0.5746099222259794,0.0256410256410256,163450.76065573771,305,8.406893652795292e-05,1,3879260.0,0.0065573770491803,78,49734.10256410256,10997863,0.2953511768701323,67,10196736,0.2738366515234864,84,13063737,2025-09-06
25-09-07 (일),1528651,17961,0.0117495752791186,0.0209132770529547,126350.45871559632,218,2231.4838377105043,189.9203830521685,327.2409823484267,10424,3411160,27544400,8.07478980757279,0.7623187737562123,36132391,10.592405809167555,0.5803685763598909,0.0239831158864159,144529.564,250,0.0,0,0.0,0.0067152724481964,70,48730.857142857145,8497055,0.3084857539100507,52,6155536,0.2234768591800874,55,8893900,2025-09-07
25-09-08 (월),1635703,15477,0.0094619866809561,0.0165289256198347,112110.1049382716,162,1784.7677726335403,188.62505653550429,297.8624630139782,9801,2919350,18161837,6.221192046174663,0.5743869024189426,31619518,10.83101306797746,0.6332622601279317,0.0238751147842056,135126.1452991453,234,0.0,0,0.0,0.006631976328946,65,44913.07692307692,7860136,0.4327830934723178,39,4405418,0.2425645599616382,39,4511809,2025-09-08
25-09-09 (화),1587310,15300,0.0096389489135707,0.0179517681410187,111127.65662650602,166,1693.342825283026,175.67712418300653,290.6737320211961,9247,2687860,18447191,6.86315172665243,0.5632719240875964,32750063,12.184437805540467,0.6043790849673203,0.026386936303666,134221.56967213115,244,0.0,0,0.0,0.0069211636206337,64,41997.8125,5703173,0.3091621374766489,49,4547273,0.2465021910381911,42,7936600,2025-09-09
25-09-10 (수),1454489,15064,0.0103569019772579,0.0232403718459495,131837.40476190476,210,1808.868956726383,174.65347849176845,291.16644532979194,9036,2630980,27685855,10.523019939338193,0.6429443214175522,43061046,16.366922591581844,0.5998406797663304,0.031319167773351,152159.17314487632,283,0.0001106684373616,1,2630980.0,0.0085214696768481,77,34168.57142857143,9382727,0.3388996655512354,64,8130418,0.2936668562339866,70,14886954,2025-09-10
25-09-11 (목),1642894,14932,0.0090888395721209,0.020265780730897,141592.69398907103,183,1602.245793094381,176.28716849718725,291.50830564784053,9030,2632320,25911463,9.843583986749332,0.6011448436690575,43103527,16.374729136275224,0.6047414947763193,0.0290143964562569,164517.2786259542,262,0.0109634551495016,99,26589.090909090908,0.0067552602436323,61,43152.7868852459,7307864,0.2820320874973366,55,7293273,0.2814689776490042,64,11361491,2025-09-11
25-09-12 (금),1916183,15651,0.0081678002570735,0.0190486325423007,183335.95530726257,179,1446.2501754790644,177.06728004600345,294.91114185378314,9397,2771280,32817136,11.841869461043272,0.7628518159108142,43019018,15.52315825178257,0.6004089195578557,0.0255400659785037,179245.90833333333,240,0.0226668085559221,213,13010.704225352112,0.0059593487283175,56,49487.142857142855,8383445,0.2554593734200328,45,6519728,0.1986684029953132,64,15223109,2025-09-12
25-09-13 (토),1681929,17296,0.0102834305134164,0.0199117314995381,181470.8041237113,194,1712.0282722992467,166.48415818686402,295.54654623832494,9743,2879510,35205336,12.22615514445166,0.7246755036781176,48580828,16.871213505075517,0.5633094357076781,0.0236066919839885,211220.99130434784,230,0.0212460227855896,207,13910.676328502415,0.0058503541003797,57,50517.71929824561,11045982,0.3137587438449671,45,7841919,0.2227480231973925,54,11507282,2025-09-13
25-09-14 (일),1648436,17966,0.0108988156046094,0.0220794861501405,147916.61363636365,220,1824.3292429915384,167.3878437047757,301.81553592934563,9964,3007290,32541655,10.820923489254444,0.8273062410166269,39334473,13.079707311233705,0.5546031392630524,0.0241870734644721,163213.58091286308,241,0.0234845443596949,234,12851.666666666666,0.0062224006423123,62,48504.67741935484,6320400,0.1942249095812736,62,6228990,0.1914158944896933,62,12891045,2025-09-14
25-09-15 (월),2086727,16839,0.0080695749851322,0.0183663605606573,155272.82105263157,190,1344.536204304636,166.61797018825345,271.2112131464476,10345,2805680,29501836,10.515039491317612,0.8049702043132804,36649600,13.062644350032793,0.6143476453471108,0.0237796036732721,148982.11382113822,246,0.0195263412276462,202,13889.50495049505,0.0054132431126147,56,50101.42857142857,6097481,0.2066814078961051,45,5189863,0.1759166107492428,51,10134509,2025-09-15
25-09-16 (화),2494519,18654,0.0074779947557024,0.0180445909603539,141635.27403846153,208,1232.277645510016,164.78717701297307,266.67302854168474,11527,3073940,29460137,9.583836054054403,0.6953706680184396,42366091,13.782341555137704,0.6179371716521925,0.0231630085885312,158674.49812734083,267,0.0229027500650646,264,11643.712121212122,0.0074607443393771,86,35743.48837209302,12414537,0.4214011971498978,61,9517055,0.3230485655922102,56,9478846,2025-09-16
25-09-17 (수),2324924,18283,0.0078639129709186,0.0196744145555845,118829.24336283184,226,1341.23524037775,170.55570748783023,271.4607817532863,11487,3118270,26855409,8.612278282509212,0.6215174751597563,43209419,13.856856205524217,0.6282885740852158,0.0248106555236354,151611.99649122806,285,0.0235918864803691,271,11506.531365313653,0.0063550100113171,73,42716.02739726027,7827627,0.2914730138721775,74,9212609,0.343044821994705,75,9941363,2025-09-17
25-09-18 (목),2181548,17135,0.0078545143173563,0.0183895235441627,126106.79292929292,198,1377.3751482891964,175.3609571053399,279.07588000371504,10767,3004810,24969145,8.309725074131142,0.6504873181761212,38385291,12.774615033895651,0.6283629997081996,0.0253552521593758,140605.46153846153,273,0.0194111637410606,209,14377.08133971292,0.005851212036779,63,47695.39682539683,8916645,0.3571065408927698,51,8071600,0.3232629711590044,64,9881600,2025-09-18
25-09-19 (금),2301517,17787,0.007728380889648,0.0208618019495308,138555.17903930132,229,1327.0812251223867,171.71529768932368,278.24542224651543,10977,3054300,31729136,10.388349539992795,0.6738219459101834,47088309,15.417054316864748,0.6171361106426041,0.0274209711214357,156439.56478405316,301,0.0185843126537305,204,14972.058823529413,0.0068324678874009,75,40724.0,9137872,0.287996244209108,63,9388063,0.2958814573457027,70,13938718,2025-09-19
25-09-20 (토),2005595,19598,0.0097716637706017,0.0229802513464991,188476.13671875,256,1623.3636402164943,166.12970711297072,292.2630161579892,11140,3255810,48249891,14.81962737383324,0.8037397252679815,60031736,18.43834130370016,0.5684253495254618,0.0270197486535009,199440.9833887043,301,0.0197486535008976,220,14799.136363636364,0.0066427289048473,74,43997.43243243243,11292237,0.2340365287042824,60,9176182,0.1901803674540943,80,18970582,2025-09-20
25-09-21 (일),2093089,20885,0.0099780754664517,0.0240984159083249,184303.4965034965,286,1662.690884143006,166.6344266219775,293.23896191439167,11868,3480160,52710800,15.146085237460346,0.903935432654214,58312572,16.755715829157282,0.5682547282738808,0.0265419615773508,185119.2761904762,315,0.0259521402089652,308,11299.22077922078,0.0087630603302999,104,33463.07692307692,17436109,0.3307881686485502,86,14315764,0.2715907176517905,93,21068437,2025-09-21
25-09-22 (월),2295446,18900,0.0082336940185044,0.0226094347641308,142658.6954887218,266,1365.821718306595,165.8820105820106,266.4827879303017,11765,3135170,37947213,12.103717820724237,0.6876268239168775,55185766,17.602160648385894,0.6224867724867725,0.0285592860178495,164243.35119047618,336,0.0217594560135996,256,12246.7578125,0.0084147896302592,99,31668.38383838384,8559700,0.2255686076339783,78,7811600,0.2058543798723769,64,13564691,2025-09-22
25-09-23 (화),2372920,17905,0.0075455556866645,0.019787731606404,174308.55,220,1243.3963218313302,164.7852555152192,265.37866522755894,11118,2950480,38347881,12.99716690165668,0.7613851184565286,50365945,17.070424134378136,0.620943870427255,0.0262637164957726,172486.11301369863,292,0.0199676200755531,222,13290.450450450451,0.0074653714696887,83,35547.951807228914,13689072,0.356970754133716,71,12443572,0.3244917756994186,59,13252209,2025-09-23
25-09-24 (수),2386931,18557,0.00777441828021,0.0203118415507796,154810.14937759336,241,1264.9925783359467,162.71218408147868,254.48377581120943,11865,3019450,37309246,12.356305287386776,0.6879619566129342,54231554,17.96073920747156,0.6393813655224444,0.0277286135693215,164837.55015197568,329,0.0210703750526759,250,12077.8,0.0059839865149599,71,42527.4647887324,8343563,0.2236325815858085,59,6916127,0.1853730037857104,70,11680273,2025-09-24
25-09-25 (목),2474990,17996,0.0072711404894565,0.0193732702437282,147290.0276497696,217,1151.018791995119,158.29962213825294,254.3308633157754,11201,2848760,31961936,11.219595894354034,0.6950903712806056,45982418,16.141204594279618,0.6224160924649922,0.0260691009731274,157474.03424657535,292,0.0184804928131416,207,13762.125603864732,0.004910275868226,55,51795.63636363636,7997218,0.250210688113511,44,5598727,0.1751685817780249,67,12041890,2025-09-25
25-09-26 (금),2431732,17116,0.0070386045830708,0.0191760711991925,146285.81818181818,209,1123.6517839959338,159.64127132507596,250.7037342875493,10899,2732420,30573736,11.189252018357353,0.6119699750614177,49959536,18.283988552272344,0.636772610422996,0.025782181851546,177791.94306049822,281,0.0166070281677218,181,15096.243093922652,0.0066061106523534,72,37950.27777777778,10117800,0.3309310972005514,52,9164128,0.2997385730026582,57,9606646,2025-09-26
25-09-27 (토),2388268,18166,0.0076063490362053,0.0201680672268907,167930.38425925927,216,1222.2413899947578,160.68699768798854,272.5527544351074,10710,2919040,36272963,12.426332972484104,0.7477163224085654,48511664,16.61904735803552,0.5895629197401739,0.0252100840336134,179672.82962962962,270,0.0222222222222222,238,12264.873949579833,0.0077497665732959,83,35169.156626506025,13433728,0.3703509966913924,66,11576746,0.3191563369113243,51,11047118,2025-09-27
25-09-28 (일),2548135,20750,0.008143210622671,0.0218140989654342,155604.27573529413,272,1294.5585693065714,158.97397590361444,264.5528911701019,12469,3298710,42324363,12.830580135871296,0.8509846286640265,49735755,15.077334776321653,0.6009156626506024,0.0240596679765819,165785.85,300,0.0187665410217339,234,14097.05128205128,0.0068971048199534,86,38357.09302325582,12001263,0.2835544861005941,71,10004318,0.2363725592278849,74,12745282,2025-09-28
25-09-29 (월),2747595,18620,0.0067768357418032,0.0212246273056514,156110.7857142857,252,1084.3665096202317,160.0107411385607,250.93910553356355,11873,2979400,39339918,13.203973283211385,0.722156671977913,54475600,18.2840840437672,0.6376476906552094,0.0273730312473679,167617.23076923078,325,0.0222353238440158,264,11285.60606060606,0.0058957298071254,70,42562.857142857145,9470119,0.240725438217741,53,7189154,0.1827445090251586,65,14048272,2025-09-29
25-09-30 (화),2374301,17926,0.0075500115612974,0.020488920154766,143389.42918454934,233,1171.153109904768,155.11937967198483,244.51899402040087,11372,2780670,33409737,12.014995306886467,0.7316449830001246,45663864,16.42189256546084,0.6343858083231061,0.0257650369328174,155849.36518771332,293,0.0199613084769609,227,12249.647577092512,0.0067710165318325,77,36112.5974025974,11602236,0.3472710964471225,57,8141391,0.2436831813432114,78,9620646,2025-09-30
25-10-01 (수),1865082,17103,0.0091701061937223,0.0142962553034495,163273.84516129032,155,1437.7223092603972,156.7836052154593,247.32244973252168,10842,2681470,25307446,9.437900107030844,0.5586457801387145,45301418,16.894247558242306,0.633923873004736,0.0230584762958863,181205.672,250,0.0203836930455635,221,12133.348416289591,0.0053495665006456,58,46232.24137931035,9225845,0.3645506148664705,47,7861164,0.3106265246994896,32,5602127,2025-10-01
25-10-02 (목),2397308,18420,0.0076836184587045,0.0126516911954557,116544.6530612245,147,1383.8772489809403,180.1074918566775,285.53059643687067,11619,3317580,17132064,5.164024379216175,0.4538520282079161,37748127,11.378211527679817,0.6307817589576548,0.0196230312419313,165561.9605263158,228,0.0178156467854376,207,16026.95652173913,0.0057664170754798,67,49516.119402985074,9079891,0.5299939925510435,53,6328172,0.3693759257495185,36,5058373,2025-10-02
25-10-03 (금),2531593,21422,0.0084618657106414,0.0141185647425897,131143.54696132598,181,1597.5040221710203,188.7886285127439,315.4625585023401,12820,4044230,23736982,5.869345215282019,0.6145045764406787,38627836,9.55134500263338,0.5984501913920269,0.0179407176287051,167947.11304347825,230,0.0178627145085803,229,17660.393013100438,0.0053822152886115,69,58612.02898550725,8076800,0.3402622961924982,62,6845046,0.2883705266322399,52,6339891,2025-10-03
25-10-04 (토),1898023,14948,0.0078755631517637,0.0119429392900586,150133.5,108,1469.9979926481396,186.65306395504416,308.5358841092558,9043,2790090,16214418,5.811431889293893,0.7046749943132882,23009782,8.246967660541417,0.604963874765855,0.0141545947141435,179763.921875,128,0.0133805153157138,121,23058.595041322315,0.0029857348225146,27,103336.66666666669,3848318,0.2373392618840836,25,3046328,0.1878777270944908,30,4874555,2025-10-04
25-10-05 (일),1990437,15289,0.0076812277906811,0.0154745157450492,140942.7202797203,143,1450.937658413705,188.89397606122049,312.52029001190346,9241,2888000,20154809,6.978811980609418,0.8151324391448628,24725809,8.561568213296399,0.6044214794950619,0.0177469970782382,150767.1280487805,164,0.0162320095227789,150,19253.33333333333,0.0044367492695595,41,70439.0243902439,4260536,0.2113905420785679,38,4483291,0.2224427430694084,46,7922864,2025-10-05
25-10-06 (월),2102990,14733,0.007005739447168,0.0154847396768402,140067.65942028986,138,1310.0728011069953,186.9999321251612,309.14160682226213,8912,2755070,19329337,7.01591502212285,0.8799173841676265,21967218,7.973379260781033,0.604900563361162,0.0178411131059245,138158.6037735849,159,0.0166068222621184,148,18615.33783783784,0.0052737881508079,47,58618.51063829787,5214800,0.2697868012751808,33,4311282,0.2230434494468175,30,5570055,2025-10-06
25-10-07 (화),2157698,14762,0.0068415505784405,0.0136076999668104,208883.9674796748,123,1263.661550411596,184.7039696518087,301.6484124350039,9039,2726600,25692728,9.422991271180225,0.8426479833170135,30490464,11.182595173476123,0.6123154044167457,0.0164841243500387,204633.9865771812,149,0.0181435999557473,164,16625.60975609756,0.0043146365748423,39,69912.82051282052,7858727,0.3058735919362085,31,5978590,0.2326958040422955,31,8087291,2025-10-07
25-10-08 (수),2319790,14943,0.0064415313455097,0.0152637485970819,147775.33088235295,136,1178.7446277464771,182.9913671953423,306.8956228956229,8910,2734440,20097445,7.349748028846857,0.8042452339410625,24989200,9.138690188850369,0.5962658100782975,0.017732884399551,158159.49367088606,158,0.0196408529741863,175,15625.371428571429,0.006060606060606,54,50637.77777777778,8023409,0.3992253244131281,41,6614028,0.3290979525009274,31,5434255,2025-10-08
25-10-09 (목),2436939,17570,0.0072098645062514,0.0146117849298061,208611.8823529412,153,1360.8178128381546,188.7438816163916,316.706140769745,10471,3316230,31917618,9.624669579612997,0.650784716950117,49044818,14.789329449404896,0.5959590210586226,0.0214879190144207,217976.9688888889,225,0.0219654283258523,230,14418.391304347826,0.0052526024257473,55,60295.09090909091,10635263,0.3332097965455943,50,11856763,0.3714801962978565,29,11016918,2025-10-09
25-10-10 (금),2852837,16630,0.0058292850239954,0.0155952833777101,180592.6829268293,164,1121.5852851039158,192.4052916416116,304.2696842906048,10516,3199700,29617200,9.256242772759949,0.7094674057419257,41745681,13.046748445166736,0.6323511725796753,0.0210155952833777,188894.484162896,221,0.0178775199695701,188,17019.68085106383,0.005895777862305,62,51608.06451612903,9099173,0.3072259700444336,49,8295336,0.2800850856934484,50,11890082,2025-10-10
25-10-11 (토),2637855,17239,0.0065352341201468,0.0160579653382943,153139.3536585366,164,1269.6603869431792,194.27925053657404,327.93302653480856,10213,3349180,25114854,7.498806872129895,0.6285899383027193,39954273,11.929568730256362,0.5924357561343465,0.0218349162831685,179167.14349775785,223,0.0185058259081562,189,17720.5291005291,0.0060706942132576,62,54019.03225806452,9656264,0.3844841781680276,54,7976219,0.3175897020942267,39,8316354,2025-10-11
25-10-12 (일),2635903,19438,0.0073743229549797,0.0175848925848925,162376.93596059113,203,1397.7752595600066,189.54624961415783,319.16146916146914,11544,3684400,32962518,8.946509065248073,0.8640841750825864,38147346,10.353747150146564,0.5938882601090647,0.0195772695772695,168793.5663716814,226,0.0204435204435204,236,15611.86440677966,0.0059771309771309,69,53397.10144927536,9675019,0.2935157744927132,52,7501290,0.2275702966624091,54,10348146,2025-10-12
25-10-13 (월),3201014,19878,0.0062099072356447,0.013618368962787,135104.60465116278,172,1150.8978092566915,185.33252842338263,291.68962787015045,12630,3684040,23237992,6.30774693000076,0.4362071342998471,53272838,14.460439626062692,0.6353757923332327,0.0226444972288202,186268.6643356644,286,0.0190023752969121,240,15350.166666666666,0.004750593824228,60,61400.66666666666,6326591,0.2722520517263281,53,5823891,0.2506193736532829,35,6486720,2025-10-13
25-10-14 (화),2936035,19886,0.006773080021185,0.0165715625732822,135597.59905660377,212,1247.3557025035464,184.16373327969427,286.2721800984914,12793,3662280,28746691,7.849397369944406,0.5764452594703312,49868900,13.6168998547353,0.6433169063662878,0.0232939889001797,167345.30201342283,298,0.0195419369967951,250,14649.12,0.0067224263268975,86,42584.651162790695,12472182,0.4338649620577199,69,11013027,0.3831059025193543,40,8022473,2025-10-14
25-10-15 (수),2658901,20694,0.0077829148208225,0.0215849522047486,166090.06785714286,280,1441.20070660773,185.1749299313811,295.4062596361394,12972,3832010,46505219,12.135985814233262,0.6960069831149546,66817173,17.436586282394877,0.6268483618440127,0.0274437249460376,187688.6882022472,356,0.019041011409189,247,15514.21052631579,0.0071692876965772,93,41204.408602150535,16916246,0.3637494105769075,70,11967327,0.257332988798526,85,14651191,2025-10-15
25-10-16 (목),2425031,20593,0.0084918502072757,0.0238242574257425,162848.75974025973,308,1554.9863073915344,183.11513621133395,291.6839418316832,12928,3770890,50157418,13.301214832572684,0.720502452793599,69614500,18.46102644203357,0.6277861409216724,0.0289294554455445,186135.0267379679,374,0.0182549504950495,236,15978.347457627118,0.0062654702970297,81,46554.1975308642,11885945,0.2369728242390786,68,10293464,0.2052231636006462,95,19852000,2025-10-16
25-10-17 (금),2143224,19542,0.0091180389917246,0.0194915942499796,188484.0125,240,1665.2529087020305,182.6327909118821,289.8570616421668,12313,3569010,45236163,12.674708952902906,0.6854034915936555,65999318,18.492332047262405,0.6300788046259339,0.0250142126208072,214283.5,308,0.0190043043937302,234,15252.179487179486,0.0062535531552018,77,46350.77922077922,13200764,0.2918188264552853,65,11503427,0.2542971427528016,73,18452872,2025-10-17
25-10-18 (토),1713912,21573,0.0125869939646843,0.0247414478918058,237973.63344051447,311,2211.47293443304,175.69508181523202,301.53301511535403,12570,3790270,74009800,19.526260662169182,0.7696561599390795,96159563,25.37010898959705,0.5826727854262272,0.0294351630867144,259890.7108108108,370,0.0224343675417661,282,13440.673758865249,0.0073190135242641,92,41198.586956521736,16954591,0.229085756210664,75,16405018,0.2216600774492026,110,34218236,2025-10-18
25-10-19 (일),1727404,23520,0.013615807303908,0.0224368283473714,211674.66990291263,309,2404.0178209613964,176.5607993197279,301.53282021492885,13772,4152710,65407473,15.7505515675306,0.8744332692133252,74799845,18.012296789325525,0.5855442176870749,0.024905605576532,218075.34985422745,343,0.0187336625036305,258,16095.77519379845,0.0063897763578274,88,47189.88636363636,16708654,0.2554548163021066,77,12509563,0.1912558676590364,96,25710427,2025-10-19
25-10-20 (월),2269644,23430,0.0103232048726584,0.0193364543049053,185354.0736842105,285,1795.404918128129,173.9193341869398,276.4726236515368,14739,4074930,52825911,12.963636430564453,0.6749843018544697,78262429,19.20583396524603,0.6290653008962868,0.0259176334893819,204875.46858638743,382,0.0208969400909152,308,13230.292207792209,0.006309790352127,93,43816.45161290323,13993382,0.2648961794525418,83,14015000,0.2653054104452642,77,18130518,2025-10-20
25-10-21 (화),2129276,22817,0.0107158489552317,0.0166874394128237,192856.88381742736,241,1756.089863408971,163.87781040452293,258.911508101371,14442,3739200,46478509,12.43006766153188,0.6208222833194942,74866045,20.021941859221226,0.632949116886532,0.0238886580805982,217003.02898550723,345,0.0179338041822462,259,14437.065637065638,0.0049162165904999,71,52664.788732394365,14351109,0.3087687042628669,63,13618991,0.2930169511246585,71,17587891,2025-10-21
25-10-22 (수),1893055,22110,0.0116795338751383,0.0210994689249318,166596.16666666666,294,1927.5826640007813,165.0393487109905,261.8788574709344,13934,3649020,48979273,13.422582775649351,0.6612224713460835,74073818,20.29964702851725,0.6302125734961556,0.0282043921343476,188482.9974554708,393,0.0198794316061432,277,13173.35740072202,0.0065307880005741,91,40099.12087912088,13261372,0.270754774167432,86,10236964,0.2090060422089155,88,14984900,2025-10-22
25-10-23 (목),2013699,23138,0.0114902972092651,0.0171783373577095,174047.10040160644,249,1953.549164994371,170.01728757887457,271.39427388754746,14495,3933860,43337728,11.016591337770029,0.5357475858200379,80892064,20.56302562877174,0.6264586394675425,0.0246981717833735,225955.4860335196,358,0.0196619523973784,285,13803.017543859649,0.0061400482925146,89,44200.67415730337,16179300,0.3733306000720665,67,12259672,0.282886818616795,79,14931009,2025-10-23
25-10-24 (금),2107428,23196,0.0110067817263507,0.0165397021481023,182975.112033195,241,1912.0083817810144,173.71184687015003,276.5369569693226,14571,4029420,44097002,10.943759151441151,0.6656055096683358,66250957,16.441809739366956,0.6281686497672012,0.0220986891771326,205748.31366459627,322,0.0188731041109052,275,14652.436363636363,0.0062452817239722,91,44279.34065934066,16507575,0.3743468773682165,77,11884338,0.2695044438621927,68,12914127,2025-10-24
25-10-25 (토),2048753,24793,0.0121015075999888,0.0165923034021193,188539.6134453781,238,2256.841112618261,186.49255838341463,322.3445343000558,14344,4623710,44872428,9.704853461830435,0.6719736685634108,66777063,14.44231212597676,0.5785503972895575,0.0212632459564974,218941.19016393443,305,0.0192414947016174,276,16752.572463768116,0.0058561070831009,84,55044.16666666666,14006000,0.3121293102303267,65,10747909,0.2395214495636385,65,15299900,2025-10-25
25-10-26 (일),2037597,25585,0.0125564574349098,0.0170229877354064,184559.62992125985,254,2322.2354567659845,184.9435215946844,317.1221767978017,14921,4731780,46878146,9.907084860242868,0.7684450666268878,61003900,12.892378766552968,0.5831932773109244,0.0197707928423027,206792.88135593224,295,0.0206420481200991,308,15362.922077922078,0.0062998458548354,94,50338.085106382976,17836872,0.3804943992452261,77,15395081,0.3284063537837012,58,10909800,2025-10-26
25-10-27 (월),2463198,24624,0.009996760309159,0.0139514236793709,142181.98636363636,220,1808.25089984646,180.8836907082521,282.45798719005643,15769,4454080,31280037,7.022782931604282,0.5349174475260798,58476382,13.128722878798763,0.6403914879792073,0.021497875578667,172496.70206489676,339,0.018327097469719,289,15412.041522491349,0.0051366605364956,81,54988.641975308645,10709000,0.3423589300741556,81,10098291,0.322835008155521,42,5778945,2025-10-27
25-10-28 (화),2360762,24465,0.0103631793463297,0.0167206740116655,178630.12790697673,258,1892.4482857653588,182.61271203760475,289.5411535968892,15430,4467620,46086573,10.315687771117508,0.6619864094095876,69618609,15.58292983736307,0.6306969139587165,0.0225534672715489,200053.47413793104,348,0.0164614387556707,254,17589.055118110235,0.0060272197018794,93,48038.92473118279,15064809,0.3268806513341749,78,12573000,0.2728126476229855,83,21782263,2025-10-28
25-10-29 (수),1921322,21066,0.010964325604974,0.016036308623298,226655.4905660377,212,1965.204166714377,179.2362100066458,285.6119515885023,13220,3775790,48050964,12.726068981590608,0.6666157154033905,72081955,19.09056250480032,0.6275515047944555,0.0223903177004538,243520.11824324325,296,0.0196671709531013,260,14522.26923076923,0.0061270801815431,81,46614.69135802469,17877582,0.3720545960326623,60,13124736,0.2731419914905349,59,12846772,2025-10-29
25-10-30 (목),2200054,20746,0.0094297685420448,0.0165302023791132,183656.4672897196,214,1727.8894063509351,183.2377325749542,293.6389618414954,12946,3801450,39302484,10.338813873653477,0.6318411309042083,62203111,16.362995962067107,0.6240239082232719,0.0231731809052989,207343.7033333333,300,0.0180750811061331,234,16245.51282051282,0.0057932952263247,75,50686.0,13094593,0.3331746919609458,74,9332074,0.237442345883278,81,20081518,2025-10-30
25-10-31 (금),2181333,19357,0.0088739316738893,0.0155077538769384,254446.9731182796,186,1693.3819824850218,190.82657436586248,307.9731532432883,11994,3693830,47327137,12.812483790537192,0.6713934842292926,70490909,19.08341991916249,0.6196208090096605,0.0223445055861263,263025.7798507463,268,0.0174253793563448,209,17673.82775119617,0.0049191262297815,59,62607.28813559322,8578945,0.1812690465514531,50,11882436,0.2510702474988081,66,28886745,2025-10-31
25-11-01 (토),2104641,22483,0.0106825819700366,0.0208524289642529,195723.3076923077,273,1973.0110740976727,184.6942134056843,317.1769019248396,13092,4152480,53432463,12.867602733788,0.7167230101504655,74551064,17.953383038569722,0.5823066316772673,0.0257409104796822,221219.77448071216,337,0.0217690192483959,285,14570.105263157897,0.0076382523678582,100,41524.8,18708472,0.3501330642384949,84,14890572,0.2786802472496916,78,17936345,2025-11-01
25-11-02 (일),2055821,24510,0.0119222442031674,0.0236847771477786,214835.42424242423,330,2201.9718642819585,184.69441044471645,324.9020311490705,13933,4526860,70895690,15.661118302752902,0.8745680432110742,81063664,17.907261103723112,0.5684618523051815,0.0264121151223713,220281.69565217392,368,0.0210292112251489,293,15450.034129692833,0.0076078375080743,106,42706.22641509434,18325018,0.2584785901653542,94,17921955,0.2527932939223808,90,25518118,2025-11-02
25-11-03 (월),2232423,20917,0.0093696400726923,0.0179070646014355,212112.4683544304,237,1615.294234112442,172.39661519338338,272.4608991310918,13235,3606020,50270655,13.94075878669558,0.6235518686497102,80619845,22.35701549076267,0.6327389204952909,0.0262939176426142,231666.2212643678,348,0.0195693237627502,259,13922.857142857143,0.0067245938798639,89,40517.07865168539,16459336,0.3274143931484481,65,11696955,0.232679582153843,63,20881518,2025-11-03
25-11-04 (화),2310219,19606,0.0084866413097632,0.017824018065973,184955.1221719457,221,1399.8586281214032,164.9484851576048,260.8258730542786,12399,3233980,40875082,12.639250088126705,0.6888682634233022,59336573,18.34784785310979,0.632408446393961,0.0232276796515848,206029.76736111112,288,0.0175014114041454,217,14903.133640552996,0.0067747398983789,84,38499.76190476191,15048363,0.3681549311631962,68,11432373,0.279690521477119,68,16468582,2025-11-04
25-11-05 (수),2039733,19431,0.0095262468175981,0.018341178380133,154096.53982300885,226,1584.9427351521008,166.37640883124902,262.3648758318455,12322,3232860,34825818,10.77244854401366,0.6259717365076242,55634809,17.20916123803691,0.6341413205702229,0.0241032299951306,187322.58922558924,297,0.0199642915111183,246,13141.707317073173,0.0060055185846453,74,43687.2972972973,9232046,0.265092007314803,53,5781882,0.166022862693419,60,12199509,2025-11-05
25-11-06 (목),2210954,19657,0.0088907322359488,0.0125236878965147,189802.99342105264,152,1578.1468090245205,177.50470570280308,287.4853752986735,12137,3489210,28850055,8.268363039197984,0.5692405861647573,50681655,14.525252134437308,0.6174390802258737,0.0201862074647771,206863.89795918367,245,0.0163961440224108,199,17533.718592964826,0.003872456125896,47,74238.51063829787,7546391,0.2615728462216103,29,6587009,0.2283187675032162,41,10519400,2025-11-06
25-11-07 (금),2166900,17570,0.0081083575614933,0.0140549420461805,157964.87662337662,154,1493.3776362545573,184.1775754126352,295.33631468467644,10957,3236000,24326591,7.517487948084054,0.4142167991020878,58729127,18.14867954264524,0.6236198064883324,0.023364059505339,229410.65234375,256,0.0145112713333941,159,20352.20125786164,0.0049283563019074,54,59925.92592592593,9864491,0.4055023985892639,39,6239373,0.2564836560946825,39,4441781,2025-11-07
25-11-08 (토),1868429,18535,0.0099200986497212,0.0145413870246085,220137.70512820515,156,1846.10707712201,186.097653088751,321.5249813571961,10728,3449320,34341482,9.956015098628136,0.6537280670278018,52531754,15.229597137986618,0.5787968707850013,0.0192020879940343,255008.5145631068,206,0.0192020879940343,206,16744.271844660194,0.0045674869500372,49,70394.28571428571,6910946,0.201241926600605,45,7583864,0.22083682934825,48,15552846,2025-11-08
25-11-09 (일),1898573,20107,0.0105905856661819,0.0192407247627264,243158.62331838565,223,1927.036779728776,181.95752722932312,315.6704055220017,11590,3658620,54224373,14.820990701412008,0.8832251733079669,61393600,16.780534737141327,0.5764161734719252,0.0209663503019844,252648.5596707819,243,0.021311475409836,247,14812.226720647774,0.0062122519413287,72,50814.16666666666,14636090,0.2699171828137137,57,12680028,0.2338436997694745,84,23966900,2025-11-09
25-11-10 (월),2315713,20709,0.008942818043514,0.0159652793923893,167957.76699029127,206,1684.3322121523695,188.34468105654545,302.2886150507634,12903,3900430,34599300,8.870637339985592,0.52995216196597,65287591,16.73856241491323,0.6230624366217586,0.0242579245136789,208586.5527156549,313,0.018987832287065,245,15920.122448979591,0.0055800976517089,72,54172.63888888889,10040827,0.2902031833013963,57,10473664,0.3027131762781327,57,8920091,2025-11-10
25-11-11 (화),2021485,19775,0.0097824124344232,0.0159359326969746,153368.52791878174,197,1901.9730544624367,194.4278128950696,311.0184436175376,12362,3844810,30213600,7.858281683620257,0.5217904900723097,57903700,15.060224042280373,0.6251327433628319,0.0233780941595211,200358.8235294117,289,0.0201423717845008,249,15441.004016064257,0.0058243002750364,72,53400.13888888889,11474318,0.3797732809066116,61,9723063,0.3218108070537771,52,12216245,2025-11-11
25-11-12 (수),2156803,20231,0.0093800871011399,0.0180588642127103,220929.94468085107,235,1725.6930744254344,183.97409915476248,286.0201337124414,13013,3721980,51918537,13.949171408766302,0.7157375716705513,72538510,19.48922616456832,0.6432207997627404,0.0233612541304849,238613.5197368421,304,0.0189041727503265,246,15130.0,0.0059171597633136,77,48337.4025974026,11894973,0.2291084011092223,65,10667527,0.2054666332373733,79,20515964,2025-11-12
25-11-13 (목),2158666,20088,0.0093057471605148,0.0188112551375276,211004.58403361344,238,1647.5406570539396,177.04549980087614,281.10101169775527,12652,3556490,50219091,14.120408323937363,0.671052976542626,74836254,21.042166293171075,0.6298287534846675,0.0255295605437875,231691.1888544892,323,0.0201549162187796,255,13947.019607843138,0.0068763831805248,87,40879.19540229885,12797810,0.25483953901117,77,11707000,0.2331185166214976,70,22235391,2025-11-13
25-11-14 (금),2087641,19692,0.0094326562852521,0.0175522962250541,185336.5707762557,219,1626.1272891268184,172.3933577087142,272.0822313056023,12477,3394770,40588709,11.956247109524355,0.543840681099381,74633455,21.98483402410178,0.6336075563680682,0.0241243888755309,247951.6777408638,301,0.0188346557666105,235,14445.829787234044,0.0061713552937404,77,44087.92207792208,12794573,0.3152249311501876,61,8293591,0.2043324659574661,53,12766145,2025-11-14
25-11-15 (토),1826072,21292,0.0116600002628592,0.0161601543656536,222205.51741293533,201,2011.6731432276488,172.52770993800488,295.34169480623893,12438,3673460,44663309,12.158376299183876,0.7774442329965952,57448891,15.638904738312108,0.5841630659402592,0.0200192957067052,230718.437751004,249,0.020823283486091,259,14183.243243243243,0.004904325454253,61,60220.65573770492,12576009,0.2815736066488042,51,10587636,0.2370544466376192,58,16568337,2025-11-15
25-11-16 (일),1900263,23918,0.0125866787913041,0.0183860351981685,218271.84046692608,257,2185.5553678622377,173.64035454469436,297.1190442123337,13978,4153130,56095863,13.506888298704832,0.851122803288799,65908072,15.869494092407413,0.5844134124926833,0.0207468879668049,227269.21379310344,290,0.020460723994849,286,14521.433566433569,0.0068679353269423,96,43261.770833333336,22450700,0.4002202444055455,75,16180500,0.2884437306900867,68,17839191,2025-11-16
25-11-17 (월),2022351,21746,0.0107528317290124,0.0176718895328038,187651.4170040486,247,1835.4776198592629,170.6971397038536,265.5777348501109,13977,3711980,46349900,12.486570509539384,0.6886167761374087,67308700,18.13282937946864,0.6427388945093351,0.0227516634470916,211662.5786163522,318,0.0170279745295843,238,15596.55462184874,0.0066537883666022,93,39913.76344086022,15066100,0.3250514024841477,82,13619782,0.2938470633162099,67,18666963,2025-11-17
25-11-18 (화),1835320,19703,0.0107354575768803,0.0129293249781867,141961.0490797546,163,1798.37303576488,167.51712937116176,261.80613944633933,12607,3300590,23139651,7.010762015276057,0.4900571641031567,47218269,14.306008622700787,0.6398517992183932,0.0185611168398508,201787.4743589744,234,0.0157848814150868,199,16585.879396984925,0.0050765447767113,64,51571.71875,5541169,0.2394664033610533,54,4548906,0.1965849009563713,27,3201527,2025-11-18
25-11-19 (수),1579303,18111,0.0114677170878545,0.0128704487722269,150214.3552631579,152,1949.3662710702129,169.98730053558612,260.6807790008467,11810,3078640,22832582,7.416450770470077,0.5106281959993865,44714691,14.524170088090845,0.6520898901220253,0.0197290431837425,191908.5450643777,233,0.0187129551227773,221,13930.49773755656,0.0049110922946655,58,53080.0,7711264,0.3377307043066789,46,7030718,0.3079247892332107,45,9661673,2025-11-19
25-11-20 (목),1570480,18040,0.0114869339310274,0.0138453500522466,196828.8176100629,159,1943.1638734654373,169.1629711751663,265.73493556252174,11484,3051700,31295782,10.2551961201953,0.5662741104245103,55266136,18.10995051938264,0.6365853658536585,0.0197666318355973,243463.154185022,227,0.0168059909439219,193,15811.917098445596,0.0042668059909439,49,62279.5918367347,8016718,0.2561596958976772,49,9907363,0.316571830670344,55,16976482,2025-11-20
25-11-21 (금),1581865,19228,0.0121552724157876,0.0177020431797501,170987.68224299065,214,2105.0026392897,173.17609735801955,275.4429646786335,12089,3329830,36591364,10.988958595483853,0.5655965090316707,64695173,19.428971749308523,0.6287185354691075,0.023906030275457,223858.7301038062,289,0.0198527587062618,240,13874.291666666666,0.005459508644222,66,50451.969696969696,9421536,0.2574797703633021,58,8097009,0.2212819669690367,57,13616518,2025-11-21
25-11-22 (토),1374929,21440,0.01559353246604,0.0184181151331526,232066.35064935064,231,2824.276744471897,181.1184701492537,309.6140966353054,12542,3883180,53607327,13.805006978816332,0.7321355948314467,73220490,18.85580632368317,0.5849813432835821,0.0232020411417636,251616.8041237113,291,0.0194546324350183,244,15914.67213114754,0.0061393717110508,77,50430.90909090909,15450809,0.2882219626432782,70,13006845,0.2426318514258321,72,18246582,2025-11-22
25-11-23 (일),1470657,23434,0.0159343749086292,0.0207704205641894,235164.9574468085,282,2828.742527999391,177.52453699752496,306.40863224570967,13577,4160110,66316518,15.94104915495023,0.8340216448280995,79514145,19.113471759160216,0.5793718528633609,0.0227590778522501,257327.33009708737,309,0.0229800397731457,312,13333.685897435897,0.0063342417323414,86,48373.37209302326,16045237,0.2419493285217417,76,14513936,0.2188585353652011,71,22423073,2025-11-23
25-11-24 (월),1886232,20421,0.0108263458577735,0.0168028717635377,185546.69545454544,220,1849.59220286794,170.84178052005288,266.4599404261819,13093,3488760,40820273,11.700510496566116,0.6458689347347636,63202100,18.1159208429356,0.6411537143136967,0.0236767738486214,203877.74193548388,310,0.0210035897044222,275,12686.4,0.0063392652562437,83,42033.25301204819,14870627,0.3642951383495157,76,13959200,0.341967335691263,54,11839591,2025-11-24
25-11-25 (화),1769330,19833,0.0112093278246567,0.0208300079808459,169402.08812260538,261,1868.4078153877456,166.68330560177483,263.8332003192338,12530,3305830,44213945,13.374536803162895,0.6397080384737972,69115819,20.90725143156181,0.6317753239550244,0.026975259377494,204484.6715976332,338,0.0208300079808459,261,12666.015325670498,0.0066241021548284,83,39829.27710843374,13124873,0.2968491728118809,69,12172936,0.2753189293558853,72,14858391,2025-11-25
25-11-26 (수),1707862,19414,0.011367428984309,0.0199478912229278,188535.6204081633,245,1917.280201796164,168.66436592149995,266.6056016935353,12282,3274450,46191227,14.106560491074838,0.628462097769261,73498827,22.446159507703584,0.6326362418872978,0.0267057482494707,224081.78963414635,328,0.0203549910438039,250,13097.8,0.0066764370623676,82,39932.31707317073,14133228,0.3059721275643965,70,12059009,0.261067085314707,68,18760464,2025-11-26
25-11-27 (목),1799662,19555,0.0108659292689405,0.0196346664520801,233130.774590164,244,1897.1395739866707,174.5952441830734,274.7412891285105,12427,3414210,56883909,16.660928589629812,0.7213245362641343,78860355,23.097687312731203,0.6354896445921759,0.0267160215659451,237531.1897590361,332,0.0203588959523617,253,13494.90118577075,0.0080469944475738,100,34142.1,19101945,0.335805772419754,73,15202837,0.2672607643753877,55,15698519,2025-11-27
25-11-28 (금),1729905,18878,0.0109127379827215,0.0168095763647168,144281.31313131313,198,1923.8455290897475,176.29356923402904,282.5426606672892,11779,3328070,28567700,8.583863921131467,0.5430920852831582,52601945,15.805540448367973,0.6239538086661722,0.0232617369895576,191977.901459854,274,0.0181679259699465,214,15551.728971962615,0.0056880889718991,67,49672.68656716418,9815045,0.3435714110691445,61,12231627,0.4281628202480423,59,13475136,2025-11-28
25-11-29 (토),1498626,20200,0.0134790134429804,0.0155471060414026,211880.88043478265,184,2315.9147112088003,171.81633663366335,293.25644275454164,11835,3470690,38986082,11.232948491510331,0.6933671689255207,56227182,16.20057740679807,0.5858910891089109,0.0200253485424588,237245.4936708861,237,0.0204478242501056,242,14341.694214876034,0.0053231939163498,63,55090.31746031746,11304200,0.2899547587264603,53,10345381,0.2653608793004642,47,13593028,2025-11-29
25-11-30 (일),1475556,21304,0.0144379474584495,0.0193589846574022,250720.8962655601,241,2430.256798115422,168.32425835523844,288.053658928428,12449,3585980,60423736,16.84999247067747,0.8980645735089442,67282173,18.76256225634276,0.5843503567405182,0.0208048839264197,259776.72972972973,259,0.0193589846574022,241,14879.585062240663,0.0068278576592497,85,42188.0,16069436,0.2659457535032259,73,15254791,0.2524635517406603,69,23054436,2025-11-30
25-12-01 (월),1663328,18825,0.0113176715596683,0.0179427815445675,195779.8064516129,217,1865.2063814232672,164.80478087649402,256.5280304283116,12094,3102450,42484218,13.693763960740704,0.6434777171840884,66022827,21.28086737900692,0.6424435590969455,0.0261286588390937,208932.99683544305,316,0.0184388953199933,223,13912.331838565022,0.0061187365635852,74,41925.0,11938418,0.2810083028949715,67,11391736,0.2681404186373396,56,11849836,2025-12-01
25-12-02 (화),1737044,18626,0.0107228141601479,0.0162898936170212,175829.1275510204,196,1669.2438418370518,155.67217867497047,240.9865359042553,12032,2899550,34462509,11.885468089876015,0.5689910344042145,60567754,20.88867375972133,0.6459787393965425,0.022938829787234,219448.384057971,276,0.0187001329787234,225,12886.888888888889,0.0057347074468085,69,42022.46376811594,8620209,0.2501329488227337,66,9638200,0.2796720343257654,41,13332900,2025-12-02
25-12-03 (수),1714569,19884,0.011597083581938,0.0160874658336587,112546.8640776699,206,1803.3394981479312,155.49939649969826,241.4642717688403,12805,3091950,23184654,7.498392276718576,0.509904209595333,45468646,14.705492003428258,0.6439851136592235,0.0216321749316673,164146.73646209386,277,0.0171026942600546,219,14118.493150684932,0.0060132760640374,77,40155.194805194806,11085246,0.4781285931633916,61,8654990,0.373306843397361,62,8449609,2025-12-03
25-12-04 (목),1561269,18813,0.0120498133249299,0.0163278634990611,189676.045,200,1908.6268926110747,158.39472705044383,243.2753694179117,12249,2979880,37935209,12.73044854155201,0.5272838820734254,71944564,24.143443360135308,0.6510923297719662,0.0217160584537513,270468.28571428574,266,0.0174708139439954,214,13924.672897196262,0.005878030859662,72,41387.22222222222,11163145,0.2942687095779543,54,6797955,0.1791990917988616,60,18032273,2025-12-04
25-12-05 (금),1501029,18104,0.0120610594465529,0.0156104182574022,230830.09239130435,184,1954.11281194434,162.0183384887318,248.84873165351647,11787,2933180,42472737,14.480099073360654,0.6386109490587598,66508000,22.674367069187703,0.6510715863897482,0.0216340035632476,260815.6862745098,255,0.0193433443624331,228,12864.82456140351,0.0044964791719691,53,55343.018867924526,9121163,0.2147533604909897,42,11171946,0.2630380519155146,62,20679554,2025-12-05
25-12-06 (토),1251284,18574,0.0148439522922054,0.0175895180831015,208619.2959183673,196,2430.279616777646,163.7218692796382,272.90406533249575,11143,3040970,40889382,13.446164217338548,0.7629033933649798,53597064,17.624989394831253,0.5999246258210401,0.0209099883334829,230030.3175965665,233,0.0183972000358969,205,14834.0,0.0060127434263663,67,45387.611940298506,12634382,0.3089893116995507,52,11253427,0.275216363015709,49,15173746,2025-12-06
25-12-07 (일),1203458,19083,0.0158568059707941,0.0171760768078921,204664.6153846153,195,2592.2466758291525,163.47848870722632,274.7872808949176,11353,3119660,39909600,12.792932563163934,0.8504173543304214,46929428,15.04312264798087,0.5949274223130535,0.0199066326081212,207652.33628318584,226,0.0180569012595789,205,15217.853658536584,0.0055491940456267,63,49518.4126984127,9901372,0.2480949946879948,56,6945127,0.174021463507527,50,14005409,2025-12-07
25-12-08 (월),1685171,19259,0.0114285137828742,0.014432328415651,165907.72777777776,180,1874.8245726991504,164.0479775689288,253.31943553559967,12472,3159400,29863391,9.452234918022407,0.5436917499120607,54927063,17.38528296511996,0.6475933329871748,0.0218088518280949,201937.73161764705,272,0.0203656189865298,254,12438.582677165354,0.0053720333547145,67,47155.22388059701,9600436,0.3214784282200236,51,6709582,0.2246758246576887,33,7494228,2025-12-08
25-12-09 (화),1913797,21641,0.0113078868866447,0.0165993071593533,128439.64347826088,230,1997.5890859897888,176.6544984058038,275.907909930716,13856,3822980,29541118,7.727248900072718,0.4101078285941318,72032563,18.841993157170585,0.6402661614527979,0.023960739030023,216965.5512048193,332,0.0186200923787528,258,14817.751937984496,0.0077944572748267,108,35397.96296296296,19460482,0.6587591573209924,87,17786673,0.602098844058644,34,-402336,2025-12-09
25-12-10 (수),1904795,19967,0.0104824928666864,0.0161371237458194,176976.3523316062,193,1884.0820140750047,179.7360645064356,300.06605351170566,11960,3588790,34156436,9.517535436734944,0.5596294840034945,61034018,17.00685133429373,0.5989883307457304,0.0227424749163879,224389.77205882352,272,0.0170568561872909,204,17592.107843137255,0.0054347826086956,65,55212.15384615384,9254791,0.2709530643068264,57,8219255,0.240635615495715,61,12477473,2025-12-10
25-12-11 (목),1771124,18830,0.0106316666704307,0.0177836324715955,230710.5648148148,216,1731.4315654917443,162.85608072225173,252.4765354849333,12146,3066580,49833482,16.250507731740246,0.7017555802181616,71012591,23.156934109007427,0.6450345193839617,0.0231351885394368,252713.84697508896,281,0.0166309896262143,202,15181.089108910892,0.0058455458587189,71,43191.2676056338,16400582,0.3291076870767329,59,13191536,0.2647123072796719,61,17992890,2025-12-11
25-12-12 (금),1780762,17452,0.0098002989731362,0.0157999277717587,216618.44,175,1481.8600127361208,151.205592482237,238.2484651498736,11076,2638840,37908227,14.36548900274363,0.6396699863958729,59262163,22.45765677343075,0.6346550538620216,0.0221198988804622,241886.3795918368,245,0.0180570603105814,200,13194.2,0.0048754062838569,54,48867.40740740741,12000028,0.3165547151545758,51,9881519,0.2606695111327681,65,18063509,2025-12-12
25-12-13 (토),1880609,19373,0.01030145022171,0.0129858811225379,246216.6577181208,149,1541.293272551604,149.61905745109172,252.6207076869444,11474,2898570,36686282,12.656683123057231,0.6437145684229322,56991536,19.66194916803803,0.5922675889124038,0.0182150949973853,272686.77511961723,209,0.0162105630120271,186,15583.709677419354,0.0035732961478124,41,70696.82926829268,7962119,0.2170325954535267,32,7161482,0.195208715890043,42,11453936,2025-12-13
25-12-14 (일),1838130,20146,0.0109600517917666,0.0195146359769827,215408.04273504275,234,1651.8853399922748,150.71875310235282,253.22158285380704,11991,3036380,50405482,16.600518380439865,0.7935849976351692,63516173,20.918387355996284,0.5952050034746351,0.0224334917855057,236119.6022304833,269,0.0201818030189308,242,12547.02479338843,0.005670919856559,68,44652.64705882353,14153845,0.2807997153960357,55,9822391,0.1948675146088276,65,16176164,2025-12-14
25-12-15 (월),2390748,21255,0.008890522966034,0.017813585630867,172566.46473029046,241,1426.1394341854516,160.41119736532582,252.0171483479932,13529,3409540,41588518,12.197691770737402,0.5937536348004625,70043391,20.543355115352803,0.636509056692543,0.0235050631975755,220262.2358490566,318,0.0217310961637962,294,11597.074829931971,0.0078350210658585,106,32165.471698113208,17380490,0.4179155891056276,95,15506446,0.3728540170630749,50,9026427,2025-12-15
25-12-16 (화),2547394,20938,0.0082193802764707,0.0174232003668042,158029.4254385965,228,1453.100698203733,176.7895692043175,282.86871465688523,13086,3701620,36030709,9.733767647678585,0.5972498371394899,60327700,16.297648056796753,0.6249880599866272,0.0239186917316215,192740.2555910543,313,0.0172703652758673,226,16378.849557522124,0.0069539966376279,91,40677.142857142855,10167236,0.2821825127004855,82,10882091,0.3020226718269685,57,11528663,2025-12-16
25-12-17 (수),2537197,20884,0.0082311306532366,0.0193968783148961,161417.40234375,256,1560.1784173637286,189.54606397241903,299.9302924685558,13198,3958480,41322855,10.439071310199877,0.6374058713210575,64829737,16.377431994098746,0.6319670561195173,0.0247764812850431,198256.0764525994,327,0.0182603424761327,241,16425.228215767635,0.0062130625852401,82,48274.14634146341,12277282,0.2971063349809688,76,10181155,0.2463807256299207,90,16183363,2025-12-17
25-12-18 (목),2266162,19577,0.0086388351759494,0.0199396782841823,163859.70168067227,238,1736.6984355046109,201.0338662716453,329.7285522788204,11936,3935640,38998609,9.9090895000559,0.5512652568454816,70743818,17.97517506682522,0.6096950503141442,0.0269772117962466,219701.298136646,322,0.0207774798927613,248,15869.516129032258,0.0075402144772117,90,43729.333333333336,15585200,0.3996347664605166,78,12487064,0.3201925484060213,60,12468364,2025-12-18
25-12-19 (금),2350811,18385,0.0078207052800076,0.0190330146130254,175370.8767772512,211,1550.7584403850417,198.28882240957304,328.841782428288,11086,3645540,37003255,10.15028089117113,0.5569300819083286,66441473,18.225413244677057,0.6029915692140332,0.0254374887245174,235608.060283688,282,0.0189428107523002,210,17359.714285714286,0.0081183474652715,90,40506.0,16293900,0.4403369379261365,66,11223345,0.3033069658331409,45,14390218,2025-12-19
25-12-20 (토),1830589,19389,0.0105916729533499,0.0223173619967207,200770.02040816323,245,2106.0216138084515,198.8374851720048,351.1805429039898,10978,3855260,49188655,12.75884246458086,0.778656444834165,63171191,16.385714841541166,0.5661973283820723,0.0267808343960648,214867.99659863947,294,0.0237748223720167,261,14771.111111111111,0.0094734924394243,104,37069.807692307695,15568745,0.3165108905701935,87,13166627,0.2676760931966934,55,16251036,2025-12-20
25-12-21 (일),1814570,21161,0.0116617159988316,0.0211444873300889,201366.99206349207,252,2263.9027427985693,194.1311847266197,344.689545225709,11918,4108010,50744482,12.352570222565184,0.8878255091624982,57155918,13.913285994922116,0.5632058976418883,0.0234938748112099,204128.2785714286,280,0.0239973149857358,286,14363.67132867133,0.0078033227051518,93,44172.15053763441,15260700,0.300736147035652,83,15268155,0.3008830595610376,68,18311746,2025-12-21
25-12-22 (월),2252245,19628,0.0087148600618493,0.0258905013192612,176003.9363057325,314,1627.9667620529738,186.8035459547585,302.3235488126649,12128,3666580,55265236,15.072693354570198,0.697857706581541,79192700,21.598519601372395,0.6178928061952313,0.0324868073878628,200996.7005076142,394,0.0251484168865435,305,12021.573770491805,0.0086576517150395,105,34919.80952380953,19143090,0.3463857460049569,98,19028500,0.3443122906414441,79,18532573,2025-12-22
25-12-23 (화),1838555,16621,0.0090402517194209,0.0189032194545633,136227.13020833334,192,1555.6129677926417,172.07628903194754,281.5870828000393,10157,2860080,26155609,9.145062026237028,0.5527574696178558,47318418,16.54443861710162,0.6110943986523073,0.0257950182140395,180604.64885496185,262,0.025696563946047,261,10958.16091954023,0.0090577926553116,92,31087.82608695652,15143927,0.5789934770778994,77,12763018,0.4879648567922849,33,5147554,2025-12-23
25-12-24 (수),1811274,15388,0.0084956776280121,0.0212971926427879,182719.3282828283,198,1500.3803952356188,176.60514686768911,292.30934710121545,9297,2717600,36178427,13.312638725345892,0.5958115034596695,60721263,22.343708787165145,0.6041720821419287,0.0296869958050984,220004.5760869565,276,0.0233408626438636,217,12523.502304147463,0.0078519952672905,73,37227.39726027397,7109091,0.1965008318355024,58,9166854,0.2533790095406856,54,16011991,2025-12-24
25-12-25 (목),1768572,19450,0.0109975731833366,0.0205970420107068,210203.12334801763,227,1885.9905053342472,171.49151670951156,302.65039470102533,11021,3335510,47716109,14.305491214237104,0.8094051077728853,58952073,17.674080725286387,0.5666323907455013,0.0227747028400326,234868.8167330677,251,0.022683966972144,250,13342.04,0.0078940205063061,87,38339.19540229885,18510827,0.3879366400139625,72,16593273,0.3477499181670492,66,15453200,2025-12-25
25-12-26 (금),1852156,17743,0.009579646638836,0.0189422355588897,140540.5495049505,202,1642.421048766951,171.44902214958012,285.26069017254315,10664,3042020,28389191,9.332348571015311,0.5165977261700726,54954154,18.06502061130433,0.60102575663642,0.0268192048012003,192147.3916083916,286,0.0217554388597149,232,13112.155172413792,0.0071267816954238,76,40026.57894736842,8522927,0.300217325671591,57,8386845,0.2954238815752094,44,6679100,2025-12-26
25-12-27 (토),1788837,19789,0.0110624947941036,0.0163791601324272,192446.61170212767,188,1846.3336793682151,166.90029814543433,287.74960794563515,11478,3302790,36179963,10.954363734902916,0.6764216755714924,53487291,16.194578220231985,0.580019202587296,0.0215194284718592,216547.73684210525,247,0.0210838125108904,242,13647.892561983472,0.0060115002613695,69,47866.52173913043,12817364,0.3542669184045323,49,9158481,0.2531368260382134,54,14100637,2025-12-27
25-12-28 (일),1703284,20267,0.0118987790644425,0.0244834172599409,182664.7659574468,282,2026.4970492296056,170.31134356342824,299.678763674249,11518,3451700,51511464,14.923505519019614,0.8105931617150814,63547864,18.41059883535649,0.568313021167415,0.0278694217746136,197968.4236760125,321,0.019795103316548,228,15139.035087719298,0.0090293453724604,104,33189.42307692308,16025727,0.311109911378174,87,13395073,0.2600406193075778,70,14452382,2025-12-28
25-12-29 (월),2158779,17676,0.0081879618061876,0.0151278995140735,167668.48484848486,165,1370.9647907451388,167.4366372482462,271.3495920051343,10907,2959610,27665300,9.3476167468011,0.5370044877093885,51517819,17.406962065947877,0.6170513690880289,0.0220959017144952,213766.88381742736,241,0.020445585403869,223,13271.793721973094,0.0064178967635463,70,42280.142857142855,11894609,0.4299468648451309,66,11137718,0.4025880073593997,34,7166227,2025-12-29
25-12-30 (화),593015,4402,0.0074230837331264,0.0103298900366544,110476.54838709676,31,1175.653229682217,158.3780099954566,232.31589470176607,3001,697180,3424773,4.912322499211108,0.2138202865281856,16017063,22.97407125849852,0.6817355747387551,0.0269910029990003,197741.5185185185,81,0.015994668443852,48,14524.583333333334,0.003665444851716,11,63380.0,-87463,-0.0255383349494988,3,83091,0.0242617539907024,4,191982,2025-12-30
25-12-31 (수),318763,2352,0.0073785226014311,-0.0212389380530973,380489.6666666667,-36,1148.7531488911825,155.6887755102041,216.0353982300885,1695,366180,-13697628,-37.4068163198427,-2.337798334243583,5859200,16.00087388715932,0.7206632653061225,0.0135693215339233,254747.8260869565,23,0.0100294985250737,17,21540.0,-0.0070796460176991,-12,-30515.0,-8443145,0.6163946779690616,-9,-8287355,0.6050211759291463,-18,-2479409,2025-12-31
26-01-01 (목),1055104,15782,0.014957767196409,0.0298042704626334,196271.473880597,268,2352.460041853694,157.27347611202637,276.033140569395,8992,2482090,52600755,21.19212236462014,0.8829935960717488,59570936,24.000312639751176,0.5697630211633506,0.0326957295373665,202622.231292517,294,0.0253558718861209,228,10886.359649122807,0.0088967971530249,80,31026.125,12217163,0.2322621224733371,55,10444091,0.1985540131505717,76,19509509,2026-01-01
26-01-02 (금),1182248,15660,0.0132459517799987,0.0201063829787234,145985.80952380953,189,2054.188292134984,155.08045977011494,258.35744680851064,9400,2428560,27591318,11.361184405573674,0.5524867363462199,49940236,20.56372335869816,0.6002554278416348,0.0273404255319148,194319.98443579767,257,0.0214893617021276,202,12022.574257425742,0.0085106382978723,80,30357.0,10466263,0.3793317521112982,54,7534309,0.2730681078736434,51,9513673,2026-01-02
26-01-03 (토),2122074,20395,0.0096108806761686,0.0178073198752666,186252.866359447,217,1402.198980808398,145.8970335866634,244.17938618086328,12186,2975570,40416872,13.582900755149431,0.713555706999261,56641509,19.035515548281506,0.5974993871046825,0.0217462662071229,213741.5433962264,265,0.0187920564582307,229,12993.755458515285,0.0045954373871656,56,53135.17857142857,8942145,0.2212478244234239,41,6966755,0.1723724438645326,63,14492982,2026-01-03
26-01-04 (일),2169715,21584,0.0099478502937021,0.0228834739144017,204130.5324232081,293,1455.9423703113082,146.35748702742774,246.71821305841925,12804,3158980,59810246,18.9334044533362,0.8557312446652043,69893727,22.12540978417084,0.5932171979243884,0.0254607935020306,214397.93558282207,326,0.0205404561074664,263,12011.330798479088,0.0087472664792252,112,28205.17857142857,19773682,0.3306069331331625,81,16047391,0.2683050492719926,68,18046372,2026-01-04
26-01-05 (월),2872983,17620,0.0061329983504949,0.0138380501740916,166383.6387096774,155,934.7810272458972,152.4182746878547,239.76519953575573,11201,2685610,25789464,9.602832875957418,0.5467325489900777,47170164,17.564040944143045,0.6356980703745744,0.020712436389608,203319.6724137931,232,0.0194625479867868,218,12319.311926605504,0.0041960539237568,47,57140.63829787234,7164500,0.2778072471765989,42,7768918,0.3012438723038214,45,9502000,2026-01-05
26-01-06 (화),2915887,17647,0.0060520177908128,0.0158211065936008,191856.4245810056,179,971.608296206266,160.54286847622825,250.40657592363445,11314,2833100,34342300,12.121810031414352,0.6100604596218806,56293273,19.869850340616285,0.6411288037626792,0.0222732897295386,223386.003968254,252,0.0189146190560367,214,13238.785046728972,0.0052147781509634,59,48018.64406779661,10939746,0.3185501844663869,40,7228191,0.2104748662727889,48,12192736,2026-01-06
26-01-07 (수),2807670,17915,0.0063807356277625,0.0182984181274048,178118.7336448598,214,1039.7090826201086,162.94501814122245,249.6075245831552,11695,2919160,38117409,13.057663505940065,0.6841005166315027,55719018,19.08734635991176,0.6528049120848451,0.0233433091064557,204098.96703296705,273,0.0189824711415134,222,13149.36936936937,0.0073535699016673,86,33943.72093023256,13385400,0.351162378324298,65,8479936,0.2224688461904637,47,10431518,2026-01-07
26-01-08 (목),2839033,18332,0.0064571281841387,0.0151257647858599,143730.02808988764,178,1140.31784766151,176.5982980580406,275.1019714479946,11768,3237400,25583945,7.902620930376228,0.5512826485481954,46408036,14.334971273243962,0.6419375954614881,0.0212440516655336,185632.144,250,0.0176750509857239,208,15564.423076923076,0.0067131203263086,79,40979.74683544304,10380054,0.4057253093688248,63,9981863,0.39016121243225,32,9331918,2026-01-08
26-01-09 (금),2807991,17459,0.0062176125208378,0.0156334718958973,204636.549132948,173,1105.74072352796,177.84008247895068,280.5810590999458,11066,3104910,35402123,11.401980411670548,0.7346737974173406,48187540,15.51978640282649,0.6338278251904462,0.0204229170431953,213219.203539823,226,0.0150912705584673,167,18592.275449101795,0.0043376106994397,48,64685.625,8739323,0.2468587265232653,30,5774659,0.1631161780890937,55,14787382,2026-01-09
26-01-10 (토),2044902,19819,0.009691906996032,0.0182339150820526,171110.09047619047,210,1768.4074835860104,182.46228366718805,313.9897542762872,11517,3616220,35933119,9.936651807688692,0.74167311472037,48448728,13.39761629546875,0.5811090367828851,0.0219675262655205,191496.9486166008,253,0.0230094642702092,265,13646.11320754717,0.0055570026916731,64,56503.4375,10034009,0.2792412481644023,47,8141418,0.2265714256533088,62,12640100,2026-01-10
26-01-11 (일),2000832,20342,0.0101667706234206,0.0228136882129277,191641.68148148147,270,1861.3956594056872,183.0862255432111,314.6886354034643,11835,3724340,51743254,13.893268068973295,0.8476170623725183,61045555,16.390972628707367,0.5818011994887425,0.0251795521757498,204850.855704698,298,0.0221377270806928,262,14215.038167938932,0.0059146599070553,70,53204.857142857145,10439346,0.2017527927408662,51,8284573,0.160109238587894,79,19077872,2026-01-11
26-01-12 (월),2569274,17489,0.0068069812717522,0.0149186663071807,164520.42771084336,166,1190.748826322144,174.9305277603065,274.94922261166533,11127,3059360,27310391,8.926831428795564,0.5258507087503463,51935636,16.975980597249098,0.6362284864772142,0.0220185135256583,211982.18775510203,245,0.018243911206974,203,15070.738916256158,0.005032803091579,56,54631.42857142857,7875891,0.2883844101682762,49,8204763,0.3004264201124034,39,10799555,2026-01-12
26-01-13 (화),2725439,18562,0.0068106459179603,0.0148582102224486,146351.42857142858,175,1164.5866959414614,170.99504363753906,269.48633044659533,11778,3174010,25611500,8.069130216981042,0.5041123196457303,50805146,16.00661182541958,0.6345221420105592,0.020886398369842,206524.9837398374,246,0.0185090847342502,218,14559.678899082568,0.0054338597384955,64,49593.90625,8753300,0.3417722507467348,45,5893009,0.2300923022860824,48,8698700,2026-01-13
26-01-14 (수),2709792,20818,0.007682508472975,0.0142294883439297,178587.2340425532,188,1434.55660065422,186.7302334518205,294.22873145625186,13212,3887350,33574400,8.636834861795311,0.6695474105671088,50144918,12.899512006894156,0.6346430973196272,0.0191492582500756,198201.25691699603,253,0.017862549197699,236,16471.822033898305,0.0046170148349984,61,63727.04918032787,9980864,0.2972760198246283,46,7664564,0.2282859559664506,54,14864354,2026-01-14
26-01-15 (목),2348755,16450,0.0070037104764013,0.0147044781819917,156680.3896103896,154,1324.195158711743,189.07051671732523,296.97412393774465,10473,3110210,24128780,7.757926313657277,0.619404286237676,38954816,12.524818581381965,0.6366565349544073,0.0202425284063783,183749.1320754717,212,0.0201470447818199,211,14740.331753554505,0.0052515993507113,55,56549.27272727273,8563054,0.3548896380173386,43,7525764,0.3118998971352882,33,6187362,2026-01-15
26-01-16 (금),2064219,15305,0.00741442647316,0.0167316772736604,148281.8773006135,163,1331.879030277311,179.63345311989545,282.21001847669885,9742,2749290,24169946,8.791341037140498,0.5370345114657014,45006318,16.37016029593095,0.6365240117608625,0.0228905768835967,201822.0538116592,223,0.0175528638883186,171,16077.719298245614,0.0056456579757749,55,49987.09090909091,7772710,0.3215857412341757,40,5424755,0.224442164661849,46,7158736,2026-01-16
26-01-17 (토),2345197,16700,0.0071209369617989,0.0163388804841149,197559.7654320988,162,1257.8431577389874,176.64011976047905,297.51790216843165,9915,2949890,32004682,10.849449301499378,0.6657319493376385,48074427,16.29702361782982,0.5937125748502994,0.0208774583963691,232243.60869565216,207,0.0185577407967725,184,16032.010869565218,0.0047402924861321,47,62763.617021276594,5904927,0.1845019738049576,31,5479773,0.1712178549375994,48,11256200,2026-01-17
26-01-18 (일),2513837,18216,0.0072462932163063,0.0192572214580467,208739.44761904763,210,1268.630384547606,175.07301273605623,292.4465841357176,10905,3189130,43835284,13.745217034112752,0.8506365780595712,51532329,16.158742039364967,0.5986495388669302,0.021641448876662,218357.32627118644,236,0.0207244383310408,226,14111.194690265487,0.0066941769830353,73,43686.71232876712,11920709,0.2719432364120191,53,8497154,0.1938427956803017,57,18955688,2026-01-18
26-01-19 (월),2787456,17287,0.0062017122422739,0.0161506201481217,206074.11602209945,181,1018.025037884006,164.15225313819633,253.2078165432319,11207,2837700,37299415,13.144241815554851,0.6206284009368275,60099433,21.178924128695776,0.6482906230115115,0.0227536361202819,235684.0509803921,255,0.0177567591683769,199,14259.798994974872,0.0045507272240563,51,55641.17647058824,5727773,0.1535620062673905,37,4055136,0.1087184879441138,45,18374982,2026-01-19
26-01-20 (화),2277034,17832,0.007831240113235,0.0153644696639022,143741.8409090909,176,1274.5791235440488,162.7557200538358,253.3618507202095,11455,2902260,25298564,8.716849627531648,0.5323669041915394,47520918,16.373763205226272,0.6423844773441005,0.0213880401571366,193962.9306122449,245,0.014578786556089,167,17378.80239520958,0.004714098646879,54,53745.55555555556,6436563,0.2544240455703335,31,3845573,0.1520075605872333,55,7116564,2026-01-20
26-01-21 (수),2193202,17925,0.0081729817864473,0.0201100034376074,181432.905982906,234,1441.198758709868,176.33695955369595,271.6431763492609,11636,3160840,42455300,13.431651080092632,0.7226608465205169,58748582,18.586382733703697,0.6491492329149233,0.0256101753179786,197142.8926174497,298,0.0199381230663458,232,13624.310344827589,0.0073908559642488,86,36753.95348837209,12266236,0.2889211947624914,62,9616891,0.2265180319064993,71,19020191,2026-01-21
26-01-22 (목),2059815,17286,0.0083920157878256,0.0171340968527369,182237.17894736843,190,1538.5022441335752,183.3292838134907,285.7814049959419,11089,3169030,34625064,10.9260764334828,0.739493977753713,46822645,14.775071551862872,0.6415017933587874,0.0227252231941563,185804.14682539683,252,0.0188475065380106,209,15162.822966507178,0.0063125619983767,70,45271.857142857145,11177200,0.322806623548768,49,8657182,0.2500264548247478,56,15276245,2026-01-22
26-01-23 (금),2337602,18171,0.007773350638817,0.0162262812555417,216235.96721311475,183,1442.5552339534277,185.5770183259039,298.99982266359285,11278,3372120,39571182,11.734808369808905,0.6970356331692598,56770673,16.83530627617048,0.6206592922789059,0.0217237098776378,231717.03265306124,245,0.0180883135307678,204,16530.0,0.0054974286220961,62,54389.03225806452,8770972,0.2216504930279818,38,8267063,0.2089162512254498,54,18490355,2026-01-23
26-01-24 (토),1797558,20086,0.011174048347814,0.0172090645765888,154599.05445544556,202,2146.634489679888,192.1089315941452,328.73573010734367,11738,3858700,31229009,8.093142509135202,0.6076337250571137,51394463,13.319113431984864,0.584387135318132,0.0215539274152325,203140.1699604743,253,0.0179758050775259,211,18287.677725118483,0.006304310785483,74,52144.59459459459,9929227,0.3179488340472155,47,5605009,0.1794808474389949,42,6486946,2026-01-24
26-01-25 (일),1811889,20166,0.01112982086651,0.0187593796898449,183740.16444444444,225,2106.4700983338385,189.26361202023207,318.2166083041521,11994,3816690,41341537,10.831777534984502,0.8124029031378397,50887973,13.333011850582572,0.5947634632549836,0.021427380356845,198007.6770428016,257,0.0202601300650325,243,15706.543209876543,0.0053360013340003,64,59635.78125,9781391,0.2365995971557613,39,5453436,0.1319117864437406,65,17626282,2026-01-25
26-01-26 (월),2337068,17072,0.007304879447239,0.0175064838829196,194416.3544973545,189,1307.0094665623765,178.92279756326147,282.93534642460173,10796,3054570,36744691,12.02941526957968,0.7044894637245748,52157900,17.075365763429875,0.6323805060918463,0.0231567247128566,208631.6,250,0.0199147832530566,215,14207.302325581397,0.0058354946276398,63,48485.23809523809,10742664,0.2923596227819687,50,7813364,0.2126392626352471,50,10656227,2026-01-26
26-01-27 (화),2141557,17189,0.0080264032197135,0.0152678905957287,148456.55214723927,163,1383.596140565019,172.38059223922275,277.5430872986137,10676,2963050,24198418,8.16672617741854,0.584828136171295,41376973,13.964318185653296,0.6210948862644715,0.021637317347321,179121.09523809524,231,0.0171412514050206,183,16191.530054644809,0.005058074185088,54,54871.2962962963,8289473,0.3425626005799222,36,3575818,0.1477707344339617,45,7397319,2026-01-27
26-01-28 (수),1894747,16920,0.0089299521255344,0.0168947616800377,171969.06703910616,179,1620.649089297938,181.48463356974,289.8272770174611,10595,3070720,30782463,10.024509886932057,0.6423489032676166,47921718,15.606020086494372,0.6261820330969267,0.0219915054270882,205672.6094420601,233,0.0200094384143463,212,14484.528301886792,0.0053798961774421,57,53872.28070175439,8341646,0.2709869577362929,40,7221854,0.2346093618304682,40,6420055,2026-01-28
26-01-29 (목),2084947,16417,0.0078740610672597,0.0134818288393903,159059.48550724637,138,1465.2698605767916,186.08820125479684,298.45740523642047,10236,3055010,21950209,7.184987610515186,0.599151489466867,36635491,11.991938160595218,0.6235000304562344,0.0192457991402891,185966.95939086293,197,0.0157288003126221,161,18975.217391304348,0.0054708870652598,56,54553.75,8201645,0.3736476951085067,36,6513446,0.2967373112483804,37,9442682,2026-01-29
26-01-30 (금),2042752,16011,0.00783795585563,0.0156717907766021,207644.3503184713,157,1438.950983770913,183.58753357067016,293.4138550608904,10018,2939420,32600163,11.090678773363452,0.6290178167441004,51827090,17.631740275292405,0.6256948348010742,0.0226592134158514,228313.1718061674,227,0.0169694549810341,170,17290.70588235294,0.0052904771411459,53,55460.75471698113,10703472,0.3283257203345885,44,8866345,0.2719724131440692,48,11541182,2026-01-30
26-01-31 (토),1598080,17535,0.0109725420504605,0.0168648859426788,185068.0520231214,173,1923.3267420905088,175.28542914171658,299.63248196529537,10258,3073630,32016773,10.41659959071196,0.7059318006439929,45353918,14.755815761819086,0.5850014257199886,0.0204718268668356,215971.0380952381,210,0.0176447650614154,181,16981.381215469613,0.0054591538311561,56,54886.25,9724027,0.303716648770318,42,7540900,0.2355296706510678,56,12398773,2026-01-31
26-02-01 (일),1622770,18727,0.0115401443211299,0.0216740727305704,214827.87866108783,239,2023.293504316693,175.32653388156135,297.7546023397116,11027,3283340,51343863,15.63769301991265,0.8085302786059095,63502709,19.34088732814756,0.588828963528595,0.0246667271243311,233465.8419117647,272,0.020041715788519,221,14856.742081447965,0.0079804117166953,88,37310.681818181816,17062009,0.3323086344321229,56,11642955,0.2267642970300072,64,15561435,2026-02-01
26-02-02 (월),2414065,17358,0.0071903614857097,0.0165289256198347,184916.5824175824,182,1217.5314252101746,169.32826362484158,266.9330669330669,11011,2939200,33654818,11.450332743603704,0.6596418302873416,51019836,17.358409090909092,0.6343472750316856,0.0221596585232948,209097.68852459016,244,0.0195259286168377,215,13670.697674418603,0.004813368449732,53,55456.6037735849,9314700,0.2767716646098042,44,7918172,0.2352760309088583,47,12212973,2026-02-02
26-02-03 (화),2515383,18547,0.0073734298116827,0.016212108418475,113940.34375,192,1341.573032814486,181.9469455976708,284.9421599256945,11843,3374570,21876546,6.482765507901748,0.4477501271162322,48858827,14.4785341539811,0.6385399255944357,0.0230515916575192,178970.06227106228,273,0.0212783922992485,252,13391.150793650791,0.0063328548509668,75,44994.26666666667,10049264,0.4593624606004988,55,6573736,0.3004924086279433,45,5612827,2026-02-03
26-02-04 (수),2746523,18930,0.0068923508013586,0.0172514376198016,176309.04347826086,207,1298.6019050268285,188.4120443740095,297.2447703975331,11999,3566640,36495972,10.232592019379585,0.6387711976207785,57134655,16.019181919117152,0.6338615953512943,0.0228352362696891,208520.6386861314,274,0.0186682223518626,224,15922.5,0.0062505208767397,75,47555.2,11615691,0.3182732330022612,52,8994754,0.2464588146878236,47,12094446,2026-02-04
26-02-05 (목),2744723,17592,0.0064093899457249,0.016629213483146,120868.35135135136,185,1204.6024316479295,187.9433833560709,297.1955056179775,11125,3306300,22360645,6.763041768744518,0.5651591506459032,39565218,11.966614644769075,0.6323897226011823,0.0219325842696629,162152.53278688525,244,0.0187865168539325,209,15819.617224880383,0.0066516853932584,74,44679.72972972973,8802700,0.3936693239394481,59,7849636,0.3510469398355906,45,4498854,2026-02-05
26-02-06 (금),2504149,18214,0.007273528851518,0.015346621979185,156655.69540229885,174,1352.5073787542194,185.94926979246733,298.7193508555301,11338,3386880,27258091,8.048141947751322,0.59930248266018,45483027,13.429181724773242,0.6224881958932689,0.0219615452460751,182662.7590361446,249,0.0193155759393191,219,15465.205479452055,0.0053801375904039,61,55522.62295081967,8177837,0.3000150303995977,43,8371382,0.3071154909564283,44,9580173,2026-02-06
26-02-07 (토),1679977,19713,0.0117340892166976,0.0211183310533515,154508.35627530364,247,2185.1965830484583,186.22634809516563,313.874829001368,11696,3671080,38163564,10.395732046155354,0.701626850119806,54392964,14.816610915588871,0.5933140567138436,0.0260772913816689,178337.5868852459,305,0.0233413132694938,273,13447.179487179486,0.0077804377564979,91,40341.53846153846,14808546,0.3880283822548648,73,11390718,0.2984710233037984,69,12364727,2026-02-07
26-02-08 (일),1570396,19526,0.0124338065048561,0.0207204883500988,179970.01244813277,241,2262.200107488812,181.93946532828025,305.43805347777493,11631,3552550,43372773,12.20891275281136,0.8358989054452374,51887582,14.605728842662312,0.5956673153743727,0.0233857793826842,190763.16911764705,272,0.0249333677241853,290,12250.172413793103,0.0085977130083397,100,35525.5,15999227,0.3688771986056782,75,11899909,0.2743635736640588,61,13321146,2026-02-08
26-02-09 (월),1921357,15997,0.0083258863397067,0.0139176784127924,137426.43262411348,141,1507.5751148797438,181.0708257798337,285.9135327213503,10131,2896590,19377127,6.6896340179314295,0.466993092948224,41493391,14.324909980356212,0.6333062449209227,0.0221103543579113,185238.35267857145,224,0.0193465600631724,196,14778.520408163266,0.0042443983812061,43,67362.55813953489,6778391,0.3498140358991299,36,6003355,0.3098165687823587,39,5690055,2026-02-09
26-02-10 (화),1929748,15974,0.0082777647651403,0.0201882946714549,128083.47596153848,208,1403.7065979599408,169.5755602854639,262.9137144521013,10303,2708800,26641363,9.835116287655053,0.6069122631101606,43896564,16.20516981689309,0.6449856016026042,0.0270794914102688,157335.35483870967,279,0.0218382995244103,225,12039.111111111111,0.0075706105017955,78,34728.205128205125,7289509,0.273616218509541,51,2566264,0.0963263028246715,33,5836791,2026-02-10
26-02-11 (수),1909455,15213,0.0079671948278435,0.0211890557498457,146390.59708737864,206,1346.049003511473,168.94892526128967,264.37152849207985,9722,2570220,30156463,11.733027912007532,0.6628677501106961,45493936,17.700405412766223,0.6390586997962269,0.0272577658917918,171675.23018867924,265,0.0218062127134334,212,12123.67924528302,0.007097305081259,69,37249.5652173913,8167355,0.2708326569995957,52,6616073,0.2193915446914315,36,7899873,2026-02-11
26-02-12 (목),2014398,15458,0.007673756626049,0.0227109974424552,182405.94144144145,222,1287.9579904269167,167.83930650795705,265.41790281329924,9775,2594460,40494119,15.607918025330898,0.7548745225657307,53643510,20.676175389098308,0.6323586492431104,0.0283375959079283,193658.880866426,277,0.0201534526854219,197,13169.84771573604,0.0073657289002557,72,36034.16666666666,12038418,0.2972880580510962,56,10716946,0.2646543810472824,76,19718918,2026-02-12
26-02-13 (금),2336004,16985,0.0072709635771171,0.0157874834562299,200774.3233532934,167,1288.8847793068846,177.26464527524286,284.63225562488185,10578,3010840,33529312,11.136198535956742,0.6735204182316177,49782176,16.53431467630296,0.6227848101265823,0.0224995273208546,209168.80672268907,238,0.0200415957647948,212,14202.075471698114,0.0054830780865948,58,51911.03448275862,7900927,0.2356423835955834,42,5712109,0.1703616525146713,48,13102354,2026-02-13
26-02-14 (토),1966572,18348,0.0093299406276505,0.0147519822976212,169645.68125,160,1674.8890963565027,179.51765860039242,303.6870735755117,10846,3293790,27143309,8.240752749871728,0.7380555753899294,36776782,11.165490817568818,0.5911270983213429,0.0182555780933062,185741.3232323232,198,0.0187165775401069,203,16225.566502463054,0.0053475935828877,58,56789.48275862069,7520510,0.2770668086193912,41,3203346,0.1180160458697206,38,7758927,2026-02-14
26-02-15 (일),2017406,18981,0.0094086168079206,0.0159084815443739,174815.73033707865,178,1696.7085455282677,180.3355987566514,305.9209938332291,11189,3422950,31117200,9.090755050468164,0.814675575216114,38195818,11.158742605062884,0.5894842210631684,0.0183215658235767,186321.0634146341,205,0.0190365537581553,213,16070.18779342723,0.0048261685584055,54,63387.96296296296,9173318,0.2947989536333603,41,6863537,0.2205705204838481,48,10486490,2026-02-15
26-02-16 (월),1777628,16840,0.009473298125367,0.0149447045930058,184717.76,150,1782.212026363221,188.13004750593825,315.64312045431905,10037,3168110,27707664,8.74580238691207,0.8385104801008864,33043909,10.430164672312516,0.596021377672209,0.0172362259639334,191005.2543352601,173,0.017933645511607,180,17600.61111111111,0.0058782504732489,59,53696.77966101695,10433200,0.3765456373370198,41,7351272,0.2653154737259698,34,8252119,2026-02-16
26-02-17 (화),1663426,16744,0.0100659722764944,0.0148841793987185,135052.2582781457,151,1883.3600051941,187.10164835164835,308.8053228191227,10145,3132830,20392891,6.509415129451646,0.7982958662435268,25545530,8.154138590348024,0.6058886765408504,0.0175455889600788,143514.21348314607,178,0.0181370133070478,184,17026.25,0.0053228191227205,54,58015.37037037037,6319318,0.3098784767691839,35,4026091,0.1974262011207729,29,4375027,2026-02-17
26-02-18 (수),1771468,17583,0.0099256661706562,0.0141088396199251,174502.59863945577,147,1857.058665468414,187.09662742421656,315.7423937038104,10419,3289720,25651882,7.797588244592245,0.7865269267744723,32614118,9.913949515460285,0.5925609964169937,0.0163163451386889,191847.75294117647,170,0.0209233131778481,218,15090.45871559633,0.0060466455513964,63,52217.77777777778,9389755,0.3660454620834448,51,10792018,0.4207105739843961,29,8567809,2026-02-18
26-02-19 (목),2086546,16981,0.0081383300440057,0.0156634186321828,147895.77325581395,172,1465.4218023470366,180.06418938813968,278.450960750387,10981,3057670,25438073,8.319430481379612,0.5996940385731963,42418419,13.87279170087027,0.6466639184971439,0.0218559329751388,176743.4125,240,0.0183954102540752,202,15136.980198019804,0.006647846279938,73,41885.890410958906,8895972,0.3497109234649967,55,7927819,0.3116517119830578,32,7073246,2026-02-19
26-02-20 (금),1904658,16800,0.0088204811572471,0.015396385196519,143144.54658385093,161,1471.545022780993,166.83273809523808,268.0300277326193,10457,2802790,23046272,8.22261817688803,0.6457521576094126,35689036,12.733396365764111,0.6224404761904762,0.0207516496126996,164465.60368663594,217,0.0203691307258295,213,13158.638497652582,0.005450894137898,57,49171.75438596492,6620445,0.2872675025270898,46,5792882,0.2513587447028308,42,8443700,2026-02-20
26-02-21 (토),1327077,18134,0.0136646178028855,0.0182536695521264,160022.21134020618,194,2259.5222432458704,165.35568545274072,282.13774934136245,10628,2998560,31044309,10.3530724747879,0.7046688705546565,44055173,14.692109879408784,0.5860813940663946,0.0232404968009032,178361.02429149798,247,0.0247459540835528,263,11401.368821292775,0.0063041023710952,67,44754.62686567164,9065837,0.2920289512644652,63,8630182,0.2779956223216306,53,11058527,2026-02-21
26-02-22 (일),1309822,18871,0.0144073011447356,0.0214190093708166,170758.4875,240,2310.2604781413047,160.3534523872609,270.0606871932173,11205,3026030,40982037,13.54316943321778,0.8424901339708585,48643937,16.075166802708498,0.5937682157808277,0.0240963855421686,180162.72962962964,270,0.0226684515841142,254,11913.503937007874,0.007318161535029,82,36902.80487804878,11899200,0.2903515996532822,67,11287491,0.2754253284188875,57,14136464,2026-02-22
26-02-23 (월),1857348,17266,0.0092960500670848,0.0150730954326704,152611.3373493976,166,1542.6188307199295,165.94347272095447,260.1634432034868,11013,2865180,25333482,8.841846585554833,0.5482899341311425,46204536,16.126224530395994,0.6378431599675664,0.0228820484881503,183351.3333333333,252,0.0195223826386997,215,13326.418604651162,0.0056297103423227,62,46212.58064516129,9636491,0.3803855703688897,47,8190100,0.3232915238418469,44,7593164,2026-02-23
26-02-24 (화),2257985,18784,0.0083189215163076,0.0140881147540983,156781.70909090908,165,1457.7776203119154,175.23637137989778,281.0484972677596,11712,3291640,25868982,7.858994908313181,0.6447253051830253,40124037,12.18967961259433,0.6235093696763203,0.0203210382513661,168588.3907563025,238,0.0205771857923497,241,13658.257261410788,0.0052083333333333,61,53961.31147540984,9266627,0.3582138253449633,54,8715518,0.3369099719501912,45,8305600,2026-02-24
26-02-25 (수),2040796,18087,0.0088627182726739,0.0199982223802328,176820.60444444444,225,1601.9827557482474,180.75523856913804,290.58039285396853,11251,3269320,39784636,12.16908592612531,0.7225463343319039,55061709,16.84194541984266,0.6220489854591695,0.0268420584836903,182323.53973509933,302,0.0235534619144964,265,12337.056603773584,0.0071104790685272,80,40866.5,11854445,0.2979654005129015,53,7087309,0.1781418585807848,63,16963009,2026-02-25
26-02-26 (목),1999467,18202,0.0091034260630458,0.0190788889874878,144949.51162790696,215,1660.8426145567794,182.4414899461597,294.68453278906736,11269,3320800,31164145,9.38452933028186,0.681903408407127,45701700,13.762256082871597,0.6191077903527085,0.024580708137368,164988.0866425993,277,0.0215635815067885,243,13665.843621399175,0.0077202946135415,87,38170.11494252874,9659082,0.3099421466560369,57,6300564,0.2021734913632316,37,7577082,2026-02-26
26-02-27 (금),1906085,17352,0.0091034764976378,0.0142184557438794,132106.08609271524,151,1877.5028395900497,206.2402028584601,336.9755178907721,10620,3578680,19948019,5.574127611298021,0.4721838125468976,42246300,11.804995137872064,0.6120331950207469,0.0221280602636534,179771.48936170212,235,0.0190207156308851,202,17716.237623762376,0.005743879472693,61,58666.88524590164,4956228,0.2484571525623672,40,3129700,0.1568927721594811,38,11747618,2026-02-27
26-02-28 (토),1390266,19347,0.0139160419660698,0.0194776052418992,188565.76958525347,217,2867.2426715463084,206.03866232490824,357.79822278071987,11141,3986230,40918772,10.26503036703853,0.8810103036945712,46445282,11.651430549667229,0.5758515532123843,0.0222601202764563,187279.36290322585,248,0.0191185710438919,213,18714.69483568075,0.0064626155641324,72,55364.30555555556,13498109,0.3298757108351149,55,11080554,0.2707939035902642,68,16302336,2026-02-28
26-03-01 (일),1555515,20699,0.0133068469285092,0.0189191482141342,164066.12556053812,223,2689.411545372433,202.1073481810716,354.9181301433783,11787,4183420,36586746,8.745654512336797,0.7980472866422006,45845336,10.95881742688996,0.5694477994105995,0.0220581997115466,176328.21538461538,260,0.0209552897259692,247,16936.923076923078,0.0056842283872062,67,62439.10447761194,9630318,0.2632187623354096,51,7865764,0.2149894390717338,67,13539337,2026-03-01
26-03-02 (월),1756649,21116,0.0120206142490617,0.018202502844141,176327.47767857142,224,2420.716944591663,201.3804697859443,345.55095075572893,12306,4252350,39497355,9.28835937775583,0.884873616127411,44636154,10.496820346396698,0.5827808297025951,0.0207215992198927,175043.7411764706,255,0.0186900698846091,230,18488.478260869564,0.0073947667804323,91,46729.12087912088,12661582,0.3205678456190294,65,9389546,0.2377259439271313,57,14586845,2026-03-02
26-03-03 (화),2526627,18739,0.0074166072000338,0.0159432387312187,127593.34031413612,191,1500.4589122177513,202.31068893751,316.4524207011686,11980,3791100,24370328,6.428299965709161,0.5507889510466183,44246218,11.671076468571128,0.6393083942579647,0.0222036727879799,166339.16541353383,266,0.0196994991652754,236,16063.983050847455,0.0061769616026711,74,51231.08108108108,9619182,0.3947087622292158,50,8256563,0.3387957273287417,45,8681273,2026-03-03
26-03-04 (수),2825091,19304,0.0068330542272797,0.0150643881104721,137064.86021505378,186,1386.610201228916,202.9268545379196,317.2673523932939,12347,3917300,25494064,6.508070354580961,0.6003201605295501,42467446,10.84099915758303,0.6396083713220058,0.0211387381550174,162710.52107279692,261,0.0190329634729084,235,16669.36170212766,0.006317324046327,78,50221.79487179488,10336090,0.4054312407782455,56,8410291,0.3298921270457311,38,7260036,2026-03-04
26-03-05 (목),2815140,18828,0.0066881220827383,0.0141924959216965,126744.9827586207,174,1377.6792628430558,205.98895262375183,316.3425774877651,12260,3878360,22053627,5.686327983993234,0.5074659784488758,43458336,11.205338338885507,0.6511578500106224,0.0204730831973898,173140.780876494,251,0.016557911908646,203,19105.221674876848,0.0054649265905383,67,57885.97014925373,6719282,0.304679225779959,50,6330364,0.2870441220394269,39,7751927,2026-03-05
26-03-06 (금),2264361,17276,0.0076295255041046,0.0112923462986198,122841.77777777778,126,1509.273477153157,197.82009724473247,306.2860727728984,11158,3417540,15478064,4.529007414690099,0.3641782160070463,42501345,12.43623922470549,0.6458670988654781,0.0217780964330525,174902.65432098764,243,0.0189998207564079,212,16120.471698113208,0.0055565513532891,62,55121.6129032258,8886555,0.5741386648872883,51,7168537,0.463141708161951,-2,-1575664,2026-03-06
26-03-07 (토),1643126,18861,0.011478730176505,0.0177697189483227,176841.83673469388,196,2263.2165762090067,197.1661099623562,337.14868540344514,11030,3718750,34661000,9.320605042016808,0.7058383282613953,49106146,13.205014050420168,0.5848046232967499,0.0227561196736174,195642.015936255,251,0.0234814143245693,259,14358.108108108108,0.0062556663644605,69,53894.92753623189,9328145,0.2691250973716858,53,8923454,0.2574494099997115,40,11890782,2026-03-07
26-03-08 (일),1514004,19423,0.0128288960927448,0.0192512420156139,176124.88479262672,217,2503.5865162839727,195.15213921639287,336.2704045422285,11272,3790440,38219100,10.083024662044512,0.7899119543650793,48384000,12.764744990027545,0.5803428924470988,0.0220014194464159,195096.7741935484,248,0.0231547196593328,261,14522.758620689656,0.0056777856635912,64,59225.625,11179009,0.2924979656768474,49,9033400,0.2363582606602458,73,15087309,2026-03-08
26-03-09 (월),2431148,17820,0.0073298704973946,0.0154048140043763,158138.99431818182,176,1412.9826732062384,192.770482603816,300.67133479212254,11425,3435170,27832463,8.102208333212038,0.625750541924409,44478528,12.947984524783344,0.6411335578002245,0.021706783369803,179348.90322580645,248,0.0177680525164113,203,16922.019704433496,0.0062144420131291,71,48382.67605633803,10006300,0.3595190263973404,62,8425882,0.3027357657854427,45,9513627,2026-03-09
26-03-10 (화),1901079,17615,0.009265790637843,0.0154956858601866,161175.93181818182,176,1707.4566601387949,184.275333522566,285.7906321535482,11358,3246010,28366964,8.739025449705947,0.6017770041170449,47138664,14.5220328957705,0.644791370990633,0.0228033104419792,182002.5637065637,259,0.0206902623701355,235,13812.8085106383,0.0065152315548512,74,43865.0,8161091,0.2876970196740123,52,5610519,0.1977835555472203,36,10902027,2026-03-10
26-03-11 (수),1711523,17197,0.0100477761619329,0.0208031837916063,152556.3260869565,230,1843.720475856883,183.4953771006571,285.41696816208395,11056,3155570,35087955,11.119371460623595,0.6798079780241637,51614509,16.35663572666745,0.642902831889283,0.0277677279305354,168125.43648208468,307,0.0188133140376266,208,15171.009615384615,0.0070549927641099,78,40456.02564102564,10089782,0.2875568553368243,58,7927172,0.2259228843630243,77,14459882,2026-03-11
26-03-12 (목),1613160,17462,0.0108247167051005,0.0204510179859399,155756.8169642857,224,2007.761164422624,185.47932653762456,295.7034602392039,10953,3238840,34889527,10.772229254918429,0.6841066689892753,51000127,15.746417544552989,0.6272477379452526,0.0270245594814206,172297.72635135136,296,0.0168903496758878,185,17507.243243243243,0.0063909431206062,70,46269.142857142855,7716145,0.2211593467575527,55,7751982,0.2221865031302946,57,12238064,2026-03-12
26-03-13 (금),1914505,18742,0.0097894756085776,0.0199151441683262,155601.5043478261,230,1830.0082789023795,186.93629281826912,303.3647934886137,11549,3503560,35788346,10.214851750790624,0.6818947398144578,52483681,14.9801005263218,0.6162095827553089,0.0251103991687592,180978.2103448276,290,0.0166248160013854,192,18247.70833333333,0.0058013680838167,67,52291.94029850746,9172064,0.2562863341044037,46,5884055,0.1644125995652327,79,13672718,2026-03-13
26-03-14 (토),1604116,21185,0.0132066508905839,0.0196226415094339,153644.59829059828,234,2486.1606018517364,188.250649044135,334.4310272536688,11925,3988090,35952836,9.01505131529128,0.7044941910267061,51033545,12.796487792401877,0.5628982770828417,0.0236477987421383,180970.01773049645,282,0.0181132075471698,216,18463.37962962963,0.0055345911949685,66,60425.606060606064,9066182,0.2521687579805943,50,5981373,0.1663672095297294,73,13004755,2026-03-14
26-03-15 (일),1661517,22026,0.0132565601194571,0.0215792451305261,161111.54307116105,267,2493.420169640154,188.08953055479887,334.83067970581106,12373,4142860,43016782,10.383354011479993,0.77024949301992,55847855,13.480507427236256,0.56174521020612,0.023680594843611,190607.01365187715,293,0.0214984239877151,266,15574.661654135338,0.0057383011395781,71,58350.140845070426,9975482,0.2318974487677855,58,7439582,0.172946037665021,93,19730373,2026-03-15
26-03-16 (월),2411160,19860,0.0082366993480316,0.0168566383047038,136759.18095238096,210,1552.5680585278456,188.4939577039275,300.48884251083643,12458,3743490,28719428,7.67183243443952,0.5503851623016983,52180600,13.939024813743323,0.6272910372608258,0.0247230695135655,169417.53246753247,308,0.0203082356718574,253,14796.403162055336,0.0050569914914111,63,59420.47619047619,9717245,0.3383509239807979,48,7590945,0.2643139341076013,62,7295373,2026-03-16
26-03-17 (화),2252455,18868,0.008376637935053,0.017403732974609,143684.1497584541,207,1566.4108716933304,186.997562009752,296.6428451319993,11894,3528270,29742619,8.429802424417632,0.6196386058359025,47999945,13.604385435355004,0.6303794784820861,0.024634269379519,163822.33788395906,293,0.0191693290734824,228,15474.868421052632,0.0049604842777871,59,59801.18644067797,8308827,0.2793576113791459,45,5726009,0.1925186547963378,51,6330682,2026-03-17
26-03-18 (수),2027427,18452,0.0091011908196941,0.0167822587550303,178908.7193877551,196,1667.8183727453566,183.25276392802948,289.5265005565545,11679,3381380,35066109,10.37035441151246,0.7324196489622496,47877073,14.159033589836104,0.6329395187513549,0.0227759225961126,179988.9962406015,266,0.0191797242914633,224,15095.44642857143,0.005394297456974,63,53672.69841269841,9543882,0.2721682636644972,44,7235609,0.206341941160338,59,15241600,2026-03-18
26-03-19 (목),2111572,18602,0.0088095504202556,0.0172992512264394,176631.8855721393,201,1636.283299835383,185.73970540802063,297.3689646269042,11619,3455130,35503009,10.275448101808037,0.7254566035333159,48938846,14.164111335897635,0.624610256961617,0.0226353386694207,186079.26235741444,263,0.0168689215939409,196,17628.214285714286,0.0063688785609777,74,46690.94594594595,11170964,0.314648372480203,49,8385600,0.2361940645650626,60,14164381,2026-03-19
26-03-20 (금),1911212,18773,0.0098225628554027,0.0161971224261221,143136.5585106383,188,1781.2885226756634,181.3466148191552,293.3074868613768,11607,3404420,26909673,7.904334071589287,0.5681983560434553,47359646,13.911223057084614,0.6182815746018218,0.0230033600413543,177376.95131086142,267,0.0160248126130783,186,18303.33333333333,0.0048246747652278,56,60793.21428571428,7857663,0.2920014301177127,41,5866800,0.2180182568550721,61,13172927,2026-03-20
26-03-21 (토),1580876,20455,0.0129390287410271,0.0182126217704362,138721.01395348838,215,2322.712217783052,179.51209973111708,311.0478610758153,11805,3671920,29825018,8.122458550295214,0.7182313002001535,41525645,11.308973234710995,0.5771205084331459,0.0223634053367217,157294.10984848486,264,0.0184667513765353,218,16843.669724770643,0.0049131723845828,58,63308.96551724138,7220819,0.2421061070273285,44,5575145,0.1869284705880144,63,8982273,2026-03-21
26-03-22 (일),1567011,22107,0.0141077503603995,0.023261352810416,165874.21843003412,293,2457.3854299682644,174.18690912380694,305.71213083518575,12596,3850750,48601146,12.621215607349216,0.844205453084284,57570282,14.95040758293839,0.5697742796399331,0.0260400127024452,175519.1524390244,328,0.0219117180057161,276,13951.992753623188,0.0064306128929818,81,47540.12345679013,10744391,0.2210727911642248,57,7574773,0.1558558516295068,92,20412282,2026-03-22
26-03-23 (월),2321748,20425,0.0087972510367188,0.0147465437788018,112285.03645833331,192,1526.2681393501794,173.4937576499388,272.1666666666667,13020,3543610,21558727,6.083831742206394,0.552957885076922,38988009,11.002341962010492,0.6374541003671971,0.0211981566820276,141260.90217391303,276,0.0178187403993855,232,15274.18103448276,0.0046082949308755,60,59060.16666666666,7446409,0.3454011454386894,52,7322909,0.3396726068287798,56,6304282,2026-03-23
26-03-24 (화),2224191,19646,0.0088328745148235,0.0173301724842638,141415.43867924527,212,1499.0079539032397,169.70782856561132,272.5480258317665,12233,3334080,29980073,8.992007690277378,0.6260969696541896,47884073,14.362004810922354,0.6226712816858394,0.0235428758276792,166264.14236111112,288,0.0198643014796043,243,13720.493827160491,0.005722226763672,70,47629.71428571428,7128782,0.237784010732729,58,6707400,0.2237286079990532,46,10746855,2026-03-24
26-03-25 (수),2099864,19382,0.0092301215697778,0.0173505468300304,119111.3317535545,211,1568.492054723544,169.93189557321224,270.83463530959625,12161,3293620,25132491,7.630658970980258,0.6204874933673918,40504428,12.297844924429654,0.6274378289134248,0.0236000328920319,141130.41114982578,287,0.0188306882657676,229,14382.620087336243,0.005591645423896,68,48435.58823529412,6729954,0.2677790275544115,49,5278809,0.2100392277072734,58,8773427,2026-03-25
26-03-26 (목),1915067,18880,0.0098586629083995,0.0226313122783313,128375.44029850746,268,1746.9519343187471,177.19968220338984,282.5139334571863,11842,3345530,34404618,10.283757132651628,0.7257403435278008,47406236,14.17002268698831,0.6272245762711864,0.0283735855429826,141089.9880952381,336,0.0173112649890221,205,16319.658536585366,0.0066711704104036,79,42348.48101265823,10743018,0.3122551164497743,62,7834172,0.227706989800032,89,11735863,2026-03-26
26-03-27 (금),2001935,19014,0.0094978108679852,0.0172205958326158,183579.795,200,1817.2568040420888,191.3342800042074,313.24522128465645,11614,3638030,36715959,10.092263945047184,0.7356396531774535,49910250,13.719032003584358,0.610813085095193,0.0228172894782159,188340.56603773584,265,0.0179094196659204,208,17490.528846153848,0.0059411055622524,69,52725.07246376811,9997182,0.2722843763933825,61,9584491,0.2610442777757759,61,18046131,2026-03-27
26-03-28 (토),1614022,20804,0.0128895392999599,0.0183724832214765,148049.89497716894,219,2491.4902027357743,193.29552009229,337.3590604026846,11920,4021320,32422927,8.062757253837049,0.6082934810746439,53301454,13.254715864442522,0.5729667371659296,0.0234060402684563,191044.6379928316,279,0.0187919463087248,224,17952.321428571428,0.0054530201342281,65,61866.46153846154,9246181,0.2851741608646252,41,7402754,0.2283184982034472,68,11506191,2026-03-28
26-03-29 (일),1499971,21468,0.0143122767040162,0.0196323101239497,156909.74576271186,236,2798.074096099192,195.50167691447737,349.141502370851,12021,4197030,37030700,8.823072506034029,0.8413777148545074,44011981,10.486458519476868,0.5599496925656792,0.0226270692953997,161808.7536764706,272,0.0212960652191997,256,16394.6484375,0.0072373346643374,87,48241.72413793104,12277537,0.3315502272438814,66,9841864,0.2657758022397632,63,11886563,2026-03-29
26-03-30 (월),2214236,20369,0.0091991097606578,0.0188604485299944,190456.1134453781,238,1706.213791122536,185.4759683833276,299.38663919486487,12619,3777960,45328555,11.9981564124554,0.7567083296878128,59902281,15.85572134167646,0.6195198586086701,0.0255963230049924,185455.97832817337,323,0.019018939694112,240,15741.5,0.0053886995799984,68,55558.23529411765,14791128,0.3263092767903146,51,13414546,0.2959402963540311,70,18428136,2026-03-30
26-03-31 (화),2045833,19453,0.0095085962539464,0.0184553994513259,129211.46846846846,222,1742.9614245150997,183.3037577751504,296.4342838141159,12029,3565808,28684946,8.044444905614661,0.6457675178079424,44419927,12.45718417817224,0.6183622063434946,0.0245240668384736,150576.02372881357,295,0.0199517831906226,240,14857.533333333333,0.0059024025272258,71,50222.64788732395,8044991,0.2804603850395953,59,6652900,0.2319300165320164,67,9099764,2026-03-31
26-04-01 (수),2149336,18854,0.0087720114491173,0.0210579943958563,120610.2620967742,248,1615.6343168308724,184.18059828153176,294.85785853782795,11777,3472541,29911345,8.613676555582785,0.5915768193323754,50562064,14.56053765815868,0.6246419857855097,0.0291245648297529,147411.26530612246,343,0.0200390591831536,236,14714.156779661016,0.0070476352211938,83,41837.843373493975,9577428,0.3201938261218277,58,7377637,0.2466501255627254,67,10049882,2026-04-01
26-04-02 (목),2123976,18349,0.0086389865045556,0.0189536204035286,134067.23963133642,217,1661.9434494551729,192.3771322687885,308.3175823216001,11449,3529928,29092591,8.241695298034408,0.6582215546120705,44198782,12.521156805464589,0.6239577088669682,0.0254170669927504,151885.84879725086,291,0.0183422132937374,210,16809.180952380953,0.006550790462049,75,47065.706666666665,7780200,0.2674289134302269,59,6498218,0.2233633298594821,61,10905064,2026-04-02
26-04-03 (금),1825232,17474,0.0095735774959018,0.0177601914051716,152756.11917098446,193,1839.5004032364104,192.1434702987296,308.9642955737554,10867,3357515,29481931,8.7808784175201,0.7052007565246472,41806437,12.451600960829662,0.6218953874327572,0.024385755038189,157760.13962264152,265,0.019048495444925,207,16219.87922705314,0.0065335419158921,71,47288.94366197183,7528982,0.2553761488689462,47,4419182,0.1498945913685233,56,11923550,2026-04-03
26-04-04 (토),1260341,18623,0.0147761597853279,0.0240579710144927,156128.98795180724,249,2775.1640230699472,187.81361756967192,337.9374879227053,10350,3497653,38876118,11.114915630567126,0.834714421221693,46574154,13.315830358243083,0.5557643773828063,0.0279227053140096,161156.24221453286,289,0.0215458937198067,223,15684.54260089686,0.0084057971014492,87,40202.90804597701,13129063,0.337715380944157,64,8773045,0.2256666933668634,61,11800464,2026-04-04
26-04-05 (일),1255884,19358,0.0154138439537409,0.0250023236360256,174053.70260223048,269,2850.1987444700308,184.91161276991423,332.6999721163677,10759,3579519,46820446,13.080094280823763,0.8734114956423114,53606400,14.97586686926372,0.5557908874883769,0.0288130867180964,172923.87096774194,310,0.022957523933451,247,14491.97975708502,0.0073426898410632,79,45310.36708860759,11839909,0.2528790306696352,60,10343290,0.2209139571203572,69,16967846,2026-04-05
26-04-06 (월),2058727,17892,0.0086908074747161,0.0189827429609445,104941.84210526316,209,1651.7517864194715,190.0573440643863,308.8561307901907,11010,3400506,21932845,6.449876871265629,0.4672850732863829,46936755,13.802873748789152,0.6153588195841717,0.0280653950953678,151898.88349514562,309,0.0215258855585831,237,14348.12658227848,0.007447774750227,82,41469.58536585366,9507627,0.4334880860189364,56,5881800,0.2681731439765338,56,4641736,2026-04-06
26-04-07 (화),2124225,19504,0.009181701561746,0.0246177113090236,150686.5051194539,293,1853.6812249173229,201.88863822805573,330.83817845740214,11902,3937636,44151146,11.2126021805977,0.7325627868825585,60269436,15.305994764371311,0.610233798195242,0.0322634851285498,156951.65625,384,0.0230213409511006,274,14370.934306569345,0.008569988237271,102,38604.27450980392,13540127,0.3066766828657177,84,12002827,0.2718576546121815,87,13758609,2026-04-07
26-04-08 (수),2447338,21021,0.008589332572779,0.0213539300318037,154611.7340425532,282,2130.567579958306,248.0480947623805,394.8371194911404,13206,5214219,43600509,8.361848437896452,0.6894745506212314,63237300,12.127856539972717,0.6282289139431997,0.0283961835529304,168632.8,375,0.0193094048159927,255,20447.917647058825,0.0073451461456913,97,53754.83505154639,11971500,0.2745724826285858,70,9391800,0.2154057421669091,60,14707572,2026-04-08
26-04-09 (목),2440933,17326,0.0070981055194878,0.014578302477417,119382.53987730062,163,1848.303497064442,260.3939166570472,403.50460602808334,11181,4511585,19459354,4.313196803340733,0.5006449297739848,38868573,8.615281104090913,0.6453307168417407,0.0221804847509167,156728.11693548388,248,0.0162776138091405,182,24788.92857142857,0.0047401842411233,53,85124.24528301887,6775064,0.3481648979714332,39,5263909,0.270507900724762,38,4887255,2026-04-09
26-04-10 (금),1844978,13445,0.0072873497678563,0.0134297520661157,157069.07692307694,117,1714.949446551666,235.33239122350315,363.18227731864096,8712,3164044,18377082,5.808099381677373,0.5781147986095106,31787946,10.046619452826825,0.6479732242469319,0.0219237832874196,166429.03664921466,191,0.0173324150596877,151,20953.93377483444,0.0059687786960514,52,60847.0,6431936,0.3499976764537482,30,4634391,0.2521831812036318,31,4374618,2026-04-10
26-04-11 (토),1230733,13811,0.0112217678407908,0.0136766880236569,152342.75675675675,111,2586.781210871895,230.51458981970893,392.2667570231641,8116,3183637,16910046,5.311549652174541,0.6050235783236849,27949400,8.779078770601044,0.5876475273332851,0.0209462789551503,164408.23529411765,170,0.0202069985214391,164,19412.42073170732,0.0067767373090192,55,57884.30909090909,6661891,0.393960548658472,41,5709391,0.3376330850903658,17,3636364,2026-04-11
26-04-12 (일),1115384,14237,0.0127642139388766,0.0226099778815433,161528.5597826087,184,2950.1696276797948,231.12818711807265,404.3465224870976,8138,3290572,29721255,9.032245761527175,0.912112579892026,32585073,9.902555847433211,0.5716091873287912,0.0254362251167362,157415.8115942029,207,0.0184320471860407,150,21937.146666666667,0.0070041779306955,57,57729.333333333336,7827345,0.2633584954605719,37,5550582,0.1867546306506909,47,10813145,2026-04-12
26-04-13 (월),1464265,14385,0.0098240414132687,0.0137908567705505,136099.14173228346,127,2142.303476488204,218.0674313521029,340.63416223259856,9209,3136900,17284591,5.510086709809047,0.5277249947004898,32753027,10.441208517963595,0.6401807438303788,0.0225866000651536,157466.47596153847,208,0.0183516125529373,169,18561.53846153846,0.0058638288630687,54,58090.74074074074,5850300,0.3384691023351377,43,5898846,0.3412777311305775,34,7076337,2026-04-13
26-04-14 (화),1252383,14544,0.011613060860775,0.0185164895365399,107605.05917159763,169,2447.5547815644254,210.758800880088,335.84704722252656,9127,3065276,18185255,5.932664791033499,0.5309367715870799,34251263,11.17395725539886,0.62754400440044,0.0281582118987619,133273.39688715953,257,0.0200503999123479,183,16750.142076502732,0.0056973813958584,52,58947.61538461538,5796054,0.3187227234372022,40,3722164,0.2046803303005649,43,6615573,2026-04-14
26-04-15 (수),1129537,14233,0.0126007381785634,0.0225806451612903,139971.921182266,203,2591.987690531607,205.70125764069417,325.6669632925473,8990,2927746,28414300,9.70517934274353,0.7138997456052377,39801527,13.594597003975071,0.6316307173470105,0.0305895439377085,144732.82545454544,275,0.0211345939933259,190,15409.189473684211,0.00734149054505,66,44359.78787878788,8277782,0.2913245091380044,49,6771800,0.2383236609735239,65,10706972,2026-04-15
26-04-16 (목),1274143,15728,0.0123439833676439,0.0213045234248788,153575.96208530807,211,2369.697121908609,191.97183367243133,304.85995557350566,9904,3019333,32404528,10.732346514942208,0.7387854755281754,43861891,14.527013416539347,0.62970498474059,0.0272617124394184,162451.44814814813,270,0.0164579967689822,163,18523.515337423312,0.0063610662358642,63,47925.92063492064,7975572,0.2461252328686904,46,6795782,0.2097170494197601,69,14663418,2026-04-16
26-04-17 (금),1283333,15596,0.0121527304292806,0.0191676374033675,104045.55801104972,181,2506.5193523426888,206.25153885611687,340.6437572805253,9443,3216699,18832246,5.854525400107377,0.5433922410303219,34656818,10.774032012320705,0.605475763016158,0.0244625648628613,150029.51515151514,231,0.0177909562638991,168,19147.01785714286,0.0054008260086836,51,63072.52941176471,4435091,0.2355051542975808,45,3546564,0.1883240055381604,66,12564918,2026-04-17
26-04-18 (토),1007293,15688,0.015574415785675,0.0192477876106194,151663.37931034484,174,3317.6235712945486,213.01752932177465,369.6702433628319,9040,3341819,26389428,7.896725705371835,0.72709511874955,36294327,10.86065014293114,0.5762366139724631,0.0243362831858407,164974.21363636362,220,0.0191371681415929,173,19316.872832369943,0.0054203539823008,49,68200.38775510204,6216119,0.2355533814526029,30,4141527,0.1569388696109669,52,10242537,2026-04-18
26-04-19 (일),1046238,16237,0.0155194133648366,0.0213546160483175,174982.3686868687,198,3269.4434727088865,210.6679805382768,368.9188955996549,9272,3420616,34646509,10.1287338303978,0.8787632006892836,39426445,11.526124241949404,0.5710414485434502,0.0242666091458153,175228.64444444445,225,0.0193054357204486,179,19109.58659217877,0.0051768766177739,48,71262.83333333333,6722264,0.1940242810610442,37,5964927,0.1721653110851659,74,18087063,2026-04-19
26-04-20 (월),1583883,16315,0.0103006345797006,0.0142636854279105,141495.27027027027,148,2112.5992260791986,205.0940851976709,322.4855435620663,10376,3346110,20941300,6.258401546870844,0.6883575234565289,30422127,9.091789271721492,0.6359791602819491,0.0211063993831919,138913.8219178082,219,0.0173477255204317,180,18589.5,0.0051079414032382,53,63134.15094339623,7496136,0.3579594390033092,40,6576373,0.314038431233973,47,7172018,2026-04-20
26-04-21 (화),1383643,15751,0.0113837167535267,0.0177485292651311,166373.2415730337,178,2297.7010688450705,201.8410259666053,317.00049855419286,10029,3179198,29614437,9.315065308923822,0.6752978202093858,43853891,13.794010627837586,0.6367214780013968,0.0248279988034699,176120.04417670684,249,0.0210389869378801,211,15067.289099526066,0.0055838069598165,56,56771.392857142855,8450273,0.2853430237421025,40,5392891,0.1821034450190628,53,9787064,2026-04-21
26-04-22 (수),1248615,16056,0.01285904782499,0.0201568861086287,154485.7142857143,203,2594.517124974472,201.76588191330345,321.6714328269288,10071,3239553,31360600,9.680533085891788,0.7460442391487551,42035845,12.975816416647604,0.6272421524663677,0.0254195213980736,164202.51953125,256,0.0170787409393307,172,18834.61046511628,0.0043689802402939,44,73626.20454545454,5082036,0.1620516189103524,38,4054373,0.1292823798014068,69,12679254,2026-04-22
26-04-23 (목),1177606,15689,0.0133227921732735,0.0196681007990165,160304.97395833334,192,2772.577585372357,208.10784626171204,334.46056136037697,9762,3265004,30778555,9.426804683853373,0.7465151410710633,41229646,12.627747469834649,0.622219389381095,0.0253021921737348,166921.64372469636,247,0.018438844499078,180,18138.911111111112,0.0054292153247285,53,61603.84905660377,13831454,0.4493860741675494,38,8030100,0.2608991877623884,71,9883309,2026-04-23
26-04-24 (금),1129308,15121,0.0133896155875987,0.0172672672672672,177010.1055900621,161,2832.9552256780257,211.5785331657959,343.12301587301585,9324,3199279,28498627,8.907827982492305,0.7372343914010219,38656128,12.082762397402664,0.6166258845314463,0.0234877734877734,176512.0,219,0.0158730158730158,148,21616.75,0.0041827541827541,39,82032.79487179487,5939673,0.2084196196539573,33,5387228,0.1890346506868559,56,12816000,2026-04-24
26-04-25 (토),935546,15927,0.0170242831458848,0.0183961224939413,150553.0239520958,167,3583.2422991493736,210.47830727695109,369.2760519938312,9078,3352288,25142355,7.50005816922651,0.7730372580741467,32524118,9.702065574318198,0.5699755132793369,0.0230226922229566,155617.7894736842,209,0.0186164353381802,169,19836.023668639053,0.0056179775280898,51,65731.13725490196,7447227,0.2962024440431296,41,5302654,0.2109052234764802,48,9430445,2026-04-25
26-04-26 (일),988259,16750,0.016948998187722,0.0235245985476117,147130.63043478262,230,3543.2432186299343,209.0532537313433,358.1509665541577,9777,3501642,33840045,9.664050465467344,0.9361900463266832,36146555,10.32274430110217,0.5837014925373134,0.0260816201288738,141751.1960784314,255,0.0208652961030991,204,17164.91176470588,0.007159660427534,70,50023.45714285714,9041118,0.2671721624483655,48,6907646,0.2041263834016769,54,10368491,2026-04-26
26-04-27 (월),1155927,15436,0.0133537844517863,0.0197314049586776,178445.02617801048,191,2832.954849224908,212.1462166364343,338.2943181818182,9680,3274689,34083000,10.408011264581155,0.797159424611015,42755563,13.056373597614918,0.6271054677377559,0.0254132231404958,173803.10162601626,246,0.0178719008264462,173,18928.83815028902,0.0067148760330578,65,50379.83076923077,9071555,0.2661606959481266,45,6332182,0.1857871079423759,44,11574227,2026-04-27
26-04-28 (화),1133642,15239,0.0134425153619925,0.0202114427860696,145144.98974358974,195,2767.5774186206936,205.88240698208543,325.19092039800995,9648,3137442,28303273,9.021130271093458,0.6733636235792094,42032673,13.39711554827149,0.6331124089507185,0.0276741293532338,157425.7415730337,267,0.0157545605306799,152,20641.065789473683,0.007669983416252,74,42397.86486486487,9587145,0.3387291992696392,50,6856663,0.2422568937521819,51,7658927,2026-04-28
26-04-29 (수),1243599,16104,0.0129495118603344,0.0245934153113843,159952.78629032258,248,2699.020343374352,208.42641579731745,332.8539270130901,10084,3356499,39668291,11.818353290139518,0.7471225924293275,53094755,15.818492721135922,0.6261798310978639,0.032130107100357,163872.70061728396,324,0.0188417294724315,190,17665.784210526315,0.007040856802856,71,47274.633802816905,8503200,0.2143576087006117,54,8182964,0.2062847628096708,90,19092755,2026-04-29
26-04-30 (목),1182535,15088,0.0127590303881069,0.0193902833135839,165779.13888888888,180,2708.3299860046423,212.2676961823966,345.0064634277712,9283,3202695,29840245,9.317229708105206,0.695571050635828,42900355,13.395079768757247,0.6152571580063627,0.0260691586771517,177274.19421487604,242,0.0183130453517181,170,18839.38235294117,0.0040935042550899,38,84281.44736842105,5658528,0.1896273974962337,24,3129855,0.1048870409743619,71,15836818,2026-04-30
26-05-01 (금),1137137,17405,0.0153059833599645,0.0214482487209759,153018.4724770642,218,3143.4690806824506,205.37517954610743,351.6878197560016,10164,3574555,33358027,9.33207825869234,0.8646796159579322,38578482,10.792527181705136,0.5839701235277219,0.0238095238095238,159415.21487603305,242,0.020267611176702,206,17352.20873786408,0.0054112554112554,55,64991.90909090909,9078382,0.2721498486706063,45,7993936,0.2396405518827597,70,12880964,2026-05-01
26-05-02 (토),1111462,17670,0.0158979794180997,0.0245562130177514,170607.156626506,249,3270.247655790301,205.7020939445388,358.4571992110453,10140,3634756,42481182,11.687492090253102,0.8586444035476792,49474709,13.61156264684617,0.5738539898132428,0.0276134122287968,176695.38928571428,280,0.0222879684418145,226,16082.991150442478,0.0065088757396449,66,55072.06060606061,8657119,0.2037871498019993,48,5764563,0.1356968598472613,76,17870936,2026-05-02
26-05-03 (일),1177657,18383,0.0156098082888311,0.021620090634441,164767.4847161572,229,3128.9976623074463,200.4507425338628,347.8933157099698,10592,3684886,37731754,10.23959872842742,0.7729742338057032,48813728,13.247011712166945,0.5761845183049557,0.0277567975830815,166033.08843537414,294,0.0206759818731117,219,16825.963470319635,0.0070808157099697,75,49131.81333333333,9791591,0.2595053227581204,61,8946227,0.2371007454357939,58,13997928,2026-05-03
26-05-04 (월),1427590,17266,0.0120945089276332,0.0210407664850648,170201.70535714287,224,2543.373797799088,210.29161357581373,341.0572045838813,10646,3630895,38125182,10.500216062430887,0.739752478547038,51537755,14.194228971093905,0.6165875130313911,0.028085665977832,172367.07357859533,299,0.0223558143903813,238,15255.861344537816,0.0083599473980837,89,40796.57303370786,14693763,0.3854083371982329,58,6963536,0.1826492526645512,51,10258427,2026-05-04
26-05-05 (화),1272149,18079,0.014211385615993,0.0211620568034156,149744.77631578947,228,2910.7329408740643,204.8169699651529,343.68720994987933,10774,3702886,34141809,9.220324093153286,0.7531084425975711,45334519,12.243023144649875,0.5959400409314675,0.0258028587339892,163073.80935251797,278,0.0233896417300909,252,14693.992063492064,0.0071468349730833,77,48089.42857142857,10959382,0.3209959378543767,50,8844782,0.2590601452898995,44,8512854,2026-05-05
26-05-06 (수),1368167,15512,0.0113377972133518,0.0217436108821104,128661.73933649289,211,2351.671981563654,207.4187725631769,331.56224237427864,9704,3217480,27147627,8.437543356912864,0.6172317801977147,43982873,13.66997557094372,0.6255801959773079,0.0309150865622423,146609.57666666666,300,0.0198887056883759,193,16670.880829015543,0.0073165704863973,71,45316.619718309856,8473218,0.3121163407763043,59,7397445,0.2724895623473831,37,6474264,2026-05-06
26-05-07 (목),1304813,15563,0.0119273796321771,0.0176171079429735,126377.50867052024,173,2306.0239283330257,193.3386879136413,306.40835030549897,9820,3008930,21863309,7.266140787588943,0.4331559287397145,50474454,16.77488475969863,0.630983743494185,0.0280040733197556,183543.4690909091,275,0.0220977596741344,217,13866.036866359447,0.0065173116089613,64,47014.53125,7849628,0.3590320202673804,47,7594346,0.3473557456467362,29,3930191,2026-05-07
26-05-08 (금),1310011,15899,0.0121365393115019,0.0219925002533698,172966.400921659,217,2455.545793126928,202.32668721303227,326.01520218911526,9867,3216792,37533709,11.668055938960306,0.7205519523732469,52090219,16.19321951807888,0.6206050695012265,0.0302016823755954,174799.39261744966,298,0.0248302422215465,245,13129.763265306125,0.0074997466301814,74,43470.16216216216,9607637,0.2559735569964588,57,7684682,0.2047408104538776,49,15314236,2026-05-08
26-05-09 (토),1358264,19967,0.0147003822526401,0.0230940704413731,165835.76447876447,259,3150.7092877378773,214.3283918465468,381.58671422202406,11215,4279495,42951463,10.03657277318936,0.8196715971175946,52400819,12.244626760867812,0.5616767666649972,0.0278198840838163,167951.34294871794,312,0.0255015604101649,286,14963.26923076923,0.0079358002674988,89,48084.213483146064,12743618,0.2966981124717451,69,14110736,0.3285274822885544,56,15966100,2026-05-09
26-05-10 (일),1391718,21721,0.0156073284961464,0.023253936213161,147177.27083333334,288,3398.2265085311824,217.73274711109065,381.8629794105773,12385,4729373,42387054,8.962510252416124,0.9197966229334712,46083072,9.744013001300596,0.5701855347359698,0.0254339927331449,146295.46666666667,315,0.0220427937020589,273,17323.710622710623,0.0073475979006863,91,51971.131868131866,11733800,0.2768250890944202,54,7039118,0.1660676394259436,71,12963209,2026-05-10
26-05-11 (월),2149920,19627,0.0091291768996055,0.014388489208633,129914.31720430109,186,1883.884051499591,206.3585876598563,313.3132203914288,12927,4050200,24164063,5.966140684410647,0.6205957374809827,38936882,9.61357019406449,0.6586335150557905,0.0205770867177225,146379.25563909774,266,0.0177922178386323,230,17609.565217391304,0.0061112400402258,79,51268.35443037975,10881709,0.450326130998748,65,8493827,0.3515065740393078,42,7905437,2026-05-11
26-05-12 (화),2335785,19064,0.0081617100888994,0.0167062549485352,140083.75829383885,211,1733.1406786155403,212.3501888375997,320.5260490894695,12630,4048244,29557673,7.301356588189842,0.6338588235087238,46631319,11.51890029355938,0.6625052454888796,0.0239904988123515,153898.74257425743,303,0.0191607284243863,242,16728.280991735537,0.0062549485352335,79,51243.59493670886,9125700,0.308742166543354,72,10453718,0.3536718874993982,66,12091927,2026-05-12
26-05-13 (수),1639972,15783,0.0096239447990575,0.0173300323747857,114248.0,182,2086.610625059452,216.81448393841475,325.8410778899257,10502,3421983,20793136,6.076341115663053,0.4580915102360741,45390791,13.26447004558468,0.6653994804536527,0.0266615882689011,162109.96785714285,280,0.0164730527518567,173,19780.24855491329,0.0050466577794705,53,64565.71698113208,1850309,0.0889865290161137,37,444191,0.021362386125883,55,10500773,2026-05-13
26-05-14 (목),1567673,15415,0.0098330455394715,0.0200506131983648,129401.1504854369,206,2164.272778825686,220.10197859228023,330.2386606969048,10274,3392872,26656637,7.856658606631786,0.6715021001446784,39697027,11.700125144715155,0.666493674991891,0.0277399260268639,139287.8140350877,285,0.0181039517227954,186,18241.24731182796,0.0069106482382713,71,47786.92957746479,8481218,0.3181653409618025,53,7106919,0.2666097377549913,52,8915864,2026-05-14
26-05-15 (금),1467924,14947,0.0101824072635913,0.0181449569183983,140216.20111731844,179,2137.437633010973,209.9147655047836,318.0533198175368,9865,3137596,25098700,7.99934089666101,0.6336010432188277,39612782,12.625201587457404,0.6599986619388506,0.0246325392802838,163015.56378600822,243,0.0175367460719716,173,18136.39306358381,0.0040547389761784,40,78439.9,4013482,0.1599079633606521,32,4488218,0.1788227278703678,57,10857564,2026-05-15
26-05-16 (토),1015586,14394,0.0141730980931206,0.0200463499420625,112092.7514450867,173,2967.2297570072847,209.35646797276644,349.1862108922364,8630,3013477,19392046,6.435106689050556,0.6483944601592274,29907791,9.924678701712342,0.5995553702931777,0.0247972190034762,139756.0327102804,214,0.021784472769409,188,16029.132978723404,0.0064889918887601,56,53812.08928571428,6025736,0.310732348716582,43,5569827,0.2872222456568017,43,5579100,2026-05-16
26-05-17 (일),1021231,15215,0.0148986859975852,0.0250276854928017,149311.703539823,226,3100.058654702021,208.0759776536313,350.5953488372093,9030,3165876,33744445,10.658801860843573,0.8915570339960556,37848891,11.955266409676184,0.5934932632270785,0.0283499446290143,147847.23046875,256,0.0258028792912513,233,13587.450643776823,0.0074197120708748,67,47251.880597014926,8048164,0.2385033744072543,54,6995427,0.2073060321484025,66,14555527,2026-05-17
26-05-18 (월),1483060,14406,0.0097137000525939,0.0151672553500934,104837.54794520549,146,1982.342588971451,204.0769818131334,305.41585289840015,9626,2939933,15306282,5.206337015163271,0.4961894834469589,30847655,10.492638777822489,0.6681938081354991,0.0232703095782256,137712.7455357143,224,0.0179721587367546,173,16993.832369942196,0.0059214627051734,57,51577.771929824565,6707837,0.4382407824447504,49,5472382,0.3575252304903307,24,1236436,2026-05-18
26-05-19 (화),1245079,14133,0.0113510869591407,0.0201987816607887,114749.49735449736,189,2312.677348184332,203.74060708978985,307.73388906700865,9357,2879466,21687655,7.531832291126202,0.5951709158113121,36439373,12.654906500024657,0.6620675015920187,0.0289622742331944,134462.63099630998,271,0.0185957037512023,174,16548.655172413793,0.0073741583840974,69,41731.391304347824,7067845,0.3258925411714636,50,5242845,0.241743286676222,36,3965928,2026-05-19
26-05-20 (수),1373881,13880,0.0101027672702366,0.0182813355227148,168059.5508982036,167,2001.8087447166088,198.1445965417868,301.06699507389163,9135,2750247,28065945,10.204881597907388,0.6980920033138168,40203791,14.618247379235392,0.6581412103746398,0.0268199233716475,164097.10612244898,245,0.0192665571975916,176,15626.40340909091,0.0077723043240284,71,38735.873239436616,8806946,0.3137947430596048,55,7287636,0.2596611658720203,43,10030309,2026-05-20
26-05-21 (목),1314558,14349,0.0109154559935735,0.015742285237698,153917.940397351,151,2126.2698184484825,194.7944107603317,291.39960383653045,9592,2795105,23241609,8.315111239112664,0.7071982810794409,32864346,11.757821620296912,0.6684786396264548,0.0223102585487906,153571.71028037384,214,0.0166805671392827,160,17469.40625,0.0046914095079232,45,62113.444444444445,6636146,0.285528682631224,40,6090782,0.2620636979135136,45,9645863,2026-05-21
26-05-22 (금),1280615,15652,0.0122222525895761,0.0166828322017458,149170.03488372092,172,2558.4738582634127,209.3291592128801,317.79049466537344,10310,3276420,25657246,7.830878214636707,0.6826173272035203,37586573,11.471842132571526,0.6587017633529262,0.0223084384093113,163419.88260869565,230,0.0184287099903006,190,17244.315789473683,0.0053346265761396,55,59571.27272727273,5804155,0.2262189402557078,40,5204227,0.2028365398219279,53,11805328,2026-05-22
26-05-23 (토),1145369,16218,0.014159628905619,0.0224858174316658,161334.23394495412,218,3065.7770552546817,216.51535331113573,362.1914388860237,9695,3511446,35170863,10.016062613521608,0.8510842394705955,41324773,11.768591343850938,0.5977925761499568,0.025889633831872,164640.52988047808,251,0.0201134605466735,195,18007.415384615386,0.0066013408973697,64,54866.34375,7822991,0.222428178688706,54,6525191,0.1855283164362501,71,11780991,2026-05-23
26-05-24 (일),1164527,17139,0.0147175634399202,0.0157155485708673,137865.225,160,3203.599401301988,217.67185950172123,366.435320695413,10181,3730678,22058436,5.912715061444596,0.7099327208983867,31071164,8.32855690038111,0.5940253223641986,0.0203319909635595,150102.24154589372,207,0.0183675473922011,187,19950.14973262032,0.0059915528926431,61,61158.65573770492,9578709,0.4342424367711291,47,5720846,0.2593495749199989,29,3973600,2026-05-24
26-05-25 (월),1272479,17754,0.0139522931223226,0.0166482707873436,123181.01104972376,181,3012.041063153105,215.8814351695393,352.53486019131714,10872,3832759,22295763,5.817157561954717,0.732725001236503,30428555,7.939073393344064,0.6123690435958093,0.0210632818248712,132875.78602620086,229,0.0172001471670345,187,20496.03743315508,0.0055187637969094,60,63879.316666666666,6441827,0.288926061871038,39,3848564,0.1726141419784557,48,6148045,2026-05-25
26-05-26 (화),1677196,17295,0.0103118538322295,0.018842186034615,153427.93212669683,221,2070.1641310854548,200.75576756287944,296.0244692642169,11729,3472071,33907573,9.76580634439791,0.8044055494338439,42152336,12.140401506766423,0.6781728823359352,0.0241282291755477,148948.18374558302,283,0.0180748571915764,212,16377.693396226416,0.0057123369426208,67,51821.9552238806,8107928,0.2391185001651401,53,7187909,0.2119853579611846,66,13848509,2026-05-26
26-05-27 (수),1522769,16189,0.0106312907604502,0.0167141151620901,111432.3131868132,182,2056.1634758784817,193.4067576749645,287.5435760859583,10889,3131062,20280681,6.477253085374866,0.5529532423661274,36677027,11.713925498760483,0.6726172092161344,0.0246119937551657,136854.57835820896,268,0.0176324731380292,192,16307.614583333334,0.0055101478556341,60,52184.36666666667,6740663,0.3323686714464864,43,5016755,0.2473662003756185,44,5816418,2026-05-27
26-05-28 (목),1522048,15518,0.0101954734673282,0.0158095052210403,127775.5925925926,162,1948.037775418384,191.0688877432659,289.3536644871669,10247,2965007,20699646,6.9813143780099,0.6792614392043724,30473754,10.27780170502127,0.6603299394251837,0.0224455938323411,132494.58260869567,230,0.0161022738362447,165,17969.739393939395,0.005855372304089,60,49416.78333333333,6971664,0.3368011221061461,50,6075382,0.2935017342808664,35,7739127,2026-05-28
26-05-29 (금),1171857,13831,0.0118026346218011,0.0173294823372583,113694.40384615384,156,2479.9015579545967,210.1142361362157,322.8271495223284,9002,2906090,17736327,6.103158195375918,0.5600622713598826,31668491,10.897285011820006,0.6508567710216181,0.0259942235058875,135335.43162393162,234,0.0202177293934681,182,15967.527472527472,0.0067762719395689,61,47640.81967213115,4409091,0.2485909850444232,52,4243654,0.2392634055517808,42,6501100,2026-05-29
26-05-30 (토),970636,14438,0.0148747831318846,0.0207660359944623,133415.15,180,3295.491821857009,221.5488987394376,369.0266497461929,8668,3198723,24014727,7.507598188402059,0.7805687812428116,30765677,9.618112290435905,0.6003601606870758,0.0243424088601753,145808.89573459714,211,0.0203045685279187,176,18174.5625,0.0065759113982464,57,56117.94736842105,6939782,0.2889802578226269,41,4560891,0.189920584981041,63,9918527,2026-05-30
26-05-31 (일),1061125,15444,0.0145543644716692,0.021867737164589,161294.4685990338,207,3147.010955353988,216.22455322455323,352.775406718783,9466,3339372,33387955,9.998273627496427,0.8894519114170982,37537673,11.24093781705063,0.612924112924113,0.0244031269807732,162500.74891774892,231,0.0194379885907458,184,18148.760869565216,0.0073948869638706,70,47705.31428571429,8908891,0.2668294898564467,47,6118646,0.183259082504454,56,12124709,2026-05-31
26-06-01 (월),1364839,14495,0.0106203002698486,0.0216136816703388,143950.70388349515,206,2235.827082901353,210.5239047947568,320.17039135452734,9531,3051544,29653845,9.717652768565683,0.6548499717932069,45283418,14.83951009718359,0.6575370817523284,0.0297975028853215,159448.65492957746,284,0.0178365334172699,170,17950.258823529413,0.0072395341517154,69,44225.27536231884,9300264,0.3136275919699452,46,5998309,0.2022776135775984,42,10720791,2026-06-01
26-06-02 (화),1249372,14490,0.0115978267481582,0.019599578503688,147820.08602150538,186,2229.272786648012,192.21469979296063,293.4869336143309,9490,2785191,27494536,9.8716877944816,0.6794856808363714,40463746,14.52817634409992,0.6549344375431332,0.0266596417281348,159935.75494071146,253,0.0159114857744994,151,18444.97350993377,0.0069546891464699,66,42199.86363636364,9925855,0.3610119116030909,42,5952955,0.2165141102944963,52,9978755,2026-06-02
26-06-03 (수),1297853,17151,0.013214901841734,0.0260352796905952,141550.19565217392,276,2502.100777206664,189.33933881406327,306.32572398830297,10601,3247359,39067854,12.03065444873819,0.8887730738516356,43957063,13.536249918780154,0.618098070083377,0.0289595321196113,143182.61563517916,307,0.0204697670031129,217,14964.78801843318,0.0090557494575983,96,33826.65625,12455554,0.3188184843733674,73,9838800,0.2518387623748159,73,13374354,2026-06-03
26-06-04 (목),2013696,14908,0.0074033021866259,0.0162577593851611,135742.26060606062,165,1318.260551741673,178.0638583310974,261.5603507734752,10149,2654576,22397473,8.437307125507049,0.6962658314596022,32167991,12.117939362067617,0.6807754225918969,0.0225637993891023,140471.57641921396,229,0.0145827175091141,148,17936.324324324323,0.0055177850034486,56,47403.142857142855,7489682,0.3343985279053579,41,4959245,0.2214198449976923,48,7937836,2026-06-04
26-06-05 (금),1540323,14975,0.0097219868819721,0.0196513151264738,118353.4717948718,195,1839.5609232609004,189.21656093489148,285.5505391514663,9923,2833518,23078927,8.144972786479563,0.6620453959931253,34860037,12.302740621375971,0.6626377295492487,0.0264033054519802,133053.57633587785,262,0.0174342436763075,173,16378.71676300578,0.0068527663005139,68,41669.382352941175,7441909,0.3224547224400857,49,5394563,0.2337440991082471,61,8268228,2026-06-05
26-06-06 (토),1175826,16006,0.0136125583207039,0.0179985601151907,127736.78285714284,175,2544.2055202045203,186.90134949393976,307.6769515581611,9723,2991543,22353937,7.472376963994835,0.6015396973187087,37161200,12.422084522936826,0.6074597026115207,0.0251979841612671,151678.3673469388,245,0.0212897253933971,207,14451.898550724638,0.0074051218759642,72,41549.208333333336,9957491,0.4454468579740562,55,5582318,0.2497241537363194,29,3540891,2026-06-06
26-06-07 (일),1186927,16645,0.0140236088655831,0.0240336471059483,143088.63333333333,240,2598.927313979714,185.3251426854912,308.9061686360905,9986,3084737,34341272,11.132641777889006,0.8560993008490501,40113655,13.003914110019752,0.599939921898468,0.026937712797917,149121.3940520446,269,0.0225315441618265,225,13709.942222222222,0.0081113558982575,81,38083.17283950617,9646954,0.2809142887893028,66,7200227,0.2096668696488586,62,12598428,2026-06-07
26-06-08 (월),1627378,15335,0.0094231334084644,0.0157578072772419,123340.38787878788,165,1787.6148012324118,189.7049233778937,277.82685512367493,10471,2909125,20351164,6.99563064495338,0.5820876060100383,34962373,12.018174880763116,0.6828170850994457,0.0231114506732881,144472.61570247935,242,0.0168083277623913,176,16529.11931818182,0.0062076210486104,65,44755.769230769234,6326700,0.3108765670602428,56,5225764,0.2567796122128444,43,6907291,2026-06-08
26-06-09 (화),1531140,15534,0.0101453818723304,0.0155193754165476,122468.71165644172,163,1913.5950990765048,188.61735547830563,278.9662001332953,10503,2929982,19962400,6.813147657562402,0.6435158614036063,31020836,10.587381082887198,0.6761297798377752,0.0218032942968675,135462.16593886464,229,0.0153289536322955,161,18198.64596273292,0.0056174426354374,59,49660.71186440678,6470627,0.3241407345810123,50,5777091,0.2893986194044804,30,4896546,2026-06-09
26-06-10 (수),1338886,13488,0.0100740466327977,0.019294743845642,130808.0459770115,174,1890.590386336104,187.6694098457889,280.69250388112664,9018,2531285,22760600,8.991717645385645,0.6524972987725289,34882290,13.780467233045666,0.6685943060498221,0.0266134397870924,145342.875,240,0.0186294078509647,168,15067.172619047618,0.0058771346196495,53,47760.09433962264,5381045,0.2364192947461842,38,4482264,0.1969308366211787,45,7797464,2026-06-10
26-06-11 (목),1338642,13697,0.0102320112472191,0.0178181023174464,111605.8036809816,163,1878.721121853341,183.612104840476,274.91637516397026,9148,2514935,18191746,7.233485557280805,0.599003464535319,30370018,12.07586597665546,0.6678834781338979,0.0252514210756449,131471.9393939394,231,0.014975951027547,137,18357.18978102189,0.0050284215128989,46,54672.5,3220218,0.1770153343170029,44,4242818,0.2332276407113424,49,8709828,2026-06-11
26-06-12 (금),1215107,13152,0.0108237381563928,0.0197254585303956,134283.14619883042,171,1975.1182406158468,182.48023114355232,276.8462337063098,8669,2399980,22962418,9.56775389794915,0.6500275439982109,35325300,14.71899765831382,0.659139294403893,0.02676202560849,152264.22413793104,232,0.0212250547929403,184,13043.369565217392,0.0066905064021225,58,41378.96551724138,4674318,0.2035638407070196,43,4893154,0.2130940217184444,51,9578109,2026-06-12
26-06-13 (토),927741,13386,0.0144285959120056,0.0206185567010309,123843.97590361444,166,2732.479215643159,189.37942626624832,314.8718171655695,8051,2535033,20558100,8.109598573273011,0.7487655426460477,27455991,10.830624690092792,0.6014492753623188,0.0253384672711464,134588.1911764706,204,0.018879642280462,152,16677.848684210527,0.0065830331635821,53,47830.81132075472,5790081,0.2816447531629868,39,3832555,0.1864255451622475,39,5736037,2026-06-13
26-06-14 (일),940094,14294,0.0152048624924741,0.0266978922716627,148375.43859649124,228,2867.68450814493,188.60312019028964,315.67833723653393,8540,2695893,33829600,12.54856924959559,0.882462047618403,38335473,14.219953462544693,0.5974534769833496,0.0296252927400468,151523.60869565216,253,0.0220140515222482,188,14339.856382978724,0.0076112412177985,65,41475.276923076926,8505482,0.2514212996902121,52,7770109,0.2296837385011942,65,11431182,2026-06-14
26-06-15 (월),1191546,13995,0.011745245252806,0.022668191743787,144947.83027522935,218,2184.193476374391,185.9640585923544,270.62150358739734,9617,2602567,31598627,12.141330847582406,0.7970538349010836,39644282,15.232761346778007,0.6871739907109682,0.0285951960070708,144161.02545454545,275,0.0175730477279817,169,15399.804733727811,0.0064469169179577,62,41976.8870967742,7744882,0.2451018520519894,54,6646682,0.2103471774264116,68,13043163,2026-06-15
26-06-16 (화),1147996,14922,0.012998303129976,0.0196039207841568,147874.443877551,196,2250.52003665518,173.1395255327704,258.4104820964193,9998,2583588,28983391,11.218271256872226,0.7184272072493862,40342836,15.615042336471603,0.6700174239378099,0.0258051610322064,156367.58139534885,258,0.0158031606321264,158,16351.822784810129,0.0053010602120424,53,48746.943396226416,7618946,0.2628728294767165,46,5754782,0.198554475561538,62,11705400,2026-06-16
26-06-17 (수),1506835,18227,0.0120962149140416,0.0195639558982011,174674.57627118644,236,2136.178148237863,176.59889175399132,266.83809997513055,12063,3218868,41223200,12.806738269478586,0.8175298588922505,50424091,15.665162721801575,0.6618203763647337,0.0249523335820276,167521.89700996678,301,0.0171599104700323,207,15550.08695652174,0.0057199701566774,69,46650.260869565216,8773328,0.2128250111587649,50,5977300,0.1449984474761784,75,15784846,2026-06-17
26-06-18 (목),1627442,18372,0.011288881569973,0.0182499592634837,164121.9955357143,224,2040.630633841329,180.76464184628784,270.5725924718918,12274,3321008,36763327,11.069930274181814,0.7404995913722604,49646654,14.949272630478458,0.668081863705639,0.0245233827603063,164939.04983388705,301,0.0172722828743685,212,15665.132075471698,0.006436369561675,79,42038.07594936709,12629446,0.3435338156418759,67,10319882,0.2807113186464326,69,13986345,2026-06-18
26-06-19 (금),1533442,16387,0.0106864165713473,0.0179990863407948,145744.94923857867,197,1933.9740270580824,180.9749801672057,270.9581544084057,10945,2965637,28711755,9.681479897910634,0.670420159625899,42826509,14.440914043087538,0.6679074876426435,0.0250342622201918,156301.12773722628,274,0.0141617176793056,155,19133.14193548388,0.0050251256281407,55,53920.67272727273,6670645,0.2323314962808786,44,5823591,0.2028295031076992,75,16191737,2026-06-19
26-06-20 (토),1227463,16409,0.0133682237264992,0.0184092046023011,129941.01086956522,184,2452.893488439163,183.48686696325188,301.2342171085543,9995,3010836,23909146,7.941032324576962,0.6781449229027193,35256691,11.709934051539172,0.6091169480163325,0.0235117558779389,150028.4723404255,235,0.0177088544272136,177,17010.372881355932,0.0057028514257128,57,52821.68421052631,6957037,0.2909780633737399,45,5233791,0.2189033016904911,52,7091019,2026-06-20
26-06-21 (일),1189997,17133,0.0143975152878536,0.0227950370299124,142847.91139240508,237,2646.894908138424,183.84386855775404,302.95248629412333,10397,3149797,33854955,10.74829742996136,0.8905048697174256,38017709,12.069891805725891,0.6068406000116734,0.0248148504376262,147355.46124031008,258,0.0178897758968933,186,16934.392473118278,0.0075021640857939,78,40382.01282051282,9592682,0.2833464702581941,59,7194318,0.2125041371344312,72,13849473,2026-06-21
26-06-22 (월),1391073,15305,0.0110022982259018,0.0177237018585936,138049.0918918919,185,1937.755243614102,176.12277033649136,258.24477869323624,10438,2695559,25539082,9.474503062259071,0.6903759031875455,36993009,13.72368736874244,0.6819993466187521,0.0230887143130868,153497.96265560167,241,0.014657980456026,153,17618.03267973856,0.0052692086606629,55,49010.16363636364,5479664,0.2145599438538942,41,5026455,0.1968142394468211,59,11589463,2026-06-22
26-06-23 (화),1252734,14094,0.0112505927036386,0.0192106911672583,140010.97282608697,184,1840.82893894474,163.6206187029942,240.7672791814575,9578,2306069,25762019,11.171399901737546,0.6685783238202042,38532537,16.709186498756107,0.6795799631048673,0.0273543537272917,147070.75190839695,262,0.0170181666318646,163,14147.662576687117,0.0057423261641261,55,41928.52727272728,5123309,0.1988706319951087,42,4265400,0.1655693212554497,37,8219446,2026-06-23
26-06-24 (수),1543857,15530,0.0100592218061646,0.0143399810066476,127562.06622516556,151,1684.3833334304925,167.44668383773342,246.9560303893637,10530,2600447,19261872,7.40713884959009,0.5537365477519446,34785264,13.376647937835305,0.6780424983902125,0.0220322886989553,149936.4827586207,232,0.0158594491927825,167,15571.538922155689,0.0053181386514719,56,46436.55357142857,5586682,0.2900383721789865,40,4712382,0.2446481837279367,33,6385227,2026-06-24
26-06-25 (목),1486275,15313,0.0103029385544397,0.017725258493353,129918.91666666669,180,1740.4195051386855,168.92457389146475,254.7259478089611,10155,2586742,23385405,9.040486063163623,0.6632040838030416,35261250,13.63152954566014,0.6631620191993731,0.0241260462826194,143923.4693877551,245,0.0151649433776464,154,16797.025974025975,0.0043328409650418,44,58789.59090909091,5073000,0.2169301750386619,39,4734250,0.2024446444267268,74,10908468,2026-06-25
26-06-26 (금),1121386,14811,0.0132077625367179,0.0194548481065335,118774.33155080212,187,2207.861521367308,167.16393221254472,257.5806283811902,9612,2475865,22210800,8.970925312971426,0.6510901952866051,34113246,13.77831424572826,0.6489771116062386,0.0249687890137328,142138.525,240,0.0149812734082397,144,17193.506944444445,0.0055139409071993,53,46714.43396226415,5539582,0.2494093864246222,39,4149672,0.1868312712734345,60,10357300,2026-06-26
26-06-27 (토),1109973,16521,0.0148841458305742,0.0223689396925502,155615.54185022027,227,2521.7559346038147,169.4256400944253,275.8258770201025,10148,2799081,35324728,12.62011638820027,0.750668392207864,47057700,16.81183931440355,0.614248532171176,0.0279858100118249,165696.12676056338,284,0.0186243594797004,189,14809.952380952382,0.0062081198265668,63,44429.857142857145,9486118,0.2685404399999909,48,7489719,0.2120248172894636,63,12953409,2026-06-27
26-06-28 (일),1046758,16421,0.0156874845952932,0.0242584853735602,155055.53781512604,238,2685.081938709807,171.16076974605687,286.47752522678627,9811,2810631,36903218,13.129869413665473,0.8714890143629175,42345018,15.066018271341916,0.5974666585469826,0.0277239832840689,155680.21323529413,272,0.0205891346447864,202,13914.014851485148,0.0071348486392824,70,40151.87142857143,8813673,0.2388320985990978,53,8806509,0.2386379691874025,79,16505227,2026-06-28
26-06-29 (월),1255023,15098,0.0120300584132721,0.0161072530864197,134863.85628742515,167,2065.6003913872496,171.70327195655054,250.0362654320988,10368,2592376,22522264,8.6878847821458,0.7167491121096783,31422800,12.121235499788613,0.6867134719830441,0.021412037037037,141544.14414414414,222,0.0148533950617283,154,16833.61038961039,0.0052083333333333,54,48006.96296296296,5424563,0.2408533618112282,51,5479509,0.2432929922142818,53,10895736,2026-06-29
26-06-30 (화),1118522,14943,0.0133595941787465,0.0133083596214511,117826.6,135,2262.528586831551,169.3560864618885,249.4763406940063,10144,2530688,15906591,6.2854808652824845,0.5338853926986283,29794018,11.77309016362349,0.6788462825403199,0.0202089905362776,145336.6731707317,205,0.0149842271293375,152,16649.263157894737,0.0051261829652996,52,48667.07692307692,4882300,0.3069356595640134,41,4101845,0.257870778220173,24,4400027,2026-06-30
26-07-01 (수),1317094,15358,0.0116605192947504,0.0174890083048363,145835.14525139664,179,1939.373347688168,166.31963797369448,249.56883243771367,10235,2554337,26104491,10.2196738331708,0.7369995737430941,35419954,13.866593953734377,0.6664279203021227,0.0223742061553492,154672.28820960698,229,0.0133854421104054,137,18644.795620437955,0.0032242305813385,33,77404.15151515152,4672081,0.1789761386268746,23,4359991,0.1670207245182447,66,11612646,2026-07-01
26-07-02 (목),1122035,14567,0.0129826609686863,0.014578197020045,105013.83823529413,136,2123.738564305035,163.58268689503672,255.43027119734165,9329,2382909,14281882,5.993465130225284,0.5585022443122204,25571754,10.731317897578128,0.6404201276858653,0.0211169471540358,129805.8578680203,197,0.015971701146961,149,15992.677852348994,0.0055740165076642,52,45825.17307692308,6397654,0.4479559486627882,40,4861291,0.3403816807896886,39,2918655,2026-07-02
26-07-03 (금),1110388,14861,0.0133836100534227,0.0128637059724349,123044.80158730158,126,2442.6317647525007,182.5091851154028,276.9034201123022,9795,2712269,15503645,5.716116284926016,0.5860432184261892,26454781,9.753745295912758,0.6591077316465918,0.0196018376722817,137785.31770833334,192,0.0140888208269525,138,19654.1231884058,0.003062787136294,30,90408.96666666666,3676509,0.2371383632687668,28,3743509,0.2414599276492721,39,4777400,2026-07-03
26-07-04 (토),978978,14917,0.0152373189183005,0.0159733394621926,151718.38129496403,139,3109.984085444208,204.1031038412549,349.87428177430473,8702,3044606,21088855,6.926628601533334,0.7726383607013841,27294600,8.964903833205348,0.5833612656700409,0.0199954033555504,156865.5172413793,174,0.0148241783498046,129,23601.596899224805,0.0047115605607906,41,74258.68292682926,4526891,0.2146579792975958,25,3152936,0.1495072160152839,44,8731500,2026-07-04
26-07-05 (일),1137150,16097,0.0141555643494701,0.0198798923172499,137466.859375,192,2816.358439959548,198.9576939802448,331.60302340028994,9658,3202622,26393637,8.241258881004377,0.913843527990037,28882009,9.018238493334524,0.5999875753245947,0.02091530337544,142980.24257425743,202,0.0159453302961275,154,20796.24675324676,0.0048664319734934,47,68140.89361702128,4364818,0.1653738740136495,31,3434673,0.1301326149177546,62,11954482,2026-07-05
26-07-06 (월),1543450,16508,0.0106955197771226,0.0129604971149578,144296.13698630137,146,2086.685023810295,195.0989823116065,285.90270750110966,11265,3220694,21067236,6.541210062179145,0.6270914957826508,33595155,10.431029771844203,0.6823964138599466,0.0189968930315135,156986.70560747664,214,0.0145583666222814,164,19638.378048780487,0.0041722148246782,47,68525.40425531915,4853673,0.23038964390013,35,3517355,0.1669585416900442,30,8150918,2026-07-06
26-07-07 (화),1503339,17725,0.0117904211890997,0.013790755086405,119971.77160493829,162,2202.986818009777,186.84547249647392,281.93036519962544,11747,3311836,19435427,5.868475069417689,0.6027663124953518,32243718,9.735904193323584,0.6627362482369534,0.0194943389801651,140802.2620087336,229,0.0142163956754916,167,19831.353293413173,0.004341534008683,51,64937.96078431373,5014518,0.2580091499919194,38,5116955,0.2632797828419206,42,6088809,2026-07-07
26-07-08 (수),1214221,14995,0.0123494816841415,0.0124104530319846,151772.50406504064,123,2298.8681632091684,186.1509836612204,281.6399959640803,9911,2791334,18668018,6.687848175818444,0.5966600684036165,31287527,11.20880804661857,0.6609536512170724,0.0197760064574714,159630.23979591837,196,0.0123095550398547,122,22879.786885245903,0.0025224498032489,25,111653.36,899900,0.0482054388419809,19,203691,0.0109112279621757,50,11259772,2026-07-08
26-07-09 (목),1173026,15241,0.0129928918881593,0.0136741973840665,98100.85507246378,138,2446.9397950258563,188.3291122629749,284.4157748711851,10092,2870324,13537918,4.716512142880037,0.4740363554261944,28558818,9.949684425869693,0.6621612755068566,0.0188267934998018,150309.56842105262,190,0.011296076099881,114,25178.280701754386,0.0028735632183908,29,98976.68965517242,3720718,0.274836795436344,23,3378909,0.2495885260938942,41,2056545,2026-07-09
26-07-10 (금),1150206,14133,0.012287364176504,0.0116511318242343,160525.37142857144,105,2218.9112211203906,180.58480152833792,283.20073235685754,9012,2552205,16855164,6.604157581385508,0.5589820662522115,30153318,11.814614421647164,0.6376565485035024,0.0190856635596981,175309.98837209304,172,0.0129826897470039,117,21813.71794871795,0.0024411895250776,22,116009.31818181818,2463109,0.1461337902140851,14,1397582,0.0829171404087198,46,9403791,2026-07-10
26-07-11 (토),872291,14501,0.0166240394547232,0.0206656253754655,147565.11627906977,172,2803.8796685968327,168.66416109233845,293.8602667307461,8323,2445799,25381200,10.37746764963106,0.692404302000801,36656618,14.987584016511578,0.5739604165229985,0.0264327766430373,166620.9909090909,220,0.0199447314670191,166,14733.72891566265,0.0043253634506788,36,67938.86111111111,3960518,0.1560414007217941,28,2668328,0.1051300962917435,61,13813091,2026-07-11
26-07-12 (일),964986,15227,0.0157795035368388,0.0225784601490178,134601.135,200,2661.23446350517,168.6513430091285,289.9135244976293,8858,2568054,26920227,10.48273400792974,0.8367474434037754,32172464,12.527954630237526,0.5817298220266631,0.0247234138631745,146906.22831050228,219,0.0187401219236848,166,15470.204819277107,0.0057575073379995,51,50354.0,5236446,0.1945171561889132,43,4689500,0.1741998683740668,68,10982327,2026-07-12
26-07-13 (월),917284,13168,0.0143554231840956,0.0186938286399041,134674.47435897434,156,2452.269962192734,170.8253341433779,269.55398442180945,8345,2249428,21009218,9.339804608104815,0.7292590705450254,28808991,12.807251888035536,0.6337332928311057,0.0249251048532055,138504.76442307694,208,0.0147393648891551,123,18288.032520325203,0.0034751348112642,29,77566.4827586207,2762963,0.1315119391878365,24,2459237,0.1170551421761628,46,9282819,2026-07-13
26-07-14 (화),913850,13413,0.014677463478689,0.0181985717576595,153791.82911392406,158,2363.83651583958,161.05211362111385,248.8127159640636,8682,2160192,24299109,11.248587625544396,0.7001155838132183,34707282,16.06675795484846,0.6472824871393424,0.0246486984565768,162183.56074766355,214,0.0156645934116563,136,15883.764705882351,0.0046072333563695,40,54004.8,7099845,0.2921854048228682,34,6308955,0.2596372978120309,53,9904072,2026-07-14
26-07-15 (수),842250,12714,0.0150952804986642,0.014423664588681,67454.31355932204,118,2267.802908875037,150.23257826018562,233.4747585869698,8181,1910057,7959609,4.167210193203658,0.3648624006961696,21815372,11.421319887312263,0.643463898065125,0.0209020902090209,127575.27485380117,171,0.0157682434910157,129,14806.643410852714,0.0037892678156704,31,61614.74193548387,2774809,0.3486112194707051,26,2933718,0.3685756423462509,39,1028190,2026-07-15
26-07-16 (목),879684,12033,0.0136787755603148,0.015284677111196,124709.00833333332,120,2037.9795472010403,148.98844843347462,228.3502738504649,7851,1792778,14965081,8.34742561544151,0.6415522642771185,23326363,13.01129476153768,0.6524557466965843,0.0216532925741943,137213.9,170,0.0155394217297159,122,14694.901639344262,0.0031843077314991,25,71711.12,2681291,0.1791698287500081,21,2105872,0.1407190512366755,45,6133482,2026-07-16
26-07-17 (금),736355,13073,0.0177536650121205,0.0252361848065225,140257.90256410255,195,2584.1815428699474,145.55763787959918,246.26310340364955,7727,1902875,27350291,14.37314116796952,0.9058850435830405,30191790,15.866407409840374,0.5910655549606059,0.0271774297916397,143770.42857142858,210,0.0181182865277598,140,13591.964285714286,0.0062119839523747,48,39643.22916666666,5897591,0.2156317459291384,41,5038773,0.1842310562618876,68,10548064,2026-07-17
26-07-18 (토),793108,13910,0.0175385949958895,0.0185491493383742,136597.57324840763,157,2499.658306308851,142.5232925952552,234.22719754253308,8464,1982499,21445819,10.817568634334746,0.6545303858972324,32765200,16.527221451309686,0.6084831056793674,0.0242202268431001,159830.24390243902,205,0.0152410207939508,129,15368.209302325582,0.0044896030245746,38,52171.02631578947,6277973,0.2927364536649312,29,6280736,0.29286528996631,53,9922000,2026-07-18
26-07-19 (일),819913,14272,0.0174067248598326,0.0225821707259399,162270.96858638743,191,2555.73457183872,146.82455156950672,247.7512414282336,8458,2095480,30993755,14.790766316070782,0.8769095724063003,35344300,16.866923091606697,0.5926289237668162,0.0251832584535351,165935.6807511737,213,0.01761645779144,149,14063.624161073823,0.0048474816741546,41,51109.26829268293,4757618,0.1535024717076069,33,5001900,0.1613841239953016,78,15833182,2026-07-19
26-07-20 (월),999901,13018,0.013019288909602,0.0176909821941412,135850.53246753247,154,1764.9197270529785,135.5619142725457,202.72774267662265,8705,1764745,20920982,11.854960348378944,0.6613351185593029,31634464,17.925798911457463,0.6686895068366877,0.0243538196438828,149219.16981132075,212,0.0166570936243538,145,12170.655172413792,0.0043653072946582,38,46440.65789473684,4047146,0.1934491411540815,30,2830009,0.1352713271298641,42,7589846,2026-07-20
26-07-21 (화),1191842,14620,0.012266726629872,0.0158911508101371,133316.33986928104,153,1798.460702005803,146.61292749658003,222.6299335272123,9628,2143481,20397400,9.516016237139494,0.6586098938011162,30970382,14.448638453058368,0.6585499316005472,0.0220191109264644,146086.70754716982,212,0.0138138761944329,133,16116.3984962406,0.0043622766929788,42,51035.26190476191,5389845,0.264241766107445,33,5563527,0.2727566748703266,59,9775664,2026-07-21
26-07-22 (수),1284352,15149,0.0117950530695634,0.0138819534605013,125764.6834532374,139,1871.912061490931,158.70314872268796,240.10726056127035,10013,2404194,17481291,7.271164889355851,0.6285553994350754,27811854,11.56805731983359,0.6609677206416265,0.0190752022370917,145611.80104712042,191,0.0160790971736742,161,14932.88198757764,0.0043942874263457,44,54640.77272727273,5734036,0.3280098706668746,39,5338718,0.3053960946019375,41,6622873,2026-07-22
26-07-23 (목),1137964,14761,0.01297141210091,0.0134389730217631,129068.85820895522,134,2010.273611467498,154.97723731454508,229.42723899307992,9971,2287619,17295227,7.560361668617021,0.6532865491368156,26474182,11.572810857052682,0.6754962400921347,0.0190552602547387,139337.8,190,0.0125363554307491,125,18300.952,0.0040116337378397,40,57190.475,3804637,0.2199819059905949,37,3663691,0.2118324899696315,46,8274282,2026-07-23
26-07-24 (금),979808,13516,0.0137945393383193,0.0116084384417903,116797.1153846154,104,2133.4220581991576,154.65699911216336,233.3233619823641,8959,2090344,12146900,5.810957430930029,0.5083202716085495,23896155,11.431685406803856,0.6628440366972477,0.017747516463891,150290.28301886792,159,0.0132827324478178,119,17565.915966386554,0.0024556312088402,22,95015.63636363635,-726082,-0.059775086647622,20,-942891,-0.0776240028319982,49,8993345,2026-07-24
26-07-25 (토),723579,13710,0.0189474818920947,0.0139987827145465,133242.6869565217,115,2946.985747236998,155.53442742523706,259.5711503347535,8215,2132377,15322909,7.185834868787274,0.6970385081149311,21982873,10.309093091887595,0.5991976659372721,0.0178940961655508,149543.3537414966,147,0.0139987827145465,115,18542.40869565217,0.0027997565429093,23,92712.04347826086,2723982,0.1777718578110723,21,2376309,0.1550821061457716,37,6852555,2026-07-25
26-07-26 (일),741990,14468,0.019498915079718,0.0171455050973123,129242.38513513512,148,3033.9425059636924,155.59545203207077,260.79182113067657,8632,2251155,19127873,8.496915139117474,0.8508241546346694,22481582,9.98668772252466,0.5966270389825823,0.0200417052826691,129951.34104046244,173,0.0147126969416126,127,17725.629921259842,0.0038229842446709,33,68216.81818181818,3361837,0.1757559243518607,27,2616328,0.1367809165190505,49,7844236,2026-07-26
26-07-27 (월),1176285,14427,0.0122648847855749,0.0168879447689856,123387.4213836478,159,1886.586158966577,153.82012892493242,235.7050451407329,9415,2219163,19618600,8.840540329845082,0.6923988975178269,28334245,12.767987299716154,0.6525958272683163,0.0211364843335103,142383.1407035176,199,0.0146574614976101,138,16080.891304347826,0.0036112586298459,34,65269.5,3947754,0.2012250619310246,37,3596664,0.1833292895517519,61,8390028,2026-07-27
26-07-28 (화),1106587,13660,0.0123442621321233,0.0104109589041095,152941.05263157896,95,1853.0924364735893,150.1177159590044,224.72416438356169,9125,2050608,14529400,7.0854107659777,0.6322068244954451,22982036,11.207425309956852,0.66800878477306,0.0166575342465753,151197.6052631579,152,0.0128219178082191,117,17526.5641025641,0.002958904109589,27,75948.44444444444,2710945,0.1865834101889961,25,2627800,0.180860875190992,27,6206800,2026-07-28
26-07-29 (수),995095,11749,0.0118069129078128,0.0176821983273596,120332.55405405404,148,1974.965204327225,167.27193803727977,234.80023894862603,8370,1965278,17809218,9.06193322267893,0.7563731482962064,23545545,11.98077065941816,0.712401055408971,0.0231780167264038,121368.78865979382,194,0.0151732377538829,127,15474.629921259842,0.0040621266427718,34,57802.294117647056,3140000,0.1763131879232429,32,2946563,0.1654515655881128,60,8697727,2026-07-29
26-07-30 (목),1035204,12307,0.0118884780197912,0.0186904319841564,159444.97350993377,151,1830.152317804027,153.94336556431298,234.5068696620869,8079,1894581,24076191,12.707923810066712,0.7500443228565659,32099691,16.942897136622822,0.6564556756317543,0.0252506498329001,157351.42647058822,204,0.0117588810496348,95,19942.957894736843,0.0044559970293353,36,52627.25,3558227,0.1477902796169045,27,3295718,0.1368870183826004,60,14514873,2026-07-30
26-07-31 (금),849402,11011,0.0129632376660285,0.0136540962288686,101931.5142857143,105,2260.241911368233,174.35782399418764,249.65591677503247,7690,1919854,10702809,5.574803604857452,0.5350315175830201,20004072,10.419579822215647,0.6983925165743348,0.0188556566970091,137959.1172413793,145,0.0110533159947984,85,22586.517647058823,0.0022106631989596,17,112932.58823529413,2382291,0.2225855847749875,16,1732473,0.1618708696006814,44,4072036,2026-07-31
,751991,11964,0.015909764877505183,0.014800514800514801,247593.12173913044,115,2686.482949928922,168.85748913406889,260.0014157014157,7770,2020211,28473209,14.09417580638854,0.8291338182108109,34340909,16.99867439589231,0.6494483450351053,0.020334620334620336,217347.5253164557,158,0.013256113256113256,103,19613.699029126212,0.0034749034749034747,27,74822.62962962964,3742127,0.131426247038049,18,2669264,0.09374651097457964,40,16792173,2026-08-01
,798850,13081,0.016374788758840835,0.016921461080639515,115347.90344827586,145,2789.7515178068475,170.36870269857044,260.0762049247287,8569,2228593,16725446,7.504935176588996,0.8697028966132047,19231218,8.629309165020262,0.6550722421833193,0.018555257322908157,120951.05660377358,159,0.018205158128136306,156,14285.852564102564,0.004434589800443459,38,58647.18421052631,4426354,0.26464789040603165,30,3600591,0.2152762323946399,53,6263027,2026-08-02
,1159823,13236,0.011412086154525302,0.012191373834648089,137699.20168067227,119,1940.6504268323702,170.0522061045633,230.5922548919168,9761,2250811,16386205,7.28013369403295,0.7383013190494135,22194468,9.860653782125643,0.7374584466606225,0.01639176313902264,138715.425,160,0.011371785677696956,111,20277.576576576575,0.0032783526278045284,32,70337.84375,3716600,0.22681273668918459,28,3329664,0.20319921543761962,35,6460882,2026-08-03
,1249250,15236,0.012196117670602361,0.012421743018980424,137691.272,125,1903.8551130678406,156.10337358886846,236.35009440524695,10063,2378391,17211409,7.236576744530231,0.6690228258042553,25726191,10.816636541258354,0.6604751903386715,0.018582927556394714,137573.2139037433,187,0.013316108516347014,134,17749.18656716418,0.002981218324555302,30,79279.7,2533872,0.1472204861321929,21,2428846,0.14111837095963498,38,8512710,2026-08-04
,1214178,15889,0.013086219648189968,0.014826706960052885,129062.12738853504,157,1986.6881132749893,151.8152810120209,227.80177542733026,10589,2412193,20262754,8.400137965743205,0.7276962329276793,27845072,11.543467707600511,0.6664358990496569,0.019359712909623194,135829.61951219512,205,0.011615827745773917,123,19611.325203252032,0.003210879214278969,34,70946.85294117648,3545409,0.17497172398184374,32,3067618,0.15139195787502527,59,10423337,2026-08-05
,1181230,14809,0.012536931842232249,0.011971187988231713,105784.66949152542,118,1910.862406135977,152.41866432574787,228.99137668661865,9857,2257168,12482591,5.530200233212592,0.5158930689687694,24196082,10.719663755644241,0.6656087514349383,0.017348077508369687,141497.55555555556,171,0.013391498427513443,132,17099.757575757576,0.002637719387237496,26,86814.15384615384,2879227,0.23065940396509027,27,2844719,0.2278949138043536,41,4617209,2026-08-06
,1039998,13879,0.013345217971573023,0.013591800356506239,111033.75409836066,122,1969.928788324593,147.61308451617552,228.24442959001783,8976,2048722,13546118,6.611984446889329,0.6459281631714958,20971555,10.236408356038545,0.646732473521147,0.018270944741532978,127875.33536585367,164,0.012589126559714794,113,18130.283185840708,0.001893939393939394,17,120513.05882352941,1383346,0.10212121288180126,19,1591937,0.11751979423182346,59,6995173,2026-08-07
,786285,13196,0.016782718734301177,0.014472863381160325,132489.8879310345,116,2486.375805210579,148.15095483479843,243.91765439800375,8015,1955000,15368827,7.861292583120204,0.7396336190436361,20778973,10.628630690537085,0.6073810245528948,0.01846537741734248,140398.4662162162,148,0.014971927635683094,120,16291.666666666666,0.0029943855271366187,24,81458.33333333333,2918537,0.1898997887086633,20,2097918,0.13650475732468068,44,6864718,2026-08-08
,845138,14267,0.016881266728037313,0.01536683997689197,185975.52631578947,133,2481.6266692540153,147.00476624377936,242.32432120161755,8655,2097317,24734745,11.79351762275326,0.8202423711035599,30155410,14.378088767697015,0.6066447045629775,0.017677642980935875,197094.18300653595,153,0.01386481802426343,120,17477.641666666666,0.0035817446562680533,31,67655.3870967742,4197064,0.16968292982199737,28,4003346,0.16185111267571184,45,11035281,2026-08-09
,1171139,14539,0.012414410245069117,0.010628418119905067,145709.09708737864,103,1827.4423445893271,147.20331522112937,220.84294706428645,9691,2140189,15008037,7.012482075181211,0.7052853790584708,21279382,9.942758326484249,0.6665520324644061,0.01496233618821587,146754.35862068966,145,0.011969868950572697,116,18449.905172413793,0.0036115983902590032,35,61148.25714285715,6355973,0.4235046195581741,22,4486700,0.29895315423329516,34,5139446,2026-08-10
,1338044,15286,0.011424138518613737,0.010493587252234746,136548.82407407407,108,1680.663715094571,147.1151380348031,218.5,10292,2248802,14747273,6.5578352384958745,0.5781282305212968,25508654,11.343219189595171,0.6732958262462384,0.016809172172561213,147448.86705202312,173,0.01146521570151574,118,19057.64406779661,0.002331908278274388,24,93700.08333333333,2871390,0.19470650607742868,15,2834191,0.19218407362500173,29,5147900,2026-08-11
,1328092,14978,0.011277833162160453,0.014536644457904301,148608.58333333334,144,1593.446086566292,141.29009213513152,213.63244498283868,9906,2116243,21399636,10.112088262075764,0.7834966152187434,27312991,12.906358579803927,0.6613700093470424,0.018473652331920047,149251.3169398907,183,0.010801534423581668,107,19777.971962616823,0.0026246719160104987,26,81393.96153846153,4169100,0.19482107078830688,23,3008773,0.14059926066032152,51,9101173,2026-08-12
,1180874,14231,0.01205124340107412,0.009067633880947302,111563.21176470588,85,1719.18511204413,142.656243412269,216.571474290591,9374,2030141,9482873,4.671041568048722,0.4966497818493049,19093682,9.405101419063996,0.6587028318459701,0.015148282483464903,134462.54929577466,142,0.011307872839769575,106,19152.27358490566,0.001386814593556646,13,156164.6923076923,900255,0.09493483673144204,9,745182,0.07858188125054506,27,3499945,2026-08-13
,1234890,14257,0.011545157868312157,0.017008668934489192,244692.25806451612,155,1640.8044441205288,142.12057235042434,222.34313617908484,9113,2026213,37927300,18.718318360409295,0.795347441951808,47686455,23.534769049453338,0.6391947815108368,0.01920333589377812,272494.02857142856,175,0.01404586853944914,128,15829.7890625,0.003511467134862285,32,63319.15625,4440427,0.1170773295225339,23,2833364,0.07470513324175462,75,28523454,2026-08-14
,1057666,16470,0.015572023682334499,0.014004422449194483,158482.36842105264,133,2179.9604033787605,139.99210686095932,242.77877224386648,9497,2305670,21078155,9.141878499525085,0.817736242003145,25776227,11.179495331075133,0.5766241651487554,0.015794461408865958,171841.51333333334,150,0.012319679898915447,117,19706.581196581195,0.002527113825418553,24,96069.58333333333,2750618,0.13049614636575166,22,4038400,0.1915917213816864,57,11742837,2026-08-15
,1201688,18651,0.015520667594250755,0.0157053885729759,201216.87931034484,174,2121.5415315789123,136.69138384000857,230.11381893672714,11079,2549431,35011737,13.733157320202038,0.7839920263838184,44658282,17.516960451175184,0.5940164066269905,0.017781388211932484,226691.78680203046,197,0.009928693925444534,110,23176.645454545454,0.002888347323765683,32,79669.71875,4380227,0.12510738898787,28,3017728,0.08619189616327805,71,21307128,2026-08-16
,1399895,19605,0.014004621775204569,0.012340732430483212,163463.6948051948,154,1941.7820622260956,138.65294567712317,217.82923311162753,12479,2718291,25173409,9.260748389337271,0.7618810411073133,33041128,12.155110692710972,0.6365212955878602,0.01562625210353394,169441.68205128206,195,0.011218847664075647,140,19416.364285714284,0.002323904158987098,29,93734.1724137931,2770082,0.11004000292530901,32,5437590,0.21600530941200694,57,12035782,2026-08-17
,1680357,16710,0.009944315404405135,0.014976958525345621,134815.17159763313,169,1319.6767115559371,132.70664272890485,196.5196738745126,11284,2217528,22783764,10.274397437146227,0.8855131976024668,25729446,11.602760371007717,0.6752842609216039,0.016838000708968452,135418.13684210528,190,0.01338177951081177,151,14685.615894039734,0.003544842254519674,40,55438.2,4167982,0.1829364981133056,28,4043809,0.17748643288264399,50,9161118,2026-08-18
,1096936,14574,0.013286098733198656,0.012958963282937365,116652.73809523809,126,1774.9695515508652,133.5959928640044,200.2497171654839,9723,1947028,14698245,7.54906709097147,0.6572222979136603,22364191,11.486322230599663,0.6671469740634006,0.017690013370358942,130024.36627906977,172,0.015221639411704206,148,13155.594594594595,0.0034968631080942096,34,57265.529411764706,3947946,0.26859982263188564,23,2636109,0.1793485548784906,39,6039091,2026-08-19
,1176165,15181,0.012907202645887269,0.013401655498620418,73205.74264705883,136,1672.2016043667343,129.55569461827284,193.8101103665747,10148,1966785,9955981,5.062058638844612,0.40411059516601466,24636773,12.526419003602326,0.6684671629009946,0.01891998423334647,128316.52604166667,192,0.016554986204178165,168,11707.05357142857,0.003744580212849823,38,51757.5,2664736,0.2676517763543341,31,2727937,0.2739998198068076,40,2627128,2026-08-20
,992302,14571,0.014684037722386935,0.013120899718837863,123583.47619047618,126,1819.2929168740968,123.8959577242468,187.9920858065188,9603,1805288,15571518,8.625503520767877,0.595906464281301,26130809,14.474592973531093,0.6590487955528104,0.018848276580235343,144369.11049723756,181,0.014058106841611996,135,13372.503703703704,0.003019889617827762,29,62251.31034482759,2826863,0.18154061794103823,26,3347027,0.2149454536160187,54,9403782,2026-08-21
,824018,15360,0.018640369506491363,0.013924592973436161,143312.5846153846,130,2219.21608508552,119.054296875,195.87339331619538,9336,1828674,18630636,10.188057576145338,0.7246101648717718,25711254,14.06005335013239,0.6078125,0.019387317909168807,142051.1270718232,181,0.012960582690659812,121,15113.00826446281,0.0035347043701799484,33,55414.36363636364,2902400,0.15578641545033675,30,2747673,0.14748143863687746,41,8854755,2026-08-22
,961184,18601,0.019352173985417984,0.015915593705293277,142257.9157303371,178,2232.650564304025,115.36949626364174,191.8801859799714,11184,2145988,25321909,11.79965079021877,0.8388005235284194,30188237,14.067290683824886,0.6012579968818881,0.017525035765379112,154021.6173469388,196,0.014842632331902719,166,12927.638554216868,0.003934191702432046,44,48772.454545454544,5308482,0.20963988141652354,41,4805873,0.189791101452896,69,11599482,2026-08-23
,1097927,16553,0.015076594345525704,0.012317518248175183,156074.07407407407,135,1933.959179435427,128.27559958919832,193.7359489051095,10960,2123346,21070000,9.923017727680746,0.6802138008503802,30975555,14.588086444696248,0.662115628586963,0.016605839416058393,170195.35714285713,182,0.011496350364963503,126,16851.95238095238,0.00291970802919708,32,66354.5625,2638264,0.1252142382534409,34,6265573,0.297369387755102,48,10617136,2026-08-24
,1012826,16706,0.016494442283274718,0.011219081272084805,158669.0,127,2072.0824702367436,125.6230695558482,185.39390459363958,11320,2098659,20150963,9.601828119766003,0.5704132439379505,35326955,16.833108666057708,0.6776008619657609,0.0176678445229682,176634.775,200,0.012809187279151944,145,14473.510344827586,0.0021201413427561835,24,87444.125,2749691,0.13645457043417727,19,2299073,0.1140924629755908,51,10930754,2026-08-25
,922081,16343,0.017724039428206415,0.013448339825635319,149707.58620689655,145,2162.7492595552885,122.02349629810928,184.95919124466704,10782,1994230,21707600,10.885203813000507,0.7528834183562519,28832618,14.458020388821751,0.659731995349691,0.017529215358931552,152553.5343915344,189,0.009831200148395475,106,18813.490566037737,0.004080875533296235,44,45323.40909090909,5272491,0.24288686911496435,34,4011591,0.184801221691942,51,9591391,2026-08-26
,846338,15362,0.01815114056086339,0.012401240124012402,173965.17741935485,124,2292.711658935319,126.31226402812133,194.06030603060307,9999,1940409,21571682,11.117079955823746,0.7115884910047483,30314827,15.622905789449543,0.6508918109621143,0.017301730173017303,175230.21387283236,173,0.0116011601160116,116,16727.66379310345,0.0023002300230023,23,84365.60869565218,2345127,0.10871321948840151,25,2552881,0.1183440864741099,56,13378582,2026-08-27
,900876,15793,0.017530714548950135,0.015484123872990984,128161.96835443038,158,2152.8123737340097,122.80231748242892,190.0643865150921,10204,1939417,20249591,10.44107120851266,0.6463338072891137,31329927,16.154301524633432,0.6461090356487051,0.020384163073304585,150624.64903846153,208,0.013132105056840454,134,14473.26119402985,0.004018032144257154,41,47302.85365853659,3860945,0.19066780163609232,38,3349373,0.16540447656448962,59,10867509,2026-08-28
,691013,17067,0.024698522314341408,0.014281373442722577,140935.39716312056,141,3098.9981375169496,125.47301810511513,216.8994226678821,9873,2141448,19871891,9.279651432115092,0.6901388919084175,28794046,13.44606359808877,0.5784847952188433,0.019041831256963435,153159.81914893616,188,0.013369796414463689,132,16223.09090909091,0.003038590094196293,30,71381.6,4282518,0.21550631492493594,13,2607646,0.1312228413491197,43,7992919,2026-08-29
,758098,18792,0.02478835190173302,0.014575645756457565,179412.08227848102,158,3103.059235085701,125.18215197956577,217.01319188191883,10840,2352423,28347109,12.05017507480585,0.9042384046472195,31349154,13.326325239975974,0.576841209025117,0.016328413284132842,177113.86440677967,177,0.01595940959409594,173,13597.820809248555,0.0023985239852398524,26,90477.80769230769,2954946,0.10424152953304691,19,2381855,0.08402461781905167,73,16881163,2026-08-30
,1308468,19675,0.015036668837143897,0.009938179826277486,129074.66141732283,127,1905.222749046977,126.7051080050826,195.07966194537914,12779,2492923,16392482,6.575607028375926,0.6667952598889496,24583981,9.861508357859428,0.6495044472681067,0.01416386258705689,135823.0994475138,181,0.010955473824242898,140,17806.592857142856,0.0021910947648485796,28,89032.96428571429,3021418,0.18431729862506482,26,2749236,0.16771322365948,44,7230091,2026-08-31
,1233982,17511,0.014190644596112424,0.013755044889218351,147719.53892215568,167,2193.751610639377,154.5913996916224,222.9676303434643,12141,2707050,24669163,9.112932158622856,0.6277393245768996,39298419,14.517064332021942,0.6933356176117869,0.018532246108228317,174659.64,225,0.015237624577876616,185,14632.702702702703,0.0037064492216456633,45,60156.666666666664,8376500,0.33955347410854597,31,5790791,0.23473804117310343,56,10492427,2026-09-01
,1562149,19107,0.012231227622973224,0.01287378798989652,148060.7594936709,158,2076.205918897621,169.7463233369969,264.2665200032592,12273,3243343,23393600,7.2128048128119655,0.6400676621693898,36548636,11.268816156663048,0.6423300361124196,0.017681088568402184,168426.8940092166,217,0.015318178114560417,188,17251.824468085106,0.0031777071620630653,39,83162.64102564103,4914218,0.21006677039874153,24,3390109,0.14491608816086451,48,9846781,2026-09-02
,1821149,18372,0.010088136665368952,0.01431578947368421,201393.2588235294,170,1667.4857466357778,165.29174831264967,255.72547368421053,11875,3036740,34236854,11.274213136455542,0.8049552463476384,42532618,14.006012368526775,0.6463640322229479,0.018526315789473686,193330.08181818182,220,0.013726315789473684,163,18630.306748466257,0.0039578947368421056,47,64611.48936170213,5230927,0.15278643884744783,48,6499891,0.18985070882973068,56,17598318,2026-09-03
,2057639,18658,0.009067674164418539,0.013561860387719444,167022.754601227,163,1456.4838633015802,160.62375388573267,249.3483650886097,12019,2996918,27224709,9.084235537976014,0.7090130414739692,38398037,12.812508383612764,0.6441740808232393,0.017888343456194358,178595.52093023257,215,0.012313836425659372,148,20249.445945945947,0.0033280638988268576,40,74922.95,5995363,0.22021770737751503,28,4545718,0.1669703062758173,57,12612536,2026-09-04
,1374752,18964,0.013794488024021787,0.013199187742292782,198156.5174825175,143,2252.356061311422,163.2794241721156,285.80681188849917,10834,3096431,28336382,9.151304195055534,0.7508013323682423,37741518,12.188715976554944,0.571292976165366,0.017168174266199,202911.38709677418,186,0.013568395791028245,147,21064.156462585033,0.0020306442680450435,22,140746.86363636365,4500964,0.15884046170749674,20,3179055,0.11218986954650738,56,13011746,2026-09-05
,1381196,20009,0.014486720204808007,0.01615466101694915,177218.48087431694,183,2377.8913347562548,164.14283572392424,289.9306144067797,11328,3284334,32430982,9.874446995951082,0.8680992913842162,37358609,11.374789835625732,0.56614523464441,0.018008474576271187,183130.4362745098,204,0.01818502824858757,206,15943.368932038835,0.0036193502824858757,41,80105.70731707317,4868563,0.15012073948300425,34,3619382,0.11160260272106469,74,15860936,2026-09-06
,1909020,18651,0.009769934311845868,0.007743184384578158,114069.89583333333,96,1575.4800892604583,161.25800225189,242.58936925310533,12398,3007623,10950710,3.6409849239748464,0.4098081118407967,26721555,8.884609208002466,0.6647364752560184,0.013792547185029844,156266.40350877194,171,0.01129214389417648,140,21483.02142857143,0.0020164542668172285,25,120304.92,2541628,0.23209709690056626,22,1157637,0.10571341949517428,24,4232473,2026-09-07
,1592327,18275,0.01147691397558416,0.00794646591384358,108113.87368421053,95,1732.3809745108888,150.94484268125856,230.74169803429527,11955,2758517,10270818,3.7233114749700653,0.4151096948119745,24742419,8.969464027229124,0.654172366621067,0.014136344625679632,146404.84615384616,169,0.010037641154328732,120,22987.641666666666,0.002174822250104559,26,106096.80769230769,3279927,0.3193442820231066,22,2283091,0.22228911076021404,20,2168173,2026-09-08
,1457582,18179,0.012472025587582723,0.01181441876509141,112959.05839416059,137,1849.26268299142,148.27284229055505,232.4467057606071,11596,2695452,15475391,5.741297192456034,0.5039454758774479,30708463,11.392695176912815,0.6378788712250398,0.017161090031045188,154313.88442211054,199,0.012676785098309763,147,18336.408163265307,0.0026733356329768886,31,86950.06451612903,2965409,0.19162094191998122,28,3940755,0.25464655464924923,56,8224745,2026-09-09
,1405172,17534,0.012478187723638103,0.010703632216178276,146785.84426229508,122,1829.2899374596134,146.59900764229496,225.51912616248464,11398,2570467,17907873,6.9667780212700645,0.6828178691668522,26226427,10.202981403768264,0.6500513288468119,0.015265836111598525,150726.591954023,174,0.014476223898929637,165,15578.58787878788,0.0035971223021582736,41,62694.31707317073,3289345,0.1836815014267747,33,3395746,0.1896230780729794,41,9834136,2026-09-10
,1443980,17357,0.012020249587944431,0.013139502376292984,149387.81560283687,141,1670.6748015900496,138.98836204413206,224.80859192992264,10731,2412421,21063682,8.731345814018367,0.7216117344116288,29189772,12.099783578405262,0.6182520020740911,0.017332960581492873,156934.25806451612,186,0.01276675053583077,137,17608.912408759123,0.0033547665641599105,36,67011.69444444444,2952582,0.14017406833240267,29,3400055,0.16141788505922183,59,10913145,2026-09-11
,1301705,19148,0.014709938119620037,0.015499480200359135,145732.92682926828,164,1939.4509508682843,131.84630248589932,238.59682449673943,10581,2524593,23900200,9.4669517027101,0.7606260963346849,31421746,12.4462620311472,0.5525903488614999,0.018712787071165297,158695.68686868687,198,0.016161043379642755,171,14763.701754385966,0.004630942254985351,49,51522.30612244898,5368727,0.22463104911255974,36,4131645,0.17287072911523754,49,10723754,2026-09-12
,1316941,20878,0.015853405733438325,0.015388628064684403,144584.4406779661,177,2045.7028826652065,129.03870102500238,234.226221526691,11502,2694070,25591446,9.499176339144862,0.7800244436521028,32808518,12.17804956812555,0.5509148385860715,0.018431577117023125,154757.1603773585,212,0.015214745261693618,175,15394.685714285713,0.0033037732568249,38,70896.57894736843,4109254,0.16057138779887623,33,3359600,0.13127824039329392,63,12558236,2026-09-13
,1807974,18978,0.010496832365952165,0.011648518612306914,142718.90579710144,138,1436.9437834836122,136.8930867320055,219.29239469907995,11847,2597957,19695209,7.5810373304869945,0.5984503960684703,32910345,12.66777895092182,0.6242491305722415,0.01688191103232886,164551.725,200,0.012999071494893221,154,16869.85064935065,0.003038743985819195,36,72165.47222222222,5386809,0.2735085979539491,32,5049745,0.256394588145777,47,7883309,2026-09-14
,1591623,18336,0.01152031605474412,0.01540872290415252,153981.5593220339,177,1593.8906386751135,138.35476657940663,220.84730564986506,11487,2536873,27254736,10.743437294653694,0.7320355841230513,37231436,14.676113467248854,0.6264725130890052,0.020806128667188995,155780.0669456067,239,0.01410289892922434,162,15659.70987654321,0.004439801514755811,51,49742.60784313725,7677709,0.28170182972970276,32,4513555,0.1656062638067747,64,12614545,2026-09-15
,1491002,18902,0.012677380714445722,0.013640238704177323,161672.44375,160,1959.4621603458613,154.56364405882977,249.06751918158568,11730,2921562,25867591,8.854027742693805,0.6734357295689483,38411373,13.147546757522175,0.6205692519310126,0.0196078431372549,167005.96956521738,230,0.011594202898550725,136,21482.073529411766,0.003069053708439898,36,81154.5,4412190,0.170568260492444,26,3145509,0.1216003840481319,58,11584982,2026-09-16
,1318836,17927,0.013593047202229844,0.013386396526772794,160834.45945945947,148,2121.395685286116,156.064762648519,253.05472141823444,11056,2797773,23803500,8.508016912022526,0.752156602521566,31647000,11.31149667968059,0.6167233781446979,0.01781837916063676,160644.67005076143,197,0.012391461649782923,137,20421.700729927008,0.0023516642547033286,26,107606.65384615384,3967555,0.16667947990841683,24,3398000,0.1427521162854202,51,10041981,2026-09-17
,1332401,16693,0.012528510561009787,0.015039782650882981,191641.11612903225,155,1746.6408386063956,139.41328700652969,225.81273044828257,10306,2327226,29704373,12.76385404769455,0.7681561037865581,38669709,16.616224208564187,0.6173845324387468,0.019988356297302542,187717.03398058252,206,0.01339025810207646,138,16863.956521739132,0.004269357655734524,44,52891.5,6090981,0.2050533434925558,40,8621663,0.29024894752028596,61,16778155,2026-09-18
,1126327,17006,0.015098634765924993,0.01464097319410055,178166.50735294117,136,2028.7163496924072,134.36422439139128,245.9896651953924,9289,2284998,24230645,10.604230288166555,0.8739909874919096,27724136,12.133111713883338,0.5462189815359285,0.01733232856066315,172199.60248447204,161,0.016471094843363118,153,14934.627450980392,0.003552589083862633,33,69242.36363636363,4598381,0.1897754269438556,26,3730336,0.1539511639083483,47,9005163,2026-09-19
,1157285,18569,0.016045312952297833,0.017377567140600316,196831.0965909091,176,2079.7348967626817,129.61634983036242,237.64277251184834,10128,2406846,34642273,14.393223745931397,0.7947121023132955,43590972,18.111242680254573,0.5454251709838979,0.020734597156398103,207576.05714285714,210,0.016390205371248027,166,14499.072289156626,0.004739336492890996,48,50142.625,6562345,0.18943170963406472,32,3942136,0.11379553529873747,56,17853464,2026-09-20
